#VRML V2.0 utf8

# Generated by VCGLIB, (C)Copyright 1999-2001 VCG, IEI-CNR

NavigationInfo {
	type [ "EXAMINE", "ANY" ]
}
Transform {
  scale 1 1 1
  translation 0 0 0
  children
  [
    Shape
    {
      geometry IndexedFaceSet
      {
        creaseAngle .5
        solid FALSE
        coord Coordinate
        {
          point
          [
            -4.68229 -158.98 17.8109, -4.68229 -118.175 17.8109, 35.3177 -128.175 27.8109, 35.3177 -148.98 27.8109, 
            -4.68229 -118.175 61.8109, -4.68229 -158.98 61.8109, 35.3177 -148.98 51.8109, 35.3177 -128.175 51.8109, 
            71.3177 -150.577 27.8109, 71.3177 -150.577 51.8109, 35.2929 -150.577 51.8109, 35.2929 -150.577 27.8109, 
            35.2929 -126.577 27.8109, 71.3177 -126.577 27.8109, 35.2929 -150.577 27.8109, 71.3177 -126.577 51.8109, 
            35.2929 -126.577 51.8109, 35.2929 -150.577 51.8109, 168.862 -152.35 26.0471, 71.3981 -150.583 33.1218, 
            71.0883 -150.577 32.3361, 168.862 -158.039 39.8151, 71.0883 -150.577 41.9524, 71.0883 -150.577 43.0027, 
            168.862 -152.341 53.5831, 71.3981 -145.267 51.8165, 71.0883 -146.052 51.8109, 168.862 -138.573 59.272, 
            71.0883 -136.436 51.8109, 71.0883 -135.386 51.8109, 168.862 -124.814 26.0387, 71.3981 -131.888 27.8053, 
            71.0883 -131.103 27.8109, 168.862 -138.582 20.3497, 71.0883 -140.719 27.8109, 71.0883 -141.769 27.8109, 
            168.862 -152.333 26.0387, 71.0883 -148.719 27.8109, 71.0883 -147.911 27.8109, 168.862 -124.805 26.0387, 
            71.0883 -127.386 27.8109, 71.0883 -128.436 27.8109, 168.862 -138.59 20.3497, 71.398 -145.223 27.7872, 
            71.0883 -144.436 27.8109, 168.862 -138.599 20.3497, 168.862 -152.35 26.0555, 71.3981 -145.267 27.8053, 
            168.862 -138.573 20.3497, 71.0883 -138.052 27.8109, 71.0883 -139.103 27.8109, 168.862 -138.565 20.3497, 
            71.0883 -135.386 27.8109, 71.0883 -136.436 27.8109, 168.862 -138.556 20.3497, 71.0883 -132.719 27.8109, 
            71.3981 -131.888 27.8053, 168.862 -138.599 20.3497, 71.398 -131.932 27.7872, 168.862 -124.822 26.0387, 
            168.862 -152.35 53.5831, 71.0883 -149.769 51.8109, 71.0883 -148.719 51.8109, 168.862 -124.822 53.5831, 
            71.0883 -131.103 51.8109, 71.398 -131.932 51.8345, 168.862 -124.814 53.5831, 71.0883 -128.436 51.8109, 
            71.0883 -127.386 51.8109, 168.862 -152.35 53.5663, 71.0883 -150.577 47.2857, 71.398 -150.601 46.4565, 
            168.862 -138.565 59.272, 71.398 -131.932 51.8345, 71.0883 -132.719 51.8109, 168.862 -138.556 59.272, 
            168.862 -124.805 53.5663, 71.3981 -131.888 51.8165, 168.862 -138.582 59.272, 71.0883 -139.103 51.8109, 
            71.0883 -138.052 51.8109, 168.862 -138.59 59.272, 71.0883 -141.769 51.8109, 71.0883 -140.719 51.8109, 
            168.862 -138.599 59.272, 71.0883 -144.436 51.8109, 71.3981 -145.267 51.8165, 168.862 -138.556 59.272, 
            169.172 -138.577 59.2957, 169.172 -124.8 53.5887, 168.862 -124.805 53.5663, 168.862 -138.556 59.272, 
            71.398 -145.223 51.8345, 168.862 -152.333 53.5831, 168.862 -152.35 53.5747, 71.0883 -150.577 49.9524, 
            71.0883 -150.577 51.0028, 168.862 -158.039 39.8235, 71.398 -150.601 46.4565, 71.0883 -150.577 45.6694, 
            168.862 -158.039 39.8319, 168.862 -152.333 53.5831, 71.3981 -150.583 46.5, 168.862 -158.039 39.8067, 
            71.0883 -150.577 39.2857, 71.0883 -150.577 40.336, 168.862 -158.039 39.7983, 71.0883 -150.577 36.6191, 
            71.0883 -150.577 37.6694, 168.862 -158.039 39.7898, 71.0883 -150.577 33.9524, 71.3981 -150.583 33.1218, 
            168.862 -152.333 53.5831, 169.172 -152.355 53.5887, 169.172 -138.577 59.2957, 168.862 -138.556 59.272, 
            168.862 -124.822 26.0387, 169.172 -124.8 26.033, 169.172 -138.577 20.3261, 168.862 -138.599 20.3497, 
            168.862 -138.599 20.3497, 169.172 -152.355 26.033, 168.862 -152.35 26.0555, 168.862 -152.35 26.0555, 
            169.172 -158.062 39.8109, 168.862 -158.039 39.8319, 168.862 -158.039 39.8319, 168.862 -152.333 53.5831, 
            168.862 -152.333 26.0387, 71.398 -145.223 27.7872, 168.862 -158.039 39.8319, 71.398 -150.601 33.1653, 
            168.862 -152.35 26.0555, -29.5517 -118.176 17.7434, -4.53769 -118.176 17.8109, -4.53769 -158.979 17.8109, 
            -29.5517 -158.979 17.8109, -4.53769 -118.176 61.8109, -29.5517 -118.176 61.8109, -29.5517 -158.979 61.8109, 
            -4.53769 -158.979 61.8109, -4.27169 -117.864 17.8416, -4.27169 -159.291 17.8416, -4.2768 -159.23 17.8356, 
            -4.2768 -117.925 17.8356, -4.29194 -159.171 17.8298, -4.29193 -117.984 17.8298, -4.31652 -159.118 17.8245, 
            -4.31652 -118.037 17.8245, -4.3496 -159.07 17.8199, -4.34959 -118.085 17.8199, -4.3899 -159.032 17.8161, 
            -4.3899 -118.123 17.8161, -4.43589 -159.003 17.8132, -4.43589 -118.152 17.8132, -4.48579 -158.985 17.8115, 
            -4.48579 -118.17 17.8115, -4.27169 -159.291 61.7802, -4.27169 -117.864 61.7802, -4.2768 -117.925 61.7862, 
            -4.2768 -159.23 61.7862, -4.29194 -117.984 61.7919, -4.29194 -159.171 61.7919, -4.31652 -118.037 61.7972, 
            -4.31652 -159.118 61.7972, -4.3496 -118.085 61.8019, -4.3496 -159.07 61.8019, -4.3899 -118.123 61.8057, 
            -4.3899 -159.032 61.8057, -4.43589 -118.152 61.8085, -4.43589 -159.003 61.8085, -4.48579 -118.17 61.8103, 
            -4.48579 -158.985 61.8103, 168.862 -138.557 59.272, 168.874 -138.564 59.273, 168.862 -138.565 59.272, 
            168.862 -138.557 59.272, 168.884 -138.564 59.2738, 168.862 -138.558 59.272, 168.892 -138.564 59.2743, 
            168.862 -138.559 59.272, 168.895 -138.564 59.2746, 168.884 -138.571 59.2738, 168.862 -138.573 59.272, 
            168.905 -138.57 59.2753, 168.921 -138.569 59.2765, 168.927 -138.568 59.277, 168.892 -138.578 59.2743, 
            168.862 -138.58 59.272, 168.921 -138.576 59.2765, 168.947 -138.574 59.2785, 168.959 -138.573 59.2795, 
            168.895 -138.584 59.2746, 168.862 -138.586 59.272, 168.927 -138.581 59.277, 168.959 -138.579 59.2795, 
            168.992 -138.578 59.282, 168.862 -138.565 59.272, 168.874 -138.565 59.273, 168.862 -138.563 59.272, 
            168.862 -138.565 59.272, 168.884 -138.566 59.2738, 168.862 -138.566 59.272, 168.892 -138.568 59.2743, 
            168.862 -138.567 59.272, 168.895 -138.569 59.2746, 168.884 -138.564 59.2738, 168.862 -138.562 59.272, 
            168.905 -138.567 59.2753, 168.921 -138.569 59.2765, 168.927 -138.571 59.277, 168.892 -138.564 59.2743, 
            168.862 -138.56 59.272, 168.921 -138.567 59.2765, 168.947 -138.571 59.2785, 168.959 -138.574 59.2795, 
            168.895 -138.564 59.2746, 168.862 -138.559 59.272, 168.959 -138.573 59.2795, 168.992 -138.578 59.282, 
            168.862 -138.574 59.272, 168.874 -138.573 59.273, 168.862 -138.572 59.272, 168.862 -138.575 59.272, 
            168.884 -138.575 59.2738, 168.862 -138.576 59.272, 168.892 -138.576 59.2743, 168.862 -138.577 59.272, 
            168.895 -138.577 59.2746, 168.884 -138.572 59.2738, 168.862 -138.57 59.272, 168.905 -138.574 59.2753, 
            168.921 -138.576 59.2765, 168.927 -138.577 59.277, 168.892 -138.571 59.2743, 168.862 -138.569 59.272, 
            168.921 -138.573 59.2765, 168.947 -138.575 59.2785, 168.959 -138.577 59.2795, 168.862 -138.567 59.272, 
            168.992 -138.578 59.282, 168.862 -138.583 59.272, 168.874 -138.581 59.273, 168.862 -138.581 59.272, 
            168.862 -138.584 59.272, 168.884 -138.582 59.2738, 168.862 -138.585 59.272, 168.892 -138.583 59.2743, 
            168.862 -138.586 59.272, 168.895 -138.584 59.2746, 168.884 -138.58 59.2738, 168.862 -138.58 59.272, 
            168.905 -138.581 59.2753, 168.921 -138.582 59.2765, 168.927 -138.583 59.277, 168.892 -138.579 59.2743, 
            168.862 -138.579 59.272, 168.921 -138.579 59.2765, 168.947 -138.58 59.2785, 168.959 -138.581 59.2795, 
            168.862 -138.577 59.272, 168.862 -138.59 59.272, 168.874 -138.589 59.273, 168.862 -138.589 59.272, 
            168.862 -138.591 59.272, 168.885 -138.589 59.2738, 168.862 -138.592 59.272, 168.892 -138.589 59.2743, 
            168.862 -138.593 59.272, 168.895 -138.59 59.2746, 168.884 -138.587 59.2738, 168.862 -138.588 59.272, 
            168.905 -138.587 59.2753, 168.921 -138.586 59.2765, 168.927 -138.586 59.277, 168.892 -138.586 59.2743, 
            168.862 -138.587 59.272, 168.921 -138.584 59.2765, 168.947 -138.583 59.2785, 168.959 -138.583 59.2795, 
            168.862 -138.586 59.272, 168.862 -138.598 59.272, 168.874 -138.595 59.273, 168.862 -138.597 59.272, 
            168.862 -138.595 59.272, 168.885 -138.592 59.2738, 168.862 -138.591 59.272, 168.892 -138.589 59.2743, 
            168.862 -138.586 59.272, 168.895 -138.584 59.2746, 168.885 -138.593 59.2738, 168.862 -138.595 59.272, 
            168.905 -138.589 59.2753, 168.921 -138.586 59.2765, 168.927 -138.581 59.277, 168.892 -138.591 59.2743, 
            168.862 -138.594 59.272, 168.921 -138.588 59.2765, 168.947 -138.584 59.2785, 168.959 -138.579 59.2795, 
            168.895 -138.59 59.2746, 168.862 -138.593 59.272, 168.927 -138.586 59.277, 168.959 -138.583 59.2795, 
            168.992 -138.578 59.282, 168.862 -124.805 53.5757, 168.884 -124.805 53.5769, 168.874 -124.805 53.5753, 
            168.862 -124.805 53.5768, 168.892 -124.805 53.5784, 168.862 -124.805 53.5778, 168.862 -124.805 53.5789, 
            168.895 -124.805 53.5797, 168.862 -124.805 53.5736, 168.884 -124.805 53.5748, 168.904 -124.805 53.577, 
            168.92 -124.805 53.5789, 168.926 -124.805 53.5805, 168.862 -124.805 53.5726, 168.892 -124.805 53.5742, 
            168.92 -124.805 53.5768, 168.942 -124.805 53.5793, 168.953 -124.806 53.5812, 168.862 -124.805 53.5715, 
            168.895 -124.805 53.5734, 168.862 -124.805 53.5705, 168.926 -124.805 53.5763, 168.953 -124.806 53.5791, 
            168.972 -124.807 53.5819, 168.862 -124.805 53.5831, 168.862 -124.806 53.5831, 168.874 -124.806 53.5824, 
            168.862 -124.805 53.582, 168.862 -124.807 53.5831, 168.884 -124.807 53.5827, 168.862 -124.808 53.5831, 
            168.892 -124.808 53.583, 168.862 -124.809 53.5831, 168.895 -124.809 53.5832, 168.884 -124.806 53.5817, 
            168.862 -124.805 53.581, 168.904 -124.806 53.5823, 168.92 -124.807 53.5828, 168.926 -124.808 53.5832, 
            168.892 -124.805 53.5808, 168.862 -124.805 53.5799, 168.92 -124.806 53.5816, 168.942 -124.806 53.5823, 
            168.953 -124.807 53.5828, 168.862 -124.805 53.5789, 168.862 -124.815 53.5831, 168.874 -124.813 53.5832, 
            168.862 -124.813 53.5831, 168.862 -124.816 53.5831, 168.884 -124.814 53.5832, 168.862 -124.817 53.5831, 
            168.892 -124.814 53.5832, 168.862 -124.818 53.5831, 168.895 -124.815 53.583, 168.884 -124.811 53.5833, 
            168.862 -124.812 53.5831, 168.904 -124.811 53.5833, 168.92 -124.812 53.5833, 168.926 -124.812 53.5829, 
            168.892 -124.81 53.5833, 168.862 -124.811 53.5831, 168.92 -124.809 53.5833, 168.942 -124.809 53.5831, 
            168.953 -124.809 53.5826, 168.862 -124.82 53.581, 168.874 -124.819 53.5816, 168.862 -124.821 53.5831, 
            168.862 -124.818 53.5789, 168.884 -124.816 53.5801, 168.862 -124.816 53.5768, 168.892 -124.814 53.5784, 
            168.862 -124.814 53.5747, 168.895 -124.812 53.5766, 168.884 -124.817 53.5822, 168.862 -124.82 53.5831, 
            168.904 -124.815 53.5812, 168.92 -124.812 53.58, 168.926 -124.81 53.5784, 168.892 -124.816 53.5827, 
            168.862 -124.819 53.5831, 168.92 -124.813 53.5822, 168.942 -124.81 53.5814, 168.953 -124.808 53.5801, 
            168.862 -124.818 53.5831, 168.862 -124.805 53.5663, 168.862 -124.805 53.5673, 168.874 -124.807 53.5698, 
            168.862 -124.807 53.5684, 168.862 -124.805 53.5684, 168.884 -124.806 53.5711, 168.862 -124.805 53.5694, 
            168.892 -124.806 53.5724, 168.862 -124.805 53.5705, 168.884 -124.808 53.5722, 168.862 -124.809 53.5705, 
            168.904 -124.807 53.5738, 168.92 -124.806 53.5752, 168.892 -124.81 53.5745, 168.862 -124.812 53.5726, 
            168.92 -124.808 53.5763, 168.942 -124.807 53.5779, 168.862 -124.814 53.5747, 168.862 -119.116 39.7898, 
            168.862 -119.116 39.79, 168.874 -119.115 39.7974, 168.862 -119.116 39.798, 168.862 -119.116 39.7905, 
            168.885 -119.115 39.7971, 168.862 -119.116 39.7913, 168.892 -119.114 39.797, 168.862 -119.116 39.7923, 
            168.895 -119.114 39.797, 168.885 -119.115 39.8046, 168.862 -119.116 39.8059, 168.905 -119.113 39.8035, 
            168.921 -119.112 39.8025, 168.927 -119.111 39.8017, 168.892 -119.114 39.8112, 168.862 -119.116 39.8132, 
            168.921 -119.112 39.8094, 168.947 -119.11 39.8078, 168.959 -119.109 39.8062, 168.895 -119.114 39.8171, 
            168.928 -119.111 39.8147, 168.959 -119.109 39.8127, 168.992 -119.106 39.8111, 168.862 -119.116 39.7983, 
            168.862 -119.116 39.7984, 168.874 -119.115 39.7981, 168.862 -119.116 39.7966, 168.862 -119.116 39.7989, 
            168.885 -119.115 39.7995, 168.862 -119.116 39.7997, 168.892 -119.114 39.801, 168.862 -119.116 39.8007, 
            168.895 -119.114 39.8025, 168.885 -119.115 39.7976, 168.862 -119.116 39.795, 168.905 -119.113 39.8002, 
            168.921 -119.112 39.8026, 168.928 -119.111 39.8046, 168.892 -119.114 39.7973, 168.862 -119.116 39.7936, 
            168.921 -119.112 39.8009, 168.947 -119.11 39.8044, 168.959 -119.109 39.8071, 168.862 -119.116 39.7923, 
            168.862 -119.116 39.8067, 168.862 -119.116 39.8077, 168.874 -119.115 39.8065, 168.862 -119.116 39.805, 
            168.862 -119.116 39.8088, 168.884 -119.115 39.808, 168.862 -119.116 39.8098, 168.892 -119.114 39.8094, 
            168.862 -119.116 39.8109, 168.895 -119.114 39.8108, 168.884 -119.115 39.8053, 168.862 -119.116 39.8034, 
            168.905 -119.113 39.8071, 168.921 -119.112 39.8089, 168.927 -119.111 39.8107, 168.892 -119.114 39.8039, 
            168.862 -119.116 39.802, 168.921 -119.112 39.806, 168.947 -119.11 39.8084, 168.959 -119.109 39.8108, 
            168.862 -119.116 39.8007, 168.862 -119.116 39.8151, 168.862 -119.116 39.8161, 168.874 -119.115 39.8148, 
            168.862 -119.116 39.814, 168.862 -119.116 39.8172, 168.884 -119.115 39.8157, 168.862 -119.116 39.8182, 
            168.892 -119.114 39.8166, 168.862 -119.116 39.8193, 168.895 -119.114 39.8178, 168.884 -119.115 39.8135, 
            168.862 -119.116 39.813, 168.905 -119.113 39.8141, 168.921 -119.112 39.8149, 168.927 -119.111 39.8161, 
            168.892 -119.114 39.8122, 168.862 -119.116 39.8119, 168.921 -119.112 39.8125, 168.947 -119.11 39.813, 
            168.959 -119.109 39.8142, 168.862 -119.116 39.8109, 168.862 -119.116 39.8235, 168.862 -119.116 39.8237, 
            168.874 -119.115 39.8222, 168.862 -119.116 39.8225, 168.862 -119.116 39.8242, 168.885 -119.115 39.822, 
            168.862 -119.116 39.8249, 168.892 -119.114 39.8223, 168.862 -119.116 39.826, 168.895 -119.114 39.823, 
            168.884 -119.115 39.8206, 168.862 -119.116 39.8214, 168.905 -119.113 39.82, 168.921 -119.112 39.8196, 
            168.927 -119.111 39.8198, 168.892 -119.114 39.8191, 168.862 -119.116 39.8204, 168.921 -119.112 39.8179, 
            168.947 -119.11 39.8166, 168.959 -119.109 39.8161, 168.862 -119.116 39.8193, 168.862 -119.116 39.8319, 
            168.862 -119.116 39.8311, 168.874 -119.115 39.8283, 168.862 -119.116 39.8303, 168.862 -119.116 39.8287, 
            168.885 -119.115 39.8256, 168.892 -119.114 39.8219, 168.862 -119.116 39.8248, 168.862 -119.116 39.8196, 
            168.885 -119.115 39.826, 168.862 -119.116 39.8287, 168.905 -119.113 39.8229, 168.921 -119.112 39.8192, 
            168.892 -119.114 39.8242, 168.862 -119.116 39.8273, 168.921 -119.112 39.8209, 168.947 -119.11 39.8171, 
            168.862 -119.116 39.826, 168.862 -124.813 26.0387, 168.874 -124.813 26.0386, 168.862 -124.815 26.0387, 
            168.862 -124.812 26.0387, 168.884 -124.811 26.0385, 168.862 -124.811 26.0387, 168.892 -124.81 26.0385, 
            168.862 -124.809 26.0387, 168.895 -124.809 26.0386, 168.884 -124.814 26.0385, 168.862 -124.816 26.0387, 
            168.904 -124.811 26.0384, 168.92 -124.809 26.0384, 168.926 -124.808 26.0386, 168.892 -124.814 26.0385, 
            168.862 -124.817 26.0387, 168.92 -124.812 26.0385, 168.942 -124.809 26.0386, 168.953 -124.807 26.0389, 
            168.895 -124.815 26.0387, 168.862 -124.818 26.0387, 168.926 -124.812 26.0389, 168.953 -124.809 26.0392, 
            168.972 -124.807 26.0399, 168.862 -124.805 26.0397, 168.874 -124.806 26.0394, 168.862 -124.806 26.0387, 
            168.862 -124.805 26.0408, 168.884 -124.806 26.0401, 168.862 -124.805 26.0418, 168.892 -124.805 26.041, 
            168.862 -124.805 26.0429, 168.895 -124.805 26.042, 168.884 -124.807 26.039, 168.862 -124.807 26.0387, 
            168.904 -124.806 26.0395, 168.92 -124.806 26.0402, 168.926 -124.805 26.0413, 168.892 -124.808 26.0387, 
            168.862 -124.808 26.0387, 168.92 -124.807 26.039, 168.942 -124.806 26.0395, 168.953 -124.806 26.0405, 
            168.862 -124.809 26.0387, 168.862 -124.805 26.0471, 168.862 -124.805 26.0481, 168.874 -124.805 26.0465, 
            168.862 -124.805 26.046, 168.862 -124.805 26.0492, 168.884 -124.805 26.0469, 168.862 -124.805 26.0502, 
            168.892 -124.805 26.0476, 168.862 -124.805 26.0513, 168.895 -124.805 26.0484, 168.884 -124.805 26.0448, 
            168.862 -124.805 26.045, 168.904 -124.805 26.0448, 168.92 -124.805 26.045, 168.926 -124.805 26.0455, 
            168.892 -124.805 26.0434, 168.862 -124.805 26.0439, 168.92 -124.805 26.0429, 168.942 -124.805 26.0425, 
            168.953 -124.806 26.0427, 168.862 -124.805 26.0555, 168.862 -124.807 26.0534, 168.874 -124.807 26.052, 
            168.862 -124.805 26.0544, 168.862 -124.809 26.0513, 168.884 -124.808 26.0496, 168.862 -124.812 26.0492, 
            168.892 -124.81 26.0473, 168.862 -124.814 26.0471, 168.895 -124.812 26.0452, 168.884 -124.806 26.0506, 
            168.862 -124.805 26.0534, 168.904 -124.807 26.048, 168.92 -124.808 26.0455, 168.926 -124.81 26.0434, 
            168.892 -124.806 26.0494, 168.862 -124.805 26.0523, 168.92 -124.806 26.0465, 168.942 -124.807 26.0438, 
            168.953 -124.808 26.0416, 168.862 -124.805 26.0513, 168.862 -124.821 26.0387, 168.874 -124.819 26.0401, 
            168.862 -124.82 26.0408, 168.862 -124.82 26.0387, 168.884 -124.817 26.0396, 168.862 -124.819 26.0387, 
            168.892 -124.816 26.0391, 168.862 -124.818 26.0387, 168.884 -124.816 26.0417, 168.862 -124.818 26.0429, 
            168.904 -124.815 26.0406, 168.92 -124.813 26.0396, 168.892 -124.814 26.0434, 168.862 -124.816 26.045, 
            168.92 -124.812 26.0418, 168.942 -124.81 26.0403, 168.862 -124.814 26.0471, 168.862 -138.598 20.3497, 
            168.874 -138.591 20.3488, 168.862 -138.59 20.3497, 168.862 -138.598 20.3497, 168.884 -138.591 20.348, 
            168.862 -138.597 20.3497, 168.892 -138.591 20.3474, 168.862 -138.596 20.3497, 168.895 -138.591 20.3472, 
            168.884 -138.584 20.348, 168.862 -138.582 20.3497, 168.905 -138.585 20.3465, 168.921 -138.586 20.3452, 
            168.927 -138.587 20.3447, 168.892 -138.577 20.3474, 168.862 -138.575 20.3497, 168.921 -138.579 20.3452, 
            168.947 -138.581 20.3433, 168.959 -138.582 20.3423, 168.895 -138.571 20.3472, 168.862 -138.569 20.3497, 
            168.927 -138.574 20.3447, 168.959 -138.576 20.3423, 168.992 -138.577 20.3398, 168.862 -138.59 20.3497, 
            168.874 -138.59 20.3488, 168.862 -138.592 20.3497, 168.862 -138.589 20.3497, 168.884 -138.589 20.348, 
            168.862 -138.589 20.3497, 168.892 -138.587 20.3474, 168.862 -138.588 20.3497, 168.895 -138.586 20.3472, 
            168.884 -138.591 20.348, 168.862 -138.593 20.3497, 168.905 -138.588 20.3465, 168.921 -138.586 20.3452, 
            168.927 -138.584 20.3447, 168.892 -138.591 20.3474, 168.862 -138.595 20.3497, 168.921 -138.587 20.3452, 
            168.947 -138.584 20.3433, 168.959 -138.581 20.3423, 168.862 -138.596 20.3497, 168.862 -138.581 20.3497, 
            168.874 -138.582 20.3488, 168.862 -138.583 20.3497, 168.862 -138.58 20.3497, 168.884 -138.58 20.348, 
            168.862 -138.579 20.3497, 168.892 -138.579 20.3474, 168.862 -138.577 20.3497, 168.895 -138.578 20.3472, 
            168.884 -138.583 20.348, 168.862 -138.585 20.3497, 168.905 -138.581 20.3465, 168.921 -138.579 20.3452, 
            168.927 -138.578 20.3447, 168.892 -138.584 20.3474, 168.862 -138.586 20.3497, 168.921 -138.582 20.3452, 
            168.947 -138.58 20.3432, 168.959 -138.578 20.3423, 168.862 -138.588 20.3497, 168.862 -138.572 20.3497, 
            168.874 -138.574 20.3488, 168.862 -138.574 20.3497, 168.862 -138.571 20.3497, 168.884 -138.573 20.348, 
            168.862 -138.57 20.3497, 168.892 -138.572 20.3474, 168.862 -138.569 20.3497, 168.895 -138.571 20.3472, 
            168.884 -138.575 20.348, 168.862 -138.575 20.3497, 168.905 -138.574 20.3465, 168.921 -138.573 20.3452, 
            168.927 -138.572 20.3447, 168.892 -138.576 20.3474, 168.862 -138.576 20.3497, 168.921 -138.576 20.3452, 
            168.947 -138.575 20.3432, 168.959 -138.574 20.3423, 168.862 -138.577 20.3497, 168.862 -138.565 20.3497, 
            168.874 -138.566 20.3488, 168.862 -138.566 20.3497, 168.862 -138.564 20.3497, 168.885 -138.566 20.348, 
            168.862 -138.563 20.3497, 168.892 -138.566 20.3474, 168.862 -138.562 20.3497, 168.895 -138.565 20.3472, 
            168.884 -138.568 20.348, 168.862 -138.567 20.3497, 168.905 -138.568 20.3465, 168.921 -138.569 20.3452, 
            168.927 -138.569 20.3447, 168.892 -138.569 20.3474, 168.862 -138.568 20.3497, 168.921 -138.57 20.3452, 
            168.947 -138.572 20.3432, 168.959 -138.572 20.3423, 168.862 -138.569 20.3497, 168.862 -138.557 20.3497, 
            168.874 -138.56 20.3488, 168.862 -138.558 20.3497, 168.862 -138.56 20.3497, 168.885 -138.563 20.348, 
            168.862 -138.564 20.3497, 168.892 -138.566 20.3474, 168.862 -138.569 20.3497, 168.885 -138.562 20.348, 
            168.862 -138.56 20.3497, 168.905 -138.565 20.3465, 168.921 -138.569 20.3452, 168.892 -138.564 20.3474, 
            168.862 -138.561 20.3497, 168.921 -138.567 20.3452, 168.947 -138.571 20.3432, 168.862 -138.562 20.3497, 
            168.862 -152.35 26.0387, 168.862 -152.348 26.0387, 168.874 -152.348 26.0394, 168.862 -152.35 26.0397, 
            168.862 -152.345 26.0387, 168.884 -152.347 26.0391, 168.862 -152.343 26.0387, 168.892 -152.345 26.039, 
            168.862 -152.341 26.0387, 168.895 -152.343 26.039, 168.884 -152.349 26.0402, 168.862 -152.35 26.0408, 
            168.904 -152.348 26.0397, 168.918 -152.347 26.0394, 168.924 -152.345 26.0394, 168.892 -152.349 26.0411, 
            168.862 -152.35 26.0418, 168.918 -152.349 26.0404, 168.937 -152.348 26.0401, 168.944 -152.347 26.0402, 
            168.895 -152.35 26.0421, 168.862 -152.35 26.0429, 168.924 -152.35 26.0415, 168.944 -152.349 26.0413, 
            168.953 -152.348 26.0415, 168.862 -152.335 26.0408, 168.874 -152.337 26.0402, 168.862 -152.335 26.0387, 
            168.862 -152.337 26.0429, 168.884 -152.339 26.0417, 168.862 -152.339 26.045, 168.892 -152.341 26.0434, 
            168.862 -152.341 26.0471, 168.895 -152.343 26.0453, 168.884 -152.339 26.0396, 168.862 -152.337 26.0387, 
            168.904 -152.342 26.0407, 168.918 -152.344 26.042, 168.924 -152.345 26.0436, 168.892 -152.341 26.0392, 
            168.862 -152.339 26.0387, 168.918 -152.344 26.0399, 168.937 -152.346 26.0409, 168.944 -152.347 26.0423, 
            168.862 -152.341 26.0387, 168.862 -152.35 26.0544, 168.874 -152.348 26.052, 168.862 -152.348 26.0534, 
            168.862 -152.35 26.0534, 168.884 -152.349 26.0507, 168.862 -152.35 26.0523, 168.892 -152.349 26.0495, 
            168.862 -152.35 26.0513, 168.895 -152.35 26.0484, 168.884 -152.347 26.0496, 168.862 -152.345 26.0513, 
            168.904 -152.348 26.0481, 168.918 -152.349 26.0468, 168.924 -152.35 26.0458, 168.892 -152.345 26.0474, 
            168.862 -152.343 26.0492, 168.918 -152.347 26.0457, 168.937 -152.348 26.0443, 168.944 -152.349 26.0434, 
            168.862 -152.341 26.0471, 168.862 -152.35 26.046, 168.874 -152.35 26.0465, 168.862 -152.35 26.0481, 
            168.862 -152.35 26.045, 168.884 -152.35 26.0449, 168.862 -152.35 26.0439, 168.892 -152.35 26.0434, 
            168.862 -152.35 26.0429, 168.884 -152.35 26.047, 168.862 -152.35 26.0492, 168.904 -152.35 26.0449, 
            168.918 -152.35 26.0431, 168.892 -152.35 26.0476, 168.862 -152.35 26.0502, 168.918 -152.35 26.0452, 
            168.937 -152.35 26.043, 168.862 -152.35 26.0513, 168.862 -158.039 39.8318, 168.874 -158.04 39.8243, 
            168.862 -158.039 39.8237, 168.862 -158.039 39.8313, 168.885 -158.04 39.8247, 168.862 -158.039 39.8305, 
            168.892 -158.041 39.8248, 168.862 -158.039 39.8295, 168.895 -158.041 39.8248, 168.885 -158.04 39.8172, 
            168.862 -158.039 39.8158, 168.905 -158.042 39.8183, 168.921 -158.043 39.8192, 168.927 -158.044 39.8201, 
            168.892 -158.041 39.8105, 168.862 -158.039 39.8085, 168.921 -158.043 39.8123, 168.947 -158.045 39.8139, 
            168.959 -158.046 39.8155, 168.895 -158.041 39.8046, 168.862 -158.039 39.8022, 168.928 -158.044 39.807, 
            168.959 -158.046 39.809, 168.992 -158.049 39.8106, 168.862 -158.039 39.8233, 168.874 -158.04 39.8237, 
            168.862 -158.039 39.8251, 168.862 -158.039 39.8229, 168.885 -158.04 39.8223, 168.862 -158.039 39.8221, 
            168.892 -158.041 39.8207, 168.862 -158.039 39.821, 168.895 -158.041 39.8192, 168.885 -158.04 39.8241, 
            168.862 -158.039 39.8267, 168.905 -158.042 39.8216, 168.921 -158.043 39.8192, 168.928 -158.044 39.8172, 
            168.892 -158.041 39.8245, 168.862 -158.039 39.8282, 168.921 -158.043 39.8209, 168.947 -158.045 39.8174, 
            168.959 -158.046 39.8147, 168.862 -158.039 39.8295, 168.862 -158.039 39.814, 168.874 -158.04 39.8153, 
            168.862 -158.039 39.8167, 168.862 -158.039 39.813, 168.884 -158.04 39.8138, 168.862 -158.039 39.8119, 
            168.892 -158.041 39.8124, 168.862 -158.039 39.8109, 168.895 -158.041 39.811, 168.884 -158.04 39.8165, 
            168.862 -158.039 39.8183, 168.905 -158.042 39.8147, 168.921 -158.043 39.8129, 168.927 -158.044 39.811, 
            168.892 -158.041 39.8178, 168.862 -158.039 39.8198, 168.921 -158.043 39.8157, 168.947 -158.045 39.8134, 
            168.959 -158.046 39.811, 168.862 -158.039 39.821, 168.862 -158.039 39.8056, 168.874 -158.04 39.8069, 
            168.862 -158.039 39.8077, 168.862 -158.039 39.8046, 168.884 -158.04 39.8061, 168.862 -158.039 39.8035, 
            168.892 -158.041 39.8051, 168.862 -158.039 39.8025, 168.895 -158.041 39.804, 168.884 -158.04 39.8083, 
            168.862 -158.039 39.8088, 168.905 -158.042 39.8076, 168.921 -158.043 39.8069, 168.927 -158.044 39.8057, 
            168.892 -158.041 39.8096, 168.862 -158.039 39.8098, 168.921 -158.043 39.8093, 168.947 -158.045 39.8088, 
            168.959 -158.046 39.8076, 168.862 -158.039 39.8109, 168.862 -158.039 39.7981, 168.874 -158.04 39.7996, 
            168.862 -158.039 39.7993, 168.862 -158.039 39.7976, 168.885 -158.04 39.7997, 168.862 -158.039 39.7968, 
            168.892 -158.041 39.7995, 168.862 -158.039 39.7958, 168.895 -158.041 39.7988, 168.884 -158.04 39.8011, 
            168.862 -158.039 39.8004, 168.905 -158.042 39.8018, 168.921 -158.043 39.8022, 168.927 -158.044 39.8019, 
            168.892 -158.041 39.8026, 168.862 -158.039 39.8014, 168.921 -158.043 39.8039, 168.947 -158.045 39.8051, 
            168.959 -158.046 39.8056, 168.862 -158.039 39.8025, 168.862 -158.039 39.7906, 168.874 -158.04 39.7935, 
            168.862 -158.039 39.7915, 168.862 -158.039 39.793, 168.885 -158.04 39.7961, 168.862 -158.039 39.7969, 
            168.892 -158.041 39.7998, 168.862 -158.039 39.8022, 168.885 -158.04 39.7958, 168.862 -158.039 39.7931, 
            168.905 -158.042 39.7989, 168.921 -158.043 39.8026, 168.892 -158.041 39.7975, 168.862 -158.039 39.7945, 
            168.921 -158.043 39.8008, 168.947 -158.045 39.8047, 168.862 -158.039 39.7958, 168.862 -152.342 53.5831, 
            168.874 -152.342 53.5832, 168.862 -152.34 53.5831, 168.862 -152.343 53.5831, 168.884 -152.344 53.5833, 
            168.862 -152.344 53.5831, 168.892 -152.345 53.5833, 168.862 -152.345 53.5831, 168.895 -152.346 53.5832, 
            168.884 -152.341 53.5832, 168.862 -152.339 53.5831, 168.904 -152.344 53.5833, 168.92 -152.346 53.5833, 
            168.926 -152.347 53.5832, 168.892 -152.341 53.5832, 168.862 -152.338 53.5831, 168.92 -152.343 53.5832, 
            168.942 -152.346 53.5831, 168.953 -152.348 53.5828, 168.895 -152.34 53.583, 168.862 -152.337 53.5831, 
            168.926 -152.343 53.5829, 168.953 -152.346 53.5826, 168.972 -152.348 53.5818, 168.862 -152.35 53.582, 
            168.874 -152.349 53.5824, 168.862 -152.349 53.5831, 168.862 -152.35 53.581, 168.884 -152.349 53.5817, 
            168.862 -152.35 53.5799, 168.892 -152.35 53.5808, 168.862 -152.35 53.5789, 168.895 -152.35 53.5797, 
            168.884 -152.348 53.5827, 168.862 -152.348 53.5831, 168.904 -152.349 53.5823, 168.92 -152.349 53.5816, 
            168.926 -152.35 53.5805, 168.892 -152.347 53.583, 168.862 -152.347 53.5831, 168.92 -152.348 53.5828, 
            168.942 -152.349 53.5823, 168.953 -152.349 53.5812, 168.862 -152.345 53.5831, 168.862 -152.35 53.5736, 
            168.874 -152.35 53.5753, 168.862 -152.35 53.5757, 168.862 -152.35 53.5726, 168.884 -152.35 53.5748, 
            168.862 -152.35 53.5715, 168.892 -152.35 53.5742, 168.862 -152.35 53.5705, 168.895 -152.35 53.5734, 
            168.884 -152.35 53.5769, 168.862 -152.35 53.5768, 168.904 -152.35 53.577, 168.92 -152.35 53.5768, 
            168.926 -152.349 53.5763, 168.892 -152.35 53.5784, 168.862 -152.35 53.5778, 168.92 -152.35 53.5789, 
            168.942 -152.35 53.5793, 168.953 -152.349 53.5791, 168.862 -152.348 53.5684, 168.874 -152.348 53.5698, 
            168.862 -152.35 53.5673, 168.862 -152.345 53.5705, 168.884 -152.347 53.5722, 168.862 -152.343 53.5726, 
            168.892 -152.345 53.5745, 168.862 -152.341 53.5747, 168.895 -152.343 53.5766, 168.884 -152.349 53.5711, 
            168.862 -152.35 53.5684, 168.904 -152.348 53.5738, 168.92 -152.347 53.5763, 168.926 -152.345 53.5784, 
            168.892 -152.349 53.5724, 168.862 -152.35 53.5694, 168.92 -152.349 53.5752, 168.942 -152.348 53.5779, 
            168.953 -152.347 53.5801, 168.862 -152.35 53.5705, 168.862 -152.334 53.5831, 168.874 -152.336 53.5816, 
            168.862 -152.335 53.581, 168.862 -152.335 53.5831, 168.884 -152.338 53.5822, 168.862 -152.336 53.5831, 
            168.892 -152.339 53.5827, 168.862 -152.337 53.5831, 168.884 -152.339 53.5801, 168.862 -152.337 53.5789, 
            168.904 -152.34 53.5812, 168.92 -152.342 53.5822, 168.892 -152.341 53.5784, 168.862 -152.339 53.5768, 
            168.92 -152.343 53.58, 168.942 -152.345 53.5814, 168.862 -152.341 53.5747, 168.862 -158.039 39.8237, 
            71.3981 -150.599 33.1606, 168.862 -158.039 39.8158, 71.3981 -150.597 33.1553, 168.862 -158.039 39.8085, 
            71.3981 -150.595 33.1495, 168.862 -158.039 39.8022, 71.3981 -150.592 33.1435, 71.3981 -150.59 33.1375, 
            71.3981 -150.587 33.1317, 71.3981 -150.585 33.1264, 71.3981 -150.599 46.4612, 71.3981 -150.597 46.4665, 
            71.3981 -150.595 46.4723, 168.862 -158.039 39.8295, 71.3981 -150.592 46.4783, 71.3981 -150.59 46.4843, 
            71.3981 -150.587 46.49, 71.3981 -150.585 46.4953, 168.862 -138.565 59.272, 71.3981 -145.228 51.8326, 
            168.862 -138.573 59.272, 71.3981 -145.233 51.8304, 168.862 -138.58 59.272, 71.3981 -145.239 51.828, 
            168.862 -138.586 59.272, 71.3981 -145.245 51.8255, 71.3981 -145.251 51.823, 71.3981 -145.257 51.8206, 
            71.3981 -145.262 51.8184, 71.3981 -131.927 51.8326, 71.3981 -131.922 51.8304, 71.3981 -131.916 51.828, 
            168.862 -138.559 59.272, 71.3981 -131.91 51.8255, 71.3981 -131.904 51.823, 71.3981 -131.898 51.8206, 
            71.3981 -131.893 51.8184, 168.862 -138.59 20.3497, 71.3981 -131.927 27.7892, 168.862 -138.582 20.3497, 
            71.3981 -131.922 27.7914, 168.862 -138.575 20.3497, 71.3981 -131.916 27.7938, 168.862 -138.569 20.3497, 
            71.3981 -131.91 27.7963, 71.3981 -131.904 27.7987, 71.3981 -131.898 27.8011, 71.3981 -131.893 27.8033, 
            71.3981 -145.228 27.7892, 71.3981 -145.233 27.7914, 71.3981 -145.239 27.7938, 168.862 -138.596 20.3497, 
            71.3981 -145.245 27.7963, 71.3981 -145.251 27.7987, 71.3981 -145.257 27.8011, 71.3981 -145.262 27.8033, 
            71.0883 -150.577 29.6694, 71.0883 -150.542 29.3068, 71.0883 -150.436 28.9582, 71.0883 -150.264 28.6369, 
            71.0883 -150.033 28.3552, 168.862 -152.341 26.0387, 71.0883 -149.752 28.1241, 168.862 -152.339 26.0387, 
            71.0883 -149.43 27.9524, 168.862 -152.337 26.0387, 71.0883 -149.082 27.8466, 168.862 -152.335 26.0387, 
            71.3981 -145.228 27.7892, 71.3981 -145.233 27.7914, 71.3981 -145.239 27.7938, 71.3981 -145.245 27.7963, 
            168.862 -152.341 26.0471, 168.862 -152.343 26.0492, 168.862 -152.345 26.0513, 168.862 -152.348 26.0534, 
            71.0883 -143.971 27.8109, 71.0883 -143.507 27.8109, 71.0883 -143.042 27.8109, 71.0883 -142.577 27.8109, 
            168.862 -138.588 20.3497, 71.0883 -142.113 27.8109, 71.0883 -141.648 27.8109, 71.0883 -141.184 27.8109, 
            71.0883 -141.305 27.8109, 71.0883 -140.84 27.8109, 71.0883 -140.375 27.8109, 71.0883 -139.911 27.8109, 
            71.0883 -139.446 27.8109, 71.0883 -138.982 27.8109, 71.0883 -138.517 27.8109, 71.0883 -138.638 27.8109, 
            71.0883 -138.173 27.8109, 71.0883 -137.709 27.8109, 71.0883 -137.244 27.8109, 71.0883 -136.78 27.8109, 
            71.0883 -136.315 27.8109, 71.0883 -135.85 27.8109, 71.0883 -135.971 27.8109, 71.0883 -135.507 27.8109, 
            71.0883 -135.042 27.8109, 71.0883 -134.577 27.8109, 168.862 -138.562 20.3497, 71.0883 -134.113 27.8109, 
            71.0883 -133.648 27.8109, 71.0883 -133.184 27.8109, 71.3981 -131.91 27.7963, 168.862 -124.818 26.0387, 
            71.3981 -131.904 27.7987, 71.3981 -131.898 27.8011, 71.3981 -131.893 27.8033, 71.0883 -130.638 27.8109, 
            71.0883 -130.173 27.8109, 71.0883 -129.709 27.8109, 71.0883 -129.244 27.8109, 168.862 -124.809 26.0387, 
            71.0883 -128.78 27.8109, 71.0883 -128.315 27.8109, 71.0883 -127.85 27.8109, 71.0883 -128.073 27.8466, 
            71.0883 -127.725 27.9524, 71.0883 -127.725 51.6694, 71.0883 -128.073 51.7752, 71.0883 -127.85 51.8109, 
            71.0883 -128.315 51.8109, 71.0883 -128.78 51.8109, 71.0883 -129.244 51.8109, 71.0883 -129.709 51.8109, 
            71.0883 -130.173 51.8109, 71.0883 -130.638 51.8109, 71.3981 -131.927 51.8326, 71.3981 -131.922 51.8304, 
            71.3981 -131.916 51.828, 71.3981 -131.91 51.8255, 168.862 -124.814 53.5747, 168.862 -124.812 53.5726, 
            168.862 -124.809 53.5705, 168.862 -124.807 53.5684, 71.0883 -133.184 51.8109, 71.0883 -133.648 51.8109, 
            71.0883 -134.113 51.8109, 71.0883 -134.577 51.8109, 168.862 -138.567 59.272, 71.0883 -135.042 51.8109, 
            71.0883 -135.507 51.8109, 71.0883 -135.971 51.8109, 71.0883 -135.85 51.8109, 71.0883 -136.315 51.8109, 
            71.0883 -136.78 51.8109, 71.0883 -137.244 51.8109, 71.0883 -137.709 51.8109, 71.0883 -138.173 51.8109, 
            71.0883 -138.638 51.8109, 71.0883 -138.517 51.8109, 71.0883 -138.982 51.8109, 71.0883 -139.446 51.8109, 
            71.0883 -139.911 51.8109, 71.0883 -140.375 51.8109, 71.0883 -140.84 51.8109, 71.0883 -141.305 51.8109, 
            71.0883 -141.184 51.8109, 71.0883 -141.648 51.8109, 71.0883 -142.113 51.8109, 71.0883 -142.577 51.8109, 
            71.0883 -143.042 51.8109, 71.0883 -143.507 51.8109, 71.0883 -143.971 51.8109, 71.3981 -145.245 51.8255, 
            168.862 -152.337 53.5831, 71.3981 -145.251 51.823, 71.3981 -145.257 51.8206, 71.3981 -145.262 51.8184, 
            71.0883 -146.517 51.8109, 71.0883 -146.982 51.8109, 71.0883 -147.446 51.8109, 71.0883 -147.911 51.8109, 
            71.0883 -148.375 51.8109, 71.0883 -148.84 51.8109, 71.0883 -149.305 51.8109, 71.0883 -149.082 51.7752, 
            71.0883 -149.43 51.6694, 71.0883 -149.752 51.4977, 71.0883 -150.033 51.2665, 71.0883 -150.264 50.9849, 
            71.0883 -150.436 50.6636, 71.0883 -150.542 50.315, 71.0883 -150.577 50.5381, 71.0883 -150.577 50.0735, 
            71.0883 -150.577 49.6088, 71.0883 -150.577 49.1442, 71.0883 -150.577 48.6796, 71.0883 -150.577 48.215, 
            71.0883 -150.577 47.7503, 71.3981 -150.599 46.4612, 71.3981 -150.597 46.4665, 71.3981 -150.595 46.4723, 
            71.3981 -150.592 46.4783, 168.862 -152.341 53.5747, 168.862 -152.339 53.5768, 168.862 -152.337 53.5789, 
            168.862 -152.335 53.581, 71.0883 -150.577 45.2048, 71.0883 -150.577 44.7401, 71.0883 -150.577 44.2755, 
            71.0883 -150.577 43.8109, 168.862 -158.039 39.821, 71.0883 -150.577 43.3463, 71.0883 -150.577 42.8816, 
            71.0883 -150.577 42.417, 71.0883 -150.577 42.5381, 71.0883 -150.577 42.0735, 71.0883 -150.577 41.6088, 
            71.0883 -150.577 41.1442, 71.0883 -150.577 40.6796, 71.0883 -150.577 40.215, 71.0883 -150.577 39.7503, 
            71.0883 -150.577 39.8714, 71.0883 -150.577 39.4068, 71.0883 -150.577 38.9422, 71.0883 -150.577 38.4775, 
            71.0883 -150.577 38.0129, 71.0883 -150.577 37.5483, 71.0883 -150.577 37.0837, 71.0883 -150.577 37.2048, 
            71.0883 -150.577 36.7401, 71.0883 -150.577 36.2755, 71.0883 -150.577 35.8109, 168.862 -158.039 39.7958, 
            71.0883 -150.577 35.3463, 71.0883 -150.577 34.8816, 71.0883 -150.577 34.417, 71.3981 -150.592 33.1435, 
            168.862 -152.35 26.0513, 71.3981 -150.59 33.1375, 71.3981 -150.587 33.1317, 71.3981 -150.585 33.1264, 
            71.0883 -150.577 28.619, 71.0883 -150.577 29.0836, 71.0883 -150.577 29.5483, 71.0883 -150.577 30.0129, 
            168.862 -152.35 26.0429, 71.0883 -150.577 30.4775, 71.0883 -150.577 30.9422, 71.0883 -150.577 31.4068, 
            71.0883 -150.577 31.8715, 36.0883 -149.577 28.8108, 36.0883 -127.576 28.8108, 34.0883 -127.576 28.8108, 
            34.0883 -149.577 28.8108, 34.0883 -127.576 26.8108, 34.0883 -149.577 26.8108, 36.0883 -127.576 26.8108, 
            36.0883 -149.577 26.8108, 36.0883 -127.576 28.8108, 36.0883 -149.577 28.8108, 34.0883 -149.577 28.8108, 
            36.0883 -149.577 28.8108, 34.0883 -127.576 28.8108, 36.0883 -127.576 28.8108, 34.0883 -151.577 26.7908, 
            34.0883 -151.577 52.8308, 34.0883 -149.577 52.8308, 34.0883 -149.577 26.7908, 36.0883 -149.577 52.8308, 
            36.0883 -149.577 26.7908, 36.0883 -151.577 52.8308, 36.0883 -151.577 26.7908, 34.0883 -151.577 52.8308, 
            34.0883 -151.577 26.7908, 34.0883 -149.577 26.7908, 34.0883 -151.577 26.7908, 34.0883 -149.577 52.8308, 
            34.0883 -151.577 52.8308, 36.0683 -127.577 52.8108, 70.1083 -127.577 52.8108, 70.1083 -125.577 52.8108, 
            36.0683 -125.577 52.8108, 70.1083 -125.577 50.8108, 36.0683 -125.577 50.8108, 70.1083 -127.577 50.8108, 
            36.0683 -127.577 50.8108, 70.1083 -127.577 52.8108, 36.0683 -127.577 52.8108, 36.0683 -125.577 52.8108, 
            36.0683 -127.577 52.8108, 70.1083 -125.577 52.8108, 70.1083 -127.577 52.8108, 36.0683 -151.577 52.8108, 
            70.1083 -151.577 52.8108, 70.1083 -149.577 52.8108, 36.0683 -149.577 52.8108, 70.1083 -149.577 50.8108, 
            36.0683 -149.577 50.8108, 70.1083 -151.577 50.8108, 36.0683 -151.577 50.8108, 70.1083 -151.577 52.8108, 
            36.0683 -151.577 52.8108, 36.0683 -149.577 52.8108, 36.0683 -151.577 52.8108, 70.1083 -149.577 52.8108, 
            70.1083 -151.577 52.8108, 36.0683 -151.577 28.8108, 70.1083 -151.577 28.8108, 70.1083 -149.577 28.8108, 
            36.0683 -149.577 28.8108, 70.1083 -149.577 26.8108, 36.0683 -149.577 26.8108, 70.1083 -151.577 26.8108, 
            36.0683 -151.577 26.8108, 70.1083 -151.577 28.8108, 36.0683 -151.577 28.8108, 36.0683 -149.577 28.8108, 
            36.0683 -151.577 28.8108, 70.1083 -149.577 28.8108, 70.1083 -151.577 28.8108, 36.0683 -127.577 28.8108, 
            70.1083 -127.577 28.8108, 70.1083 -125.577 28.8108, 36.0683 -125.577 28.8108, 70.1083 -125.577 26.8108, 
            36.0683 -125.577 26.8108, 70.1083 -127.577 26.8108, 36.0683 -127.577 26.8108, 70.1083 -127.577 28.8108, 
            36.0683 -127.577 28.8108, 36.0683 -125.577 28.8108, 36.0683 -127.577 28.8108, 70.1083 -125.577 28.8108, 
            70.1083 -127.577 28.8108, 34.0883 -125.577 26.7908, 36.0883 -125.577 26.7908, 36.0883 -127.577 26.7908, 
            34.0883 -127.577 26.7908, 70.0883 -125.577 26.7908, 72.0883 -125.577 26.7908, 72.0883 -127.577 26.7908, 
            70.0883 -127.577 26.7908, 70.0883 -151.577 26.7908, 70.0883 -151.577 52.8308, 70.0883 -149.577 52.8308, 
            70.0883 -149.577 26.7908, 72.0883 -149.577 52.8308, 72.0883 -149.577 26.7908, 72.0883 -151.577 52.8308, 
            72.0883 -151.577 26.7908, 70.0883 -151.577 52.8308, 70.0883 -151.577 26.7908, 70.0883 -149.577 26.7908, 
            70.0883 -151.577 26.7908, 70.0883 -149.577 52.8308, 70.0883 -151.577 52.8308, 72.0883 -149.577 52.8108, 
            72.0883 -127.576 52.8108, 70.0883 -127.576 52.8108, 70.0883 -149.577 52.8108, 70.0883 -127.576 50.8108, 
            70.0883 -149.577 50.8108, 72.0883 -127.576 50.8108, 72.0883 -149.577 50.8108, 72.0883 -127.576 52.8108, 
            72.0883 -149.577 52.8108, 70.0883 -149.577 52.8108, 72.0883 -149.577 52.8108, 70.0883 -127.576 52.8108, 
            72.0883 -127.576 52.8108, 36.0883 -149.577 52.8108, 36.0883 -127.576 52.8108, 34.0883 -127.576 52.8108, 
            34.0883 -149.577 52.8108, 34.0883 -127.576 50.8108, 34.0883 -149.577 50.8108, 36.0883 -127.576 50.8108, 
            36.0883 -149.577 50.8108, 36.0883 -127.576 52.8108, 36.0883 -149.577 52.8108, 34.0883 -149.577 52.8108, 
            36.0883 -149.577 52.8108, 34.0883 -127.576 52.8108, 36.0883 -127.576 52.8108, 72.0883 -149.577 28.8108, 
            72.0883 -127.576 28.8108, 70.0883 -127.576 28.8108, 70.0883 -149.577 28.8108, 70.0883 -127.576 26.8108, 
            70.0883 -149.577 26.8108, 72.0883 -127.576 26.8108, 72.0883 -149.577 26.8108, 72.0883 -127.576 28.8108, 
            72.0883 -149.577 28.8108, 70.0883 -149.577 28.8108, 72.0883 -149.577 28.8108, 70.0883 -127.576 28.8108, 
            72.0883 -127.576 28.8108, 148.088 -149.577 12.8108, 148.088 -127.577 12.8108, 146.088 -127.577 12.8108, 
            146.088 -149.577 12.8108, 146.088 -127.577 10.8108, 146.088 -149.577 10.8108, 148.088 -127.577 10.8108, 
            148.088 -149.577 10.8108, 148.088 -127.577 12.8108, 148.088 -149.577 12.8108, 146.088 -149.577 12.8108, 
            148.088 -149.577 12.8108, 146.088 -127.577 12.8108, 148.088 -127.577 12.8108, 168.088 -149.577 -1.1892, 
            168.088 -127.577 -1.1892, 166.088 -127.577 -1.1892, 166.088 -149.577 -1.1892, 166.088 -127.577 -3.1892, 
            166.088 -149.577 -3.1892, 168.088 -127.577 -3.1892, 168.088 -149.577 -3.1892, 168.088 -127.577 -1.1892, 
            168.088 -149.577 -1.1892, 166.088 -149.577 -1.1892, 168.088 -149.577 -1.1892, 166.088 -127.577 -1.1892, 
            168.088 -127.577 -1.1892, 148.088 -149.577 -1.1892, 148.088 -127.577 -1.1892, 146.088 -127.577 -1.1892, 
            146.088 -149.577 -1.1892, 146.088 -127.577 -3.1892, 146.088 -149.577 -3.1892, 148.088 -127.577 -3.1892, 
            148.088 -149.577 -3.1892, 148.088 -127.577 -1.1892, 148.088 -149.577 -1.1892, 146.088 -149.577 -1.1892, 
            148.088 -149.577 -1.1892, 146.088 -127.577 -1.1892, 148.088 -127.577 -1.1892, 168.088 -149.577 12.8108, 
            168.088 -127.577 12.8108, 166.088 -127.577 12.8108, 166.088 -149.577 12.8108, 166.088 -127.577 10.8108, 
            166.088 -149.577 10.8108, 168.088 -127.577 10.8108, 168.088 -149.577 10.8108, 168.088 -127.577 12.8108, 
            168.088 -149.577 12.8108, 166.088 -149.577 12.8108, 168.088 -149.577 12.8108, 166.088 -127.577 12.8108, 
            168.088 -127.577 12.8108, 148.068 -127.577 12.8108, 166.108 -127.577 12.8108, 166.108 -125.577 12.8108, 
            148.068 -125.577 12.8108, 166.108 -125.577 10.8108, 148.068 -125.577 10.8108, 166.108 -127.577 10.8108, 
            148.068 -127.577 10.8108, 166.108 -127.577 12.8108, 148.068 -127.577 12.8108, 148.068 -125.577 12.8108, 
            148.068 -127.577 12.8108, 166.108 -125.577 12.8108, 166.108 -127.577 12.8108, 148.068 -151.577 12.8108, 
            166.108 -151.577 12.8108, 166.108 -149.577 12.8108, 148.068 -149.577 12.8108, 166.108 -149.577 10.8108, 
            148.068 -149.577 10.8108, 166.108 -151.577 10.8108, 148.068 -151.577 10.8108, 166.108 -151.577 12.8108, 
            148.068 -151.577 12.8108, 148.068 -149.577 12.8108, 148.068 -151.577 12.8108, 166.108 -149.577 12.8108, 
            166.108 -151.577 12.8108, 148.068 -127.577 -1.1892, 166.108 -127.577 -1.1892, 166.108 -125.577 -1.1892, 
            148.068 -125.577 -1.1892, 166.108 -125.577 -3.1892, 148.068 -125.577 -3.1892, 166.108 -127.577 -3.1892, 
            148.068 -127.577 -3.1892, 166.108 -127.577 -1.1892, 148.068 -127.577 -1.1892, 148.068 -125.577 -1.1892, 
            148.068 -127.577 -1.1892, 166.108 -125.577 -1.1892, 166.108 -127.577 -1.1892, 148.068 -151.577 -1.1892, 
            166.108 -151.577 -1.1892, 166.108 -149.577 -1.1892, 148.068 -149.577 -1.1892, 166.108 -149.577 -3.1892, 
            148.068 -149.577 -3.1892, 166.108 -151.577 -3.1892, 148.068 -151.577 -3.1892, 166.108 -151.577 -1.1892, 
            148.068 -151.577 -1.1892, 148.068 -149.577 -1.1892, 148.068 -151.577 -1.1892, 166.108 -149.577 -1.1892, 
            166.108 -151.577 -1.1892, -5.91169 -156.577 12.8108, -5.91169 -120.577 12.8108, -7.91169 -120.577 12.8108, 
            -7.91169 -156.577 12.8108, -7.91169 -120.577 10.8108, -7.91169 -156.577 10.8108, -5.91169 -120.577 10.8108, 
            -5.91169 -156.577 10.8108, -5.91169 -120.577 12.8108, -5.91169 -156.577 12.8108, -7.91169 -156.577 12.8108, 
            -5.91169 -156.577 12.8108, -7.91169 -120.577 12.8108, -5.91169 -120.577 12.8108, -25.9117 -156.577 12.8109, 
            -25.9117 -120.577 12.8109, -27.9117 -120.577 12.8109, -27.9117 -156.577 12.8109, -27.9117 -120.577 10.8109, 
            -27.9117 -156.577 10.8109, -25.9117 -120.577 10.8109, -25.9117 -156.577 10.8109, -25.9117 -120.577 12.8109, 
            -25.9117 -156.577 12.8109, -27.9117 -156.577 12.8109, -25.9117 -156.577 12.8109, -27.9117 -120.577 12.8109, 
            -25.9117 -120.577 12.8109, -25.9317 -158.519 12.8109, -7.89169 -158.519 12.8109, -7.89169 -156.519 12.8109, 
            -25.9317 -156.519 12.8109, -7.89169 -156.519 10.8109, -25.9317 -156.519 10.8109, -7.89169 -158.519 10.8109, 
            -25.9317 -158.519 10.8109, -7.89169 -158.519 12.8109, -25.9317 -158.519 12.8109, -25.9317 -156.519 12.8109, 
            -25.9317 -158.519 12.8109, -7.89169 -156.519 12.8109, -7.89169 -158.519 12.8109, -25.9317 -120.581 12.8109, 
            -7.89169 -120.581 12.8109, -7.89169 -118.581 12.8109, -25.9317 -118.581 12.8109, -7.89169 -118.581 10.8109, 
            -25.9317 -118.581 10.8109, -7.89169 -120.581 10.8109, -25.9317 -120.581 10.8109, -7.89169 -120.581 12.8109, 
            -25.9317 -120.581 12.8109, -25.9317 -118.581 12.8109, -25.9317 -120.581 12.8109, -7.89169 -118.581 12.8109, 
            -7.89169 -120.581 12.8109, -25.9317 -120.577 -1.1892, -7.89169 -120.577 -1.1892, -7.89169 -118.577 -1.1892, 
            -25.9317 -118.577 -1.1892, -7.89169 -118.577 -3.1892, -25.9317 -118.577 -3.1892, -7.89169 -120.577 -3.1892, 
            -25.9317 -120.577 -3.1892, -7.89169 -120.577 -1.1892, -25.9317 -120.577 -1.1892, -25.9317 -118.577 -1.1892, 
            -25.9317 -120.577 -1.1892, -7.89169 -118.577 -1.1892, -7.89169 -120.577 -1.1892, -25.9317 -158.577 -1.1892, 
            -7.89169 -158.577 -1.1892, -7.89169 -156.577 -1.1892, -25.9317 -156.577 -1.1892, -7.89169 -156.577 -3.1892, 
            -25.9317 -156.577 -3.1892, -7.89169 -158.577 -3.1892, -25.9317 -158.577 -3.1892, -7.89169 -158.577 -1.1892, 
            -25.9317 -158.577 -1.1892, -25.9317 -156.577 -1.1892, -25.9317 -158.577 -1.1892, -7.89169 -156.577 -1.1892, 
            -7.89169 -158.577 -1.1892, -5.91169 -156.577 -1.1892, -5.91169 -120.577 -1.1892, -7.91169 -120.577 -1.1892, 
            -7.91169 -156.577 -1.1892, -7.91169 -120.577 -3.1892, -7.91169 -156.577 -3.1892, -5.91169 -120.577 -3.1892, 
            -5.91169 -156.577 -3.1892, -5.91169 -120.577 -1.1892, -5.91169 -156.577 -1.1892, -7.91169 -156.577 -1.1892, 
            -5.91169 -156.577 -1.1892, -7.91169 -120.577 -1.1892, -5.91169 -120.577 -1.1892, -25.9117 -156.577 -1.1892, 
            -25.9117 -120.577 -1.1892, -27.9117 -120.577 -1.1892, -27.9117 -156.577 -1.1892, -27.9117 -120.577 -3.1892, 
            -27.9117 -156.577 -3.1892, -25.9117 -120.577 -3.1892, -25.9117 -156.577 -3.1892, -25.9117 -120.577 -1.1892, 
            -25.9117 -156.577 -1.1892, -27.9117 -156.577 -1.1892, -25.9117 -156.577 -1.1892, -27.9117 -120.577 -1.1892, 
            -25.9117 -120.577 -1.1892, 146.108 -151.577 -9.1892, 146.108 -151.577 26.3376, 146.108 -149.577 25.7867, 
            146.108 -149.577 -9.1892, 148.068 -149.577 25.7867, 148.068 -149.577 -9.1892, 148.068 -151.577 26.3376, 
            148.068 -151.577 -9.1892, 146.108 -151.577 26.3376, 146.108 -151.577 -9.1892, 146.108 -149.577 -9.1892, 
            146.108 -151.577 -9.1892, 146.108 -149.577 25.7867, 146.108 -151.577 26.3376, 143.088 -152.577 -10.3892, 
            143.088 -152.577 -9.2292, 143.088 -148.577 -9.2292, 143.088 -148.577 -10.3892, 151.088 -148.577 -9.2292, 
            151.088 -148.577 -10.3892, 151.088 -152.577 -9.2292, 151.088 -152.577 -10.3892, 143.088 -152.577 -9.2292, 
            143.088 -152.577 -10.3892, 143.088 -148.577 -10.3892, 143.088 -152.577 -10.3892, 143.088 -148.577 -9.2292, 
            143.088 -152.577 -9.2292, 163.088 -152.577 -10.3892, 163.088 -152.577 -9.2292, 163.088 -148.577 -9.2292, 
            163.088 -148.577 -10.3892, 171.088 -148.577 -9.2292, 171.088 -148.577 -10.3892, 171.088 -152.577 -9.2292, 
            171.088 -152.577 -10.3892, 163.088 -152.577 -9.2292, 163.088 -152.577 -10.3892, 163.088 -148.577 -10.3892, 
            163.088 -152.577 -10.3892, 163.088 -148.577 -9.2292, 163.088 -152.577 -9.2292, 166.108 -151.577 -9.1892, 
            166.108 -151.577 25.6614, 166.108 -149.577 24.8477, 166.108 -149.577 -9.1892, 168.068 -149.577 24.8477, 
            168.068 -149.577 -9.1892, 168.068 -151.577 25.6614, 168.068 -151.577 -9.1892, 166.108 -151.577 25.6614, 
            166.108 -151.577 -9.1892, 166.108 -149.577 -9.1892, 166.108 -151.577 -9.1892, 166.108 -149.577 24.8477, 
            166.108 -151.577 25.6614, 166.108 -127.577 -9.1892, 166.108 -127.577 24.7702, 166.108 -125.577 25.5665, 
            166.108 -125.577 -9.1892, 168.068 -125.577 25.5665, 168.068 -125.577 -9.1892, 168.068 -127.577 24.7702, 
            168.068 -127.577 -9.1892, 166.108 -127.577 24.7702, 166.108 -127.577 -9.1892, 166.108 -125.577 -9.1892, 
            166.108 -127.577 -9.1892, 166.108 -125.577 25.5665, 166.108 -127.577 24.7702, 163.088 -128.577 -10.3892, 
            163.088 -128.577 -9.2292, 163.088 -124.577 -9.2292, 163.088 -124.577 -10.3892, 171.088 -124.577 -9.2292, 
            171.088 -124.577 -10.3892, 171.088 -128.577 -9.2292, 171.088 -128.577 -10.3892, 163.088 -128.577 -9.2292, 
            163.088 -128.577 -10.3892, 163.088 -124.577 -10.3892, 163.088 -128.577 -10.3892, 163.088 -124.577 -9.2292, 
            163.088 -128.577 -9.2292, 143.088 -128.577 -10.3892, 143.088 -128.577 -9.2292, 143.088 -124.577 -9.2292, 
            143.088 -124.577 -10.3892, 151.088 -124.577 -9.2292, 151.088 -124.577 -10.3892, 151.088 -128.577 -9.2292, 
            151.088 -128.577 -10.3892, 143.088 -128.577 -9.2292, 143.088 -128.577 -10.3892, 143.088 -124.577 -10.3892, 
            143.088 -128.577 -10.3892, 143.088 -124.577 -9.2292, 143.088 -128.577 -9.2292, 146.108 -127.577 -9.1892, 
            146.108 -127.577 25.741, 146.108 -125.577 26.2574, 146.108 -125.577 -9.1892, 148.068 -125.577 26.2574, 
            148.068 -125.577 -9.1892, 148.068 -127.577 25.741, 148.068 -127.577 -9.1892, 146.108 -127.577 25.741, 
            146.108 -127.577 -9.1892, 146.108 -125.577 -9.1892, 146.108 -127.577 -9.1892, 146.108 -125.577 26.2574, 
            146.108 -127.577 25.741, -27.8917 -120.577 -9.13852, -27.8917 -120.577 17.6215, -27.8917 -118.577 17.6215, 
            -27.8917 -118.577 -9.13852, -25.9317 -118.577 17.6215, -25.9317 -118.577 -9.13852, -25.9317 -120.577 17.6215, 
            -25.9317 -120.577 -9.13852, -27.8917 -120.577 17.6215, -27.8917 -120.577 -9.13852, -27.8917 -118.577 -9.13852, 
            -27.8917 -120.577 -9.13852, -27.8917 -118.577 17.6215, -27.8917 -120.577 17.6215, -30.9117 -121.577 -10.3892, 
            -30.9117 -121.577 -9.2292, -30.9117 -117.577 -9.2292, -30.9117 -117.577 -10.3892, -22.9117 -117.577 -9.2292, 
            -22.9117 -117.577 -10.3892, -22.9117 -121.577 -9.2292, -22.9117 -121.577 -10.3892, -30.9117 -121.577 -9.2292, 
            -30.9117 -121.577 -10.3892, -30.9117 -117.577 -10.3892, -30.9117 -121.577 -10.3892, -30.9117 -117.577 -9.2292, 
            -30.9117 -121.577 -9.2292, -10.9117 -121.577 -10.3892, -10.9117 -121.577 -9.2292, -10.9117 -117.577 -9.2292, 
            -10.9117 -117.577 -10.3892, -2.91169 -117.577 -9.2292, -2.91169 -117.577 -10.3892, -2.91169 -121.577 -9.2292, 
            -2.91169 -121.577 -10.3892, -10.9117 -121.577 -9.2292, -10.9117 -121.577 -10.3892, -10.9117 -117.577 -10.3892, 
            -10.9117 -121.577 -10.3892, -10.9117 -117.577 -9.2292, -10.9117 -121.577 -9.2292, -7.89176 -120.577 -9.13852, 
            -7.89176 -120.577 17.6215, -7.89176 -118.577 17.6215, -7.89176 -118.577 -9.13852, -5.93176 -118.577 17.6215, 
            -5.93176 -118.577 -9.13852, -5.93176 -120.577 17.6215, -5.93176 -120.577 -9.13852, -7.89176 -120.577 17.6215, 
            -7.89176 -120.577 -9.13852, -7.89176 -118.577 -9.13852, -7.89176 -120.577 -9.13852, -7.89176 -118.577 17.6215, 
            -7.89176 -120.577 17.6215, -10.9117 -159.577 -10.3892, -10.9117 -159.577 -9.2292, -10.9117 -155.577 -9.2292, 
            -10.9117 -155.577 -10.3892, -2.91169 -155.577 -9.2292, -2.91169 -155.577 -10.3892, -2.91169 -159.577 -9.2292, 
            -2.91169 -159.577 -10.3892, -10.9117 -159.577 -9.2292, -10.9117 -159.577 -10.3892, -10.9117 -155.577 -10.3892, 
            -10.9117 -159.577 -10.3892, -10.9117 -155.577 -9.2292, -10.9117 -159.577 -9.2292, -7.89176 -158.577 -9.13852, 
            -7.89176 -158.577 17.6215, -7.89176 -156.577 17.6215, -7.89176 -156.577 -9.13852, -5.93176 -156.577 17.6215, 
            -5.93176 -156.577 -9.13852, -5.93176 -158.577 17.6215, -5.93176 -158.577 -9.13852, -7.89176 -158.577 17.6215, 
            -7.89176 -158.577 -9.13852, -7.89176 -156.577 -9.13852, -7.89176 -158.577 -9.13852, -7.89176 -156.577 17.6215, 
            -7.89176 -158.577 17.6215, -27.8917 -158.577 -9.207, -27.8917 -158.577 17.7117, -27.8917 -156.577 17.7117, 
            -27.8917 -156.577 -9.207, -25.9317 -156.577 17.7117, -25.9317 -156.577 -9.207, -25.9317 -158.577 17.7117, 
            -25.9317 -158.577 -9.207, -27.8917 -158.577 17.7117, -27.8917 -158.577 -9.207, -27.8917 -156.577 -9.207, 
            -27.8917 -158.577 -9.207, -27.8917 -156.577 17.7117, -27.8917 -158.577 17.7117, -30.9117 -159.577 -10.3892, 
            -30.9117 -159.577 -9.2292, -30.9117 -155.577 -9.2292, -30.9117 -155.577 -10.3892, -22.9117 -155.577 -9.2292, 
            -22.9117 -155.577 -10.3892, -22.9117 -159.577 -9.2292, -22.9117 -159.577 -10.3892, -30.9117 -159.577 -9.2292, 
            -30.9117 -159.577 -10.3892, -30.9117 -155.577 -10.3892, -30.9117 -159.577 -10.3892, -30.9117 -155.577 -9.2292, 
            -30.9117 -159.577 -9.2292, 72.0883 -149.577 12.8108, 72.0883 -127.577 12.8108, 70.0883 -127.577 12.8108, 
            70.0883 -149.577 12.8108, 70.0883 -127.577 10.8108, 70.0883 -149.577 10.8108, 72.0883 -127.577 10.8108, 
            72.0883 -149.577 10.8108, 72.0883 -127.577 12.8108, 72.0883 -149.577 12.8108, 70.0883 -149.577 12.8108, 
            72.0883 -149.577 12.8108, 70.0883 -127.577 12.8108, 72.0883 -127.577 12.8108, 72.0883 -149.577 -1.1892, 
            72.0883 -127.577 -1.1892, 70.0883 -127.577 -1.1892, 70.0883 -149.577 -1.1892, 70.0883 -127.577 -3.1892, 
            70.0883 -149.577 -3.1892, 72.0883 -127.577 -3.1892, 72.0883 -149.577 -3.1892, 72.0883 -127.577 -1.1892, 
            72.0883 -149.577 -1.1892, 70.0883 -149.577 -1.1892, 72.0883 -149.577 -1.1892, 70.0883 -127.577 -1.1892, 
            72.0883 -127.577 -1.1892, 36.0683 -151.577 12.8108, 70.1083 -151.577 12.8108, 70.1083 -149.577 12.8108, 
            36.0683 -149.577 12.8108, 70.1083 -149.577 10.8108, 36.0683 -149.577 10.8108, 70.1083 -151.577 10.8108, 
            36.0683 -151.577 10.8108, 70.1083 -151.577 12.8108, 36.0683 -151.577 12.8108, 36.0683 -149.577 12.8108, 
            36.0683 -151.577 12.8108, 70.1083 -149.577 12.8108, 70.1083 -151.577 12.8108, 36.0683 -151.577 -1.1892, 
            70.1083 -151.577 -1.1892, 70.1083 -149.577 -1.1892, 36.0683 -149.577 -1.1892, 70.1083 -149.577 -3.1892, 
            36.0683 -149.577 -3.1892, 70.1083 -151.577 -3.1892, 36.0683 -151.577 -3.1892, 70.1083 -151.577 -1.1892, 
            36.0683 -151.577 -1.1892, 36.0683 -149.577 -1.1892, 36.0683 -151.577 -1.1892, 70.1083 -149.577 -1.1892, 
            70.1083 -151.577 -1.1892, 36.0883 -149.577 -1.1892, 36.0883 -127.577 -1.1892, 34.0883 -127.577 -1.1892, 
            34.0883 -149.577 -1.1892, 34.0883 -127.577 -3.1892, 34.0883 -149.577 -3.1892, 36.0883 -127.577 -3.1892, 
            36.0883 -149.577 -3.1892, 36.0883 -127.577 -1.1892, 36.0883 -149.577 -1.1892, 34.0883 -149.577 -1.1892, 
            36.0883 -149.577 -1.1892, 34.0883 -127.577 -1.1892, 36.0883 -127.577 -1.1892, 36.0683 -127.577 12.8108, 
            70.1083 -127.577 12.8108, 70.1083 -125.577 12.8108, 36.0683 -125.577 12.8108, 70.1083 -125.577 10.8108, 
            36.0683 -125.577 10.8108, 70.1083 -127.577 10.8108, 36.0683 -127.577 10.8108, 70.1083 -127.577 12.8108, 
            36.0683 -127.577 12.8108, 36.0683 -125.577 12.8108, 36.0683 -127.577 12.8108, 70.1083 -125.577 12.8108, 
            70.1083 -127.577 12.8108, 36.0883 -149.577 12.8108, 36.0883 -127.577 12.8108, 34.0883 -127.577 12.8108, 
            34.0883 -149.577 12.8108, 34.0883 -127.577 10.8108, 34.0883 -149.577 10.8108, 36.0883 -127.577 10.8108, 
            36.0883 -149.577 10.8108, 36.0883 -127.577 12.8108, 36.0883 -149.577 12.8108, 34.0883 -149.577 12.8108, 
            36.0883 -149.577 12.8108, 34.0883 -127.577 12.8108, 36.0883 -127.577 12.8108, 36.0683 -127.577 -1.1892, 
            70.1083 -127.577 -1.1892, 70.1083 -125.577 -1.1892, 36.0683 -125.577 -1.1892, 70.1083 -125.577 -3.1892, 
            36.0683 -125.577 -3.1892, 70.1083 -127.577 -3.1892, 36.0683 -127.577 -3.1892, 70.1083 -127.577 -1.1892, 
            36.0683 -127.577 -1.1892, 36.0683 -125.577 -1.1892, 36.0683 -127.577 -1.1892, 70.1083 -125.577 -1.1892, 
            70.1083 -127.577 -1.1892, 67.0883 -128.577 -10.3892, 67.0883 -128.577 -9.2292, 67.0883 -124.577 -9.2292, 
            67.0883 -124.577 -10.3892, 75.0883 -124.577 -9.2292, 75.0883 -124.577 -10.3892, 75.0883 -128.577 -9.2292, 
            75.0883 -128.577 -10.3892, 67.0883 -128.577 -9.2292, 67.0883 -128.577 -10.3892, 67.0883 -124.577 -10.3892, 
            67.0883 -128.577 -10.3892, 67.0883 -124.577 -9.2292, 67.0883 -128.577 -9.2292, 67.0883 -152.577 -10.3892, 
            67.0883 -152.577 -9.2292, 67.0883 -148.577 -9.2292, 67.0883 -148.577 -10.3892, 75.0883 -148.577 -9.2292, 
            75.0883 -148.577 -10.3892, 75.0883 -152.577 -9.2292, 75.0883 -152.577 -10.3892, 67.0883 -152.577 -9.2292, 
            67.0883 -152.577 -10.3892, 67.0883 -148.577 -10.3892, 67.0883 -152.577 -10.3892, 67.0883 -148.577 -9.2292, 
            67.0883 -152.577 -9.2292, 31.0883 -128.577 -10.3892, 31.0883 -128.577 -9.2292, 31.0883 -124.577 -9.2292, 
            31.0883 -124.577 -10.3892, 39.0883 -124.577 -9.2292, 39.0883 -124.577 -10.3892, 39.0883 -128.577 -9.2292, 
            39.0883 -128.577 -10.3892, 31.0883 -128.577 -9.2292, 31.0883 -128.577 -10.3892, 31.0883 -124.577 -10.3892, 
            31.0883 -128.577 -10.3892, 31.0883 -124.577 -9.2292, 31.0883 -128.577 -9.2292, 31.0883 -152.577 -10.3892, 
            31.0883 -152.577 -9.2292, 31.0883 -148.577 -9.2292, 31.0883 -148.577 -10.3892, 39.0883 -148.577 -9.2292, 
            39.0883 -148.577 -10.3892, 39.0883 -152.577 -9.2292, 39.0883 -152.577 -10.3892, 31.0883 -152.577 -9.2292, 
            31.0883 -152.577 -10.3892, 31.0883 -148.577 -10.3892, 31.0883 -152.577 -10.3892, 31.0883 -148.577 -9.2292, 
            31.0883 -152.577 -9.2292, 34.1083 -151.577 -9.1892, 34.1083 -151.577 26.8108, 34.1083 -149.577 26.8108, 
            34.1083 -149.577 -9.1892, 36.0683 -149.577 26.8108, 36.0683 -149.577 -9.1892, 36.0683 -151.577 26.8108, 
            36.0683 -151.577 -9.1892, 34.1083 -151.577 26.8108, 34.1083 -151.577 -9.1892, 34.1083 -149.577 -9.1892, 
            34.1083 -151.577 -9.1892, 34.1083 -149.577 26.8108, 34.1083 -151.577 26.8108, 70.1083 -151.577 -9.1892, 
            70.1083 -151.577 26.8108, 70.1083 -149.577 26.8108, 70.1083 -149.577 -9.1892, 72.0683 -149.577 26.8108, 
            72.0683 -149.577 -9.1892, 72.0683 -151.577 26.8108, 72.0683 -151.577 -9.1892, 70.1083 -151.577 26.8108, 
            70.1083 -151.577 -9.1892, 70.1083 -149.577 -9.1892, 70.1083 -151.577 -9.1892, 70.1083 -149.577 26.8108, 
            70.1083 -151.577 26.8108, 34.1083 -127.577 -9.1892, 34.1083 -127.577 26.8108, 34.1083 -125.577 26.8108, 
            34.1083 -125.577 -9.1892, 36.0683 -125.577 26.8108, 36.0683 -125.577 -9.1892, 36.0683 -127.577 26.8108, 
            36.0683 -127.577 -9.1892, 34.1083 -127.577 26.8108, 34.1083 -127.577 -9.1892, 34.1083 -125.577 -9.1892, 
            34.1083 -127.577 -9.1892, 34.1083 -125.577 26.8108, 34.1083 -127.577 26.8108, 70.1083 -127.577 -9.1892, 
            70.1083 -127.577 26.8108, 70.1083 -125.577 26.8108, 70.1083 -125.577 -9.1892, 72.0683 -125.577 26.8108, 
            72.0683 -125.577 -9.1892, 72.0683 -127.577 26.8108, 72.0683 -127.577 -9.1892, 70.1083 -127.577 26.8108, 
            70.1083 -127.577 -9.1892, 70.1083 -125.577 -9.1892, 70.1083 -127.577 -9.1892, 70.1083 -125.577 26.8108, 
            70.1083 -127.577 26.8108, -4.25172 -159.294 61.78, -4.25683 -159.233 61.786, -4.27197 -159.175 61.7918, 
            -4.29655 -159.121 61.7971, -4.32963 -159.074 61.8017, -4.36993 -159.035 61.8055, -4.41592 -159.006 61.8084, 
            -4.46582 -158.988 61.8101, -4.51772 -158.982 61.8107, -29.5317 -158.982 61.8782, -29.5317 -159.294 61.8699, 
            -4.25172 -159.294 61.78, -29.5317 -160.566 19.0974, -4.25172 -160.55 19.0974, -4.25172 -160.55 19.0974, 
            -4.25683 -160.556 19.1582, -4.27197 -160.562 19.2167, -4.29655 -160.567 19.2706, -4.32963 -160.572 19.3179, 
            -4.36994 -160.576 19.3567, -4.41592 -160.578 19.3855, -4.46582 -160.58 19.4032, -4.51772 -160.581 19.4092, 
            -29.5317 -160.581 19.4092, -4.25172 -160.55 60.524, -29.5317 -160.583 60.524, -29.5317 -160.581 60.2122, 
            -4.51772 -160.581 60.2122, -4.46582 -160.58 60.2182, -4.41592 -160.578 60.2359, -4.36993 -160.576 60.2648, 
            -4.32963 -160.572 60.3035, -4.29655 -160.567 60.3508, -4.27197 -160.562 60.4047, -4.25683 -160.556 60.4632, 
            -4.25172 -160.55 60.524, -29.5317 -159.594 61.8641, -4.25172 -159.594 61.689, -29.5317 -159.87 61.8733, 
            -4.25172 -159.87 61.5413, -29.5317 -160.602 61.873, -4.25172 -160.113 61.3425, -29.5317 -160.602 61.873, 
            -29.5317 -160.579 61.1003, -4.25172 -160.311 61.1003, -29.5317 -160.577 60.8239, -4.25172 -160.459 60.8239, 
            -4.51772 -160.581 60.2122, -29.5317 -159.594 17.8792, -4.25172 -159.594 17.9324, -4.25172 -159.87 18.0801, 
            -29.5317 -159.87 17.8724, -4.25172 -160.113 18.2789, -29.5317 -160.57 17.8933, -29.5317 -160.57 17.8933, 
            -4.25172 -160.311 18.5212, -29.5317 -160.573 18.5211, -4.25172 -160.459 18.7975, -29.5317 -160.573 18.7975, 
            -4.25172 -160.55 19.0974, -4.25172 -160.55 60.524, -4.25172 -159.594 17.9324, -29.5317 -159.594 17.8904, 
            -29.5317 -159.529 17.8737, -4.25172 -159.557 17.921, -29.5317 -159.455 17.8775, -4.25172 -159.519 17.9097, 
            -29.5317 -159.375 17.8767, -4.25172 -159.482 17.8983, -29.5317 -159.291 17.8591, -4.25172 -159.444 17.8869, 
            -29.5317 -159.206 17.8431, -4.25172 -159.407 17.8755, -29.5317 -159.124 17.8294, -4.25172 -159.369 17.8642, 
            -29.5317 -159.049 17.8185, -4.25172 -159.332 17.8528, -29.5317 -158.982 17.8107, -4.25172 -159.294 17.8414, 
            -29.5317 -158.982 17.8107, -4.51772 -158.982 17.8107, -4.46582 -158.988 17.8113, -4.41592 -159.006 17.8131, 
            -4.36994 -159.035 17.8159, -4.32963 -159.074 17.8197, -4.29655 -159.121 17.8244, -4.27197 -159.175 17.8297, 
            -4.25683 -159.233 17.8354, -4.25172 -159.294 17.8414, -4.66232 -160.255 61.1008, 35.3376 -150.255 51.1008, 
            35.3376 -150.056 51.3429, -4.66232 -160.056 61.3429, -4.29088 -160.524 60.2133, -4.29088 -160.524 19.4081, 
            35.3376 -150.524 29.4081, 35.3376 -150.524 50.2133, 35.3376 -150.493 50.525, -4.24608 -160.493 60.525, 
            35.3376 -150.402 50.8246, -4.24608 -160.402 60.8246, 35.3376 -150.224 51.1008, -4.24608 -160.224 61.1008, 
            -4.66233 -160.056 61.3429, 35.3376 -150.056 51.3429, 35.3376 -149.814 51.5415, -4.66233 -159.814 61.5415, 
            35.3376 -149.538 51.6891, -4.66233 -159.538 61.6891, 35.3376 -149.238 51.78, -4.66232 -159.238 61.78, 
            35.3376 -148.926 51.8107, -4.66232 -158.926 61.8107, -4.24608 -158.926 17.8107, 35.3376 -148.926 27.8107, 
            35.3376 -149.238 27.8414, -4.24608 -159.238 17.8414, 35.3376 -149.538 27.9323, -4.24608 -159.538 17.9323, 
            35.3376 -149.814 28.0799, -4.24608 -159.814 18.0799, 35.3376 -150.056 28.2786, -4.24608 -160.056 18.2786, 
            35.3376 -150.255 28.5206, -4.24608 -160.255 18.5206, 35.3376 -150.402 28.7968, -4.24608 -160.402 18.7968, 
            35.3376 -150.493 29.0965, -4.24608 -160.493 19.0965, -29.5437 -160.588 17.8309, -29.5437 -116.588 17.8309, 
            -30.129 -116.588 17.7732, -30.129 -160.588 17.7732, -30.6917 -116.588 17.6025, -30.6917 -160.588 17.6025, 
            -31.2104 -116.588 17.3253, -31.2104 -160.588 17.3253, -31.665 -116.588 16.9522, -31.665 -160.588 16.9522, 
            -32.0381 -116.588 16.4976, -32.0381 -160.588 16.4976, -32.3153 -116.588 15.9789, -32.3153 -160.588 15.9789, 
            -32.486 -116.588 15.4162, -32.486 -160.588 15.4161, -32.5437 -116.588 14.8309, -32.5437 -160.588 14.8309, 
            -32.486 -116.588 14.2456, -32.486 -160.588 14.2456, -32.3153 -116.588 13.6828, -32.3153 -160.588 13.6828, 
            -32.0381 -116.588 13.1642, -32.0381 -160.588 13.1642, -31.665 -116.588 12.7096, -31.665 -160.588 12.7096, 
            -31.2104 -116.588 12.3365, -31.2104 -160.588 12.3365, -30.6917 -116.588 12.0592, -30.6917 -160.588 12.0592, 
            -30.129 -116.588 11.8885, -30.129 -160.588 11.8885, -29.5437 -116.588 11.8309, -29.5437 -160.588 11.8309, 
            -29.5437 -116.588 17.831, -29.5437 -116.588 61.8309, -29.5437 -160.588 61.8309, -30.129 -160.588 61.8885, 
            -30.129 -116.588 61.8885, -30.6917 -160.588 62.0592, -30.6917 -116.588 62.0592, -31.2104 -160.588 62.3365, 
            -31.2104 -116.588 62.3365, -31.665 -160.588 62.7096, -31.665 -116.588 62.7096, -32.0381 -160.588 63.1642, 
            -32.0381 -116.588 63.1642, -32.3153 -160.588 63.6828, -32.3153 -116.588 63.6828, -32.486 -160.588 64.2456, 
            -32.486 -116.588 64.2456, -32.5437 -160.588 64.8309, -32.5437 -116.588 64.8309, -32.486 -160.588 65.4162, 
            -32.486 -116.588 65.4162, -32.3153 -160.588 65.9789, -32.3153 -116.588 65.9789, -32.0381 -160.588 66.4976, 
            -32.0381 -116.588 66.4976, -31.665 -160.588 66.9522, -31.665 -116.588 66.9522, -31.2104 -160.588 67.3253, 
            -31.2104 -116.588 67.3253, -30.6917 -160.588 67.6025, -30.6917 -116.588 67.6025, -30.129 -160.588 67.7732, 
            -30.129 -116.588 67.7732, -29.5437 -160.588 67.8309, -29.5437 -166.589 17.8308, -29.5437 -166.589 61.8308, 
            -30.129 -166.531 61.8308, -30.129 -166.531 17.8308, -30.6917 -166.36 61.8308, -30.6917 -166.36 17.8308, 
            -31.2104 -166.083 61.8308, -31.2104 -166.083 17.8308, -31.665 -165.71 61.8308, -31.665 -165.71 17.8308, 
            -32.0381 -165.255 61.8308, -32.0381 -165.255 17.8308, -32.3153 -164.737 61.8308, -32.3153 -164.737 17.8308, 
            -32.486 -164.174 61.8308, -32.486 -164.174 17.8308, -32.5437 -163.589 61.8308, -32.5437 -163.589 17.8308, 
            -32.486 -163.004 61.8308, -32.486 -163.004 17.8308, -32.3153 -162.441 61.8308, -32.3153 -162.441 17.8308, 
            -32.0381 -161.922 61.8308, -32.0381 -161.922 17.8308, -31.665 -161.467 61.8308, -31.665 -161.467 17.8308, 
            -31.2104 -161.094 61.8308, -31.2104 -161.094 17.8308, -30.6917 -160.817 61.8308, -30.6917 -160.817 17.8308, 
            -30.129 -160.646 61.8308, -30.129 -160.646 17.8308, -29.5437 -160.589 61.8308, -29.5437 -160.589 17.8308, 
            -29.5437 -160.578 61.8208, -30.129 -160.635 61.8208, -30.129 -160.577 61.8785, -29.5437 -160.577 61.8209, 
            -4.27172 -117.864 17.9216, -4.27683 -117.925 17.9156, -4.29197 -117.984 17.9098, -4.31655 -118.037 17.9045, 
            -4.34963 -118.085 17.8999, -4.38993 -118.123 17.8961, -4.43592 -118.152 17.8932, -4.48582 -118.17 17.8915, 
            -4.53772 -118.176 17.8909, -29.5517 -118.176 17.8234, -29.5517 -117.864 17.8317, -4.17896 -117.864 17.9216, 
            -29.5517 -117.564 17.8375, -4.17896 -117.564 18.0126, -29.5517 -117.288 17.8283, -4.17896 -117.288 18.1603, 
            -29.5517 -116.556 17.8286, -29.5517 -117.564 61.8224, -4.17896 -117.564 61.7692, -4.17896 -117.288 61.6215, 
            -29.5517 -117.288 61.8292, -4.17896 -117.046 61.4227, -29.5517 -116.588 61.8083, -4.23659 -117.564 61.7692, 
            -29.5517 -117.564 61.8112, -29.5517 -117.629 61.8279, -4.23659 -117.602 61.7806, -29.5517 -117.703 61.8242, 
            -4.23659 -117.639 61.7919, -29.5517 -117.783 61.8249, -4.23659 -117.677 61.8033, -29.5517 -117.868 61.8425, 
            -4.23659 -117.714 61.8147, -29.5517 -117.952 61.8585, -4.23659 -117.752 61.8261, -29.5517 -118.034 61.8722, 
            -4.23659 -117.789 61.8374, -29.5517 -118.109 61.8831, -4.23659 -117.827 61.8488, -29.4956 -118.176 61.7928, 
            -4.18045 -117.864 61.7621, -29.4956 -118.176 61.8909, -4.48158 -118.176 61.8909, -4.42969 -118.17 61.8903, 
            -4.37979 -118.152 61.8885, -4.3338 -118.123 61.8857, -4.29349 -118.085 61.8819, -4.26041 -118.037 61.8772, 
            -4.23583 -117.984 61.8719, -4.2207 -117.925 61.8662, -4.21558 -117.864 61.8602, -4.68233 -117.344 18.1601, 
            35.3176 -127.344 28.1601, 35.3176 -127.62 28.0125, -4.68233 -117.62 18.0125, 35.3176 -127.92 27.9216, 
            -4.68232 -117.92 17.9216, 35.3176 -128.232 27.8909, -4.68232 -118.232 17.8909, -4.26608 -118.232 61.8909, 
            35.3176 -128.232 51.8909, 35.3176 -127.92 51.8602, -4.26608 -117.92 61.8602, 35.3176 -127.62 51.7693, 
            -4.26608 -117.62 61.7693, 35.3176 -127.344 51.6217, -4.26608 -117.344 61.6217, 35.3176 -127.102 51.423, 
            -4.26608 -117.102 61.423, 35.3176 -126.904 51.181, 199.832 -135.065 22.1566, 199.832 -131.689 23.1809, 
            199.832 -131.689 23.1809, 199.832 -135.065 22.1566, 169.172 -138.577 59.2957, 169.172 -124.8 53.5887, 
            199.832 -151.305 52.5387, 199.832 -153.543 49.811, 199.832 -153.543 49.811, 199.832 -151.305 52.5387, 
            199.832 -128.577 24.8443, 199.832 -128.577 24.8443, 199.832 -155.207 46.6991, 199.832 -155.207 46.6991, 
            199.832 -125.849 27.0828, 199.832 -125.849 27.0828, 199.832 -156.231 43.3224, 199.832 -156.231 43.3224, 
            169.172 -124.8 26.033, 169.172 -138.577 20.3261, 199.832 -156.577 39.8108, 199.832 -156.577 39.8108, 
            169.172 -152.355 26.033, 199.832 -156.231 36.2991, 199.832 -156.231 36.2991, 169.172 -158.062 39.8109, 
            199.832 -155.207 32.9225, 199.832 -155.207 32.9225, 199.832 -125.849 52.5387, 199.832 -128.577 54.7772, 
            199.832 -128.577 54.7772, 199.832 -125.849 52.5387, 169.172 -152.355 53.5887, 199.832 -153.543 29.8105, 
            199.832 -153.543 29.8105, 199.832 -131.689 56.4406, 199.832 -131.689 56.4406, 169.172 -138.577 59.2957, 
            199.832 -151.305 27.0828, 199.832 -151.305 27.0828, 199.832 -135.065 57.4649, 199.832 -135.065 57.4649, 
            199.832 -148.577 24.8443, 199.832 -148.577 24.8443, 199.832 -138.577 57.8108, 199.832 -138.577 57.8108, 
            199.832 -145.465 23.1809, 199.832 -145.465 23.1809, 199.832 -142.089 57.4649, 199.832 -142.089 57.4649, 
            199.832 -142.089 22.1566, 199.832 -142.089 22.1566, 199.832 -145.465 56.4406, 199.832 -145.465 56.4406, 
            199.832 -138.577 21.8108, 199.832 -138.577 21.8108, 199.832 -148.577 54.7772, 199.832 -148.577 54.7772, 
            70.0946 -127.585 26.8548, 70.0946 -127.585 28.8548, 70.0719 -125.585 28.8105, 70.0719 -125.585 26.8105, 
            72.0719 -125.585 28.8105, 72.0719 -125.585 26.8105, 72.0946 -127.585 28.8548, 72.0946 -127.585 26.8548, 
            70.0946 -127.585 28.8548, 70.0946 -127.585 26.8548, 70.0719 -125.585 26.8105, 70.0946 -127.585 26.8548, 
            70.0719 -125.585 28.8105, 70.0946 -127.585 28.8548, 70.1075 -127.586 50.7851, 70.1075 -127.586 52.8127, 
            70.1075 -125.586 52.8127, 70.1075 -125.586 50.7851, 72.1075 -125.586 52.8127, 72.1075 -125.586 50.7851, 
            72.1075 -127.586 52.8127, 72.1075 -127.586 50.7851, 70.1075 -127.586 52.8127, 70.1075 -127.586 50.7851, 
            70.1075 -125.586 50.7851, 70.1075 -127.586 50.7851, 70.1075 -125.586 52.8127, 70.1075 -127.586 52.8127, 
            34.0895 -127.571 26.7875, 34.0895 -127.571 28.8151, 34.0895 -125.571 28.8151, 34.0895 -125.571 26.7875, 
            36.0895 -125.571 28.8151, 36.0895 -125.571 26.7875, 36.0895 -127.571 28.8151, 36.0895 -127.571 26.7875, 
            34.0895 -127.571 28.8151, 34.0895 -127.571 26.7875, 34.0895 -125.571 26.7875, 34.0895 -127.571 26.7875, 
            34.0895 -125.571 28.8151, 34.0895 -127.571 28.8151, 34.0895 -127.569 50.785, 34.0895 -127.569 52.8126, 
            34.0895 -125.569 52.8126, 34.0895 -125.569 50.785, 36.0895 -125.569 52.8126, 36.0895 -125.569 50.785, 
            36.0895 -127.569 52.8126, 36.0895 -127.569 50.785, 34.0895 -127.569 52.8126, 34.0895 -127.569 50.785, 
            34.0895 -125.569 50.785, 34.0895 -127.569 50.785, 34.0895 -125.569 52.8126, 34.0895 -127.569 52.8126, 
            168.862 -124.805 53.5747, 71.398 -126.554 33.1653, 168.862 -124.822 26.0387, 71.3981 -126.572 33.1218, 
            169.172 -119.093 39.8109, 168.862 -119.116 39.8196, 71.3981 -126.565 33.1375, 71.3981 -126.568 33.1317, 
            71.3981 -126.57 33.1264, 71.3981 -126.556 33.1606, 71.3981 -126.558 33.1553, 71.3981 -126.56 33.1495, 
            71.3981 -126.563 33.1435, 168.862 -124.816 26.045, 168.862 -124.818 26.0429, 168.862 -124.82 26.0408, 
            168.862 -124.805 53.5789, -29.5437 -116.588 67.8309, -4.17896 -116.608 60.6042, -4.17896 -116.608 60.6042, 
            -4.17896 -116.608 19.1776, -4.17896 -116.608 19.1776, 169.172 -119.093 39.8109, 199.832 -120.577 39.8108, 
            199.832 -120.923 43.3224, 199.832 -120.923 43.3224, 199.832 -120.577 39.8108, 199.832 -121.947 46.6991, 
            199.832 -121.947 46.6991, 199.832 -123.611 29.8105, 199.832 -123.611 29.8105, 199.832 -123.611 49.811, 
            199.832 -123.611 49.811, 199.832 -121.947 32.9225, 199.832 -121.947 32.9225, 199.832 -120.923 36.2991, 
            199.832 -120.923 36.2991, -29.5517 -117.564 61.7424, -4.27169 -117.564 61.6892, -29.5517 -117.564 61.7312, 
            -4.27169 -117.564 61.6892
          ]
        }
        color Color
        {
          color
          [
            0.894118 0.894118 0.894118, 0.894118 0.894118 0.894118, 0.894118 0.894118 0.894118, 0.894118 0.894118 0.894118, 
            0.894118 0.894118 0.894118, 0.894118 0.894118 0.894118, 0.894118 0.894118 0.894118, 0.894118 0.894118 0.894118, 
            0.894118 0.894118 0.894118, 0.894118 0.894118 0.894118, 0.894118 0.894118 0.894118, 0.894118 0.894118 0.894118, 
            0.894118 0.894118 0.894118, 0.894118 0.894118 0.894118, 0.894118 0.894118 0.894118, 0.894118 0.894118 0.894118, 
            0.894118 0.894118 0.894118, 0.894118 0.894118 0.894118, 0.894118 0.894118 0.894118, 0.894118 0.894118 0.894118, 
            0.894118 0.894118 0.894118, 0.894118 0.894118 0.894118, 0.894118 0.894118 0.894118, 0.894118 0.894118 0.894118, 
            0.894118 0.894118 0.894118, 0.894118 0.894118 0.894118, 0.894118 0.894118 0.894118, 0.894118 0.894118 0.894118, 
            0.894118 0.894118 0.894118, 0.894118 0.894118 0.894118, 0.894118 0.894118 0.894118, 0.894118 0.894118 0.894118, 
            0.894118 0.894118 0.894118, 0.894118 0.894118 0.894118, 0.894118 0.894118 0.894118, 0.894118 0.894118 0.894118, 
            0.894118 0.894118 0.894118, 0.894118 0.894118 0.894118, 0.894118 0.894118 0.894118, 0.894118 0.894118 0.894118, 
            0.894118 0.894118 0.894118, 0.894118 0.894118 0.894118, 0.894118 0.894118 0.894118, 0.894118 0.894118 0.894118, 
            0.894118 0.894118 0.894118, 0.894118 0.894118 0.894118, 0.894118 0.894118 0.894118, 0.894118 0.894118 0.894118, 
            0.894118 0.894118 0.894118, 0.894118 0.894118 0.894118, 0.894118 0.894118 0.894118, 0.894118 0.894118 0.894118, 
            0.894118 0.894118 0.894118, 0.894118 0.894118 0.894118, 0.894118 0.894118 0.894118, 0.894118 0.894118 0.894118, 
            0.894118 0.894118 0.894118, 0.894118 0.894118 0.894118, 0.894118 0.894118 0.894118, 0.894118 0.894118 0.894118, 
            0.894118 0.894118 0.894118, 0.894118 0.894118 0.894118, 0.894118 0.894118 0.894118, 0.894118 0.894118 0.894118, 
            0.894118 0.894118 0.894118, 0.894118 0.894118 0.894118, 0.894118 0.894118 0.894118, 0.894118 0.894118 0.894118, 
            0.894118 0.894118 0.894118, 0.894118 0.894118 0.894118, 0.894118 0.894118 0.894118, 0.894118 0.894118 0.894118, 
            0.894118 0.894118 0.894118, 0.894118 0.894118 0.894118, 0.894118 0.894118 0.894118, 0.894118 0.894118 0.894118, 
            0.894118 0.894118 0.894118, 0.894118 0.894118 0.894118, 0.894118 0.894118 0.894118, 0.894118 0.894118 0.894118, 
            0.894118 0.894118 0.894118, 0.894118 0.894118 0.894118, 0.894118 0.894118 0.894118, 0.894118 0.894118 0.894118, 
            0.894118 0.894118 0.894118, 0.894118 0.894118 0.894118, 0.894118 0.894118 0.894118, 0.894118 0.894118 0.894118, 
            0.894118 0.894118 0.894118, 0.894118 0.894118 0.894118, 0.894118 0.894118 0.894118, 0.894118 0.894118 0.894118, 
            0.894118 0.894118 0.894118, 0.894118 0.894118 0.894118, 0.894118 0.894118 0.894118, 0.894118 0.894118 0.894118, 
            0.894118 0.894118 0.894118, 0.894118 0.894118 0.894118, 0.894118 0.894118 0.894118, 0.894118 0.894118 0.894118, 
            0.894118 0.894118 0.894118, 0.894118 0.894118 0.894118, 0.894118 0.894118 0.894118, 0.894118 0.894118 0.894118, 
            0.894118 0.894118 0.894118, 0.894118 0.894118 0.894118, 0.894118 0.894118 0.894118, 0.894118 0.894118 0.894118, 
            0.894118 0.894118 0.894118, 0.894118 0.894118 0.894118, 0.894118 0.894118 0.894118, 0.894118 0.894118 0.894118, 
            0.894118 0.894118 0.894118, 0.894118 0.894118 0.894118, 0.894118 0.894118 0.894118, 0.894118 0.894118 0.894118, 
            0.894118 0.894118 0.894118, 0.894118 0.894118 0.894118, 0.894118 0.894118 0.894118, 0.894118 0.894118 0.894118, 
            0.894118 0.894118 0.894118, 0.894118 0.894118 0.894118, 0.894118 0.894118 0.894118, 0.894118 0.894118 0.894118, 
            0.894118 0.894118 0.894118, 0.894118 0.894118 0.894118, 0.894118 0.894118 0.894118, 0.894118 0.894118 0.894118, 
            0.894118 0.894118 0.894118, 0.894118 0.894118 0.894118, 0.894118 0.894118 0.894118, 0.894118 0.894118 0.894118, 
            0.894118 0.894118 0.894118, 0.894118 0.894118 0.894118, 0.894118 0.894118 0.894118, 0.894118 0.894118 0.894118, 
            0.894118 0.894118 0.894118, 0.894118 0.894118 0.894118, 0.894118 0.894118 0.894118, 0.894118 0.894118 0.894118, 
            0.894118 0.894118 0.894118, 0.894118 0.894118 0.894118, 0.894118 0.894118 0.894118, 0.894118 0.894118 0.894118, 
            0.894118 0.894118 0.894118, 0.894118 0.894118 0.894118, 0.894118 0.894118 0.894118, 0.894118 0.894118 0.894118, 
            0.894118 0.894118 0.894118, 0.894118 0.894118 0.894118, 0.894118 0.894118 0.894118, 0.894118 0.894118 0.894118, 
            0.894118 0.894118 0.894118, 0.894118 0.894118 0.894118, 0.894118 0.894118 0.894118, 0.894118 0.894118 0.894118, 
            0.894118 0.894118 0.894118, 0.894118 0.894118 0.894118, 0.894118 0.894118 0.894118, 0.894118 0.894118 0.894118, 
            0.894118 0.894118 0.894118, 0.894118 0.894118 0.894118, 0.894118 0.894118 0.894118, 0.894118 0.894118 0.894118, 
            0.894118 0.894118 0.894118, 0.894118 0.894118 0.894118, 0.894118 0.894118 0.894118, 0.894118 0.894118 0.894118, 
            0.894118 0.894118 0.894118, 0.894118 0.894118 0.894118, 0.894118 0.894118 0.894118, 0.894118 0.894118 0.894118, 
            0.894118 0.894118 0.894118, 0.894118 0.894118 0.894118, 0.894118 0.894118 0.894118, 0.894118 0.894118 0.894118, 
            0.894118 0.894118 0.894118, 0.894118 0.894118 0.894118, 0.894118 0.894118 0.894118, 0.894118 0.894118 0.894118, 
            0.894118 0.894118 0.894118, 0.894118 0.894118 0.894118, 0.894118 0.894118 0.894118, 0.894118 0.894118 0.894118, 
            0.894118 0.894118 0.894118, 0.894118 0.894118 0.894118, 0.894118 0.894118 0.894118, 0.894118 0.894118 0.894118, 
            0.894118 0.894118 0.894118, 0.894118 0.894118 0.894118, 0.894118 0.894118 0.894118, 0.894118 0.894118 0.894118, 
            0.894118 0.894118 0.894118, 0.894118 0.894118 0.894118, 0.894118 0.894118 0.894118, 0.894118 0.894118 0.894118, 
            0.894118 0.894118 0.894118, 0.894118 0.894118 0.894118, 0.894118 0.894118 0.894118, 0.894118 0.894118 0.894118, 
            0.894118 0.894118 0.894118, 0.894118 0.894118 0.894118, 0.894118 0.894118 0.894118, 0.894118 0.894118 0.894118, 
            0.894118 0.894118 0.894118, 0.894118 0.894118 0.894118, 0.894118 0.894118 0.894118, 0.894118 0.894118 0.894118, 
            0.894118 0.894118 0.894118, 0.894118 0.894118 0.894118, 0.894118 0.894118 0.894118, 0.894118 0.894118 0.894118, 
            0.894118 0.894118 0.894118, 0.894118 0.894118 0.894118, 0.894118 0.894118 0.894118, 0.894118 0.894118 0.894118, 
            0.894118 0.894118 0.894118, 0.894118 0.894118 0.894118, 0.894118 0.894118 0.894118, 0.894118 0.894118 0.894118, 
            0.894118 0.894118 0.894118, 0.894118 0.894118 0.894118, 0.894118 0.894118 0.894118, 0.894118 0.894118 0.894118, 
            0.894118 0.894118 0.894118, 0.894118 0.894118 0.894118, 0.894118 0.894118 0.894118, 0.894118 0.894118 0.894118, 
            0.894118 0.894118 0.894118, 0.894118 0.894118 0.894118, 0.894118 0.894118 0.894118, 0.894118 0.894118 0.894118, 
            0.894118 0.894118 0.894118, 0.894118 0.894118 0.894118, 0.894118 0.894118 0.894118, 0.894118 0.894118 0.894118, 
            0.894118 0.894118 0.894118, 0.894118 0.894118 0.894118, 0.894118 0.894118 0.894118, 0.894118 0.894118 0.894118, 
            0.894118 0.894118 0.894118, 0.894118 0.894118 0.894118, 0.894118 0.894118 0.894118, 0.894118 0.894118 0.894118, 
            0.894118 0.894118 0.894118, 0.894118 0.894118 0.894118, 0.894118 0.894118 0.894118, 0.894118 0.894118 0.894118, 
            0.894118 0.894118 0.894118, 0.894118 0.894118 0.894118, 0.894118 0.894118 0.894118, 0.894118 0.894118 0.894118, 
            0.894118 0.894118 0.894118, 0.894118 0.894118 0.894118, 0.894118 0.894118 0.894118, 0.894118 0.894118 0.894118, 
            0.894118 0.894118 0.894118, 0.894118 0.894118 0.894118, 0.894118 0.894118 0.894118, 0.894118 0.894118 0.894118, 
            0.894118 0.894118 0.894118, 0.894118 0.894118 0.894118, 0.894118 0.894118 0.894118, 0.894118 0.894118 0.894118, 
            0.894118 0.894118 0.894118, 0.894118 0.894118 0.894118, 0.894118 0.894118 0.894118, 0.894118 0.894118 0.894118, 
            0.894118 0.894118 0.894118, 0.894118 0.894118 0.894118, 0.894118 0.894118 0.894118, 0.894118 0.894118 0.894118, 
            0.894118 0.894118 0.894118, 0.894118 0.894118 0.894118, 0.894118 0.894118 0.894118, 0.894118 0.894118 0.894118, 
            0.894118 0.894118 0.894118, 0.894118 0.894118 0.894118, 0.894118 0.894118 0.894118, 0.894118 0.894118 0.894118, 
            0.894118 0.894118 0.894118, 0.894118 0.894118 0.894118, 0.894118 0.894118 0.894118, 0.894118 0.894118 0.894118, 
            0.894118 0.894118 0.894118, 0.894118 0.894118 0.894118, 0.894118 0.894118 0.894118, 0.894118 0.894118 0.894118, 
            0.894118 0.894118 0.894118, 0.894118 0.894118 0.894118, 0.894118 0.894118 0.894118, 0.894118 0.894118 0.894118, 
            0.894118 0.894118 0.894118, 0.894118 0.894118 0.894118, 0.894118 0.894118 0.894118, 0.894118 0.894118 0.894118, 
            0.894118 0.894118 0.894118, 0.894118 0.894118 0.894118, 0.894118 0.894118 0.894118, 0.894118 0.894118 0.894118, 
            0.894118 0.894118 0.894118, 0.894118 0.894118 0.894118, 0.894118 0.894118 0.894118, 0.894118 0.894118 0.894118, 
            0.894118 0.894118 0.894118, 0.894118 0.894118 0.894118, 0.894118 0.894118 0.894118, 0.894118 0.894118 0.894118, 
            0.894118 0.894118 0.894118, 0.894118 0.894118 0.894118, 0.894118 0.894118 0.894118, 0.894118 0.894118 0.894118, 
            0.894118 0.894118 0.894118, 0.894118 0.894118 0.894118, 0.894118 0.894118 0.894118, 0.894118 0.894118 0.894118, 
            0.894118 0.894118 0.894118, 0.894118 0.894118 0.894118, 0.894118 0.894118 0.894118, 0.894118 0.894118 0.894118, 
            0.894118 0.894118 0.894118, 0.894118 0.894118 0.894118, 0.894118 0.894118 0.894118, 0.894118 0.894118 0.894118, 
            0.894118 0.894118 0.894118, 0.894118 0.894118 0.894118, 0.894118 0.894118 0.894118, 0.894118 0.894118 0.894118, 
            0.894118 0.894118 0.894118, 0.894118 0.894118 0.894118, 0.894118 0.894118 0.894118, 0.894118 0.894118 0.894118, 
            0.894118 0.894118 0.894118, 0.894118 0.894118 0.894118, 0.894118 0.894118 0.894118, 0.894118 0.894118 0.894118, 
            0.894118 0.894118 0.894118, 0.894118 0.894118 0.894118, 0.894118 0.894118 0.894118, 0.894118 0.894118 0.894118, 
            0.894118 0.894118 0.894118, 0.894118 0.894118 0.894118, 0.894118 0.894118 0.894118, 0.894118 0.894118 0.894118, 
            0.894118 0.894118 0.894118, 0.894118 0.894118 0.894118, 0.894118 0.894118 0.894118, 0.894118 0.894118 0.894118, 
            0.894118 0.894118 0.894118, 0.894118 0.894118 0.894118, 0.894118 0.894118 0.894118, 0.894118 0.894118 0.894118, 
            0.894118 0.894118 0.894118, 0.894118 0.894118 0.894118, 0.894118 0.894118 0.894118, 0.894118 0.894118 0.894118, 
            0.894118 0.894118 0.894118, 0.894118 0.894118 0.894118, 0.894118 0.894118 0.894118, 0.894118 0.894118 0.894118, 
            0.894118 0.894118 0.894118, 0.894118 0.894118 0.894118, 0.894118 0.894118 0.894118, 0.894118 0.894118 0.894118, 
            0.894118 0.894118 0.894118, 0.894118 0.894118 0.894118, 0.894118 0.894118 0.894118, 0.894118 0.894118 0.894118, 
            0.894118 0.894118 0.894118, 0.894118 0.894118 0.894118, 0.894118 0.894118 0.894118, 0.894118 0.894118 0.894118, 
            0.894118 0.894118 0.894118, 0.894118 0.894118 0.894118, 0.894118 0.894118 0.894118, 0.894118 0.894118 0.894118, 
            0.894118 0.894118 0.894118, 0.894118 0.894118 0.894118, 0.894118 0.894118 0.894118, 0.894118 0.894118 0.894118, 
            0.894118 0.894118 0.894118, 0.894118 0.894118 0.894118, 0.894118 0.894118 0.894118, 0.894118 0.894118 0.894118, 
            0.894118 0.894118 0.894118, 0.894118 0.894118 0.894118, 0.894118 0.894118 0.894118, 0.894118 0.894118 0.894118, 
            0.894118 0.894118 0.894118, 0.894118 0.894118 0.894118, 0.894118 0.894118 0.894118, 0.894118 0.894118 0.894118, 
            0.894118 0.894118 0.894118, 0.894118 0.894118 0.894118, 0.894118 0.894118 0.894118, 0.894118 0.894118 0.894118, 
            0.894118 0.894118 0.894118, 0.894118 0.894118 0.894118, 0.894118 0.894118 0.894118, 0.894118 0.894118 0.894118, 
            0.894118 0.894118 0.894118, 0.894118 0.894118 0.894118, 0.894118 0.894118 0.894118, 0.894118 0.894118 0.894118, 
            0.894118 0.894118 0.894118, 0.894118 0.894118 0.894118, 0.894118 0.894118 0.894118, 0.894118 0.894118 0.894118, 
            0.894118 0.894118 0.894118, 0.894118 0.894118 0.894118, 0.894118 0.894118 0.894118, 0.894118 0.894118 0.894118, 
            0.894118 0.894118 0.894118, 0.894118 0.894118 0.894118, 0.894118 0.894118 0.894118, 0.894118 0.894118 0.894118, 
            0.894118 0.894118 0.894118, 0.894118 0.894118 0.894118, 0.894118 0.894118 0.894118, 0.894118 0.894118 0.894118, 
            0.894118 0.894118 0.894118, 0.894118 0.894118 0.894118, 0.894118 0.894118 0.894118, 0.894118 0.894118 0.894118, 
            0.894118 0.894118 0.894118, 0.894118 0.894118 0.894118, 0.894118 0.894118 0.894118, 0.894118 0.894118 0.894118, 
            0.894118 0.894118 0.894118, 0.894118 0.894118 0.894118, 0.894118 0.894118 0.894118, 0.894118 0.894118 0.894118, 
            0.894118 0.894118 0.894118, 0.894118 0.894118 0.894118, 0.894118 0.894118 0.894118, 0.894118 0.894118 0.894118, 
            0.894118 0.894118 0.894118, 0.894118 0.894118 0.894118, 0.894118 0.894118 0.894118, 0.894118 0.894118 0.894118, 
            0.894118 0.894118 0.894118, 0.894118 0.894118 0.894118, 0.894118 0.894118 0.894118, 0.894118 0.894118 0.894118, 
            0.894118 0.894118 0.894118, 0.894118 0.894118 0.894118, 0.894118 0.894118 0.894118, 0.894118 0.894118 0.894118, 
            0.894118 0.894118 0.894118, 0.894118 0.894118 0.894118, 0.894118 0.894118 0.894118, 0.894118 0.894118 0.894118, 
            0.894118 0.894118 0.894118, 0.894118 0.894118 0.894118, 0.894118 0.894118 0.894118, 0.894118 0.894118 0.894118, 
            0.894118 0.894118 0.894118, 0.894118 0.894118 0.894118, 0.894118 0.894118 0.894118, 0.894118 0.894118 0.894118, 
            0.894118 0.894118 0.894118, 0.894118 0.894118 0.894118, 0.894118 0.894118 0.894118, 0.894118 0.894118 0.894118, 
            0.894118 0.894118 0.894118, 0.894118 0.894118 0.894118, 0.894118 0.894118 0.894118, 0.894118 0.894118 0.894118, 
            0.894118 0.894118 0.894118, 0.894118 0.894118 0.894118, 0.894118 0.894118 0.894118, 0.894118 0.894118 0.894118, 
            0.894118 0.894118 0.894118, 0.894118 0.894118 0.894118, 0.894118 0.894118 0.894118, 0.894118 0.894118 0.894118, 
            0.894118 0.894118 0.894118, 0.894118 0.894118 0.894118, 0.894118 0.894118 0.894118, 0.894118 0.894118 0.894118, 
            0.894118 0.894118 0.894118, 0.894118 0.894118 0.894118, 0.894118 0.894118 0.894118, 0.894118 0.894118 0.894118, 
            0.894118 0.894118 0.894118, 0.894118 0.894118 0.894118, 0.894118 0.894118 0.894118, 0.894118 0.894118 0.894118, 
            0.894118 0.894118 0.894118, 0.894118 0.894118 0.894118, 0.894118 0.894118 0.894118, 0.894118 0.894118 0.894118, 
            0.894118 0.894118 0.894118, 0.894118 0.894118 0.894118, 0.894118 0.894118 0.894118, 0.894118 0.894118 0.894118, 
            0.894118 0.894118 0.894118, 0.894118 0.894118 0.894118, 0.894118 0.894118 0.894118, 0.894118 0.894118 0.894118, 
            0.894118 0.894118 0.894118, 0.894118 0.894118 0.894118, 0.894118 0.894118 0.894118, 0.894118 0.894118 0.894118, 
            0.894118 0.894118 0.894118, 0.894118 0.894118 0.894118, 0.894118 0.894118 0.894118, 0.894118 0.894118 0.894118, 
            0.894118 0.894118 0.894118, 0.894118 0.894118 0.894118, 0.894118 0.894118 0.894118, 0.894118 0.894118 0.894118, 
            0.894118 0.894118 0.894118, 0.894118 0.894118 0.894118, 0.894118 0.894118 0.894118, 0.894118 0.894118 0.894118, 
            0.894118 0.894118 0.894118, 0.894118 0.894118 0.894118, 0.894118 0.894118 0.894118, 0.894118 0.894118 0.894118, 
            0.894118 0.894118 0.894118, 0.894118 0.894118 0.894118, 0.894118 0.894118 0.894118, 0.894118 0.894118 0.894118, 
            0.894118 0.894118 0.894118, 0.894118 0.894118 0.894118, 0.894118 0.894118 0.894118, 0.894118 0.894118 0.894118, 
            0.894118 0.894118 0.894118, 0.894118 0.894118 0.894118, 0.894118 0.894118 0.894118, 0.894118 0.894118 0.894118, 
            0.894118 0.894118 0.894118, 0.894118 0.894118 0.894118, 0.894118 0.894118 0.894118, 0.894118 0.894118 0.894118, 
            0.894118 0.894118 0.894118, 0.894118 0.894118 0.894118, 0.894118 0.894118 0.894118, 0.894118 0.894118 0.894118, 
            0.894118 0.894118 0.894118, 0.894118 0.894118 0.894118, 0.894118 0.894118 0.894118, 0.894118 0.894118 0.894118, 
            0.894118 0.894118 0.894118, 0.894118 0.894118 0.894118, 0.894118 0.894118 0.894118, 0.894118 0.894118 0.894118, 
            0.894118 0.894118 0.894118, 0.894118 0.894118 0.894118, 0.894118 0.894118 0.894118, 0.894118 0.894118 0.894118, 
            0.894118 0.894118 0.894118, 0.894118 0.894118 0.894118, 0.894118 0.894118 0.894118, 0.894118 0.894118 0.894118, 
            0.894118 0.894118 0.894118, 0.894118 0.894118 0.894118, 0.894118 0.894118 0.894118, 0.894118 0.894118 0.894118, 
            0.894118 0.894118 0.894118, 0.894118 0.894118 0.894118, 0.894118 0.894118 0.894118, 0.894118 0.894118 0.894118, 
            0.894118 0.894118 0.894118, 0.894118 0.894118 0.894118, 0.894118 0.894118 0.894118, 0.894118 0.894118 0.894118, 
            0.894118 0.894118 0.894118, 0.894118 0.894118 0.894118, 0.894118 0.894118 0.894118, 0.894118 0.894118 0.894118, 
            0.894118 0.894118 0.894118, 0.894118 0.894118 0.894118, 0.894118 0.894118 0.894118, 0.894118 0.894118 0.894118, 
            0.894118 0.894118 0.894118, 0.894118 0.894118 0.894118, 0.894118 0.894118 0.894118, 0.894118 0.894118 0.894118, 
            0.894118 0.894118 0.894118, 0.894118 0.894118 0.894118, 0.894118 0.894118 0.894118, 0.894118 0.894118 0.894118, 
            0.894118 0.894118 0.894118, 0.894118 0.894118 0.894118, 0.894118 0.894118 0.894118, 0.894118 0.894118 0.894118, 
            0.894118 0.894118 0.894118, 0.894118 0.894118 0.894118, 0.894118 0.894118 0.894118, 0.894118 0.894118 0.894118, 
            0.894118 0.894118 0.894118, 0.894118 0.894118 0.894118, 0.894118 0.894118 0.894118, 0.894118 0.894118 0.894118, 
            0.894118 0.894118 0.894118, 0.894118 0.894118 0.894118, 0.894118 0.894118 0.894118, 0.894118 0.894118 0.894118, 
            0.894118 0.894118 0.894118, 0.894118 0.894118 0.894118, 0.894118 0.894118 0.894118, 0.894118 0.894118 0.894118, 
            0.894118 0.894118 0.894118, 0.894118 0.894118 0.894118, 0.894118 0.894118 0.894118, 0.894118 0.894118 0.894118, 
            0.894118 0.894118 0.894118, 0.894118 0.894118 0.894118, 0.894118 0.894118 0.894118, 0.894118 0.894118 0.894118, 
            0.894118 0.894118 0.894118, 0.894118 0.894118 0.894118, 0.894118 0.894118 0.894118, 0.894118 0.894118 0.894118, 
            0.894118 0.894118 0.894118, 0.894118 0.894118 0.894118, 0.894118 0.894118 0.894118, 0.894118 0.894118 0.894118, 
            0.894118 0.894118 0.894118, 0.894118 0.894118 0.894118, 0.894118 0.894118 0.894118, 0.894118 0.894118 0.894118, 
            0.894118 0.894118 0.894118, 0.894118 0.894118 0.894118, 0.894118 0.894118 0.894118, 0.894118 0.894118 0.894118, 
            0.894118 0.894118 0.894118, 0.894118 0.894118 0.894118, 0.894118 0.894118 0.894118, 0.894118 0.894118 0.894118, 
            0.894118 0.894118 0.894118, 0.894118 0.894118 0.894118, 0.894118 0.894118 0.894118, 0.894118 0.894118 0.894118, 
            0.894118 0.894118 0.894118, 0.894118 0.894118 0.894118, 0.894118 0.894118 0.894118, 0.894118 0.894118 0.894118, 
            0.894118 0.894118 0.894118, 0.894118 0.894118 0.894118, 0.894118 0.894118 0.894118, 0.894118 0.894118 0.894118, 
            0.894118 0.894118 0.894118, 0.894118 0.894118 0.894118, 0.894118 0.894118 0.894118, 0.894118 0.894118 0.894118, 
            0.894118 0.894118 0.894118, 0.894118 0.894118 0.894118, 0.894118 0.894118 0.894118, 0.894118 0.894118 0.894118, 
            0.894118 0.894118 0.894118, 0.894118 0.894118 0.894118, 0.894118 0.894118 0.894118, 0.894118 0.894118 0.894118, 
            0.894118 0.894118 0.894118, 0.894118 0.894118 0.894118, 0.894118 0.894118 0.894118, 0.894118 0.894118 0.894118, 
            0.894118 0.894118 0.894118, 0.894118 0.894118 0.894118, 0.894118 0.894118 0.894118, 0.894118 0.894118 0.894118, 
            0.894118 0.894118 0.894118, 0.894118 0.894118 0.894118, 0.894118 0.894118 0.894118, 0.894118 0.894118 0.894118, 
            0.894118 0.894118 0.894118, 0.894118 0.894118 0.894118, 0.894118 0.894118 0.894118, 0.894118 0.894118 0.894118, 
            0.894118 0.894118 0.894118, 0.894118 0.894118 0.894118, 0.894118 0.894118 0.894118, 0.894118 0.894118 0.894118, 
            0.894118 0.894118 0.894118, 0.894118 0.894118 0.894118, 0.894118 0.894118 0.894118, 0.894118 0.894118 0.894118, 
            0.894118 0.894118 0.894118, 0.894118 0.894118 0.894118, 0.894118 0.894118 0.894118, 0.894118 0.894118 0.894118, 
            0.894118 0.894118 0.894118, 0.894118 0.894118 0.894118, 0.894118 0.894118 0.894118, 0.894118 0.894118 0.894118, 
            0.894118 0.894118 0.894118, 0.894118 0.894118 0.894118, 0.894118 0.894118 0.894118, 0.894118 0.894118 0.894118, 
            0.894118 0.894118 0.894118, 0.894118 0.894118 0.894118, 0.894118 0.894118 0.894118, 0.894118 0.894118 0.894118, 
            0.894118 0.894118 0.894118, 0.894118 0.894118 0.894118, 0.894118 0.894118 0.894118, 0.894118 0.894118 0.894118, 
            0.894118 0.894118 0.894118, 0.894118 0.894118 0.894118, 0.894118 0.894118 0.894118, 0.894118 0.894118 0.894118, 
            0.894118 0.894118 0.894118, 0.894118 0.894118 0.894118, 0.894118 0.894118 0.894118, 0.894118 0.894118 0.894118, 
            0.894118 0.894118 0.894118, 0.894118 0.894118 0.894118, 0.894118 0.894118 0.894118, 0.894118 0.894118 0.894118, 
            0.894118 0.894118 0.894118, 0.894118 0.894118 0.894118, 0.894118 0.894118 0.894118, 0.894118 0.894118 0.894118, 
            0.894118 0.894118 0.894118, 0.894118 0.894118 0.894118, 0.894118 0.894118 0.894118, 0.894118 0.894118 0.894118, 
            0.894118 0.894118 0.894118, 0.894118 0.894118 0.894118, 0.894118 0.894118 0.894118, 0.894118 0.894118 0.894118, 
            0.894118 0.894118 0.894118, 0.894118 0.894118 0.894118, 0.894118 0.894118 0.894118, 0.894118 0.894118 0.894118, 
            0.894118 0.894118 0.894118, 0.894118 0.894118 0.894118, 0.894118 0.894118 0.894118, 0.894118 0.894118 0.894118, 
            0.894118 0.894118 0.894118, 0.894118 0.894118 0.894118, 0.894118 0.894118 0.894118, 0.894118 0.894118 0.894118, 
            0.894118 0.894118 0.894118, 0.894118 0.894118 0.894118, 0.894118 0.894118 0.894118, 0.894118 0.894118 0.894118, 
            0.894118 0.894118 0.894118, 0.894118 0.894118 0.894118, 0.894118 0.894118 0.894118, 0.894118 0.894118 0.894118, 
            0.894118 0.894118 0.894118, 0.894118 0.894118 0.894118, 0.894118 0.894118 0.894118, 0.894118 0.894118 0.894118, 
            0.894118 0.894118 0.894118, 0.894118 0.894118 0.894118, 0.894118 0.894118 0.894118, 0.894118 0.894118 0.894118, 
            0.894118 0.894118 0.894118, 0.894118 0.894118 0.894118, 0.894118 0.894118 0.894118, 0.894118 0.894118 0.894118, 
            0.894118 0.894118 0.894118, 0.894118 0.894118 0.894118, 0.894118 0.894118 0.894118, 0.894118 0.894118 0.894118, 
            0.894118 0.894118 0.894118, 0.894118 0.894118 0.894118, 0.894118 0.894118 0.894118, 0.894118 0.894118 0.894118, 
            0.894118 0.894118 0.894118, 0.894118 0.894118 0.894118, 0.894118 0.894118 0.894118, 0.894118 0.894118 0.894118, 
            0.894118 0.894118 0.894118, 0.894118 0.894118 0.894118, 0.894118 0.894118 0.894118, 0.894118 0.894118 0.894118, 
            0.894118 0.894118 0.894118, 0.894118 0.894118 0.894118, 0.894118 0.894118 0.894118, 0.894118 0.894118 0.894118, 
            0.894118 0.894118 0.894118, 0.894118 0.894118 0.894118, 0.894118 0.894118 0.894118, 0.894118 0.894118 0.894118, 
            0.894118 0.894118 0.894118, 0.894118 0.894118 0.894118, 0.894118 0.894118 0.894118, 0.894118 0.894118 0.894118, 
            0.894118 0.894118 0.894118, 0.894118 0.894118 0.894118, 0.894118 0.894118 0.894118, 0.894118 0.894118 0.894118, 
            0.894118 0.894118 0.894118, 0.894118 0.894118 0.894118, 0.894118 0.894118 0.894118, 0.894118 0.894118 0.894118, 
            0.894118 0.894118 0.894118, 0.894118 0.894118 0.894118, 0.894118 0.894118 0.894118, 0.894118 0.894118 0.894118, 
            0.894118 0.894118 0.894118, 0.894118 0.894118 0.894118, 0.894118 0.894118 0.894118, 0.894118 0.894118 0.894118, 
            0.894118 0.894118 0.894118, 0.894118 0.894118 0.894118, 0.894118 0.894118 0.894118, 0.894118 0.894118 0.894118, 
            0.894118 0.894118 0.894118, 0.894118 0.894118 0.894118, 0.894118 0.894118 0.894118, 0.894118 0.894118 0.894118, 
            0.894118 0.894118 0.894118, 0.894118 0.894118 0.894118, 0.894118 0.894118 0.894118, 0.894118 0.894118 0.894118, 
            0.894118 0.894118 0.894118, 0.894118 0.894118 0.894118, 0.894118 0.894118 0.894118, 0.894118 0.894118 0.894118, 
            0.894118 0.894118 0.894118, 0.894118 0.894118 0.894118, 0.894118 0.894118 0.894118, 0.894118 0.894118 0.894118, 
            0.894118 0.894118 0.894118, 0.894118 0.894118 0.894118, 0.894118 0.894118 0.894118, 0.894118 0.894118 0.894118, 
            0.894118 0.894118 0.894118, 0.894118 0.894118 0.894118, 0.894118 0.894118 0.894118, 0.894118 0.894118 0.894118, 
            0.894118 0.894118 0.894118, 0.894118 0.894118 0.894118, 0.894118 0.894118 0.894118, 0.894118 0.894118 0.894118, 
            0.894118 0.894118 0.894118, 0.894118 0.894118 0.894118, 0.894118 0.894118 0.894118, 0.894118 0.894118 0.894118, 
            0.894118 0.894118 0.894118, 0.894118 0.894118 0.894118, 0.894118 0.894118 0.894118, 0.894118 0.894118 0.894118, 
            0.894118 0.894118 0.894118, 0.894118 0.894118 0.894118, 0.894118 0.894118 0.894118, 0.894118 0.894118 0.894118, 
            0.894118 0.894118 0.894118, 0.894118 0.894118 0.894118, 0.894118 0.894118 0.894118, 0.894118 0.894118 0.894118, 
            0.894118 0.894118 0.894118, 0.894118 0.894118 0.894118, 0.894118 0.894118 0.894118, 0.894118 0.894118 0.894118, 
            0.894118 0.894118 0.894118, 0.894118 0.894118 0.894118, 0.894118 0.894118 0.894118, 0.894118 0.894118 0.894118, 
            0.894118 0.894118 0.894118, 0.894118 0.894118 0.894118, 0.894118 0.894118 0.894118, 0.894118 0.894118 0.894118, 
            0.894118 0.894118 0.894118, 0.894118 0.894118 0.894118, 0.894118 0.894118 0.894118, 0.894118 0.894118 0.894118, 
            0.894118 0.894118 0.894118, 0.894118 0.894118 0.894118, 0.894118 0.894118 0.894118, 0.894118 0.894118 0.894118, 
            0.894118 0.894118 0.894118, 0.894118 0.894118 0.894118, 0.894118 0.894118 0.894118, 0.894118 0.894118 0.894118, 
            0.894118 0.894118 0.894118, 0.894118 0.894118 0.894118, 0.894118 0.894118 0.894118, 0.894118 0.894118 0.894118, 
            0.894118 0.894118 0.894118, 0.894118 0.894118 0.894118, 0.894118 0.894118 0.894118, 0.894118 0.894118 0.894118, 
            0.894118 0.894118 0.894118, 0.894118 0.894118 0.894118, 0.894118 0.894118 0.894118, 0.894118 0.894118 0.894118, 
            0.894118 0.894118 0.894118, 0.894118 0.894118 0.894118, 0.894118 0.894118 0.894118, 0.894118 0.894118 0.894118, 
            0.894118 0.894118 0.894118, 0.894118 0.894118 0.894118, 0.894118 0.894118 0.894118, 0.894118 0.894118 0.894118, 
            0.894118 0.894118 0.894118, 0.894118 0.894118 0.894118, 0.894118 0.894118 0.894118, 0.894118 0.894118 0.894118, 
            0.894118 0.894118 0.894118, 0.894118 0.894118 0.894118, 0.894118 0.894118 0.894118, 0.894118 0.894118 0.894118, 
            0.894118 0.894118 0.894118, 0.894118 0.894118 0.894118, 0.894118 0.894118 0.894118, 0.894118 0.894118 0.894118, 
            0.894118 0.894118 0.894118, 0.894118 0.894118 0.894118, 0.894118 0.894118 0.894118, 0.894118 0.894118 0.894118, 
            0.894118 0.894118 0.894118, 0.894118 0.894118 0.894118, 0.894118 0.894118 0.894118, 0.894118 0.894118 0.894118, 
            0.894118 0.894118 0.894118, 0.894118 0.894118 0.894118, 0.894118 0.894118 0.894118, 0.894118 0.894118 0.894118, 
            0.894118 0.894118 0.894118, 0.894118 0.894118 0.894118, 0.894118 0.894118 0.894118, 0.894118 0.894118 0.894118, 
            0.894118 0.894118 0.894118, 0.894118 0.894118 0.894118, 0.894118 0.894118 0.894118, 0.894118 0.894118 0.894118, 
            0.894118 0.894118 0.894118, 0.894118 0.894118 0.894118, 0.894118 0.894118 0.894118, 0.894118 0.894118 0.894118, 
            0.894118 0.894118 0.894118, 0.894118 0.894118 0.894118, 0.894118 0.894118 0.894118, 0.894118 0.894118 0.894118, 
            0.894118 0.894118 0.894118, 0.894118 0.894118 0.894118, 0.894118 0.894118 0.894118, 0.894118 0.894118 0.894118, 
            0.894118 0.894118 0.894118, 0.894118 0.894118 0.894118, 0.894118 0.894118 0.894118, 0.894118 0.894118 0.894118, 
            0.894118 0.894118 0.894118, 0.894118 0.894118 0.894118, 0.894118 0.894118 0.894118, 0.894118 0.894118 0.894118, 
            0.894118 0.894118 0.894118, 0.894118 0.894118 0.894118, 0.894118 0.894118 0.894118, 0.894118 0.894118 0.894118, 
            0.894118 0.894118 0.894118, 0.894118 0.894118 0.894118, 0.894118 0.894118 0.894118, 0.894118 0.894118 0.894118, 
            0.894118 0.894118 0.894118, 0.894118 0.894118 0.894118, 0.894118 0.894118 0.894118, 0.894118 0.894118 0.894118, 
            0.894118 0.894118 0.894118, 0.894118 0.894118 0.894118, 0.894118 0.894118 0.894118, 0.894118 0.894118 0.894118, 
            0.894118 0.894118 0.894118, 0.894118 0.894118 0.894118, 0.894118 0.894118 0.894118, 0.894118 0.894118 0.894118, 
            0.894118 0.894118 0.894118, 0.894118 0.894118 0.894118, 0.894118 0.894118 0.894118, 0.894118 0.894118 0.894118, 
            0.894118 0.894118 0.894118, 0.894118 0.894118 0.894118, 0.894118 0.894118 0.894118, 0.894118 0.894118 0.894118, 
            0.894118 0.894118 0.894118, 0.894118 0.894118 0.894118, 0.894118 0.894118 0.894118, 0.894118 0.894118 0.894118, 
            0.894118 0.894118 0.894118, 0.894118 0.894118 0.894118, 0.894118 0.894118 0.894118, 0.894118 0.894118 0.894118, 
            0.894118 0.894118 0.894118, 0.894118 0.894118 0.894118, 0.894118 0.894118 0.894118, 0.894118 0.894118 0.894118, 
            0.894118 0.894118 0.894118, 0.894118 0.894118 0.894118, 0.894118 0.894118 0.894118, 0.894118 0.894118 0.894118, 
            0.894118 0.894118 0.894118, 0.894118 0.894118 0.894118, 0.894118 0.894118 0.894118, 0.894118 0.894118 0.894118, 
            0.894118 0.894118 0.894118, 0.894118 0.894118 0.894118, 0.894118 0.894118 0.894118, 0.894118 0.894118 0.894118, 
            0.894118 0.894118 0.894118, 0.894118 0.894118 0.894118, 0.894118 0.894118 0.894118, 0.894118 0.894118 0.894118, 
            0.894118 0.894118 0.894118, 0.894118 0.894118 0.894118, 0.894118 0.894118 0.894118, 0.894118 0.894118 0.894118, 
            0.894118 0.894118 0.894118, 0.894118 0.894118 0.894118, 0.894118 0.894118 0.894118, 0.894118 0.894118 0.894118, 
            0.894118 0.894118 0.894118, 0.894118 0.894118 0.894118, 0.894118 0.894118 0.894118, 0.894118 0.894118 0.894118, 
            0.894118 0.894118 0.894118, 0.894118 0.894118 0.894118, 0.894118 0.894118 0.894118, 0.894118 0.894118 0.894118, 
            0.894118 0.894118 0.894118, 0.894118 0.894118 0.894118, 0.894118 0.894118 0.894118, 0.894118 0.894118 0.894118, 
            0.894118 0.894118 0.894118, 0.894118 0.894118 0.894118, 0.894118 0.894118 0.894118, 0.894118 0.894118 0.894118, 
            0.894118 0.894118 0.894118, 0.894118 0.894118 0.894118, 0.894118 0.894118 0.894118, 0.894118 0.894118 0.894118, 
            0.894118 0.894118 0.894118, 0.894118 0.894118 0.894118, 0.894118 0.894118 0.894118, 0.894118 0.894118 0.894118, 
            0.894118 0.894118 0.894118, 0.894118 0.894118 0.894118, 0.894118 0.894118 0.894118, 0.894118 0.894118 0.894118, 
            0.894118 0.894118 0.894118, 0.894118 0.894118 0.894118, 0.894118 0.894118 0.894118, 0.894118 0.894118 0.894118, 
            0.894118 0.894118 0.894118, 0.894118 0.894118 0.894118, 0.894118 0.894118 0.894118, 0.894118 0.894118 0.894118, 
            0.894118 0.894118 0.894118, 0.894118 0.894118 0.894118, 0.894118 0.894118 0.894118, 0.894118 0.894118 0.894118, 
            0.894118 0.894118 0.894118, 0.894118 0.894118 0.894118, 0.894118 0.894118 0.894118, 0.894118 0.894118 0.894118, 
            0.894118 0.894118 0.894118, 0.894118 0.894118 0.894118, 0.894118 0.894118 0.894118, 0.894118 0.894118 0.894118, 
            0.894118 0.894118 0.894118, 0.894118 0.894118 0.894118, 0.894118 0.894118 0.894118, 0.894118 0.894118 0.894118, 
            0.894118 0.894118 0.894118, 0.894118 0.894118 0.894118, 0.894118 0.894118 0.894118, 0.894118 0.894118 0.894118, 
            0.894118 0.894118 0.894118, 0.894118 0.894118 0.894118, 0.894118 0.894118 0.894118, 0.894118 0.894118 0.894118, 
            0.894118 0.894118 0.894118, 0.894118 0.894118 0.894118, 0.894118 0.894118 0.894118, 0.894118 0.894118 0.894118, 
            0.894118 0.894118 0.894118, 0.894118 0.894118 0.894118, 0.894118 0.894118 0.894118, 0.894118 0.894118 0.894118, 
            0.894118 0.894118 0.894118, 0.894118 0.894118 0.894118, 0.894118 0.894118 0.894118, 0.894118 0.894118 0.894118, 
            0.894118 0.894118 0.894118, 0.894118 0.894118 0.894118, 0.894118 0.894118 0.894118, 0.894118 0.894118 0.894118, 
            0.894118 0.894118 0.894118, 0.894118 0.894118 0.894118, 0.894118 0.894118 0.894118, 0.894118 0.894118 0.894118, 
            0.894118 0.894118 0.894118, 0.894118 0.894118 0.894118, 0.894118 0.894118 0.894118, 0.894118 0.894118 0.894118, 
            0.894118 0.894118 0.894118, 0.894118 0.894118 0.894118, 0.894118 0.894118 0.894118, 0.894118 0.894118 0.894118, 
            0.894118 0.894118 0.894118, 0.894118 0.894118 0.894118, 0.894118 0.894118 0.894118, 0.894118 0.894118 0.894118, 
            0.894118 0.894118 0.894118, 0.894118 0.894118 0.894118, 0.894118 0.894118 0.894118, 0.894118 0.894118 0.894118, 
            0.894118 0.894118 0.894118, 0.894118 0.894118 0.894118, 0.894118 0.894118 0.894118, 0.894118 0.894118 0.894118, 
            0.894118 0.894118 0.894118, 0.894118 0.894118 0.894118, 0.894118 0.894118 0.894118, 0.894118 0.894118 0.894118, 
            0.894118 0.894118 0.894118, 0.894118 0.894118 0.894118, 0.894118 0.894118 0.894118, 0.894118 0.894118 0.894118, 
            0.894118 0.894118 0.894118, 0.894118 0.894118 0.894118, 0.894118 0.894118 0.894118, 0.894118 0.894118 0.894118, 
            0.894118 0.894118 0.894118, 0.894118 0.894118 0.894118, 0.894118 0.894118 0.894118, 0.894118 0.894118 0.894118, 
            0.894118 0.894118 0.894118, 0.894118 0.894118 0.894118, 0.894118 0.894118 0.894118, 0.894118 0.894118 0.894118, 
            0.894118 0.894118 0.894118, 0.894118 0.894118 0.894118, 0.894118 0.894118 0.894118, 0.894118 0.894118 0.894118, 
            0.894118 0.894118 0.894118, 0.894118 0.894118 0.894118, 0.894118 0.894118 0.894118, 0.894118 0.894118 0.894118, 
            0.894118 0.894118 0.894118, 0.894118 0.894118 0.894118, 0.894118 0.894118 0.894118, 0.894118 0.894118 0.894118, 
            0.894118 0.894118 0.894118, 0.894118 0.894118 0.894118, 0.894118 0.894118 0.894118, 0.894118 0.894118 0.894118, 
            0.894118 0.894118 0.894118, 0.894118 0.894118 0.894118, 0.894118 0.894118 0.894118, 0.894118 0.894118 0.894118, 
            0.894118 0.894118 0.894118, 0.894118 0.894118 0.894118, 0.894118 0.894118 0.894118, 0.894118 0.894118 0.894118, 
            0.894118 0.894118 0.894118, 0.894118 0.894118 0.894118, 0.894118 0.894118 0.894118, 0.894118 0.894118 0.894118, 
            0.894118 0.894118 0.894118, 0.894118 0.894118 0.894118, 0.894118 0.894118 0.894118, 0.894118 0.894118 0.894118, 
            0.894118 0.894118 0.894118, 0.894118 0.894118 0.894118, 0.894118 0.894118 0.894118, 0.894118 0.894118 0.894118, 
            0.894118 0.894118 0.894118, 0.894118 0.894118 0.894118, 0.894118 0.894118 0.894118, 0.894118 0.894118 0.894118, 
            0.894118 0.894118 0.894118, 0.894118 0.894118 0.894118, 0.894118 0.894118 0.894118, 0.894118 0.894118 0.894118, 
            0.894118 0.894118 0.894118, 0.894118 0.894118 0.894118, 0.894118 0.894118 0.894118, 0.894118 0.894118 0.894118, 
            0.894118 0.894118 0.894118, 0.894118 0.894118 0.894118, 0.894118 0.894118 0.894118, 0.894118 0.894118 0.894118, 
            0.894118 0.894118 0.894118, 0.894118 0.894118 0.894118, 0.894118 0.894118 0.894118, 0.894118 0.894118 0.894118, 
            0.894118 0.894118 0.894118, 0.894118 0.894118 0.894118, 0.894118 0.894118 0.894118, 0.894118 0.894118 0.894118, 
            0.894118 0.894118 0.894118, 0.894118 0.894118 0.894118, 0.894118 0.894118 0.894118, 0.894118 0.894118 0.894118, 
            0.894118 0.894118 0.894118, 0.894118 0.894118 0.894118, 0.894118 0.894118 0.894118, 0.894118 0.894118 0.894118, 
            0.894118 0.894118 0.894118, 0.894118 0.894118 0.894118, 0.894118 0.894118 0.894118, 0.894118 0.894118 0.894118, 
            0.894118 0.894118 0.894118, 0.894118 0.894118 0.894118, 0.894118 0.894118 0.894118, 0.894118 0.894118 0.894118, 
            0.894118 0.894118 0.894118, 0.894118 0.894118 0.894118, 0.894118 0.894118 0.894118, 0.894118 0.894118 0.894118, 
            0.894118 0.894118 0.894118, 0.894118 0.894118 0.894118, 0.894118 0.894118 0.894118, 0.894118 0.894118 0.894118, 
            0.894118 0.894118 0.894118, 0.894118 0.894118 0.894118, 0.894118 0.894118 0.894118, 0.894118 0.894118 0.894118, 
            0.894118 0.894118 0.894118, 0.894118 0.894118 0.894118, 0.894118 0.894118 0.894118, 0.894118 0.894118 0.894118, 
            0.894118 0.894118 0.894118, 0.894118 0.894118 0.894118, 0.894118 0.894118 0.894118, 0.894118 0.894118 0.894118, 
            0.894118 0.894118 0.894118, 0.894118 0.894118 0.894118, 0.894118 0.894118 0.894118, 0.894118 0.894118 0.894118, 
            0.894118 0.894118 0.894118, 0.894118 0.894118 0.894118, 0.894118 0.894118 0.894118, 0.894118 0.894118 0.894118, 
            0.894118 0.894118 0.894118, 0.894118 0.894118 0.894118, 0.894118 0.894118 0.894118, 0.894118 0.894118 0.894118, 
            0.894118 0.894118 0.894118, 0.894118 0.894118 0.894118, 0.894118 0.894118 0.894118, 0.894118 0.894118 0.894118, 
            0.894118 0.894118 0.894118, 0.894118 0.894118 0.894118, 0.894118 0.894118 0.894118, 0.894118 0.894118 0.894118, 
            0.894118 0.894118 0.894118, 0.894118 0.894118 0.894118, 0.894118 0.894118 0.894118, 0.894118 0.894118 0.894118, 
            0.894118 0.894118 0.894118, 0.894118 0.894118 0.894118, 0.894118 0.894118 0.894118, 0.894118 0.894118 0.894118, 
            0.894118 0.894118 0.894118, 0.894118 0.894118 0.894118, 0.894118 0.894118 0.894118, 0.894118 0.894118 0.894118, 
            0.894118 0.894118 0.894118, 0.894118 0.894118 0.894118, 0.894118 0.894118 0.894118, 0.894118 0.894118 0.894118, 
            0.894118 0.894118 0.894118, 0.894118 0.894118 0.894118, 0.894118 0.894118 0.894118, 0.894118 0.894118 0.894118, 
            0.894118 0.894118 0.894118, 0.894118 0.894118 0.894118, 0.894118 0.894118 0.894118, 0.894118 0.894118 0.894118, 
            0.894118 0.894118 0.894118, 0.894118 0.894118 0.894118, 0.894118 0.894118 0.894118, 0.894118 0.894118 0.894118, 
            0.894118 0.894118 0.894118, 0.894118 0.894118 0.894118, 0.894118 0.894118 0.894118, 0.894118 0.894118 0.894118, 
            0.894118 0.894118 0.894118, 0.894118 0.894118 0.894118, 0.894118 0.894118 0.894118, 0.894118 0.894118 0.894118, 
            0.894118 0.894118 0.894118, 0.894118 0.894118 0.894118, 0.894118 0.894118 0.894118, 0.894118 0.894118 0.894118, 
            0.894118 0.894118 0.894118, 0.894118 0.894118 0.894118, 0.894118 0.894118 0.894118, 0.894118 0.894118 0.894118, 
            0.894118 0.894118 0.894118, 0.894118 0.894118 0.894118, 0.894118 0.894118 0.894118, 0.894118 0.894118 0.894118, 
            0.894118 0.894118 0.894118, 0.894118 0.894118 0.894118, 0.894118 0.894118 0.894118, 0.894118 0.894118 0.894118, 
            0.894118 0.894118 0.894118, 0.894118 0.894118 0.894118, 0.894118 0.894118 0.894118, 0.894118 0.894118 0.894118, 
            0.894118 0.894118 0.894118, 0.894118 0.894118 0.894118, 0.894118 0.894118 0.894118, 0.894118 0.894118 0.894118, 
            0.894118 0.894118 0.894118, 0.894118 0.894118 0.894118, 0.894118 0.894118 0.894118, 0.894118 0.894118 0.894118, 
            0.894118 0.894118 0.894118, 0.894118 0.894118 0.894118, 0.894118 0.894118 0.894118, 0.894118 0.894118 0.894118, 
            0.894118 0.894118 0.894118, 0.894118 0.894118 0.894118, 0.894118 0.894118 0.894118, 0.894118 0.894118 0.894118, 
            0.894118 0.894118 0.894118, 0.894118 0.894118 0.894118, 0.894118 0.894118 0.894118, 0.894118 0.894118 0.894118, 
            0.894118 0.894118 0.894118, 0.894118 0.894118 0.894118, 0.894118 0.894118 0.894118, 0.894118 0.894118 0.894118, 
            0.894118 0.894118 0.894118, 0.894118 0.894118 0.894118, 0.894118 0.894118 0.894118, 0.894118 0.894118 0.894118, 
            0.894118 0.894118 0.894118, 0.894118 0.894118 0.894118, 0.894118 0.894118 0.894118, 0.894118 0.894118 0.894118, 
            0.894118 0.894118 0.894118, 0.894118 0.894118 0.894118, 0.894118 0.894118 0.894118, 0.894118 0.894118 0.894118, 
            0.894118 0.894118 0.894118, 0.894118 0.894118 0.894118, 0.894118 0.894118 0.894118, 0.894118 0.894118 0.894118, 
            0.894118 0.894118 0.894118, 0.894118 0.894118 0.894118, 0.894118 0.894118 0.894118, 0.894118 0.894118 0.894118, 
            0.894118 0.894118 0.894118, 0.894118 0.894118 0.894118, 0.894118 0.894118 0.894118, 0.894118 0.894118 0.894118, 
            0.894118 0.894118 0.894118, 0.894118 0.894118 0.894118, 0.894118 0.894118 0.894118, 0.894118 0.894118 0.894118, 
            0.894118 0.894118 0.894118, 0.894118 0.894118 0.894118, 0.894118 0.894118 0.894118, 0.894118 0.894118 0.894118, 
            0.894118 0.894118 0.894118, 0.894118 0.894118 0.894118, 0.894118 0.894118 0.894118, 0.894118 0.894118 0.894118, 
            0.894118 0.894118 0.894118, 0.894118 0.894118 0.894118, 0.894118 0.894118 0.894118, 0.894118 0.894118 0.894118, 
            0.894118 0.894118 0.894118, 0.894118 0.894118 0.894118, 0.894118 0.894118 0.894118, 0.894118 0.894118 0.894118, 
            0.894118 0.894118 0.894118, 0.894118 0.894118 0.894118, 0.894118 0.894118 0.894118, 0.894118 0.894118 0.894118, 
            0.894118 0.894118 0.894118, 0.894118 0.894118 0.894118, 0.894118 0.894118 0.894118, 0.894118 0.894118 0.894118, 
            0.894118 0.894118 0.894118, 0.894118 0.894118 0.894118, 0.894118 0.894118 0.894118, 0.894118 0.894118 0.894118, 
            0.894118 0.894118 0.894118, 0.894118 0.894118 0.894118, 0.894118 0.894118 0.894118, 0.894118 0.894118 0.894118, 
            0.894118 0.894118 0.894118, 0.894118 0.894118 0.894118, 0.894118 0.894118 0.894118, 0.894118 0.894118 0.894118, 
            0.894118 0.894118 0.894118, 0.894118 0.894118 0.894118, 0.894118 0.894118 0.894118, 0.894118 0.894118 0.894118, 
            0.894118 0.894118 0.894118, 0.894118 0.894118 0.894118, 0.894118 0.894118 0.894118, 0.894118 0.894118 0.894118, 
            0.894118 0.894118 0.894118, 0.894118 0.894118 0.894118, 0.894118 0.894118 0.894118, 0.894118 0.894118 0.894118, 
            0.894118 0.894118 0.894118, 0.894118 0.894118 0.894118, 0.894118 0.894118 0.894118, 0.894118 0.894118 0.894118, 
            0.894118 0.894118 0.894118, 0.894118 0.894118 0.894118, 0.894118 0.894118 0.894118, 0.894118 0.894118 0.894118, 
            0.894118 0.894118 0.894118, 0.894118 0.894118 0.894118, 0.894118 0.894118 0.894118, 0.894118 0.894118 0.894118, 
            0.894118 0.894118 0.894118, 0.894118 0.894118 0.894118, 0.894118 0.894118 0.894118, 0.894118 0.894118 0.894118, 
            0.894118 0.894118 0.894118, 0.894118 0.894118 0.894118, 0.894118 0.894118 0.894118, 0.894118 0.894118 0.894118, 
            0.894118 0.894118 0.894118, 0.894118 0.894118 0.894118, 0.894118 0.894118 0.894118, 0.894118 0.894118 0.894118, 
            0.894118 0.894118 0.894118, 0.894118 0.894118 0.894118, 0.894118 0.894118 0.894118, 0.894118 0.894118 0.894118, 
            0.894118 0.894118 0.894118, 0.894118 0.894118 0.894118, 0.894118 0.894118 0.894118, 0.894118 0.894118 0.894118, 
            0.894118 0.894118 0.894118, 0.894118 0.894118 0.894118, 0.894118 0.894118 0.894118, 0.894118 0.894118 0.894118, 
            0.894118 0.894118 0.894118, 0.894118 0.894118 0.894118, 0.894118 0.894118 0.894118, 0.894118 0.894118 0.894118, 
            0.894118 0.894118 0.894118, 0.894118 0.894118 0.894118, 0.894118 0.894118 0.894118, 0.894118 0.894118 0.894118, 
            0.894118 0.894118 0.894118, 0.894118 0.894118 0.894118, 0.894118 0.894118 0.894118, 0.894118 0.894118 0.894118, 
            0.894118 0.894118 0.894118, 0.894118 0.894118 0.894118, 0.894118 0.894118 0.894118, 0.894118 0.894118 0.894118, 
            0.894118 0.894118 0.894118, 0.894118 0.894118 0.894118, 0.894118 0.894118 0.894118, 0.894118 0.894118 0.894118, 
            0.894118 0.894118 0.894118, 0.894118 0.894118 0.894118, 0.894118 0.894118 0.894118, 0.894118 0.894118 0.894118, 
            0.894118 0.894118 0.894118, 0.894118 0.894118 0.894118, 0.894118 0.894118 0.894118, 0.894118 0.894118 0.894118, 
            0.894118 0.894118 0.894118, 0.894118 0.894118 0.894118, 0.894118 0.894118 0.894118, 0.894118 0.894118 0.894118, 
            0.894118 0.894118 0.894118, 0.894118 0.894118 0.894118, 0.894118 0.894118 0.894118, 0.894118 0.894118 0.894118, 
            0.894118 0.894118 0.894118, 0.894118 0.894118 0.894118, 0.894118 0.894118 0.894118, 0.894118 0.894118 0.894118, 
            0.894118 0.894118 0.894118, 0.894118 0.894118 0.894118, 0.894118 0.894118 0.894118, 0.894118 0.894118 0.894118, 
            0.894118 0.894118 0.894118, 0.894118 0.894118 0.894118, 0.894118 0.894118 0.894118, 0.894118 0.894118 0.894118, 
            0.894118 0.894118 0.894118, 0.894118 0.894118 0.894118, 0.894118 0.894118 0.894118, 0.894118 0.894118 0.894118, 
            0.894118 0.894118 0.894118, 0.894118 0.894118 0.894118, 0.894118 0.894118 0.894118, 0.894118 0.894118 0.894118, 
            0.894118 0.894118 0.894118, 0.894118 0.894118 0.894118, 0.894118 0.894118 0.894118, 0.894118 0.894118 0.894118, 
            0.894118 0.894118 0.894118, 0.894118 0.894118 0.894118, 0.894118 0.894118 0.894118, 0.894118 0.894118 0.894118, 
            0.894118 0.894118 0.894118, 0.894118 0.894118 0.894118, 0.894118 0.894118 0.894118, 0.894118 0.894118 0.894118, 
            0.894118 0.894118 0.894118, 0.894118 0.894118 0.894118, 0.894118 0.894118 0.894118, 0.894118 0.894118 0.894118, 
            0.894118 0.894118 0.894118, 0.894118 0.894118 0.894118, 0.894118 0.894118 0.894118, 0.894118 0.894118 0.894118, 
            0.894118 0.894118 0.894118, 0.894118 0.894118 0.894118, 0.894118 0.894118 0.894118, 0.894118 0.894118 0.894118, 
            0.894118 0.894118 0.894118, 0.894118 0.894118 0.894118, 0.894118 0.894118 0.894118, 0.894118 0.894118 0.894118, 
            0.894118 0.894118 0.894118, 0.894118 0.894118 0.894118, 0.894118 0.894118 0.894118, 0.894118 0.894118 0.894118, 
            0.894118 0.894118 0.894118, 0.894118 0.894118 0.894118, 0.894118 0.894118 0.894118, 0.894118 0.894118 0.894118, 
            0.894118 0.894118 0.894118, 0.894118 0.894118 0.894118, 0.894118 0.894118 0.894118, 0.894118 0.894118 0.894118, 
            0.894118 0.894118 0.894118, 0.894118 0.894118 0.894118, 0.894118 0.894118 0.894118, 0.894118 0.894118 0.894118, 
            0.894118 0.894118 0.894118, 0.894118 0.894118 0.894118, 0.894118 0.894118 0.894118, 0.894118 0.894118 0.894118, 
            0.894118 0.894118 0.894118, 0.894118 0.894118 0.894118, 0.894118 0.894118 0.894118, 0.894118 0.894118 0.894118, 
            0.894118 0.894118 0.894118, 0.894118 0.894118 0.894118, 0.894118 0.894118 0.894118, 0.894118 0.894118 0.894118, 
            0.894118 0.894118 0.894118, 0.894118 0.894118 0.894118, 0.894118 0.894118 0.894118, 0.894118 0.894118 0.894118, 
            0.894118 0.894118 0.894118, 0.894118 0.894118 0.894118, 0.894118 0.894118 0.894118, 0.894118 0.894118 0.894118, 
            0.894118 0.894118 0.894118, 0.894118 0.894118 0.894118, 0.894118 0.894118 0.894118, 0.894118 0.894118 0.894118, 
            0.894118 0.894118 0.894118, 0.894118 0.894118 0.894118, 0.894118 0.894118 0.894118, 0.894118 0.894118 0.894118, 
            0.894118 0.894118 0.894118, 0.894118 0.894118 0.894118, 0.894118 0.894118 0.894118, 0.894118 0.894118 0.894118, 
            0.894118 0.894118 0.894118, 0.894118 0.894118 0.894118, 0.894118 0.894118 0.894118, 0.894118 0.894118 0.894118, 
            0.894118 0.894118 0.894118, 0.894118 0.894118 0.894118, 0.894118 0.894118 0.894118, 0.894118 0.894118 0.894118, 
            0.894118 0.894118 0.894118, 0.894118 0.894118 0.894118, 0.894118 0.894118 0.894118, 0.894118 0.894118 0.894118, 
            0.894118 0.894118 0.894118, 0.894118 0.894118 0.894118, 0.894118 0.894118 0.894118, 0.894118 0.894118 0.894118, 
            0.894118 0.894118 0.894118, 0.894118 0.894118 0.894118, 0.894118 0.894118 0.894118, 0.894118 0.894118 0.894118, 
            0.894118 0.894118 0.894118, 0.894118 0.894118 0.894118, 0.894118 0.894118 0.894118, 0.894118 0.894118 0.894118, 
            0.894118 0.894118 0.894118, 0.894118 0.894118 0.894118, 0.894118 0.894118 0.894118, 0.894118 0.894118 0.894118, 
            0.894118 0.894118 0.894118, 0.894118 0.894118 0.894118, 0.894118 0.894118 0.894118, 0.894118 0.894118 0.894118, 
            0.894118 0.894118 0.894118, 0.894118 0.894118 0.894118, 0.894118 0.894118 0.894118, 0.894118 0.894118 0.894118, 
            0.894118 0.894118 0.894118, 0.894118 0.894118 0.894118, 0.894118 0.894118 0.894118, 0.894118 0.894118 0.894118, 
            0.894118 0.894118 0.894118, 0.894118 0.894118 0.894118, 0.894118 0.894118 0.894118, 0.894118 0.894118 0.894118, 
            0.894118 0.894118 0.894118, 0.894118 0.894118 0.894118, 0.894118 0.894118 0.894118, 0.894118 0.894118 0.894118, 
            0.894118 0.894118 0.894118, 0.894118 0.894118 0.894118, 0.894118 0.894118 0.894118, 0.894118 0.894118 0.894118, 
            0.894118 0.894118 0.894118, 0.894118 0.894118 0.894118, 0.894118 0.894118 0.894118, 0.894118 0.894118 0.894118, 
            0.894118 0.894118 0.894118, 0.894118 0.894118 0.894118, 0.894118 0.894118 0.894118, 0.894118 0.894118 0.894118, 
            0.894118 0.894118 0.894118, 0.894118 0.894118 0.894118, 0.894118 0.894118 0.894118, 0.894118 0.894118 0.894118, 
            0.894118 0.894118 0.894118, 0.894118 0.894118 0.894118, 0.894118 0.894118 0.894118, 0.894118 0.894118 0.894118, 
            0.894118 0.894118 0.894118, 0.894118 0.894118 0.894118, 0.894118 0.894118 0.894118, 0.894118 0.894118 0.894118, 
            0.894118 0.894118 0.894118, 0.894118 0.894118 0.894118, 0.894118 0.894118 0.894118, 0.894118 0.894118 0.894118, 
            0.894118 0.894118 0.894118, 0.894118 0.894118 0.894118, 0.894118 0.894118 0.894118, 0.894118 0.894118 0.894118, 
            0.894118 0.894118 0.894118, 0.894118 0.894118 0.894118, 0.894118 0.894118 0.894118, 0.894118 0.894118 0.894118, 
            0.894118 0.894118 0.894118, 0.894118 0.894118 0.894118, 0.894118 0.894118 0.894118, 0.894118 0.894118 0.894118, 
            0.894118 0.894118 0.894118, 0.894118 0.894118 0.894118, 0.894118 0.894118 0.894118, 0.894118 0.894118 0.894118, 
            0.894118 0.894118 0.894118, 0.894118 0.894118 0.894118, 0.894118 0.894118 0.894118, 0.894118 0.894118 0.894118, 
            0.894118 0.894118 0.894118, 0.894118 0.894118 0.894118, 0.894118 0.894118 0.894118, 0.894118 0.894118 0.894118, 
            0.894118 0.894118 0.894118, 0.894118 0.894118 0.894118, 0.894118 0.894118 0.894118, 0.894118 0.894118 0.894118, 
            0.894118 0.894118 0.894118, 0.894118 0.894118 0.894118, 0.894118 0.894118 0.894118, 0.894118 0.894118 0.894118, 
            0.894118 0.894118 0.894118, 0.894118 0.894118 0.894118, 0.894118 0.894118 0.894118, 0.894118 0.894118 0.894118, 
            0.894118 0.894118 0.894118, 0.894118 0.894118 0.894118, 0.894118 0.894118 0.894118, 0.894118 0.894118 0.894118, 
            0.894118 0.894118 0.894118, 0.894118 0.894118 0.894118, 0.894118 0.894118 0.894118, 0.894118 0.894118 0.894118, 
            0.894118 0.894118 0.894118, 0.894118 0.894118 0.894118, 0.894118 0.894118 0.894118, 0.894118 0.894118 0.894118, 
            0.894118 0.894118 0.894118, 0.894118 0.894118 0.894118, 0.894118 0.894118 0.894118, 0.894118 0.894118 0.894118, 
            0.894118 0.894118 0.894118, 0.894118 0.894118 0.894118, 0.894118 0.894118 0.894118, 0.894118 0.894118 0.894118, 
            0.894118 0.894118 0.894118, 0.894118 0.894118 0.894118, 0.894118 0.894118 0.894118, 0.894118 0.894118 0.894118, 
            0.894118 0.894118 0.894118, 0.894118 0.894118 0.894118, 0.894118 0.894118 0.894118, 0.894118 0.894118 0.894118, 
            0.894118 0.894118 0.894118, 0.894118 0.894118 0.894118, 0.894118 0.894118 0.894118, 0.894118 0.894118 0.894118, 
            0.894118 0.894118 0.894118, 0.894118 0.894118 0.894118, 0.894118 0.894118 0.894118, 0.894118 0.894118 0.894118, 
            0.894118 0.894118 0.894118, 0.894118 0.894118 0.894118, 0.894118 0.894118 0.894118, 0.894118 0.894118 0.894118, 
            0.894118 0.894118 0.894118, 0.894118 0.894118 0.894118, 0.894118 0.894118 0.894118, 0.894118 0.894118 0.894118, 
            0.894118 0.894118 0.894118, 0.894118 0.894118 0.894118, 0.894118 0.894118 0.894118, 0.894118 0.894118 0.894118, 
            0.894118 0.894118 0.894118, 0.894118 0.894118 0.894118, 0.894118 0.894118 0.894118, 0.894118 0.894118 0.894118, 
            0.894118 0.894118 0.894118, 0.894118 0.894118 0.894118, 0.894118 0.894118 0.894118, 0.894118 0.894118 0.894118, 
            0.894118 0.894118 0.894118, 0.894118 0.894118 0.894118, 0.894118 0.894118 0.894118, 0.894118 0.894118 0.894118, 
            0.894118 0.894118 0.894118, 0.894118 0.894118 0.894118, 0.894118 0.894118 0.894118, 0.894118 0.894118 0.894118, 
            0.894118 0.894118 0.894118, 0.894118 0.894118 0.894118, 0.894118 0.894118 0.894118, 0.894118 0.894118 0.894118, 
            0.894118 0.894118 0.894118, 0.894118 0.894118 0.894118, 0.894118 0.894118 0.894118, 0.894118 0.894118 0.894118, 
            0.894118 0.894118 0.894118, 0.894118 0.894118 0.894118, 0.894118 0.894118 0.894118, 0.894118 0.894118 0.894118, 
            0.894118 0.894118 0.894118, 0.894118 0.894118 0.894118, 0.894118 0.894118 0.894118, 0.894118 0.894118 0.894118, 
            0.894118 0.894118 0.894118, 0.894118 0.894118 0.894118, 0.894118 0.894118 0.894118, 0.894118 0.894118 0.894118, 
            0.894118 0.894118 0.894118, 0.894118 0.894118 0.894118, 0.894118 0.894118 0.894118, 0.894118 0.894118 0.894118, 
            0.894118 0.894118 0.894118, 0.894118 0.894118 0.894118, 0.894118 0.894118 0.894118, 0.894118 0.894118 0.894118, 
            0.894118 0.894118 0.894118, 0.894118 0.894118 0.894118, 0.894118 0.894118 0.894118, 0.894118 0.894118 0.894118, 
            0.894118 0.894118 0.894118, 0.894118 0.894118 0.894118, 0.894118 0.894118 0.894118, 0.894118 0.894118 0.894118, 
            0.894118 0.894118 0.894118, 0.894118 0.894118 0.894118, 0.894118 0.894118 0.894118, 0.894118 0.894118 0.894118, 
            0.894118 0.894118 0.894118, 0.894118 0.894118 0.894118, 0.894118 0.894118 0.894118, 0.894118 0.894118 0.894118, 
            0.894118 0.894118 0.894118, 0.894118 0.894118 0.894118, 0.894118 0.894118 0.894118, 0.894118 0.894118 0.894118, 
            0.894118 0.894118 0.894118, 0.894118 0.894118 0.894118, 0.894118 0.894118 0.894118, 0.894118 0.894118 0.894118, 
            0.894118 0.894118 0.894118, 0.894118 0.894118 0.894118, 0.894118 0.894118 0.894118, 0.894118 0.894118 0.894118, 
            0.894118 0.894118 0.894118, 0.894118 0.894118 0.894118, 0.894118 0.894118 0.894118, 0.894118 0.894118 0.894118, 
            0.894118 0.894118 0.894118, 0.894118 0.894118 0.894118, 0.894118 0.894118 0.894118, 0.894118 0.894118 0.894118, 
            0.894118 0.894118 0.894118, 0.894118 0.894118 0.894118, 0.894118 0.894118 0.894118, 0.894118 0.894118 0.894118, 
            0.894118 0.894118 0.894118, 0.894118 0.894118 0.894118, 0.894118 0.894118 0.894118, 0.894118 0.894118 0.894118, 
            0.894118 0.894118 0.894118, 0.894118 0.894118 0.894118, 0.894118 0.894118 0.894118, 0.894118 0.894118 0.894118, 
            0.894118 0.894118 0.894118, 0.894118 0.894118 0.894118, 0.894118 0.894118 0.894118, 0.894118 0.894118 0.894118, 
            0.894118 0.894118 0.894118, 0.894118 0.894118 0.894118, 0.894118 0.894118 0.894118, 0.894118 0.894118 0.894118, 
            0.894118 0.894118 0.894118, 0.894118 0.894118 0.894118, 0.894118 0.894118 0.894118, 0.894118 0.894118 0.894118, 
            0.894118 0.894118 0.894118, 0.894118 0.894118 0.894118, 0.894118 0.894118 0.894118, 0.894118 0.894118 0.894118, 
            0.894118 0.894118 0.894118, 0.894118 0.894118 0.894118, 0.894118 0.894118 0.894118, 0.894118 0.894118 0.894118, 
            0.894118 0.894118 0.894118, 0.894118 0.894118 0.894118, 0.894118 0.894118 0.894118, 0.894118 0.894118 0.894118, 
            0.894118 0.894118 0.894118, 0.894118 0.894118 0.894118, 0.894118 0.894118 0.894118, 0.894118 0.894118 0.894118, 
            0.894118 0.894118 0.894118, 0.894118 0.894118 0.894118, 0.894118 0.894118 0.894118, 0.894118 0.894118 0.894118, 
            0.894118 0.894118 0.894118, 0.894118 0.894118 0.894118, 0.894118 0.894118 0.894118, 0.894118 0.894118 0.894118, 
            0.894118 0.894118 0.894118, 0.894118 0.894118 0.894118, 0.894118 0.894118 0.894118, 0.894118 0.894118 0.894118, 
            0.894118 0.894118 0.894118, 0.894118 0.894118 0.894118, 0.894118 0.894118 0.894118, 0.894118 0.894118 0.894118, 
            0.894118 0.894118 0.894118, 0.894118 0.894118 0.894118, 0.894118 0.894118 0.894118, 0.894118 0.894118 0.894118, 
            0.894118 0.894118 0.894118, 0.894118 0.894118 0.894118, 0.894118 0.894118 0.894118, 0.894118 0.894118 0.894118, 
            0.894118 0.894118 0.894118, 0.894118 0.894118 0.894118, 0.894118 0.894118 0.894118, 0.894118 0.894118 0.894118, 
            0.894118 0.894118 0.894118, 0.894118 0.894118 0.894118, 0.894118 0.894118 0.894118, 0.894118 0.894118 0.894118, 
            0.894118 0.894118 0.894118, 0.894118 0.894118 0.894118, 0.894118 0.894118 0.894118, 0.894118 0.894118 0.894118, 
            0.894118 0.894118 0.894118, 0.894118 0.894118 0.894118, 0.894118 0.894118 0.894118, 0.894118 0.894118 0.894118, 
            0.894118 0.894118 0.894118, 0.894118 0.894118 0.894118, 0.894118 0.894118 0.894118, 0.894118 0.894118 0.894118, 
            0.894118 0.894118 0.894118, 0.894118 0.894118 0.894118, 0.894118 0.894118 0.894118, 0.894118 0.894118 0.894118, 
            0.894118 0.894118 0.894118, 0.894118 0.894118 0.894118, 0.894118 0.894118 0.894118, 0.894118 0.894118 0.894118, 
            0.894118 0.894118 0.894118, 0.894118 0.894118 0.894118, 0.894118 0.894118 0.894118, 0.894118 0.894118 0.894118, 
            0.894118 0.894118 0.894118, 0.894118 0.894118 0.894118, 0.894118 0.894118 0.894118, 0.894118 0.894118 0.894118, 
            0.894118 0.894118 0.894118, 0.894118 0.894118 0.894118, 0.894118 0.894118 0.894118, 0.894118 0.894118 0.894118, 
            0.894118 0.894118 0.894118, 0.894118 0.894118 0.894118, 0.894118 0.894118 0.894118, 0.894118 0.894118 0.894118, 
            0.894118 0.894118 0.894118, 0.894118 0.894118 0.894118, 0.894118 0.894118 0.894118, 0.894118 0.894118 0.894118, 
            0.894118 0.894118 0.894118, 0.894118 0.894118 0.894118, 0.894118 0.894118 0.894118, 0.894118 0.894118 0.894118, 
            0.894118 0.894118 0.894118, 0.894118 0.894118 0.894118, 0.894118 0.894118 0.894118, 0.894118 0.894118 0.894118, 
            0.894118 0.894118 0.894118, 0.894118 0.894118 0.894118, 0.894118 0.894118 0.894118, 0.894118 0.894118 0.894118, 
            0.894118 0.894118 0.894118, 0.894118 0.894118 0.894118, 0.894118 0.894118 0.894118, 0.894118 0.894118 0.894118, 
            0.894118 0.894118 0.894118, 0.894118 0.894118 0.894118, 0.894118 0.894118 0.894118, 0.894118 0.894118 0.894118, 
            0.894118 0.894118 0.894118, 0.894118 0.894118 0.894118, 0.894118 0.894118 0.894118, 0.894118 0.894118 0.894118, 
            0.894118 0.894118 0.894118, 0.894118 0.894118 0.894118, 0.894118 0.894118 0.894118, 0.894118 0.894118 0.894118, 
            0.894118 0.894118 0.894118, 0.894118 0.894118 0.894118, 0.894118 0.894118 0.894118, 0.894118 0.894118 0.894118, 
            0.894118 0.894118 0.894118, 0.894118 0.894118 0.894118, 0.894118 0.894118 0.894118, 0.894118 0.894118 0.894118, 
            0.894118 0.894118 0.894118, 0.894118 0.894118 0.894118, 0.894118 0.894118 0.894118, 0.894118 0.894118 0.894118, 
            0.894118 0.894118 0.894118, 0.894118 0.894118 0.894118, 0.894118 0.894118 0.894118, 0.894118 0.894118 0.894118, 
            0.894118 0.894118 0.894118, 0.894118 0.894118 0.894118, 0.894118 0.894118 0.894118, 0.894118 0.894118 0.894118, 
            0.894118 0.894118 0.894118, 0.894118 0.894118 0.894118, 0.894118 0.894118 0.894118, 0.894118 0.894118 0.894118, 
            0.894118 0.894118 0.894118, 0.894118 0.894118 0.894118, 0.894118 0.894118 0.894118, 0.894118 0.894118 0.894118, 
            0.894118 0.894118 0.894118, 0.894118 0.894118 0.894118, 0.894118 0.894118 0.894118, 0.894118 0.894118 0.894118, 
            0.894118 0.894118 0.894118, 0.894118 0.894118 0.894118, 0.894118 0.894118 0.894118, 0.894118 0.894118 0.894118, 
            0.894118 0.894118 0.894118, 0.894118 0.894118 0.894118, 0.894118 0.894118 0.894118, 0.894118 0.894118 0.894118, 
            0.894118 0.894118 0.894118, 0.894118 0.894118 0.894118, 0.894118 0.894118 0.894118, 0.894118 0.894118 0.894118, 
            0.894118 0.894118 0.894118, 0.894118 0.894118 0.894118, 0.894118 0.894118 0.894118, 0.894118 0.894118 0.894118, 
            0.894118 0.894118 0.894118, 0.894118 0.894118 0.894118, 0.894118 0.894118 0.894118, 0.894118 0.894118 0.894118, 
            0.894118 0.894118 0.894118, 0.894118 0.894118 0.894118, 0.894118 0.894118 0.894118, 0.894118 0.894118 0.894118, 
            0.894118 0.894118 0.894118, 0.894118 0.894118 0.894118, 0.894118 0.894118 0.894118, 0.894118 0.894118 0.894118, 
            0.894118 0.894118 0.894118, 0.894118 0.894118 0.894118, 0.894118 0.894118 0.894118, 0.894118 0.894118 0.894118, 
            0.894118 0.894118 0.894118, 0.894118 0.894118 0.894118, 0.894118 0.894118 0.894118, 0.894118 0.894118 0.894118, 
            0.894118 0.894118 0.894118, 0.894118 0.894118 0.894118, 0.894118 0.894118 0.894118, 0.894118 0.894118 0.894118, 
            0.894118 0.894118 0.894118, 0.894118 0.894118 0.894118, 0.894118 0.894118 0.894118, 0.894118 0.894118 0.894118, 
            0.894118 0.894118 0.894118, 0.894118 0.894118 0.894118, 0.894118 0.894118 0.894118, 0.894118 0.894118 0.894118, 
            0.894118 0.894118 0.894118, 0.894118 0.894118 0.894118, 0.894118 0.894118 0.894118, 0.894118 0.894118 0.894118, 
            0.894118 0.894118 0.894118, 0.894118 0.894118 0.894118, 0.894118 0.894118 0.894118, 0.894118 0.894118 0.894118, 
            0.894118 0.894118 0.894118, 0.894118 0.894118 0.894118, 0.894118 0.894118 0.894118, 0.894118 0.894118 0.894118, 
            0.894118 0.894118 0.894118, 0.894118 0.894118 0.894118, 0.894118 0.894118 0.894118, 0.894118 0.894118 0.894118, 
            0.894118 0.894118 0.894118, 0.894118 0.894118 0.894118, 0.894118 0.894118 0.894118, 0.894118 0.894118 0.894118, 
            0.894118 0.894118 0.894118, 0.894118 0.894118 0.894118, 0.894118 0.894118 0.894118, 0.894118 0.894118 0.894118, 
            0.894118 0.894118 0.894118, 0.894118 0.894118 0.894118, 0.894118 0.894118 0.894118, 0.894118 0.894118 0.894118, 
            0.894118 0.894118 0.894118, 0.894118 0.894118 0.894118, 0.894118 0.894118 0.894118, 0.894118 0.894118 0.894118, 
            0.894118 0.894118 0.894118, 0.894118 0.894118 0.894118, 0.894118 0.894118 0.894118, 0.894118 0.894118 0.894118, 
            0.894118 0.894118 0.894118, 0.894118 0.894118 0.894118, 0.894118 0.894118 0.894118, 0.894118 0.894118 0.894118, 
            0.894118 0.894118 0.894118, 0.894118 0.894118 0.894118, 0.894118 0.894118 0.894118, 0.894118 0.894118 0.894118, 
            0.894118 0.894118 0.894118, 0.894118 0.894118 0.894118, 0.894118 0.894118 0.894118, 0.894118 0.894118 0.894118, 
            0.894118 0.894118 0.894118, 0.894118 0.894118 0.894118, 0.894118 0.894118 0.894118, 0.894118 0.894118 0.894118, 
            0.894118 0.894118 0.894118, 0.894118 0.894118 0.894118, 0.894118 0.894118 0.894118, 0.894118 0.894118 0.894118, 
            0.894118 0.894118 0.894118, 0.894118 0.894118 0.894118, 0.894118 0.894118 0.894118, 0.894118 0.894118 0.894118, 
            0.894118 0.894118 0.894118, 0.894118 0.894118 0.894118, 0.894118 0.894118 0.894118, 0.894118 0.894118 0.894118, 
            0.894118 0.894118 0.894118, 0.894118 0.894118 0.894118, 0.894118 0.894118 0.894118, 0.894118 0.894118 0.894118, 
            0.894118 0.894118 0.894118, 0.894118 0.894118 0.894118, 0.894118 0.894118 0.894118, 0.894118 0.894118 0.894118, 
            0.894118 0.894118 0.894118, 0.894118 0.894118 0.894118, 0.894118 0.894118 0.894118, 0.894118 0.894118 0.894118, 
            0.894118 0.894118 0.894118, 0.894118 0.894118 0.894118, 0.894118 0.894118 0.894118, 0.894118 0.894118 0.894118, 
            0.894118 0.894118 0.894118, 0.894118 0.894118 0.894118, 0.894118 0.894118 0.894118, 0.894118 0.894118 0.894118, 
            0.894118 0.894118 0.894118, 0.894118 0.894118 0.894118, 0.894118 0.894118 0.894118, 0.894118 0.894118 0.894118, 
            0.894118 0.894118 0.894118, 0.894118 0.894118 0.894118, 0.894118 0.894118 0.894118, 0.894118 0.894118 0.894118, 
            0.894118 0.894118 0.894118, 0.894118 0.894118 0.894118, 0.894118 0.894118 0.894118, 0.894118 0.894118 0.894118, 
            0.894118 0.894118 0.894118, 0.894118 0.894118 0.894118, 0.894118 0.894118 0.894118, 0.894118 0.894118 0.894118, 
            0.894118 0.894118 0.894118, 0.894118 0.894118 0.894118, 0.894118 0.894118 0.894118, 0.894118 0.894118 0.894118, 
            0.894118 0.894118 0.894118, 0.894118 0.894118 0.894118, 0.894118 0.894118 0.894118, 0.894118 0.894118 0.894118, 
            0.894118 0.894118 0.894118, 0.894118 0.894118 0.894118, 0.894118 0.894118 0.894118, 0.894118 0.894118 0.894118, 
            0.894118 0.894118 0.894118, 0.894118 0.894118 0.894118, 0.894118 0.894118 0.894118, 0.894118 0.894118 0.894118, 
            0.894118 0.894118 0.894118, 0.894118 0.894118 0.894118, 0.894118 0.894118 0.894118, 0.894118 0.894118 0.894118, 
            0.894118 0.894118 0.894118, 0.894118 0.894118 0.894118, 0.894118 0.894118 0.894118, 0.894118 0.894118 0.894118, 
            0.894118 0.894118 0.894118, 0.894118 0.894118 0.894118, 0.894118 0.894118 0.894118, 0.894118 0.894118 0.894118, 
            0.894118 0.894118 0.894118, 0.894118 0.894118 0.894118, 0.894118 0.894118 0.894118, 0.894118 0.894118 0.894118, 
            0.894118 0.894118 0.894118, 0.894118 0.894118 0.894118, 0.894118 0.894118 0.894118, 0.894118 0.894118 0.894118, 
            0.894118 0.894118 0.894118, 0.894118 0.894118 0.894118, 0.894118 0.894118 0.894118, 0.894118 0.894118 0.894118, 
            0.894118 0.894118 0.894118, 0.894118 0.894118 0.894118, 0.894118 0.894118 0.894118, 0.894118 0.894118 0.894118, 
            0.894118 0.894118 0.894118, 0.894118 0.894118 0.894118, 0.894118 0.894118 0.894118, 0.894118 0.894118 0.894118, 
            0.894118 0.894118 0.894118, 0.894118 0.894118 0.894118, 0.894118 0.894118 0.894118, 0.894118 0.894118 0.894118, 
            0.894118 0.894118 0.894118, 0.894118 0.894118 0.894118, 0.894118 0.894118 0.894118, 0.894118 0.894118 0.894118, 
            0.894118 0.894118 0.894118, 0.894118 0.894118 0.894118, 0.894118 0.894118 0.894118, 0.894118 0.894118 0.894118, 
            0.894118 0.894118 0.894118, 0.894118 0.894118 0.894118, 0.894118 0.894118 0.894118, 0.894118 0.894118 0.894118, 
            0.894118 0.894118 0.894118, 0.894118 0.894118 0.894118, 0.894118 0.894118 0.894118, 0.894118 0.894118 0.894118, 
            0.894118 0.894118 0.894118, 0.894118 0.894118 0.894118, 0.894118 0.894118 0.894118, 0.894118 0.894118 0.894118, 
            0.894118 0.894118 0.894118, 0.894118 0.894118 0.894118, 0.894118 0.894118 0.894118, 0.894118 0.894118 0.894118, 
            0.894118 0.894118 0.894118, 0.894118 0.894118 0.894118, 0.894118 0.894118 0.894118, 0.894118 0.894118 0.894118, 
            0.894118 0.894118 0.894118, 0.894118 0.894118 0.894118, 0.894118 0.894118 0.894118, 0.894118 0.894118 0.894118, 
            0.894118 0.894118 0.894118, 0.894118 0.894118 0.894118, 0.894118 0.894118 0.894118, 0.894118 0.894118 0.894118, 
            0.894118 0.894118 0.894118, 0.894118 0.894118 0.894118, 0.894118 0.894118 0.894118, 0.894118 0.894118 0.894118, 
            0.894118 0.894118 0.894118, 0.894118 0.894118 0.894118, 0.894118 0.894118 0.894118, 0.894118 0.894118 0.894118, 
            0.894118 0.894118 0.894118, 0.894118 0.894118 0.894118, 0.894118 0.894118 0.894118, 0.894118 0.894118 0.894118, 
            0.894118 0.894118 0.894118, 0.894118 0.894118 0.894118, 0.894118 0.894118 0.894118, 0.894118 0.894118 0.894118, 
            0.894118 0.894118 0.894118, 0.894118 0.894118 0.894118, 0.894118 0.894118 0.894118, 0.894118 0.894118 0.894118, 
            0.894118 0.894118 0.894118, 0.894118 0.894118 0.894118, 0.894118 0.894118 0.894118, 0.894118 0.894118 0.894118, 
            0.894118 0.894118 0.894118, 0.894118 0.894118 0.894118, 0.894118 0.894118 0.894118, 0.894118 0.894118 0.894118, 
            0.894118 0.894118 0.894118, 0.894118 0.894118 0.894118, 0.894118 0.894118 0.894118, 0.894118 0.894118 0.894118, 
            0.894118 0.894118 0.894118, 0.894118 0.894118 0.894118, 0.894118 0.894118 0.894118, 0.894118 0.894118 0.894118, 
            0.894118 0.894118 0.894118, 0.894118 0.894118 0.894118, 0.894118 0.894118 0.894118, 0.894118 0.894118 0.894118, 
            0.894118 0.894118 0.894118, 0.894118 0.894118 0.894118, 0.894118 0.894118 0.894118, 0.894118 0.894118 0.894118, 
            0.894118 0.894118 0.894118, 0.894118 0.894118 0.894118, 0.894118 0.894118 0.894118, 0.894118 0.894118 0.894118, 
            0.894118 0.894118 0.894118, 0.894118 0.894118 0.894118, 0.894118 0.894118 0.894118, 0.894118 0.894118 0.894118, 
            0.894118 0.894118 0.894118, 0.894118 0.894118 0.894118, 0.894118 0.894118 0.894118, 0.894118 0.894118 0.894118, 
            0.894118 0.894118 0.894118, 0.894118 0.894118 0.894118, 0.894118 0.894118 0.894118, 0.894118 0.894118 0.894118, 
            0.894118 0.894118 0.894118, 0.894118 0.894118 0.894118, 0.894118 0.894118 0.894118, 0.894118 0.894118 0.894118, 
            0.894118 0.894118 0.894118, 0.894118 0.894118 0.894118, 0.894118 0.894118 0.894118, 0.894118 0.894118 0.894118, 
            0.894118 0.894118 0.894118, 0.894118 0.894118 0.894118, 0.894118 0.894118 0.894118, 0.894118 0.894118 0.894118, 
            0.894118 0.894118 0.894118, 0.894118 0.894118 0.894118, 0.894118 0.894118 0.894118, 0.894118 0.894118 0.894118, 
            0.894118 0.894118 0.894118, 0.894118 0.894118 0.894118, 0.894118 0.894118 0.894118, 0.894118 0.894118 0.894118, 
            0.894118 0.894118 0.894118, 0.894118 0.894118 0.894118, 0.894118 0.894118 0.894118, 0.894118 0.894118 0.894118, 
            0.894118 0.894118 0.894118, 0.894118 0.894118 0.894118, 0.894118 0.894118 0.894118, 0.894118 0.894118 0.894118, 
            0.894118 0.894118 0.894118, 0.894118 0.894118 0.894118, 0.894118 0.894118 0.894118, 0.894118 0.894118 0.894118, 
            0.894118 0.894118 0.894118, 0.894118 0.894118 0.894118, 0.894118 0.894118 0.894118, 0.894118 0.894118 0.894118, 
            0.894118 0.894118 0.894118, 0.894118 0.894118 0.894118, 0.894118 0.894118 0.894118, 0.894118 0.894118 0.894118, 
            0.894118 0.894118 0.894118, 0.894118 0.894118 0.894118, 0.894118 0.894118 0.894118, 0.894118 0.894118 0.894118, 
            0.894118 0.894118 0.894118, 0.894118 0.894118 0.894118, 0.894118 0.894118 0.894118, 0.894118 0.894118 0.894118, 
            0.894118 0.894118 0.894118, 0.894118 0.894118 0.894118, 0.894118 0.894118 0.894118, 0.894118 0.894118 0.894118, 
            0.894118 0.894118 0.894118, 0.894118 0.894118 0.894118, 0.894118 0.894118 0.894118, 0.894118 0.894118 0.894118, 
            0.894118 0.894118 0.894118, 0.894118 0.894118 0.894118, 0.894118 0.894118 0.894118, 0.894118 0.894118 0.894118, 
            0.894118 0.894118 0.894118, 0.894118 0.894118 0.894118, 0.894118 0.894118 0.894118, 0.894118 0.894118 0.894118, 
            0.894118 0.894118 0.894118, 0.894118 0.894118 0.894118, 0.894118 0.894118 0.894118, 0.894118 0.894118 0.894118, 
            0.894118 0.894118 0.894118, 0.894118 0.894118 0.894118, 0.894118 0.894118 0.894118, 0.894118 0.894118 0.894118, 
            0.894118 0.894118 0.894118, 0.894118 0.894118 0.894118, 0.894118 0.894118 0.894118, 0.894118 0.894118 0.894118, 
            0.894118 0.894118 0.894118, 0.894118 0.894118 0.894118, 0.894118 0.894118 0.894118, 0.894118 0.894118 0.894118, 
            0.894118 0.894118 0.894118, 0.894118 0.894118 0.894118, 0.894118 0.894118 0.894118, 0.894118 0.894118 0.894118, 
            0.894118 0.894118 0.894118, 0.894118 0.894118 0.894118, 0.894118 0.894118 0.894118, 0.894118 0.894118 0.894118, 
            0.894118 0.894118 0.894118, 0.894118 0.894118 0.894118, 0.894118 0.894118 0.894118, 0.894118 0.894118 0.894118, 
            0.894118 0.894118 0.894118, 0.894118 0.894118 0.894118, 0.894118 0.894118 0.894118, 0.894118 0.894118 0.894118, 
            0.894118 0.894118 0.894118, 0.894118 0.894118 0.894118, 0.894118 0.894118 0.894118, 0.894118 0.894118 0.894118, 
            0.894118 0.894118 0.894118, 0.894118 0.894118 0.894118, 0.894118 0.894118 0.894118, 0.894118 0.894118 0.894118, 
            0.894118 0.894118 0.894118, 0.894118 0.894118 0.894118, 0.894118 0.894118 0.894118, 0.894118 0.894118 0.894118, 
            0.894118 0.894118 0.894118, 0.894118 0.894118 0.894118, 0.894118 0.894118 0.894118, 0.894118 0.894118 0.894118, 
            0.894118 0.894118 0.894118, 0.894118 0.894118 0.894118, 0.894118 0.894118 0.894118, 0.894118 0.894118 0.894118, 
            0.894118 0.894118 0.894118, 0.894118 0.894118 0.894118, 0.894118 0.894118 0.894118, 0.894118 0.894118 0.894118, 
            0.894118 0.894118 0.894118, 0.894118 0.894118 0.894118, 0.894118 0.894118 0.894118, 0.894118 0.894118 0.894118, 
            0.894118 0.894118 0.894118, 0.894118 0.894118 0.894118, 0.894118 0.894118 0.894118, 0.894118 0.894118 0.894118, 
            0.894118 0.894118 0.894118, 0.894118 0.894118 0.894118, 0.894118 0.894118 0.894118, 0.894118 0.894118 0.894118, 
            0.894118 0.894118 0.894118, 0.894118 0.894118 0.894118, 0.894118 0.894118 0.894118, 0.894118 0.894118 0.894118, 
            0.894118 0.894118 0.894118, 0.894118 0.894118 0.894118, 0.894118 0.894118 0.894118, 0.894118 0.894118 0.894118, 
            0.894118 0.894118 0.894118, 0.894118 0.894118 0.894118, 0.894118 0.894118 0.894118, 0.894118 0.894118 0.894118, 
            0.894118 0.894118 0.894118, 0.894118 0.894118 0.894118, 0.894118 0.894118 0.894118, 0.894118 0.894118 0.894118, 
            0.894118 0.894118 0.894118, 0.894118 0.894118 0.894118, 0.894118 0.894118 0.894118, 0.894118 0.894118 0.894118, 
            0.894118 0.894118 0.894118, 0.894118 0.894118 0.894118, 0.894118 0.894118 0.894118, 0.894118 0.894118 0.894118, 
            0.894118 0.894118 0.894118, 0.894118 0.894118 0.894118, 0.894118 0.894118 0.894118, 0.894118 0.894118 0.894118, 
            0.894118 0.894118 0.894118, 0.894118 0.894118 0.894118, 0.894118 0.894118 0.894118, 0.894118 0.894118 0.894118, 
            0.894118 0.894118 0.894118, 0.894118 0.894118 0.894118, 0.894118 0.894118 0.894118, 0.894118 0.894118 0.894118, 
            0.894118 0.894118 0.894118, 0.894118 0.894118 0.894118, 0.894118 0.894118 0.894118, 0.894118 0.894118 0.894118, 
            0.894118 0.894118 0.894118, 0.894118 0.894118 0.894118, 0.894118 0.894118 0.894118, 0.894118 0.894118 0.894118, 
            0.894118 0.894118 0.894118, 0.894118 0.894118 0.894118, 0.894118 0.894118 0.894118, 0.894118 0.894118 0.894118, 
            0.894118 0.894118 0.894118, 0.894118 0.894118 0.894118, 0.894118 0.894118 0.894118, 0.894118 0.894118 0.894118, 
            0.894118 0.894118 0.894118, 0.894118 0.894118 0.894118, 0.894118 0.894118 0.894118, 0.894118 0.894118 0.894118, 
            0.894118 0.894118 0.894118, 0.894118 0.894118 0.894118, 0.894118 0.894118 0.894118, 0.894118 0.894118 0.894118, 
            0.894118 0.894118 0.894118, 0.894118 0.894118 0.894118, 0.894118 0.894118 0.894118, 0.894118 0.894118 0.894118, 
            0.894118 0.894118 0.894118, 0.894118 0.894118 0.894118, 0.894118 0.894118 0.894118, 0.894118 0.894118 0.894118, 
            0.894118 0.894118 0.894118, 0.894118 0.894118 0.894118, 0.894118 0.894118 0.894118, 0.894118 0.894118 0.894118, 
            0.894118 0.894118 0.894118, 0.894118 0.894118 0.894118, 0.894118 0.894118 0.894118, 0.894118 0.894118 0.894118, 
            0.894118 0.894118 0.894118, 0.894118 0.894118 0.894118, 0.894118 0.894118 0.894118, 0.894118 0.894118 0.894118, 
            0.996078 0.996078 0.996078, 0.996078 0.996078 0.996078, 0.996078 0.996078 0.996078, 0.996078 0.996078 0.996078, 
            0.996078 0.996078 0.996078, 0.996078 0.996078 0.996078, 0.996078 0.996078 0.996078, 0.996078 0.996078 0.996078, 
            0.996078 0.996078 0.996078, 0.996078 0.996078 0.996078, 0.996078 0.996078 0.996078, 0.996078 0.996078 0.996078, 
            0.996078 0.996078 0.996078, 0.996078 0.996078 0.996078, 0.996078 0.996078 0.996078, 0.996078 0.996078 0.996078, 
            0.996078 0.996078 0.996078, 0.996078 0.996078 0.996078, 0.996078 0.996078 0.996078, 0.996078 0.996078 0.996078, 
            0.996078 0.996078 0.996078, 0.996078 0.996078 0.996078, 0.996078 0.996078 0.996078, 0.996078 0.996078 0.996078, 
            0.996078 0.996078 0.996078, 0.996078 0.996078 0.996078, 0.996078 0.996078 0.996078, 0.996078 0.996078 0.996078, 
            0.996078 0.996078 0.996078, 0.996078 0.996078 0.996078, 0.996078 0.996078 0.996078, 0.996078 0.996078 0.996078, 
            0.996078 0.996078 0.996078, 0.996078 0.996078 0.996078, 0.996078 0.996078 0.996078, 0.996078 0.996078 0.996078, 
            0.996078 0.996078 0.996078, 0.996078 0.996078 0.996078, 0.996078 0.996078 0.996078, 0.996078 0.996078 0.996078, 
            0.996078 0.996078 0.996078, 0.996078 0.996078 0.996078, 0.996078 0.996078 0.996078, 0.996078 0.996078 0.996078, 
            0.996078 0.996078 0.996078, 0.996078 0.996078 0.996078, 0.996078 0.996078 0.996078, 0.996078 0.996078 0.996078, 
            0.996078 0.996078 0.996078, 0.996078 0.996078 0.996078, 0.996078 0.996078 0.996078, 0.996078 0.996078 0.996078, 
            0.996078 0.996078 0.996078, 0.996078 0.996078 0.996078, 0.996078 0.996078 0.996078, 0.996078 0.996078 0.996078, 
            0.894118 0.894118 0.894118, 0.894118 0.894118 0.894118, 0.894118 0.894118 0.894118, 0.894118 0.894118 0.894118, 
            0.894118 0.894118 0.894118, 0.894118 0.894118 0.894118, 0.894118 0.894118 0.894118, 0.894118 0.894118 0.894118, 
            0.894118 0.894118 0.894118, 0.894118 0.894118 0.894118, 0.894118 0.894118 0.894118, 0.894118 0.894118 0.894118, 
            0.894118 0.894118 0.894118, 0.894118 0.894118 0.894118, 0.894118 0.894118 0.894118, 0.894118 0.894118 0.894118, 
            0.894118 0.894118 0.894118, 0.894118 0.894118 0.894118, 0.894118 0.894118 0.894118, 0.894118 0.894118 0.894118, 
            0.894118 0.894118 0.894118, 0.894118 0.894118 0.894118, 0.894118 0.894118 0.894118, 0.894118 0.894118 0.894118, 
            0.894118 0.894118 0.894118, 0.894118 0.894118 0.894118, 0.894118 0.894118 0.894118, 0.894118 0.894118 0.894118, 
            0.894118 0.894118 0.894118, 0.894118 0.894118 0.894118, 0.894118 0.894118 0.894118, 0.894118 0.894118 0.894118, 
            0.894118 0.894118 0.894118, 0.894118 0.894118 0.894118, 0.894118 0.894118 0.894118, 0.894118 0.894118 0.894118, 
            0.894118 0.894118 0.894118, 0.894118 0.894118 0.894118, 0.894118 0.894118 0.894118, 0.894118 0.894118 0.894118, 
            0.894118 0.894118 0.894118
          ]
        }
        coordIndex
        [
          0,1,2,-1, 0,2,3,-1, 4,5,6,-1, 4,6,7,-1, 8,9,10,-1, 8,10,11,-1, 
          12,13,8,-1, 12,8,14,-1, 15,16,17,-1, 15,17,9,-1, 18,19,20,-1, 21,22,23,-1, 
          24,25,26,-1, 27,28,29,-1, 30,31,32,-1, 33,34,35,-1, 36,37,38,-1, 39,40,41,-1, 
          42,43,44,-1, 45,46,47,-1, 48,49,50,-1, 51,52,53,-1, 54,55,56,-1, 57,58,59,-1, 
          60,61,62,-1, 63,64,65,-1, 66,67,68,-1, 69,70,71,-1, 72,73,74,-1, 75,76,77,-1, 
          78,79,80,-1, 81,82,83,-1, 84,85,86,-1, 87,88,89,-1, 87,89,90,-1, 91,92,93,-1, 
          94,95,96,-1, 97,98,99,-1, 100,101,102,-1, 103,104,105,-1, 106,107,108,-1, 109,110,111,-1, 
          112,113,114,-1, 112,114,115,-1, 116,117,118,-1, 116,118,119,-1, 120,118,121,-1, 120,121,122,-1, 
          123,121,124,-1, 123,124,125,-1, 126,124,113,-1, 126,113,127,-1, 128,38,129,-1, 130,131,132,-1, 
          133,134,135,-1, 133,135,136,-1, 137,138,139,-1, 137,139,140,-1, 141,142,143,-1, 141,143,144,-1, 
          144,143,145,-1, 144,145,146,-1, 146,145,147,-1, 146,147,148,-1, 148,147,149,-1, 148,149,150,-1, 
          150,149,151,-1, 150,151,152,-1, 152,151,153,-1, 152,153,154,-1, 154,153,155,-1, 154,155,156,-1, 
          156,155,135,-1, 156,135,134,-1, 157,158,159,-1, 157,159,160,-1, 160,159,161,-1, 160,161,162,-1, 
          162,161,163,-1, 162,163,164,-1, 164,163,165,-1, 164,165,166,-1, 166,165,167,-1, 166,167,168,-1, 
          168,167,169,-1, 168,169,170,-1, 170,169,171,-1, 170,171,172,-1, 172,171,137,-1, 172,137,140,-1, 
          75,173,174,-1, 75,174,175,-1, 173,176,177,-1, 173,177,174,-1, 176,178,179,-1, 176,179,177,-1, 
          178,180,181,-1, 178,181,179,-1, 175,174,182,-1, 175,182,183,-1, 174,177,184,-1, 174,184,182,-1, 
          177,179,185,-1, 177,185,184,-1, 179,181,186,-1, 179,186,185,-1, 183,182,187,-1, 183,187,188,-1, 
          182,184,189,-1, 182,189,187,-1, 184,185,190,-1, 184,190,189,-1, 185,186,191,-1, 185,191,190,-1, 
          188,187,192,-1, 188,192,193,-1, 187,189,194,-1, 187,194,192,-1, 189,190,195,-1, 189,195,194,-1, 
          190,191,196,-1, 190,196,195,-1, 72,197,198,-1, 72,198,199,-1, 197,200,201,-1, 197,201,198,-1, 
          200,202,203,-1, 200,203,201,-1, 202,204,205,-1, 202,205,203,-1, 199,198,206,-1, 199,206,207,-1, 
          198,201,208,-1, 198,208,206,-1, 201,203,209,-1, 201,209,208,-1, 203,205,210,-1, 203,210,209,-1, 
          207,206,211,-1, 207,211,212,-1, 206,208,213,-1, 206,213,211,-1, 208,209,214,-1, 208,214,213,-1, 
          209,210,215,-1, 209,215,214,-1, 212,211,216,-1, 212,216,217,-1, 211,213,186,-1, 211,186,216,-1, 
          213,214,218,-1, 213,218,186,-1, 214,215,219,-1, 214,219,218,-1, 27,220,221,-1, 27,221,222,-1, 
          220,223,224,-1, 220,224,221,-1, 223,225,226,-1, 223,226,224,-1, 225,227,228,-1, 225,228,226,-1, 
          222,221,229,-1, 222,229,230,-1, 221,224,231,-1, 221,231,229,-1, 224,226,232,-1, 224,232,231,-1, 
          226,228,233,-1, 226,233,232,-1, 230,229,234,-1, 230,234,235,-1, 229,231,236,-1, 229,236,234,-1, 
          231,232,237,-1, 231,237,236,-1, 232,233,238,-1, 232,238,237,-1, 235,234,205,-1, 235,205,239,-1, 
          234,236,210,-1, 234,210,205,-1, 236,237,215,-1, 236,215,210,-1, 237,238,240,-1, 237,240,215,-1, 
          78,241,242,-1, 78,242,243,-1, 241,244,245,-1, 241,245,242,-1, 244,246,247,-1, 244,247,245,-1, 
          246,248,249,-1, 246,249,247,-1, 243,242,250,-1, 243,250,251,-1, 242,245,252,-1, 242,252,250,-1, 
          245,247,253,-1, 245,253,252,-1, 247,249,254,-1, 247,254,253,-1, 251,250,255,-1, 251,255,256,-1, 
          250,252,257,-1, 250,257,255,-1, 252,253,258,-1, 252,258,257,-1, 253,254,259,-1, 253,259,258,-1, 
          256,255,228,-1, 256,228,260,-1, 255,257,233,-1, 255,233,228,-1, 257,258,238,-1, 257,238,233,-1, 
          258,259,240,-1, 258,240,238,-1, 81,261,262,-1, 81,262,263,-1, 261,264,265,-1, 261,265,262,-1, 
          264,266,267,-1, 264,267,265,-1, 266,268,269,-1, 266,269,267,-1, 263,262,270,-1, 263,270,271,-1, 
          262,265,272,-1, 262,272,270,-1, 265,267,273,-1, 265,273,272,-1, 267,269,274,-1, 267,274,273,-1, 
          271,270,275,-1, 271,275,276,-1, 270,272,277,-1, 270,277,275,-1, 272,273,278,-1, 272,278,277,-1, 
          273,274,279,-1, 273,279,278,-1, 276,275,249,-1, 276,249,280,-1, 275,277,254,-1, 275,254,249,-1, 
          277,278,259,-1, 277,259,254,-1, 278,279,219,-1, 278,219,259,-1, 84,281,282,-1, 84,282,283,-1, 
          281,284,285,-1, 281,285,282,-1, 284,286,287,-1, 284,287,285,-1, 286,288,289,-1, 286,289,287,-1, 
          283,282,290,-1, 283,290,291,-1, 282,285,292,-1, 282,292,290,-1, 285,287,293,-1, 285,293,292,-1, 
          287,289,294,-1, 287,294,293,-1, 291,290,295,-1, 291,295,296,-1, 290,292,297,-1, 290,297,295,-1, 
          292,293,298,-1, 292,298,297,-1, 293,294,299,-1, 293,299,298,-1, 296,295,300,-1, 296,300,301,-1, 
          295,297,302,-1, 295,302,300,-1, 297,298,303,-1, 297,303,302,-1, 298,299,304,-1, 298,304,303,-1, 
          305,306,307,-1, 308,309,306,-1, 310,311,312,-1, 310,312,309,-1, 313,307,314,-1, 307,306,315,-1, 
          307,315,314,-1, 306,309,316,-1, 306,316,315,-1, 309,312,317,-1, 309,317,316,-1, 318,314,319,-1, 
          314,315,320,-1, 314,320,319,-1, 315,316,321,-1, 315,321,320,-1, 316,317,322,-1, 316,322,321,-1, 
          323,319,324,-1, 323,324,325,-1, 319,320,326,-1, 319,326,324,-1, 320,321,327,-1, 320,327,326,-1, 
          321,322,328,-1, 321,328,327,-1, 329,330,331,-1, 329,331,332,-1, 330,333,334,-1, 330,334,331,-1, 
          333,335,336,-1, 333,336,334,-1, 335,337,338,-1, 335,338,336,-1, 332,331,339,-1, 332,339,340,-1, 
          331,334,341,-1, 331,341,339,-1, 334,336,342,-1, 334,342,341,-1, 336,338,343,-1, 336,343,342,-1, 
          340,339,344,-1, 340,344,345,-1, 339,341,346,-1, 339,346,344,-1, 341,342,347,-1, 341,347,346,-1, 
          342,343,348,-1, 342,348,347,-1, 345,344,312,-1, 345,312,349,-1, 344,346,317,-1, 344,317,312,-1, 
          346,347,322,-1, 346,322,317,-1, 347,348,328,-1, 347,328,322,-1, 66,350,351,-1, 66,351,352,-1, 
          350,353,354,-1, 350,354,351,-1, 353,355,356,-1, 353,356,354,-1, 355,357,358,-1, 355,358,356,-1, 
          352,351,359,-1, 352,359,360,-1, 351,354,361,-1, 351,361,359,-1, 354,356,362,-1, 354,362,361,-1, 
          356,358,363,-1, 356,363,362,-1, 360,359,364,-1, 360,364,365,-1, 359,361,366,-1, 359,366,364,-1, 
          361,362,367,-1, 361,367,366,-1, 362,363,368,-1, 362,368,367,-1, 365,364,338,-1, 365,338,337,-1, 
          364,366,343,-1, 364,343,338,-1, 366,367,348,-1, 366,348,343,-1, 367,368,328,-1, 367,328,348,-1, 
          63,369,370,-1, 63,370,371,-1, 369,372,373,-1, 369,373,370,-1, 372,374,375,-1, 372,375,373,-1, 
          374,376,377,-1, 374,377,375,-1, 371,370,378,-1, 371,378,379,-1, 370,373,380,-1, 370,380,378,-1, 
          373,375,381,-1, 373,381,380,-1, 375,377,382,-1, 375,382,381,-1, 379,378,383,-1, 379,383,384,-1, 
          378,380,385,-1, 378,385,383,-1, 380,381,386,-1, 380,386,385,-1, 381,382,387,-1, 381,387,386,-1, 
          384,383,358,-1, 384,358,388,-1, 383,385,363,-1, 383,363,358,-1, 385,386,368,-1, 385,368,363,-1, 
          386,387,328,-1, 386,328,368,-1, 389,390,391,-1, 389,391,392,-1, 390,393,394,-1, 390,394,391,-1, 
          393,395,396,-1, 393,396,394,-1, 395,397,324,-1, 395,324,396,-1, 392,391,398,-1, 392,398,399,-1, 
          391,394,400,-1, 391,400,398,-1, 394,396,401,-1, 394,401,400,-1, 396,324,326,-1, 396,326,401,-1, 
          399,398,402,-1, 399,402,403,-1, 398,400,404,-1, 398,404,402,-1, 400,401,405,-1, 400,405,404,-1, 
          401,326,327,-1, 401,327,405,-1, 403,402,377,-1, 403,377,406,-1, 402,404,382,-1, 402,382,377,-1, 
          404,405,387,-1, 404,387,382,-1, 405,327,328,-1, 405,328,387,-1, 407,408,409,-1, 407,409,410,-1, 
          408,411,412,-1, 408,412,409,-1, 411,413,414,-1, 411,414,412,-1, 413,415,416,-1, 413,416,414,-1, 
          410,409,417,-1, 410,417,418,-1, 409,412,419,-1, 409,419,417,-1, 412,414,420,-1, 412,420,419,-1, 
          414,416,421,-1, 414,421,420,-1, 418,417,422,-1, 418,422,423,-1, 417,419,424,-1, 417,424,422,-1, 
          419,420,425,-1, 419,425,424,-1, 420,421,426,-1, 420,426,425,-1, 423,422,427,-1, 422,424,428,-1, 
          422,428,427,-1, 424,425,429,-1, 424,429,428,-1, 425,430,429,-1, 431,432,433,-1, 431,433,434,-1, 
          432,435,436,-1, 432,436,433,-1, 435,437,438,-1, 437,439,440,-1, 437,440,438,-1, 434,433,441,-1, 
          434,441,442,-1, 433,436,443,-1, 433,443,441,-1, 436,444,443,-1, 438,440,445,-1, 438,445,444,-1, 
          442,441,446,-1, 442,446,447,-1, 441,443,448,-1, 441,448,446,-1, 443,444,449,-1, 443,449,448,-1, 
          444,445,450,-1, 444,450,449,-1, 447,446,416,-1, 447,416,451,-1, 446,448,421,-1, 446,421,416,-1, 
          448,449,426,-1, 448,426,421,-1, 449,450,430,-1, 452,453,454,-1, 452,454,455,-1, 453,456,457,-1, 
          453,457,454,-1, 456,458,459,-1, 456,459,457,-1, 458,460,461,-1, 458,461,459,-1, 455,454,462,-1, 
          455,462,463,-1, 454,457,464,-1, 454,464,462,-1, 457,459,465,-1, 457,465,464,-1, 459,461,466,-1, 
          459,466,465,-1, 463,462,467,-1, 463,467,468,-1, 462,464,469,-1, 462,469,467,-1, 464,465,470,-1, 
          464,470,469,-1, 465,466,471,-1, 465,471,470,-1, 468,467,440,-1, 468,440,472,-1, 467,469,445,-1, 
          467,445,440,-1, 469,470,450,-1, 469,450,445,-1, 470,471,430,-1, 470,430,450,-1, 473,474,475,-1, 
          473,475,476,-1, 474,477,478,-1, 474,478,475,-1, 477,479,480,-1, 477,480,478,-1, 479,481,482,-1, 
          479,482,480,-1, 476,475,483,-1, 476,483,484,-1, 475,478,485,-1, 475,485,483,-1, 478,480,486,-1, 
          478,486,485,-1, 480,482,487,-1, 480,487,486,-1, 484,483,488,-1, 484,488,489,-1, 483,485,490,-1, 
          483,490,488,-1, 485,486,491,-1, 485,491,490,-1, 486,487,492,-1, 486,492,491,-1, 489,488,461,-1, 
          489,461,493,-1, 488,490,466,-1, 488,466,461,-1, 490,491,471,-1, 490,471,466,-1, 491,492,430,-1, 
          491,430,471,-1, 494,495,496,-1, 494,496,497,-1, 495,498,499,-1, 495,499,496,-1, 498,500,501,-1, 
          498,501,499,-1, 500,502,503,-1, 500,503,501,-1, 497,496,504,-1, 497,504,505,-1, 496,499,506,-1, 
          496,506,504,-1, 499,501,507,-1, 499,507,506,-1, 501,503,508,-1, 501,508,507,-1, 505,504,509,-1, 
          505,509,510,-1, 504,506,511,-1, 504,511,509,-1, 506,507,512,-1, 506,512,511,-1, 507,508,513,-1, 
          507,513,512,-1, 510,509,482,-1, 510,482,514,-1, 509,511,487,-1, 509,487,482,-1, 511,512,492,-1, 
          511,492,487,-1, 512,513,430,-1, 512,430,492,-1, 515,516,517,-1, 515,517,518,-1, 516,519,520,-1, 
          516,520,517,-1, 519,521,520,-1, 522,523,427,-1, 518,517,524,-1, 518,524,525,-1, 517,520,526,-1, 
          517,526,524,-1, 520,521,527,-1, 520,527,526,-1, 521,427,428,-1, 521,428,527,-1, 525,524,528,-1, 
          525,528,529,-1, 524,526,530,-1, 524,530,528,-1, 526,527,531,-1, 526,531,530,-1, 527,428,429,-1, 
          527,429,531,-1, 529,528,503,-1, 529,503,532,-1, 528,530,508,-1, 528,508,503,-1, 530,531,513,-1, 
          530,513,508,-1, 531,429,430,-1, 531,430,513,-1, 30,533,534,-1, 30,534,535,-1, 533,536,537,-1, 
          533,537,534,-1, 536,538,539,-1, 536,539,537,-1, 538,540,541,-1, 538,541,539,-1, 535,534,542,-1, 
          535,542,543,-1, 534,537,544,-1, 534,544,542,-1, 537,539,545,-1, 537,545,544,-1, 539,541,546,-1, 
          539,546,545,-1, 543,542,547,-1, 543,547,548,-1, 542,544,549,-1, 542,549,547,-1, 544,545,550,-1, 
          544,550,549,-1, 545,546,551,-1, 545,551,550,-1, 548,547,552,-1, 548,552,553,-1, 547,549,554,-1, 
          547,554,552,-1, 549,550,555,-1, 549,555,554,-1, 550,551,556,-1, 550,556,555,-1, 39,557,558,-1, 
          39,558,559,-1, 557,560,561,-1, 557,561,558,-1, 560,562,563,-1, 560,563,561,-1, 562,564,565,-1, 
          562,565,563,-1, 559,558,566,-1, 559,566,567,-1, 558,561,568,-1, 558,568,566,-1, 561,563,569,-1, 
          561,569,568,-1, 563,565,570,-1, 563,570,569,-1, 567,566,571,-1, 567,571,572,-1, 566,568,573,-1, 
          566,573,571,-1, 568,569,574,-1, 568,574,573,-1, 569,570,575,-1, 569,575,574,-1, 572,571,541,-1, 
          572,541,576,-1, 571,573,546,-1, 571,546,541,-1, 573,574,551,-1, 573,551,546,-1, 574,575,556,-1, 
          574,556,551,-1, 577,578,579,-1, 577,579,580,-1, 578,581,582,-1, 578,582,579,-1, 581,583,584,-1, 
          581,584,582,-1, 583,585,586,-1, 583,586,584,-1, 580,579,587,-1, 580,587,588,-1, 579,582,589,-1, 
          579,589,587,-1, 582,584,590,-1, 582,590,589,-1, 584,586,591,-1, 584,591,590,-1, 588,587,592,-1, 
          588,592,593,-1, 587,589,594,-1, 587,594,592,-1, 589,590,595,-1, 589,595,594,-1, 590,591,596,-1, 
          590,596,595,-1, 593,592,565,-1, 593,565,564,-1, 592,594,570,-1, 592,570,565,-1, 594,595,575,-1, 
          594,575,570,-1, 595,596,556,-1, 595,556,575,-1, 597,598,599,-1, 597,599,600,-1, 598,601,602,-1, 
          598,602,599,-1, 601,603,604,-1, 601,604,602,-1, 603,605,606,-1, 603,606,604,-1, 600,599,607,-1, 
          600,607,608,-1, 599,602,609,-1, 599,609,607,-1, 602,604,610,-1, 602,610,609,-1, 604,606,611,-1, 
          604,611,610,-1, 608,607,612,-1, 608,612,613,-1, 607,609,614,-1, 607,614,612,-1, 609,610,615,-1, 
          609,615,614,-1, 610,611,616,-1, 610,616,615,-1, 613,612,586,-1, 613,586,617,-1, 612,614,591,-1, 
          612,591,586,-1, 614,615,596,-1, 614,596,591,-1, 615,616,556,-1, 615,556,596,-1, 59,618,619,-1, 
          59,619,620,-1, 618,621,622,-1, 618,622,619,-1, 621,623,624,-1, 621,624,622,-1, 623,625,552,-1, 
          623,552,624,-1, 620,619,626,-1, 620,626,627,-1, 619,622,628,-1, 619,628,626,-1, 622,624,629,-1, 
          622,629,628,-1, 624,552,554,-1, 624,554,629,-1, 627,626,630,-1, 627,630,631,-1, 626,628,632,-1, 
          626,632,630,-1, 628,629,633,-1, 628,633,632,-1, 629,554,555,-1, 629,555,633,-1, 631,630,606,-1, 
          631,606,634,-1, 630,632,611,-1, 630,611,606,-1, 632,633,616,-1, 632,616,611,-1, 633,555,556,-1, 
          633,556,616,-1, 45,635,636,-1, 45,636,637,-1, 635,638,639,-1, 635,639,636,-1, 638,640,641,-1, 
          638,641,639,-1, 640,642,643,-1, 640,643,641,-1, 637,636,644,-1, 637,644,645,-1, 636,639,646,-1, 
          636,646,644,-1, 639,641,647,-1, 639,647,646,-1, 641,643,648,-1, 641,648,647,-1, 645,644,649,-1, 
          645,649,650,-1, 644,646,651,-1, 644,651,649,-1, 646,647,652,-1, 646,652,651,-1, 647,648,653,-1, 
          647,653,652,-1, 650,649,654,-1, 650,654,655,-1, 649,651,656,-1, 649,656,654,-1, 651,652,657,-1, 
          651,657,656,-1, 652,653,658,-1, 652,658,657,-1, 42,659,660,-1, 42,660,661,-1, 659,662,663,-1, 
          659,663,660,-1, 662,664,665,-1, 662,665,663,-1, 664,666,667,-1, 664,667,665,-1, 661,660,668,-1, 
          661,668,669,-1, 660,663,670,-1, 660,670,668,-1, 663,665,671,-1, 663,671,670,-1, 665,667,672,-1, 
          665,672,671,-1, 669,668,673,-1, 669,673,674,-1, 668,670,675,-1, 668,675,673,-1, 670,671,676,-1, 
          670,676,675,-1, 671,672,677,-1, 671,677,676,-1, 674,673,643,-1, 674,643,678,-1, 673,675,648,-1, 
          673,648,643,-1, 675,676,653,-1, 675,653,648,-1, 676,677,658,-1, 676,658,653,-1, 33,679,680,-1, 
          33,680,681,-1, 679,682,683,-1, 679,683,680,-1, 682,684,685,-1, 682,685,683,-1, 684,686,687,-1, 
          684,687,685,-1, 681,680,688,-1, 681,688,689,-1, 680,683,690,-1, 680,690,688,-1, 683,685,691,-1, 
          683,691,690,-1, 685,687,692,-1, 685,692,691,-1, 689,688,693,-1, 689,693,694,-1, 688,690,695,-1, 
          688,695,693,-1, 690,691,696,-1, 690,696,695,-1, 691,692,697,-1, 691,697,696,-1, 694,693,667,-1, 
          694,667,698,-1, 693,695,672,-1, 693,672,667,-1, 695,696,677,-1, 695,677,672,-1, 696,697,658,-1, 
          696,658,677,-1, 48,699,700,-1, 48,700,701,-1, 699,702,703,-1, 699,703,700,-1, 702,704,705,-1, 
          702,705,703,-1, 704,706,707,-1, 704,707,705,-1, 701,700,708,-1, 701,708,709,-1, 700,703,710,-1, 
          700,710,708,-1, 703,705,711,-1, 703,711,710,-1, 705,707,712,-1, 705,712,711,-1, 709,708,713,-1, 
          709,713,714,-1, 708,710,715,-1, 708,715,713,-1, 710,711,716,-1, 710,716,715,-1, 711,712,717,-1, 
          711,717,716,-1, 714,713,687,-1, 714,687,718,-1, 713,715,692,-1, 713,692,687,-1, 715,716,697,-1, 
          715,697,692,-1, 716,717,658,-1, 716,658,697,-1, 51,719,720,-1, 51,720,721,-1, 719,722,723,-1, 
          719,723,720,-1, 722,724,725,-1, 722,725,723,-1, 724,726,727,-1, 724,727,725,-1, 721,720,728,-1, 
          721,728,729,-1, 720,723,730,-1, 720,730,728,-1, 723,725,731,-1, 723,731,730,-1, 725,727,732,-1, 
          725,732,731,-1, 729,728,733,-1, 729,733,734,-1, 728,730,735,-1, 728,735,733,-1, 730,731,736,-1, 
          730,736,735,-1, 731,732,737,-1, 731,737,736,-1, 734,733,707,-1, 734,707,738,-1, 733,735,712,-1, 
          733,712,707,-1, 735,736,717,-1, 735,717,712,-1, 736,737,658,-1, 736,658,717,-1, 54,739,740,-1, 
          54,740,741,-1, 739,742,743,-1, 739,743,740,-1, 742,744,745,-1, 742,745,743,-1, 744,746,654,-1, 
          744,654,745,-1, 741,740,747,-1, 741,747,748,-1, 740,743,749,-1, 740,749,747,-1, 743,745,750,-1, 
          743,750,749,-1, 745,654,656,-1, 745,656,750,-1, 748,747,751,-1, 748,751,752,-1, 747,749,753,-1, 
          747,753,751,-1, 749,750,754,-1, 749,754,753,-1, 750,656,657,-1, 750,657,754,-1, 752,751,727,-1, 
          752,727,755,-1, 751,753,732,-1, 751,732,727,-1, 753,754,737,-1, 753,737,732,-1, 754,657,658,-1, 
          754,658,737,-1, 756,757,758,-1, 756,758,759,-1, 757,760,761,-1, 757,761,758,-1, 760,762,763,-1, 
          760,763,761,-1, 762,764,765,-1, 762,765,763,-1, 759,758,766,-1, 759,766,767,-1, 758,761,768,-1, 
          758,768,766,-1, 761,763,769,-1, 761,769,768,-1, 763,765,770,-1, 763,770,769,-1, 767,766,771,-1, 
          767,771,772,-1, 766,768,773,-1, 766,773,771,-1, 768,769,774,-1, 768,774,773,-1, 769,770,775,-1, 
          769,775,774,-1, 772,771,776,-1, 772,776,777,-1, 771,773,778,-1, 771,778,776,-1, 773,774,779,-1, 
          773,779,778,-1, 774,775,780,-1, 774,780,779,-1, 128,781,782,-1, 128,782,783,-1, 781,784,785,-1, 
          781,785,782,-1, 784,786,787,-1, 784,787,785,-1, 786,788,789,-1, 786,789,787,-1, 783,782,790,-1, 
          783,790,791,-1, 782,785,792,-1, 782,792,790,-1, 785,787,793,-1, 785,793,792,-1, 787,789,794,-1, 
          787,794,793,-1, 791,790,795,-1, 791,795,796,-1, 790,792,797,-1, 790,797,795,-1, 792,793,798,-1, 
          792,798,797,-1, 793,794,799,-1, 793,799,798,-1, 796,795,765,-1, 796,765,800,-1, 795,797,770,-1, 
          795,770,765,-1, 797,798,775,-1, 797,775,770,-1, 798,799,780,-1, 798,780,775,-1, 132,801,802,-1, 
          132,802,803,-1, 801,804,805,-1, 801,805,802,-1, 804,806,807,-1, 804,807,805,-1, 806,808,809,-1, 
          806,809,807,-1, 803,802,810,-1, 803,810,811,-1, 802,805,812,-1, 802,812,810,-1, 805,807,813,-1, 
          805,813,812,-1, 807,809,814,-1, 807,814,813,-1, 811,810,815,-1, 811,815,816,-1, 810,812,817,-1, 
          810,817,815,-1, 812,813,818,-1, 812,818,817,-1, 813,814,819,-1, 813,819,818,-1, 816,815,789,-1, 
          816,789,820,-1, 815,817,794,-1, 815,794,789,-1, 817,818,799,-1, 817,799,794,-1, 818,819,780,-1, 
          818,780,799,-1, 18,821,822,-1, 18,822,823,-1, 821,824,825,-1, 821,825,822,-1, 824,826,827,-1, 
          824,827,825,-1, 826,828,776,-1, 826,776,827,-1, 823,822,829,-1, 823,829,830,-1, 822,825,831,-1, 
          822,831,829,-1, 825,827,832,-1, 825,832,831,-1, 827,776,778,-1, 827,778,832,-1, 830,829,833,-1, 
          830,833,834,-1, 829,831,835,-1, 829,835,833,-1, 831,832,836,-1, 831,836,835,-1, 832,778,779,-1, 
          832,779,836,-1, 834,833,809,-1, 834,809,837,-1, 833,835,814,-1, 833,814,809,-1, 835,836,819,-1, 
          835,819,814,-1, 836,779,780,-1, 836,780,819,-1, 100,838,839,-1, 100,839,840,-1, 838,841,842,-1, 
          838,842,839,-1, 841,843,844,-1, 841,844,842,-1, 843,845,846,-1, 843,846,844,-1, 840,839,847,-1, 
          840,847,848,-1, 839,842,849,-1, 839,849,847,-1, 842,844,850,-1, 842,850,849,-1, 844,846,851,-1, 
          844,851,850,-1, 848,847,852,-1, 848,852,853,-1, 847,849,854,-1, 847,854,852,-1, 849,850,855,-1, 
          849,855,854,-1, 850,851,856,-1, 850,856,855,-1, 853,852,857,-1, 853,857,858,-1, 852,854,859,-1, 
          852,859,857,-1, 854,855,860,-1, 854,860,859,-1, 855,856,861,-1, 855,861,860,-1, 97,862,863,-1, 
          97,863,864,-1, 862,865,866,-1, 862,866,863,-1, 865,867,868,-1, 865,868,866,-1, 867,869,870,-1, 
          867,870,868,-1, 864,863,871,-1, 864,871,872,-1, 863,866,873,-1, 863,873,871,-1, 866,868,874,-1, 
          866,874,873,-1, 868,870,875,-1, 868,875,874,-1, 872,871,876,-1, 872,876,877,-1, 871,873,878,-1, 
          871,878,876,-1, 873,874,879,-1, 873,879,878,-1, 874,875,880,-1, 874,880,879,-1, 877,876,846,-1, 
          877,846,881,-1, 876,878,851,-1, 876,851,846,-1, 878,879,856,-1, 878,856,851,-1, 879,880,861,-1, 
          879,861,856,-1, 21,882,883,-1, 21,883,884,-1, 882,885,886,-1, 882,886,883,-1, 885,887,888,-1, 
          885,888,886,-1, 887,889,890,-1, 887,890,888,-1, 884,883,891,-1, 884,891,892,-1, 883,886,893,-1, 
          883,893,891,-1, 886,888,894,-1, 886,894,893,-1, 888,890,895,-1, 888,895,894,-1, 892,891,896,-1, 
          892,896,897,-1, 891,893,898,-1, 891,898,896,-1, 893,894,899,-1, 893,899,898,-1, 894,895,900,-1, 
          894,900,899,-1, 897,896,870,-1, 897,870,901,-1, 896,898,875,-1, 896,875,870,-1, 898,899,880,-1, 
          898,880,875,-1, 899,900,861,-1, 899,861,880,-1, 103,902,903,-1, 103,903,904,-1, 902,905,906,-1, 
          902,906,903,-1, 905,907,908,-1, 905,908,906,-1, 907,909,910,-1, 907,910,908,-1, 904,903,911,-1, 
          904,911,912,-1, 903,906,913,-1, 903,913,911,-1, 906,908,914,-1, 906,914,913,-1, 908,910,915,-1, 
          908,915,914,-1, 912,911,916,-1, 912,916,917,-1, 911,913,918,-1, 911,918,916,-1, 913,914,919,-1, 
          913,919,918,-1, 914,915,920,-1, 914,920,919,-1, 917,916,890,-1, 917,890,921,-1, 916,918,895,-1, 
          916,895,890,-1, 918,919,900,-1, 918,900,895,-1, 919,920,861,-1, 919,861,900,-1, 106,922,923,-1, 
          106,923,924,-1, 922,925,926,-1, 922,926,923,-1, 925,927,928,-1, 925,928,926,-1, 927,929,930,-1, 
          927,930,928,-1, 924,923,931,-1, 924,931,932,-1, 923,926,933,-1, 923,933,931,-1, 926,928,934,-1, 
          926,934,933,-1, 928,930,935,-1, 928,935,934,-1, 932,931,936,-1, 932,936,937,-1, 931,933,938,-1, 
          931,938,936,-1, 933,934,939,-1, 933,939,938,-1, 934,935,940,-1, 934,940,939,-1, 937,936,910,-1, 
          937,910,941,-1, 936,938,915,-1, 936,915,910,-1, 938,939,920,-1, 938,920,915,-1, 939,940,861,-1, 
          939,861,920,-1, 109,942,943,-1, 109,943,944,-1, 942,945,946,-1, 942,946,943,-1, 945,947,948,-1, 
          945,948,946,-1, 947,949,857,-1, 947,857,948,-1, 944,943,950,-1, 944,950,951,-1, 943,946,952,-1, 
          943,952,950,-1, 946,948,953,-1, 946,953,952,-1, 948,857,859,-1, 948,859,953,-1, 951,950,954,-1, 
          951,954,955,-1, 950,952,956,-1, 950,956,954,-1, 952,953,957,-1, 952,957,956,-1, 953,859,860,-1, 
          953,860,957,-1, 955,954,930,-1, 955,930,958,-1, 954,956,935,-1, 954,935,930,-1, 956,957,940,-1, 
          956,940,935,-1, 957,860,861,-1, 957,861,940,-1, 24,959,960,-1, 24,960,961,-1, 959,962,963,-1, 
          959,963,960,-1, 962,964,965,-1, 962,965,963,-1, 964,966,967,-1, 964,967,965,-1, 961,960,968,-1, 
          961,968,969,-1, 960,963,970,-1, 960,970,968,-1, 963,965,971,-1, 963,971,970,-1, 965,967,972,-1, 
          965,972,971,-1, 969,968,973,-1, 969,973,974,-1, 968,970,975,-1, 968,975,973,-1, 970,971,976,-1, 
          970,976,975,-1, 971,972,977,-1, 971,977,976,-1, 974,973,978,-1, 974,978,979,-1, 973,975,980,-1, 
          973,980,978,-1, 975,976,981,-1, 975,981,980,-1, 976,977,982,-1, 976,982,981,-1, 60,983,984,-1, 
          60,984,985,-1, 983,986,987,-1, 983,987,984,-1, 986,988,989,-1, 986,989,987,-1, 988,990,991,-1, 
          988,991,989,-1, 985,984,992,-1, 985,992,993,-1, 984,987,994,-1, 984,994,992,-1, 987,989,995,-1, 
          987,995,994,-1, 989,991,996,-1, 989,996,995,-1, 993,992,997,-1, 993,997,998,-1, 992,994,999,-1, 
          992,999,997,-1, 994,995,1000,-1, 994,1000,999,-1, 995,996,1001,-1, 995,1001,1000,-1, 998,997,967,-1, 
          998,967,1002,-1, 997,999,972,-1, 997,972,967,-1, 999,1000,977,-1, 999,977,972,-1, 1000,1001,982,-1, 
          1000,982,977,-1, 94,1003,1004,-1, 94,1004,1005,-1, 1003,1006,1007,-1, 1003,1007,1004,-1, 1006,1008,1009,-1, 
          1006,1009,1007,-1, 1008,1010,1011,-1, 1008,1011,1009,-1, 1005,1004,1012,-1, 1005,1012,1013,-1, 1004,1007,1014,-1, 
          1004,1014,1012,-1, 1007,1009,1015,-1, 1007,1015,1014,-1, 1009,1011,1016,-1, 1009,1016,1015,-1, 1013,1012,1017,-1, 
          1013,1017,1018,-1, 1012,1014,1019,-1, 1012,1019,1017,-1, 1014,1015,1020,-1, 1014,1020,1019,-1, 1015,1016,1021,-1, 
          1015,1021,1020,-1, 1018,1017,991,-1, 1018,991,990,-1, 1017,1019,996,-1, 1017,996,991,-1, 1019,1020,1001,-1, 
          1019,1001,996,-1, 1020,1021,982,-1, 1020,982,1001,-1, 69,1022,1023,-1, 69,1023,1024,-1, 1022,1025,1026,-1, 
          1022,1026,1023,-1, 1025,1027,1028,-1, 1025,1028,1026,-1, 1027,1029,1030,-1, 1027,1030,1028,-1, 1024,1023,1031,-1, 
          1024,1031,1032,-1, 1023,1026,1033,-1, 1023,1033,1031,-1, 1026,1028,1034,-1, 1026,1034,1033,-1, 1028,1030,1035,-1, 
          1028,1035,1034,-1, 1032,1031,1036,-1, 1032,1036,1037,-1, 1031,1033,1038,-1, 1031,1038,1036,-1, 1033,1034,1039,-1, 
          1033,1039,1038,-1, 1034,1035,1040,-1, 1034,1040,1039,-1, 1037,1036,1011,-1, 1037,1011,1041,-1, 1036,1038,1016,-1, 
          1036,1016,1011,-1, 1038,1039,1021,-1, 1038,1021,1016,-1, 1039,1040,982,-1, 1039,982,1021,-1, 93,1042,1043,-1, 
          93,1043,1044,-1, 1042,1045,1046,-1, 1042,1046,1043,-1, 1045,1047,1048,-1, 1045,1048,1046,-1, 1047,1049,978,-1, 
          1047,978,1048,-1, 1044,1043,1050,-1, 1044,1050,1051,-1, 1043,1046,1052,-1, 1043,1052,1050,-1, 1046,1048,1053,-1, 
          1046,1053,1052,-1, 1048,978,980,-1, 1048,980,1053,-1, 1051,1050,1054,-1, 1051,1054,1055,-1, 1050,1052,1056,-1, 
          1050,1056,1054,-1, 1052,1053,1057,-1, 1052,1057,1056,-1, 1053,980,981,-1, 1053,981,1057,-1, 1055,1054,1030,-1, 
          1055,1030,1058,-1, 1054,1056,1035,-1, 1054,1035,1030,-1, 1056,1057,1040,-1, 1056,1040,1035,-1, 1057,981,982,-1, 
          1057,982,1040,-1, 131,130,1059,-1, 131,1059,1060,-1, 1060,1059,1061,-1, 1060,1061,1062,-1, 1062,1061,1063,-1, 
          1062,1063,1064,-1, 1064,1063,1065,-1, 1064,1065,1066,-1, 1066,1065,947,-1, 1066,947,1067,-1, 1067,947,945,-1, 
          1067,945,1068,-1, 1068,945,942,-1, 1068,942,1069,-1, 1069,942,109,-1, 1069,109,111,-1, 98,97,864,-1, 
          98,864,1070,-1, 1070,864,872,-1, 1070,872,1071,-1, 1071,872,877,-1, 1071,877,1072,-1, 1072,877,1073,-1, 
          1072,1073,1074,-1, 1074,1073,843,-1, 1074,843,1075,-1, 1075,843,841,-1, 1075,841,1076,-1, 1076,841,838,-1, 
          1076,838,1077,-1, 1077,838,100,-1, 1077,100,102,-1, 92,91,1078,-1, 92,1078,1079,-1, 1079,1078,1080,-1, 
          1079,1080,1081,-1, 1081,1080,1082,-1, 1081,1082,1083,-1, 1083,1082,1084,-1, 1083,1084,1085,-1, 1085,1084,286,-1, 
          1085,286,1086,-1, 1086,286,284,-1, 1086,284,1087,-1, 1087,284,281,-1, 1087,281,1088,-1, 1088,281,84,-1, 
          1088,84,86,-1, 73,72,199,-1, 73,199,1089,-1, 1089,199,207,-1, 1089,207,1090,-1, 1090,207,212,-1, 
          1090,212,1091,-1, 1091,212,1092,-1, 1091,1092,1093,-1, 1093,1092,178,-1, 1093,178,1094,-1, 1094,178,176,-1, 
          1094,176,1095,-1, 1095,176,173,-1, 1095,173,1096,-1, 1096,173,75,-1, 1096,75,77,-1, 58,57,1097,-1, 
          58,1097,1098,-1, 1098,1097,1099,-1, 1098,1099,1100,-1, 1100,1099,1101,-1, 1100,1101,1102,-1, 1102,1101,1103,-1, 
          1102,1103,1104,-1, 1104,1103,744,-1, 1104,744,1105,-1, 1105,744,742,-1, 1105,742,1106,-1, 1106,742,739,-1, 
          1106,739,1107,-1, 1107,739,54,-1, 1107,54,56,-1, 43,42,661,-1, 43,661,1108,-1, 1108,661,669,-1, 
          1108,669,1109,-1, 1109,669,674,-1, 1109,674,1110,-1, 1110,674,1111,-1, 1110,1111,1112,-1, 1112,1111,640,-1, 
          1112,640,1113,-1, 1113,640,638,-1, 1113,638,1114,-1, 1114,638,635,-1, 1114,635,1115,-1, 1115,635,45,-1, 
          1115,45,47,-1, 756,1116,1117,-1, 756,1117,757,-1, 757,1117,1118,-1, 757,1118,760,-1, 760,1118,1119,-1, 
          760,1119,762,-1, 762,1119,1120,-1, 762,1120,1121,-1, 1121,1120,1122,-1, 1121,1122,1123,-1, 1123,1122,1124,-1, 
          1123,1124,1125,-1, 1125,1124,1126,-1, 1125,1126,1127,-1, 1127,1126,37,-1, 1127,37,36,-1, 128,129,1128,-1, 
          128,1128,781,-1, 781,1128,1129,-1, 781,1129,784,-1, 784,1129,1130,-1, 784,1130,786,-1, 786,1130,1131,-1, 
          786,1131,1132,-1, 1132,1131,1113,-1, 1132,1113,1133,-1, 1133,1113,1114,-1, 1133,1114,1134,-1, 1134,1114,1115,-1, 
          1134,1115,1135,-1, 1135,1115,47,-1, 1135,47,46,-1, 42,44,1136,-1, 42,1136,659,-1, 659,1136,1137,-1, 
          659,1137,662,-1, 662,1137,1138,-1, 662,1138,664,-1, 664,1138,1139,-1, 664,1139,1140,-1, 1140,1139,1141,-1, 
          1140,1141,694,-1, 694,1141,1142,-1, 694,1142,689,-1, 689,1142,1143,-1, 689,1143,681,-1, 681,1143,34,-1, 
          681,34,33,-1, 33,35,1144,-1, 33,1144,679,-1, 679,1144,1145,-1, 679,1145,682,-1, 682,1145,1146,-1, 
          682,1146,684,-1, 684,1146,1147,-1, 684,1147,686,-1, 686,1147,1148,-1, 686,1148,714,-1, 714,1148,1149,-1, 
          714,1149,709,-1, 709,1149,1150,-1, 709,1150,701,-1, 701,1150,49,-1, 701,49,48,-1, 48,50,1151,-1, 
          48,1151,699,-1, 699,1151,1152,-1, 699,1152,702,-1, 702,1152,1153,-1, 702,1153,704,-1, 704,1153,1154,-1, 
          704,1154,706,-1, 706,1154,1155,-1, 706,1155,734,-1, 734,1155,1156,-1, 734,1156,729,-1, 729,1156,1157,-1, 
          729,1157,721,-1, 721,1157,52,-1, 721,52,51,-1, 51,53,1158,-1, 51,1158,719,-1, 719,1158,1159,-1, 
          719,1159,722,-1, 722,1159,1160,-1, 722,1160,724,-1, 724,1160,1161,-1, 724,1161,1162,-1, 1162,1161,1163,-1, 
          1162,1163,752,-1, 752,1163,1164,-1, 752,1164,748,-1, 748,1164,1165,-1, 748,1165,741,-1, 741,1165,55,-1, 
          741,55,54,-1, 59,58,1098,-1, 59,1098,618,-1, 618,1098,1100,-1, 618,1100,621,-1, 621,1100,1102,-1, 
          621,1102,623,-1, 623,1102,1166,-1, 623,1166,1167,-1, 1167,1166,1168,-1, 1167,1168,548,-1, 548,1168,1169,-1, 
          548,1169,543,-1, 543,1169,1170,-1, 543,1170,535,-1, 535,1170,31,-1, 535,31,30,-1, 30,32,1171,-1, 
          30,1171,533,-1, 533,1171,1172,-1, 533,1172,536,-1, 536,1172,1173,-1, 536,1173,538,-1, 538,1173,1174,-1, 
          538,1174,1175,-1, 1175,1174,1176,-1, 1175,1176,572,-1, 572,1176,1177,-1, 572,1177,567,-1, 567,1177,1178,-1, 
          567,1178,559,-1, 559,1178,40,-1, 559,40,39,-1, 39,41,1179,-1, 39,1179,557,-1, 557,1179,1180,-1, 
          557,1180,560,-1, 365,1181,360,-1, 360,1181,1182,-1, 360,1182,352,-1, 352,1182,67,-1, 352,67,66,-1, 
          66,68,1183,-1, 66,1183,350,-1, 350,1183,1184,-1, 350,1184,353,-1, 353,1184,1185,-1, 353,1185,355,-1, 
          355,1185,1186,-1, 355,1186,357,-1, 357,1186,1187,-1, 357,1187,384,-1, 384,1187,1188,-1, 384,1188,379,-1, 
          379,1188,1189,-1, 379,1189,371,-1, 371,1189,64,-1, 371,64,63,-1, 63,65,1190,-1, 63,1190,369,-1, 
          369,1190,1191,-1, 369,1191,372,-1, 372,1191,1192,-1, 372,1192,374,-1, 374,1192,1193,-1, 374,1193,1194,-1, 
          1194,1193,1094,-1, 1194,1094,1195,-1, 1195,1094,1095,-1, 1195,1095,1196,-1, 1196,1095,1096,-1, 1196,1096,1197,-1, 
          1197,1096,77,-1, 1197,77,76,-1, 72,74,1198,-1, 72,1198,197,-1, 197,1198,1199,-1, 197,1199,200,-1, 
          200,1199,1200,-1, 200,1200,202,-1, 202,1200,1201,-1, 202,1201,1202,-1, 1202,1201,1203,-1, 1202,1203,235,-1, 
          235,1203,1204,-1, 235,1204,230,-1, 230,1204,1205,-1, 230,1205,222,-1, 222,1205,28,-1, 222,28,27,-1, 
          27,29,1206,-1, 27,1206,220,-1, 220,1206,1207,-1, 220,1207,223,-1, 223,1207,1208,-1, 223,1208,225,-1, 
          225,1208,1209,-1, 225,1209,227,-1, 227,1209,1210,-1, 227,1210,256,-1, 256,1210,1211,-1, 256,1211,251,-1, 
          251,1211,1212,-1, 251,1212,243,-1, 243,1212,79,-1, 243,79,78,-1, 78,80,1213,-1, 78,1213,241,-1, 
          241,1213,1214,-1, 241,1214,244,-1, 244,1214,1215,-1, 244,1215,246,-1, 246,1215,1216,-1, 246,1216,248,-1, 
          248,1216,1217,-1, 248,1217,276,-1, 276,1217,1218,-1, 276,1218,271,-1, 271,1218,1219,-1, 271,1219,263,-1, 
          263,1219,82,-1, 263,82,81,-1, 81,83,1220,-1, 81,1220,261,-1, 261,1220,1221,-1, 261,1221,264,-1, 
          264,1221,1222,-1, 264,1222,266,-1, 266,1222,1223,-1, 266,1223,268,-1, 301,1223,1224,-1, 301,1224,296,-1, 
          296,1224,1225,-1, 296,1225,291,-1, 291,1225,1226,-1, 291,1226,283,-1, 283,1226,85,-1, 283,85,84,-1, 
          93,92,1079,-1, 93,1079,1042,-1, 1042,1079,1081,-1, 1042,1081,1045,-1, 1045,1081,1083,-1, 1045,1083,1047,-1, 
          1047,1083,1227,-1, 1047,1227,1228,-1, 1228,1227,1229,-1, 1228,1229,974,-1, 974,1229,1230,-1, 974,1230,969,-1, 
          969,1230,1231,-1, 969,1231,961,-1, 961,1231,25,-1, 961,25,24,-1, 24,26,1232,-1, 24,1232,959,-1, 
          959,1232,1233,-1, 959,1233,962,-1, 962,1233,1234,-1, 962,1234,964,-1, 964,1234,1235,-1, 964,1235,966,-1, 
          966,1235,1236,-1, 966,1236,998,-1, 998,1236,1237,-1, 998,1237,993,-1, 993,1237,1238,-1, 993,1238,985,-1, 
          985,1238,61,-1, 985,61,60,-1, 60,62,1239,-1, 60,1239,983,-1, 983,1239,1240,-1, 983,1240,986,-1, 
          986,1240,1241,-1, 986,1241,988,-1, 988,1241,1242,-1, 988,1242,990,-1, 990,1242,1243,-1, 990,1243,1018,-1, 
          1018,1243,1244,-1, 1018,1244,1013,-1, 1013,1244,1245,-1, 1013,1245,1005,-1, 1005,1245,95,-1, 1005,95,94,-1, 
          94,96,1246,-1, 94,1246,1003,-1, 1003,1246,1247,-1, 1003,1247,1006,-1, 1006,1247,1248,-1, 1006,1248,1008,-1, 
          1008,1248,1249,-1, 1008,1249,1010,-1, 1010,1249,1250,-1, 1010,1250,1037,-1, 1037,1250,1251,-1, 1037,1251,1032,-1, 
          1032,1251,1252,-1, 1032,1252,1024,-1, 1024,1252,70,-1, 1024,70,69,-1, 69,71,1253,-1, 69,1253,1022,-1, 
          1022,1253,1254,-1, 1022,1254,1025,-1, 1025,1254,1255,-1, 1025,1255,1027,-1, 1027,1255,1256,-1, 1027,1256,1257,-1, 
          1257,1256,1075,-1, 1257,1075,1258,-1, 1258,1075,1076,-1, 1258,1076,1259,-1, 1259,1076,1077,-1, 1259,1077,1260,-1, 
          1260,1077,102,-1, 1260,102,101,-1, 97,99,1261,-1, 97,1261,862,-1, 862,1261,1262,-1, 862,1262,865,-1, 
          865,1262,1263,-1, 865,1263,867,-1, 867,1263,1264,-1, 867,1264,1265,-1, 1265,1264,1266,-1, 1265,1266,897,-1, 
          897,1266,1267,-1, 897,1267,892,-1, 892,1267,1268,-1, 892,1268,884,-1, 884,1268,22,-1, 884,22,21,-1, 
          21,23,1269,-1, 21,1269,882,-1, 882,1269,1270,-1, 882,1270,885,-1, 885,1270,1271,-1, 885,1271,887,-1, 
          887,1271,1272,-1, 887,1272,889,-1, 889,1272,1273,-1, 889,1273,917,-1, 917,1273,1274,-1, 917,1274,912,-1, 
          912,1274,1275,-1, 912,1275,904,-1, 904,1275,104,-1, 904,104,103,-1, 103,105,1276,-1, 103,1276,902,-1, 
          902,1276,1277,-1, 902,1277,905,-1, 905,1277,1278,-1, 905,1278,907,-1, 907,1278,1279,-1, 907,1279,909,-1, 
          909,1279,1280,-1, 909,1280,937,-1, 937,1280,1281,-1, 937,1281,932,-1, 932,1281,1282,-1, 932,1282,924,-1, 
          924,1282,107,-1, 924,107,106,-1, 106,108,1283,-1, 106,1283,922,-1, 922,1283,1284,-1, 922,1284,925,-1, 
          925,1284,1285,-1, 925,1285,927,-1, 927,1285,1286,-1, 927,1286,1287,-1, 1287,1286,1288,-1, 1287,1288,955,-1, 
          955,1288,1289,-1, 955,1289,951,-1, 951,1289,1290,-1, 951,1290,944,-1, 944,1290,110,-1, 944,110,109,-1, 
          132,131,1060,-1, 132,1060,801,-1, 801,1060,1062,-1, 801,1062,804,-1, 804,1062,1064,-1, 804,1064,806,-1, 
          806,1064,1291,-1, 806,1291,1292,-1, 1292,1291,1293,-1, 1292,1293,834,-1, 834,1293,1294,-1, 834,1294,830,-1, 
          830,1294,1295,-1, 830,1295,823,-1, 823,1295,19,-1, 823,19,18,-1, 1296,756,759,-1, 1296,759,1297,-1, 
          1297,759,767,-1, 1297,767,1298,-1, 1298,767,772,-1, 1298,772,1299,-1, 1299,772,1300,-1, 1299,1300,1301,-1, 
          1301,1300,826,-1, 1301,826,1302,-1, 1302,826,824,-1, 1302,824,1303,-1, 1303,824,821,-1, 1303,821,1304,-1, 
          1304,821,18,-1, 1304,18,20,-1, 756,1296,1116,-1, 1305,1306,1307,-1, 1305,1307,1308,-1, 1308,1307,1309,-1, 
          1308,1309,1310,-1, 1310,1309,1311,-1, 1310,1311,1312,-1, 1312,1311,1313,-1, 1312,1313,1314,-1, 1315,1310,1312,-1, 
          1315,1312,1316,-1, 1309,1317,1318,-1, 1309,1318,1311,-1, 1319,1320,1321,-1, 1319,1321,1322,-1, 1322,1321,1323,-1, 
          1322,1323,1324,-1, 1324,1323,1325,-1, 1324,1325,1326,-1, 1326,1325,1327,-1, 1326,1327,1328,-1, 1329,1324,1326,-1, 
          1329,1326,1330,-1, 1323,1331,1332,-1, 1323,1332,1325,-1, 1333,1334,1335,-1, 1333,1335,1336,-1, 1336,1335,1337,-1, 
          1336,1337,1338,-1, 1338,1337,1339,-1, 1338,1339,1340,-1, 1340,1339,1341,-1, 1340,1341,1342,-1, 1343,1338,1340,-1, 
          1343,1340,1344,-1, 1337,1345,1346,-1, 1337,1346,1339,-1, 1347,1348,1349,-1, 1347,1349,1350,-1, 1350,1349,1351,-1, 
          1350,1351,1352,-1, 1352,1351,1353,-1, 1352,1353,1354,-1, 1354,1353,1355,-1, 1354,1355,1356,-1, 1357,1352,1354,-1, 
          1357,1354,1358,-1, 1351,1359,1360,-1, 1351,1360,1353,-1, 1361,1362,1363,-1, 1361,1363,1364,-1, 1364,1363,1365,-1, 
          1364,1365,1366,-1, 1366,1365,1367,-1, 1366,1367,1368,-1, 1368,1367,1369,-1, 1368,1369,1370,-1, 1371,1366,1368,-1, 
          1371,1368,1372,-1, 1365,1373,1374,-1, 1365,1374,1367,-1, 1375,1376,1377,-1, 1375,1377,1378,-1, 1378,1377,1379,-1, 
          1378,1379,1380,-1, 1380,1379,1381,-1, 1380,1381,1382,-1, 1382,1381,1383,-1, 1382,1383,1384,-1, 1385,1380,1382,-1, 
          1385,1382,1386,-1, 1379,1387,1388,-1, 1379,1388,1381,-1, 1389,1390,1391,-1, 1389,1391,1392,-1, 1393,1394,1395,-1, 
          1393,1395,1396,-1, 1397,1398,1399,-1, 1397,1399,1400,-1, 1400,1399,1401,-1, 1400,1401,1402,-1, 1402,1401,1403,-1, 
          1402,1403,1404,-1, 1404,1403,1405,-1, 1404,1405,1406,-1, 1407,1402,1404,-1, 1407,1404,1408,-1, 1401,1409,1410,-1, 
          1401,1410,1403,-1, 1411,1412,1413,-1, 1411,1413,1414,-1, 1414,1413,1415,-1, 1414,1415,1416,-1, 1416,1415,1417,-1, 
          1416,1417,1418,-1, 1418,1417,1419,-1, 1418,1419,1420,-1, 1421,1416,1418,-1, 1421,1418,1422,-1, 1415,1423,1424,-1, 
          1415,1424,1417,-1, 1425,1426,1427,-1, 1425,1427,1428,-1, 1428,1427,1429,-1, 1428,1429,1430,-1, 1430,1429,1431,-1, 
          1430,1431,1432,-1, 1432,1431,1433,-1, 1432,1433,1434,-1, 1435,1430,1432,-1, 1435,1432,1436,-1, 1429,1437,1438,-1, 
          1429,1438,1431,-1, 1439,1440,1441,-1, 1439,1441,1442,-1, 1442,1441,1443,-1, 1442,1443,1444,-1, 1444,1443,1445,-1, 
          1444,1445,1446,-1, 1446,1445,1447,-1, 1446,1447,1448,-1, 1449,1444,1446,-1, 1449,1446,1450,-1, 1443,1451,1452,-1, 
          1443,1452,1445,-1, 1453,1454,1455,-1, 1453,1455,1456,-1, 1456,1455,1457,-1, 1456,1457,1458,-1, 1458,1457,1459,-1, 
          1458,1459,1460,-1, 1460,1459,1461,-1, 1460,1461,1462,-1, 1463,1458,1460,-1, 1463,1460,1464,-1, 1457,1465,1466,-1, 
          1457,1466,1459,-1, 1467,1468,1469,-1, 1467,1469,1470,-1, 1470,1469,1471,-1, 1470,1471,1472,-1, 1472,1471,1473,-1, 
          1472,1473,1474,-1, 1474,1473,1475,-1, 1474,1475,1476,-1, 1477,1472,1474,-1, 1477,1474,1478,-1, 1471,1479,1480,-1, 
          1471,1480,1473,-1, 1481,1482,1483,-1, 1481,1483,1484,-1, 1484,1483,1485,-1, 1484,1485,1486,-1, 1486,1485,1487,-1, 
          1486,1487,1488,-1, 1488,1487,1489,-1, 1488,1489,1490,-1, 1491,1486,1488,-1, 1491,1488,1492,-1, 1485,1493,1494,-1, 
          1485,1494,1487,-1, 1495,1496,1497,-1, 1495,1497,1498,-1, 1498,1497,1499,-1, 1498,1499,1500,-1, 1500,1499,1501,-1, 
          1500,1501,1502,-1, 1502,1501,1503,-1, 1502,1503,1504,-1, 1505,1500,1502,-1, 1505,1502,1506,-1, 1499,1507,1508,-1, 
          1499,1508,1501,-1, 1509,1510,1511,-1, 1509,1511,1512,-1, 1512,1511,1513,-1, 1512,1513,1514,-1, 1514,1513,1515,-1, 
          1514,1515,1516,-1, 1516,1515,1517,-1, 1516,1517,1518,-1, 1519,1514,1516,-1, 1519,1516,1520,-1, 1513,1521,1522,-1, 
          1513,1522,1515,-1, 1523,1524,1525,-1, 1523,1525,1526,-1, 1526,1525,1527,-1, 1526,1527,1528,-1, 1528,1527,1529,-1, 
          1528,1529,1530,-1, 1530,1529,1531,-1, 1530,1531,1532,-1, 1533,1528,1530,-1, 1533,1530,1534,-1, 1527,1535,1536,-1, 
          1527,1536,1529,-1, 1537,1538,1539,-1, 1537,1539,1540,-1, 1540,1539,1541,-1, 1540,1541,1542,-1, 1542,1541,1543,-1, 
          1542,1543,1544,-1, 1544,1543,1545,-1, 1544,1545,1546,-1, 1547,1542,1544,-1, 1547,1544,1548,-1, 1541,1549,1550,-1, 
          1541,1550,1543,-1, 1551,1552,1553,-1, 1551,1553,1554,-1, 1554,1553,1555,-1, 1554,1555,1556,-1, 1556,1555,1557,-1, 
          1556,1557,1558,-1, 1558,1557,1559,-1, 1558,1559,1560,-1, 1561,1556,1558,-1, 1561,1558,1562,-1, 1555,1563,1564,-1, 
          1555,1564,1557,-1, 1565,1566,1567,-1, 1565,1567,1568,-1, 1568,1567,1569,-1, 1568,1569,1570,-1, 1570,1569,1571,-1, 
          1570,1571,1572,-1, 1572,1571,1573,-1, 1572,1573,1574,-1, 1575,1570,1572,-1, 1575,1572,1576,-1, 1569,1577,1578,-1, 
          1569,1578,1571,-1, 1579,1580,1581,-1, 1579,1581,1582,-1, 1582,1581,1583,-1, 1582,1583,1584,-1, 1584,1583,1585,-1, 
          1584,1585,1586,-1, 1586,1585,1587,-1, 1586,1587,1588,-1, 1589,1584,1586,-1, 1589,1586,1590,-1, 1583,1591,1592,-1, 
          1583,1592,1585,-1, 1593,1594,1595,-1, 1593,1595,1596,-1, 1596,1595,1597,-1, 1596,1597,1598,-1, 1598,1597,1599,-1, 
          1598,1599,1600,-1, 1600,1599,1601,-1, 1600,1601,1602,-1, 1603,1598,1600,-1, 1603,1600,1604,-1, 1597,1605,1606,-1, 
          1597,1606,1599,-1, 1607,1608,1609,-1, 1607,1609,1610,-1, 1610,1609,1611,-1, 1610,1611,1612,-1, 1612,1611,1613,-1, 
          1612,1613,1614,-1, 1614,1613,1615,-1, 1614,1615,1616,-1, 1617,1612,1614,-1, 1617,1614,1618,-1, 1611,1619,1620,-1, 
          1611,1620,1613,-1, 1621,1622,1623,-1, 1621,1623,1624,-1, 1624,1623,1625,-1, 1624,1625,1626,-1, 1626,1625,1627,-1, 
          1626,1627,1628,-1, 1628,1627,1629,-1, 1628,1629,1630,-1, 1631,1626,1628,-1, 1631,1628,1632,-1, 1625,1633,1634,-1, 
          1625,1634,1627,-1, 1635,1636,1637,-1, 1635,1637,1638,-1, 1638,1637,1639,-1, 1638,1639,1640,-1, 1640,1639,1641,-1, 
          1640,1641,1642,-1, 1642,1641,1643,-1, 1642,1643,1644,-1, 1645,1640,1642,-1, 1645,1642,1646,-1, 1639,1647,1648,-1, 
          1639,1648,1641,-1, 1649,1650,1651,-1, 1649,1651,1652,-1, 1652,1651,1653,-1, 1652,1653,1654,-1, 1654,1653,1655,-1, 
          1654,1655,1656,-1, 1656,1655,1657,-1, 1656,1657,1658,-1, 1659,1654,1656,-1, 1659,1656,1660,-1, 1653,1661,1662,-1, 
          1653,1662,1655,-1, 1663,1664,1665,-1, 1663,1665,1666,-1, 1666,1665,1667,-1, 1666,1667,1668,-1, 1668,1667,1669,-1, 
          1668,1669,1670,-1, 1670,1669,1671,-1, 1670,1671,1672,-1, 1673,1668,1670,-1, 1673,1670,1674,-1, 1667,1675,1676,-1, 
          1667,1676,1669,-1, 1677,1678,1679,-1, 1677,1679,1680,-1, 1680,1679,1681,-1, 1680,1681,1682,-1, 1682,1681,1683,-1, 
          1682,1683,1684,-1, 1684,1683,1685,-1, 1684,1685,1686,-1, 1687,1682,1684,-1, 1687,1684,1688,-1, 1681,1689,1690,-1, 
          1681,1690,1683,-1, 1691,1692,1693,-1, 1691,1693,1694,-1, 1694,1693,1695,-1, 1694,1695,1696,-1, 1696,1695,1697,-1, 
          1696,1697,1698,-1, 1698,1697,1699,-1, 1698,1699,1700,-1, 1701,1696,1698,-1, 1701,1698,1702,-1, 1695,1703,1704,-1, 
          1695,1704,1697,-1, 1705,1706,1707,-1, 1705,1707,1708,-1, 1708,1707,1709,-1, 1708,1709,1710,-1, 1710,1709,1711,-1, 
          1710,1711,1712,-1, 1712,1711,1713,-1, 1712,1713,1714,-1, 1715,1710,1712,-1, 1715,1712,1716,-1, 1709,1717,1718,-1, 
          1709,1718,1711,-1, 1719,1720,1721,-1, 1719,1721,1722,-1, 1722,1721,1723,-1, 1722,1723,1724,-1, 1724,1723,1725,-1, 
          1724,1725,1726,-1, 1726,1725,1727,-1, 1726,1727,1728,-1, 1729,1724,1726,-1, 1729,1726,1730,-1, 1723,1731,1732,-1, 
          1723,1732,1725,-1, 1733,1734,1735,-1, 1733,1735,1736,-1, 1736,1735,1737,-1, 1736,1737,1738,-1, 1738,1737,1739,-1, 
          1738,1739,1740,-1, 1740,1739,1741,-1, 1740,1741,1742,-1, 1743,1738,1740,-1, 1743,1740,1744,-1, 1737,1745,1746,-1, 
          1737,1746,1739,-1, 1747,1748,1749,-1, 1747,1749,1750,-1, 1750,1749,1751,-1, 1750,1751,1752,-1, 1752,1751,1753,-1, 
          1752,1753,1754,-1, 1754,1753,1755,-1, 1754,1755,1756,-1, 1757,1752,1754,-1, 1757,1754,1758,-1, 1751,1759,1760,-1, 
          1751,1760,1753,-1, 1761,1762,1763,-1, 1761,1763,1764,-1, 1764,1763,1765,-1, 1764,1765,1766,-1, 1766,1765,1767,-1, 
          1766,1767,1768,-1, 1768,1767,1769,-1, 1768,1769,1770,-1, 1771,1766,1768,-1, 1771,1768,1772,-1, 1765,1773,1774,-1, 
          1765,1774,1767,-1, 1775,1776,1777,-1, 1775,1777,1778,-1, 1778,1777,1779,-1, 1778,1779,1780,-1, 1780,1779,1781,-1, 
          1780,1781,1782,-1, 1782,1781,1783,-1, 1782,1783,1784,-1, 1785,1780,1782,-1, 1785,1782,1786,-1, 1779,1787,1788,-1, 
          1779,1788,1781,-1, 1789,1790,1791,-1, 1789,1791,1792,-1, 1792,1791,1793,-1, 1792,1793,1794,-1, 1794,1793,1795,-1, 
          1794,1795,1796,-1, 1796,1795,1797,-1, 1796,1797,1798,-1, 1799,1794,1796,-1, 1799,1796,1800,-1, 1793,1801,1802,-1, 
          1793,1802,1795,-1, 1803,1804,1805,-1, 1803,1805,1806,-1, 1806,1805,1807,-1, 1806,1807,1808,-1, 1808,1807,1809,-1, 
          1808,1809,1810,-1, 1810,1809,1811,-1, 1810,1811,1812,-1, 1813,1808,1810,-1, 1813,1810,1814,-1, 1807,1815,1816,-1, 
          1807,1816,1809,-1, 1817,1818,1819,-1, 1817,1819,1820,-1, 1820,1819,1821,-1, 1820,1821,1822,-1, 1822,1821,1823,-1, 
          1822,1823,1824,-1, 1824,1823,1825,-1, 1824,1825,1826,-1, 1827,1822,1824,-1, 1827,1824,1828,-1, 1821,1829,1830,-1, 
          1821,1830,1823,-1, 1831,1832,1833,-1, 1831,1833,1834,-1, 1834,1833,1835,-1, 1834,1835,1836,-1, 1836,1835,1837,-1, 
          1836,1837,1838,-1, 1838,1837,1839,-1, 1838,1839,1840,-1, 1841,1836,1838,-1, 1841,1838,1842,-1, 1835,1843,1844,-1, 
          1835,1844,1837,-1, 1845,1846,1847,-1, 1845,1847,1848,-1, 1848,1847,1849,-1, 1848,1849,1850,-1, 1850,1849,1851,-1, 
          1850,1851,1852,-1, 1852,1851,1853,-1, 1852,1853,1854,-1, 1855,1850,1852,-1, 1855,1852,1856,-1, 1849,1857,1858,-1, 
          1849,1858,1851,-1, 1859,1860,1861,-1, 1859,1861,1862,-1, 1862,1861,1863,-1, 1862,1863,1864,-1, 1864,1863,1865,-1, 
          1864,1865,1866,-1, 1866,1865,1867,-1, 1866,1867,1868,-1, 1869,1864,1866,-1, 1869,1866,1870,-1, 1863,1871,1872,-1, 
          1863,1872,1865,-1, 1873,1874,1875,-1, 1873,1875,1876,-1, 1876,1875,1877,-1, 1876,1877,1878,-1, 1878,1877,1879,-1, 
          1878,1879,1880,-1, 1880,1879,1881,-1, 1880,1881,1882,-1, 1883,1878,1880,-1, 1883,1880,1884,-1, 1877,1885,1886,-1, 
          1877,1886,1879,-1, 1887,1888,1889,-1, 1887,1889,1890,-1, 1890,1889,1891,-1, 1890,1891,1892,-1, 1892,1891,1893,-1, 
          1892,1893,1894,-1, 1894,1893,1895,-1, 1894,1895,1896,-1, 1897,1892,1894,-1, 1897,1894,1898,-1, 1891,1899,1900,-1, 
          1891,1900,1893,-1, 1901,1902,1903,-1, 1901,1903,1904,-1, 1904,1903,1905,-1, 1904,1905,1906,-1, 1906,1905,1907,-1, 
          1906,1907,1908,-1, 1908,1907,1909,-1, 1908,1909,1910,-1, 1911,1906,1908,-1, 1911,1908,1912,-1, 1905,1913,1914,-1, 
          1905,1914,1907,-1, 1915,1916,1917,-1, 1915,1917,1918,-1, 1918,1917,1919,-1, 1918,1919,1920,-1, 1920,1919,1921,-1, 
          1920,1921,1922,-1, 1922,1921,1923,-1, 1922,1923,1924,-1, 1925,1920,1922,-1, 1925,1922,1926,-1, 1919,1927,1928,-1, 
          1919,1928,1921,-1, 1929,1930,1931,-1, 1929,1931,1932,-1, 1932,1931,1933,-1, 1932,1933,1934,-1, 1934,1933,1935,-1, 
          1934,1935,1936,-1, 1936,1935,1937,-1, 1936,1937,1938,-1, 1939,1934,1936,-1, 1939,1936,1940,-1, 1933,1941,1942,-1, 
          1933,1942,1935,-1, 1943,1944,1945,-1, 1943,1945,1946,-1, 1946,1945,1947,-1, 1946,1947,1948,-1, 1948,1947,1949,-1, 
          1948,1949,1950,-1, 1950,1949,1951,-1, 1950,1951,1952,-1, 1953,1948,1950,-1, 1953,1950,1954,-1, 1947,1955,1956,-1, 
          1947,1956,1949,-1, 1957,1958,1959,-1, 1957,1959,1960,-1, 1960,1959,1961,-1, 1960,1961,1962,-1, 1962,1961,1963,-1, 
          1962,1963,1964,-1, 1964,1963,1965,-1, 1964,1965,1966,-1, 1967,1962,1964,-1, 1967,1964,1968,-1, 1961,1969,1970,-1, 
          1961,1970,1963,-1, 1971,1972,1973,-1, 1971,1973,1974,-1, 1974,1973,1975,-1, 1974,1975,1976,-1, 1976,1975,1977,-1, 
          1976,1977,1978,-1, 1978,1977,1979,-1, 1978,1979,1980,-1, 1981,1976,1978,-1, 1981,1978,1982,-1, 1975,1983,1984,-1, 
          1975,1984,1977,-1, 1985,1986,1987,-1, 1985,1987,1988,-1, 1988,1987,1989,-1, 1988,1989,1990,-1, 1990,1989,1991,-1, 
          1990,1991,1992,-1, 1992,1991,1993,-1, 1992,1993,1994,-1, 1995,1990,1992,-1, 1995,1992,1996,-1, 1989,1997,1998,-1, 
          1989,1998,1991,-1, 1999,2000,2001,-1, 1999,2001,2002,-1, 2002,2001,2003,-1, 2002,2003,2004,-1, 2004,2003,2005,-1, 
          2004,2005,2006,-1, 2006,2005,2007,-1, 2006,2007,2008,-1, 2009,2004,2006,-1, 2009,2006,2010,-1, 2003,2011,2012,-1, 
          2003,2012,2005,-1, 2013,2014,2015,-1, 2013,2015,2016,-1, 2016,2015,2017,-1, 2016,2017,2018,-1, 2018,2017,2019,-1, 
          2018,2019,2020,-1, 2020,2019,2021,-1, 2020,2021,2022,-1, 2023,2018,2020,-1, 2023,2020,2024,-1, 2017,2025,2026,-1, 
          2017,2026,2019,-1, 2027,2028,2029,-1, 2027,2029,2030,-1, 2030,2029,2031,-1, 2030,2031,2032,-1, 2032,2031,2033,-1, 
          2032,2033,2034,-1, 2034,2033,2035,-1, 2034,2035,2036,-1, 2037,2032,2034,-1, 2037,2034,2038,-1, 2031,2039,2040,-1, 
          2031,2040,2033,-1, 2041,2042,2043,-1, 2041,2043,2044,-1, 2044,2043,2045,-1, 2044,2045,2046,-1, 2046,2045,2047,-1, 
          2046,2047,2048,-1, 2048,2047,2049,-1, 2048,2049,2050,-1, 2051,2046,2048,-1, 2051,2048,2052,-1, 2045,2053,2054,-1, 
          2045,2054,2047,-1, 2055,2056,2057,-1, 2055,2057,2058,-1, 2058,2057,2059,-1, 2058,2059,2060,-1, 2060,2059,2061,-1, 
          2060,2061,2062,-1, 2062,2061,2063,-1, 2062,2063,2064,-1, 2065,2060,2062,-1, 2065,2062,2066,-1, 2059,2067,2068,-1, 
          2059,2068,2061,-1, 2069,2070,2071,-1, 2069,2071,2072,-1, 2072,2071,2073,-1, 2072,2073,2074,-1, 2074,2073,2075,-1, 
          2074,2075,2076,-1, 2076,2075,2077,-1, 2076,2077,2078,-1, 2079,2074,2076,-1, 2079,2076,2080,-1, 2073,2081,2082,-1, 
          2073,2082,2075,-1, 2083,2084,2085,-1, 2083,2085,2086,-1, 2086,2085,2087,-1, 2086,2087,2088,-1, 2088,2087,2089,-1, 
          2088,2089,2090,-1, 2090,2089,2091,-1, 2090,2091,2092,-1, 2093,2088,2090,-1, 2093,2090,2094,-1, 2087,2095,2096,-1, 
          2087,2096,2089,-1, 2097,2098,2099,-1, 2097,2099,2100,-1, 2100,2099,2101,-1, 2100,2101,2102,-1, 2102,2101,2103,-1, 
          2102,2103,2104,-1, 2104,2103,2105,-1, 2104,2105,2106,-1, 2107,2102,2104,-1, 2107,2104,2108,-1, 2101,2109,2110,-1, 
          2101,2110,2103,-1, 2111,2112,2113,-1, 2111,2113,2114,-1, 2114,2113,2115,-1, 2114,2115,2116,-1, 2116,2115,2117,-1, 
          2116,2117,2118,-1, 2118,2117,2119,-1, 2118,2119,2120,-1, 2121,2116,2118,-1, 2121,2118,2122,-1, 2115,2123,2124,-1, 
          2115,2124,2117,-1, 2125,2126,2127,-1, 2125,2127,2128,-1, 2125,2128,2129,-1, 2125,2129,2130,-1, 2125,2130,2131,-1, 
          2125,2131,2132,-1, 2125,2132,2133,-1, 2125,2133,2134,-1, 2125,2134,2135,-1, 2125,2135,2136,-1, 2137,2138,2139,-1, 
          2137,2139,2140,-1, 2137,2140,2141,-1, 2137,2141,2142,-1, 2137,2142,2143,-1, 2137,2143,2144,-1, 2137,2144,2145,-1, 
          2137,2145,2146,-1, 2137,2146,2147,-1, 2137,2147,2148,-1, 2149,2150,2151,-1, 2149,2151,2152,-1, 2149,2152,2153,-1, 
          2149,2153,2154,-1, 2149,2154,2155,-1, 2149,2155,2156,-1, 2149,2156,2157,-1, 2149,2157,2158,-1, 2149,2158,2159,-1, 
          2149,2159,2160,-1, 2136,2135,2161,-1, 2136,2161,2162,-1, 2162,2161,2163,-1, 2162,2163,2164,-1, 2164,2163,2165,-1, 
          2164,2165,2166,-1, 2166,2167,2168,-1, 2166,2168,2169,-1, 2169,2168,2170,-1, 2169,2170,2171,-1, 2171,2170,2150,-1, 
          2171,2150,2149,-1, 2151,2148,2147,-1, 2151,2147,2172,-1, 2173,2174,2175,-1, 2173,2175,2176,-1, 2176,2175,2177,-1, 
          2176,2177,2178,-1, 2179,2177,2180,-1, 2179,2180,2181,-1, 2181,2180,2182,-1, 2181,2182,2183,-1, 2183,2182,2138,-1, 
          2183,2138,2137,-1, 2184,2185,2159,-1, 2184,2159,2140,-1, 2140,2159,2158,-1, 2140,2158,2141,-1, 2141,2158,2157,-1, 
          2141,2157,2142,-1, 2142,2157,2156,-1, 2142,2156,2143,-1, 2143,2156,2155,-1, 2143,2155,2144,-1, 2144,2155,2154,-1, 
          2144,2154,2145,-1, 2145,2154,2153,-1, 2145,2153,2146,-1, 2146,2153,2172,-1, 2146,2172,2147,-1, 2186,2187,2188,-1, 
          2186,2188,2189,-1, 2189,2188,2190,-1, 2189,2190,2191,-1, 2191,2190,2192,-1, 2191,2192,2193,-1, 2193,2192,2194,-1, 
          2193,2194,2195,-1, 2195,2194,2196,-1, 2195,2196,2197,-1, 2197,2196,2198,-1, 2197,2198,2199,-1, 2199,2198,2200,-1, 
          2199,2200,2201,-1, 2201,2200,2202,-1, 2201,2202,2203,-1, 2204,2205,2206,-1, 2204,2206,2207,-1, 2204,2207,2208,-1, 
          2204,2208,2209,-1, 2204,2209,2210,-1, 2204,2210,2211,-1, 2204,2211,2212,-1, 2204,2212,2213,-1, 2204,2213,2203,-1, 
          2204,2203,2202,-1, 2214,2215,2216,-1, 2214,2216,2217,-1, 2218,2219,2220,-1, 2218,2220,2221,-1, 2218,2221,2222,-1, 
          2218,2222,2223,-1, 2223,2222,2224,-1, 2223,2224,2225,-1, 2225,2224,2226,-1, 2225,2226,2227,-1, 2228,2229,2230,-1, 
          2228,2230,2231,-1, 2231,2230,2232,-1, 2231,2232,2233,-1, 2233,2232,2234,-1, 2233,2234,2235,-1, 2235,2234,2236,-1, 
          2235,2236,2237,-1, 2238,2239,2240,-1, 2238,2240,2241,-1, 2241,2240,2242,-1, 2241,2242,2243,-1, 2243,2242,2244,-1, 
          2243,2244,2245,-1, 2245,2244,2246,-1, 2245,2246,2247,-1, 2247,2246,2248,-1, 2247,2248,2249,-1, 2249,2248,2250,-1, 
          2249,2250,2251,-1, 2251,2250,2252,-1, 2251,2252,2253,-1, 2253,2252,2220,-1, 2253,2220,2219,-1, 2254,2255,2256,-1, 
          2254,2256,2257,-1, 2257,2256,2258,-1, 2257,2258,2259,-1, 2259,2258,2260,-1, 2259,2260,2261,-1, 2261,2260,2262,-1, 
          2261,2262,2263,-1, 2263,2262,2264,-1, 2263,2264,2265,-1, 2265,2264,2266,-1, 2265,2266,2267,-1, 2267,2266,2268,-1, 
          2267,2268,2269,-1, 2269,2268,2270,-1, 2269,2270,2271,-1, 2271,2270,2272,-1, 2271,2272,2273,-1, 2273,2272,2274,-1, 
          2273,2274,2275,-1, 2275,2274,2276,-1, 2275,2276,2277,-1, 2277,2276,2278,-1, 2277,2278,2279,-1, 2279,2278,2280,-1, 
          2279,2280,2281,-1, 2281,2280,2282,-1, 2281,2282,2283,-1, 2283,2282,2284,-1, 2283,2284,2285,-1, 2285,2284,2286,-1, 
          2285,2286,2287,-1, 2288,2256,2255,-1, 2289,2290,2291,-1, 2289,2291,2292,-1, 2292,2291,2293,-1, 2292,2293,2294,-1, 
          2294,2293,2295,-1, 2294,2295,2296,-1, 2296,2295,2297,-1, 2296,2297,2298,-1, 2298,2297,2299,-1, 2298,2299,2300,-1, 
          2300,2299,2301,-1, 2300,2301,2302,-1, 2302,2301,2303,-1, 2302,2303,2304,-1, 2304,2303,2305,-1, 2304,2305,2306,-1, 
          2306,2305,2307,-1, 2306,2307,2308,-1, 2308,2307,2309,-1, 2308,2309,2310,-1, 2310,2309,2311,-1, 2310,2311,2312,-1, 
          2312,2311,2313,-1, 2312,2313,2314,-1, 2314,2313,2315,-1, 2314,2315,2316,-1, 2316,2315,2317,-1, 2316,2317,2318,-1, 
          2318,2317,2319,-1, 2318,2319,2320,-1, 2320,2319,2321,-1, 2322,2323,2324,-1, 2322,2324,2325,-1, 2325,2324,2326,-1, 
          2325,2326,2327,-1, 2327,2326,2328,-1, 2327,2328,2329,-1, 2329,2328,2330,-1, 2329,2330,2331,-1, 2331,2330,2332,-1, 
          2331,2332,2333,-1, 2333,2332,2334,-1, 2333,2334,2335,-1, 2335,2334,2336,-1, 2335,2336,2337,-1, 2337,2336,2338,-1, 
          2337,2338,2339,-1, 2339,2338,2340,-1, 2339,2340,2341,-1, 2341,2340,2342,-1, 2341,2342,2343,-1, 2343,2342,2344,-1, 
          2343,2344,2345,-1, 2345,2344,2346,-1, 2345,2346,2347,-1, 2347,2346,2348,-1, 2347,2348,2349,-1, 2349,2348,2350,-1, 
          2349,2350,2351,-1, 2351,2350,2352,-1, 2351,2352,2353,-1, 2353,2352,2354,-1, 2353,2354,2355,-1, 2352,2350,2293,-1, 
          2352,2293,2291,-1, 2350,2348,2295,-1, 2350,2295,2293,-1, 2348,2346,2297,-1, 2348,2297,2295,-1, 2346,2344,2299,-1, 
          2346,2299,2297,-1, 2344,2342,2301,-1, 2344,2301,2299,-1, 2342,2340,2303,-1, 2342,2303,2301,-1, 2340,2338,2305,-1, 
          2340,2305,2303,-1, 2338,2336,2307,-1, 2338,2307,2305,-1, 2336,2334,2309,-1, 2336,2309,2307,-1, 2334,2332,2311,-1, 
          2334,2311,2309,-1, 2332,2330,2313,-1, 2332,2313,2311,-1, 2330,2328,2315,-1, 2330,2315,2313,-1, 2328,2326,2317,-1, 
          2328,2317,2315,-1, 2326,2324,2319,-1, 2326,2319,2317,-1, 2324,2323,2321,-1, 2324,2321,2319,-1, 2322,2325,2285,-1, 
          2322,2285,2287,-1, 2325,2327,2283,-1, 2325,2283,2285,-1, 2327,2329,2281,-1, 2327,2281,2283,-1, 2329,2331,2279,-1, 
          2329,2279,2281,-1, 2331,2333,2277,-1, 2331,2277,2279,-1, 2333,2335,2275,-1, 2333,2275,2277,-1, 2335,2337,2273,-1, 
          2335,2273,2275,-1, 2337,2339,2271,-1, 2337,2271,2273,-1, 2339,2341,2269,-1, 2339,2269,2271,-1, 2341,2343,2267,-1, 
          2341,2267,2269,-1, 2343,2345,2265,-1, 2343,2265,2267,-1, 2345,2347,2263,-1, 2345,2263,2265,-1, 2347,2349,2261,-1, 
          2347,2261,2263,-1, 2349,2351,2259,-1, 2349,2259,2261,-1, 2351,2353,2257,-1, 2351,2257,2259,-1, 2353,2355,2254,-1, 
          2353,2254,2257,-1, 2356,2357,2358,-1, 2356,2358,2359,-1, 2360,2361,2362,-1, 2360,2362,2363,-1, 2360,2363,2364,-1, 
          2360,2364,2365,-1, 2360,2365,2366,-1, 2360,2366,2367,-1, 2360,2367,2368,-1, 2360,2368,2369,-1, 2360,2369,2370,-1, 
          2360,2370,2371,-1, 2371,2370,2372,-1, 2371,2372,2373,-1, 2373,2372,2374,-1, 2373,2374,2375,-1, 2375,2374,2376,-1, 
          2377,2378,2379,-1, 2377,2379,2380,-1, 2380,2379,2381,-1, 2380,2381,2382,-1, 2383,2384,2385,-1, 2383,2385,2386,-1, 
          2386,2385,2387,-1, 2386,2387,2388,-1, 2388,2387,2389,-1, 2388,2389,2390,-1, 2390,2389,2391,-1, 2390,2391,2392,-1, 
          2392,2391,2393,-1, 2392,2393,2394,-1, 2394,2393,2395,-1, 2394,2395,2396,-1, 2396,2395,2397,-1, 2396,2397,2398,-1, 
          2398,2397,2399,-1, 2398,2399,2400,-1, 2401,2402,2403,-1, 2401,2403,2404,-1, 2401,2404,2405,-1, 2401,2405,2406,-1, 
          2401,2406,2407,-1, 2401,2407,2408,-1, 2401,2408,2409,-1, 2401,2409,2410,-1, 2401,2410,2400,-1, 2401,2400,2399,-1, 
          2411,2412,2413,-1, 2411,2413,2414,-1, 2414,2413,2415,-1, 2414,2415,2416,-1, 2416,2415,2417,-1, 2416,2417,2418,-1, 
          2419,2420,2421,-1, 2419,2421,2422,-1, 2422,2421,2423,-1, 2422,2423,2424,-1, 2424,2423,2425,-1, 2424,2425,2426,-1, 
          2426,2425,2427,-1, 2426,2427,2428,-1, 2428,2427,2429,-1, 2430,2431,2432,-1, 2430,2432,2433,-1, 89,88,2434,-1, 
          89,2434,2435,-1, 2436,2437,2438,-1, 2436,2438,2439,-1, 2431,2440,2441,-1, 2431,2441,2432,-1, 2437,2442,2443,-1, 
          2437,2443,2438,-1, 2440,2444,2445,-1, 2440,2445,2441,-1, 2442,2446,2447,-1, 2442,2447,2443,-1, 118,117,2448,-1, 
          118,2448,2449,-1, 2446,2450,2451,-1, 2446,2451,2447,-1, 121,118,2449,-1, 121,2449,2452,-1, 2450,2453,2454,-1, 
          2450,2454,2451,-1, 124,121,2452,-1, 124,2452,2455,-1, 2453,2456,2457,-1, 2453,2457,2454,-1, 2458,2459,2460,-1, 
          2458,2460,2461,-1, 113,124,2455,-1, 113,2455,2462,-1, 2456,2463,2464,-1, 2456,2464,2457,-1, 2459,2465,2466,-1, 
          2459,2466,2460,-1, 114,113,2462,-1, 114,2462,2467,-1, 2463,2468,2469,-1, 2463,2469,2464,-1, 2465,2470,2471,-1, 
          2465,2471,2466,-1, 2468,2472,2473,-1, 2468,2473,2469,-1, 2470,2474,2475,-1, 2470,2475,2471,-1, 2472,2476,2477,-1, 
          2472,2477,2473,-1, 2474,2478,2479,-1, 2474,2479,2475,-1, 2476,2480,2481,-1, 2476,2481,2477,-1, 2478,2482,2483,-1, 
          2478,2483,2479,-1, 2480,2484,2485,-1, 2480,2485,2481,-1, 2482,2486,2487,-1, 2482,2487,2483,-1, 2484,2430,2433,-1, 
          2484,2433,2485,-1, 2486,2436,2439,-1, 2486,2439,2487,-1, 2448,2441,2445,-1, 2448,2432,2441,-1, 2449,2432,2448,-1, 
          2449,2485,2433,-1, 2449,2481,2485,-1, 2449,2477,2481,-1, 2452,2477,2449,-1, 2452,2469,2473,-1, 2452,2464,2469,-1, 
          2452,2457,2464,-1, 2455,2457,2452,-1, 2455,2451,2454,-1, 2455,2447,2451,-1, 2455,2443,2447,-1, 2462,2443,2455,-1, 
          2462,2439,2438,-1, 2462,2487,2439,-1, 2462,2483,2487,-1, 2467,2483,2462,-1, 2434,2475,2479,-1, 2434,2471,2475,-1, 
          2434,2466,2471,-1, 2435,2466,2434,-1, 2435,2461,2460,-1, 2449,2433,2432,-1, 2452,2473,2477,-1, 2455,2454,2457,-1, 
          2462,2438,2443,-1, 2467,2479,2483,-1, 2435,2460,2466,-1, 2488,2489,2490,-1, 2488,2490,2491,-1, 2491,2490,2492,-1, 
          2491,2492,2493,-1, 2493,2492,2494,-1, 2493,2494,2495,-1, 2495,2494,2496,-1, 2495,2496,2497,-1, 2498,2493,2495,-1, 
          2498,2495,2499,-1, 2492,2500,2501,-1, 2492,2501,2494,-1, 2502,2503,2504,-1, 2502,2504,2505,-1, 2505,2504,2506,-1, 
          2505,2506,2507,-1, 2507,2506,2508,-1, 2507,2508,2509,-1, 2509,2508,2510,-1, 2509,2510,2511,-1, 2512,2507,2509,-1, 
          2512,2509,2513,-1, 2506,2514,2515,-1, 2506,2515,2508,-1, 2516,2517,2518,-1, 2516,2518,2519,-1, 2519,2518,2520,-1, 
          2519,2520,2521,-1, 2521,2520,2522,-1, 2521,2522,2523,-1, 2523,2522,2524,-1, 2523,2524,2525,-1, 2526,2521,2523,-1, 
          2526,2523,2527,-1, 2520,2528,2529,-1, 2520,2529,2522,-1, 2530,2531,2532,-1, 2530,2532,2533,-1, 2533,2532,2534,-1, 
          2533,2534,2535,-1, 2535,2534,2536,-1, 2535,2536,2537,-1, 2537,2536,2538,-1, 2537,2538,2539,-1, 2540,2535,2537,-1, 
          2540,2537,2541,-1, 2534,2542,2543,-1, 2534,2543,2536,-1
        ]
      }
      appearance Appearance
      {
        material Material
        {
	       ambientIntensity 0.2
	       diffuseColor 0.9 0.9 0.9
	       specularColor .1 .1 .1
	       shininess .5
        }
      }
    }
  ]
}
