#VRML V2.0 utf8
# File generated by ImageToStl.com - Free Image and 3D model conversion tools

Group {
  children [
    Group {
      children [
        Shape {
          appearance DEF M0 Appearance {
            material Material {
              diffuseColor 0.6 0.6 0.6
              emissiveColor 0.2 0.2 0.2
              transparency 0.7
              shininess 0.1
            }
          }
          geometry IndexedFaceSet {
            coord Coordinate {
              point [
37690.62629211 4707.17099373 13306.54246859,37812.37312066 4539.33479928 13306.5424594,37811.68971261 4539.33479941 13306.54245945,37403.86536619 4711.65566756 13306.54249024,37818.60344102 4886.89790717 13306.54245893,37818.60344038 4883.59620039 13306.54245893,37690.62629517 4707.17099373 13347.04345659,37818.60344343 4883.59620039 13347.04344693,37818.60344408 4886.89790717 13347.04344693,37403.86536924 4711.65566756 13347.04347824,37811.68971566 4539.33479941 13347.04344745,37812.37312372 4539.33479928 13347.0434474              ]
            }
            coordIndex [
0,1,2,-1,3,4,5,-1,0,2,3,-1,3,5,0,-1,6,7,8,-1,9,10,11,-1,6,8,9,-1,9,11,6,-1,2,1,11,-1,11,10,2,-1,8,7,5,-1,5,4,8,-1,10,9,3,-1,3,2,10,-1,3,9,8,-1,8,4,3,-1,6,11,1,-1,1,0,6,-1,6,0,5,-1,5,7,6            ]
            ccw TRUE
            normalPerVertex TRUE
            normal Normal {
              vector [
-1 -0 0,1 0 0,0 -1 0,0 0 -1,0 -0.89155 0.45292,0 0.89155 0.45292,0 0.51659 -0.85623,0 -0.51659 -0.85623              ]
            }
            normalIndex [
0,0,0,-1,0,0,0,-1,0,0,0,-1,0,0,0,-1,1,1,1,-1,1,1,1,-1,1,1,1,-1,1,1,1,-1,2,2,2,-1,2,2,2,-1,3,3,3,-1,3,3,3,-1,4,4,4,-1,4,4,4,-1,5,5,5,-1,5,5,5,-1,6,6,6,-1,6,6,6,-1,7,7,7,-1,7,7,7            ]
          }
        }
        Shape {
          appearance USE M0
          geometry IndexedFaceSet {
            coord Coordinate {
              point [
34490.62629211 3043.69296638 14554.15184359,34612.37312066 2875.85677193 14554.1518344,34611.68971261 2875.85677207 14554.15183445,34203.86536619 3048.17764022 14554.15186524,34618.60344102 3223.41987983 14554.15183393,34618.60344038 3220.11817305 14554.15183393,34490.62629517 3043.69296638 14594.65283159,34618.60344343 3220.11817305 14594.65282193,34618.60344408 3223.41987983 14594.65282193,34203.86536924 3048.17764022 14594.65285324,34611.68971566 2875.85677207 14594.65282245,34612.37312372 2875.85677193 14594.6528224              ]
            }
            coordIndex [
0,1,2,-1,3,4,5,-1,0,2,3,-1,3,5,0,-1,6,7,8,-1,9,10,11,-1,6,8,9,-1,9,11,6,-1,2,1,11,-1,11,10,2,-1,8,7,5,-1,5,4,8,-1,10,9,3,-1,3,2,10,-1,3,9,8,-1,8,4,3,-1,6,11,1,-1,1,0,6,-1,6,0,5,-1,5,7,6            ]
            ccw TRUE
            normalPerVertex TRUE
            normal Normal {
              vector [
-1 -0 0,1 0 0,0 -1 0,0 0 -1,0 -0.89155 0.45292,0 0.89155 0.45292,0 0.51659 -0.85623,0 -0.51659 -0.85623              ]
            }
            normalIndex [
0,0,0,-1,0,0,0,-1,0,0,0,-1,0,0,0,-1,1,1,1,-1,1,1,1,-1,1,1,1,-1,1,1,1,-1,2,2,2,-1,2,2,2,-1,3,3,3,-1,3,3,3,-1,4,4,4,-1,4,4,4,-1,5,5,5,-1,5,5,5,-1,6,6,6,-1,6,6,6,-1,7,7,7,-1,7,7,7            ]
          }
        }
        Shape {
          appearance USE M0
          geometry IndexedFaceSet {
            coord Coordinate {
              point [
34490.62629211 4707.17099373 14055.10789827,34612.37312066 4539.33479928 14055.10788908,34611.68971261 4539.33479941 14055.10788913,34203.86536619 4711.65566756 14055.10791992,34618.60344102 4886.89790717 14055.10788861,34618.60344038 4883.59620039 14055.10788861,34490.62629517 4707.17099373 14095.60888628,34618.60344343 4883.59620039 14095.60887662,34618.60344408 4886.89790717 14095.60887662,34203.86536924 4711.65566756 14095.60890793,34611.68971566 4539.33479941 14095.60887714,34612.37312372 4539.33479928 14095.60887709              ]
            }
            coordIndex [
0,1,2,-1,3,4,5,-1,0,2,3,-1,3,5,0,-1,6,7,8,-1,9,10,11,-1,6,8,9,-1,9,11,6,-1,2,1,11,-1,11,10,2,-1,8,7,5,-1,5,4,8,-1,10,9,3,-1,3,2,10,-1,3,9,8,-1,8,4,3,-1,6,11,1,-1,1,0,6,-1,6,0,5,-1,5,7,6            ]
            ccw TRUE
            normalPerVertex TRUE
            normal Normal {
              vector [
-1 -0 0,1 0 0,0 -1 0,0 0 -1,0 -0.89155 0.45292,0 0.89155 0.45292,0 0.51659 -0.85623,0 -0.51659 -0.85623              ]
            }
            normalIndex [
0,0,0,-1,0,0,0,-1,0,0,0,-1,0,0,0,-1,1,1,1,-1,1,1,1,-1,1,1,1,-1,1,1,1,-1,2,2,2,-1,2,2,2,-1,3,3,3,-1,3,3,3,-1,4,4,4,-1,4,4,4,-1,5,5,5,-1,5,5,5,-1,6,6,6,-1,6,6,6,-1,7,7,7,-1,7,7,7            ]
          }
        }
        Shape {
          appearance USE M0
          geometry IndexedFaceSet {
            coord Coordinate {
              point [
9690.62531555 4707.17099373 14055.10789827,9812.3721441 4539.33479928 14055.10788908,9811.68873604 4539.33479941 14055.10788913,9403.86438962 4711.65566756 14055.10791992,9818.60246446 4886.89790717 14055.10788861,9818.60246381 4883.59620039 14055.10788861,9690.62531861 4707.17099373 14095.60888628,9818.60246687 4883.59620039 14095.60887662,9818.60246751 4886.89790717 14095.60887662,9403.86439268 4711.65566756 14095.60890793,9811.6887391 4539.33479941 14095.60887714,9812.37214715 4539.33479928 14095.60887709              ]
            }
            coordIndex [
0,1,2,-1,3,4,5,-1,0,2,3,-1,3,5,0,-1,6,7,8,-1,9,10,11,-1,6,8,9,-1,9,11,6,-1,2,1,11,-1,11,10,2,-1,8,7,5,-1,5,4,8,-1,10,9,3,-1,3,2,10,-1,3,9,8,-1,8,4,3,-1,6,11,1,-1,1,0,6,-1,6,0,5,-1,5,7,6            ]
            ccw TRUE
            normalPerVertex TRUE
            normal Normal {
              vector [
-1 -0 0,1 0 0,0 -1 0,0 0 -1,0 -0.89155 0.45292,0 0.89155 0.45292,0 0.51659 -0.85623,0 -0.51659 -0.85623              ]
            }
            normalIndex [
0,0,0,-1,0,0,0,-1,0,0,0,-1,0,0,0,-1,1,1,1,-1,1,1,1,-1,1,1,1,-1,1,1,1,-1,2,2,2,-1,2,2,2,-1,3,3,3,-1,3,3,3,-1,4,4,4,-1,4,4,4,-1,5,5,5,-1,5,5,5,-1,6,6,6,-1,6,6,6,-1,7,7,7,-1,7,7,7            ]
          }
        }
        Shape {
          appearance USE M0
          geometry IndexedFaceSet {
            coord Coordinate {
              point [
19290.62629211 3043.69296638 14304.63035921,19412.37312066 2875.85677193 14304.63035002,19411.68971261 2875.85677207 14304.63035007,19003.86536619 3048.17764022 14304.63038086,19418.60344102 3223.41987983 14304.63034955,19418.60344038 3220.11817305 14304.63034955,19290.62629517 3043.69296638 14345.13134722,19418.60344343 3220.11817305 14345.13133756,19418.60344408 3223.41987983 14345.13133756,19003.86536924 3048.17764022 14345.13136887,19411.68971566 2875.85677207 14345.13133808,19412.37312372 2875.85677193 14345.13133803              ]
            }
            coordIndex [
0,1,2,-1,3,4,5,-1,0,2,3,-1,3,5,0,-1,6,7,8,-1,9,10,11,-1,6,8,9,-1,9,11,6,-1,2,1,11,-1,11,10,2,-1,8,7,5,-1,5,4,8,-1,10,9,3,-1,3,2,10,-1,3,9,8,-1,8,4,3,-1,6,11,1,-1,1,0,6,-1,6,0,5,-1,5,7,6            ]
            ccw TRUE
            normalPerVertex TRUE
            normal Normal {
              vector [
-1 -0 0,1 0 0,0 -1 0,0 0 -1,0 -0.89155 0.45292,0 0.89155 0.45292,0 0.51659 -0.85623,0 -0.51659 -0.85623              ]
            }
            normalIndex [
0,0,0,-1,0,0,0,-1,0,0,0,-1,0,0,0,-1,1,1,1,-1,1,1,1,-1,1,1,1,-1,1,1,1,-1,2,2,2,-1,2,2,2,-1,3,3,3,-1,3,3,3,-1,4,4,4,-1,4,4,4,-1,5,5,5,-1,5,5,5,-1,6,6,6,-1,6,6,6,-1,7,7,7,-1,7,7,7            ]
          }
        }
        Shape {
          appearance USE M0
          geometry IndexedFaceSet {
            coord Coordinate {
              point [
3390.62653625 3043.69296638 14554.15184359,3512.3733648 2875.85677193 14554.1518344,3511.68995675 2875.85677207 14554.15183445,3103.86561033 3048.17764022 14554.15186524,3518.60368516 3223.41987983 14554.15183393,3518.60368452 3220.11817305 14554.15183393,3390.62653931 3043.69296638 14594.65283159,3518.60368758 3220.11817305 14594.65282193,3518.60368822 3223.41987983 14594.65282193,3103.86561338 3048.17764022 14594.65285324,3511.6899598 2875.85677207 14594.65282245,3512.37336786 2875.85677193 14594.6528224              ]
            }
            coordIndex [
0,1,2,-1,3,4,5,-1,0,2,3,-1,3,5,0,-1,6,7,8,-1,9,10,11,-1,6,8,9,-1,9,11,6,-1,2,1,11,-1,11,10,2,-1,8,7,5,-1,5,4,8,-1,10,9,3,-1,3,2,10,-1,3,9,8,-1,8,4,3,-1,6,11,1,-1,1,0,6,-1,6,0,5,-1,5,7,6            ]
            ccw TRUE
            normalPerVertex TRUE
            normal Normal {
              vector [
-1 -0 0,1 0 0,0 -1 0,0 0 -1,0 -0.89155 0.45292,0 0.89155 0.45292,0 0.51659 -0.85623,0 -0.51659 -0.85623              ]
            }
            normalIndex [
0,0,0,-1,0,0,0,-1,0,0,0,-1,0,0,0,-1,1,1,1,-1,1,1,1,-1,1,1,1,-1,1,1,1,-1,2,2,2,-1,2,2,2,-1,3,3,3,-1,3,3,3,-1,4,4,4,-1,4,4,4,-1,5,5,5,-1,5,5,5,-1,6,6,6,-1,6,6,6,-1,7,7,7,-1,7,7,7            ]
          }
        }
        Shape {
          appearance USE M0
          geometry IndexedFaceSet {
            coord Coordinate {
              point [
-3009.37346375 3043.69296638 13556.06492952,-2887.6266352 2875.85677193 13556.06492033,-2888.31004325 2875.85677207 13556.06492038,-3296.13438967 3048.17764022 13556.06495117,-2881.39631484 3223.41987983 13556.06491986,-2881.39631548 3220.11817305 13556.06491986,-3009.37346069 3043.69296638 13596.56591753,-2881.39631242 3220.11817305 13596.56590787,-2881.39631178 3223.41987983 13596.56590787,-3296.13438662 3048.17764022 13596.56593918,-2888.3100402 2875.85677207 13596.56590839,-2887.62663214 2875.85677193 13596.56590834              ]
            }
            coordIndex [
0,1,2,-1,3,4,5,-1,0,2,3,-1,3,5,0,-1,6,7,8,-1,9,10,11,-1,6,8,9,-1,9,11,6,-1,2,1,11,-1,11,10,2,-1,8,7,5,-1,5,4,8,-1,10,9,3,-1,3,2,10,-1,3,9,8,-1,8,4,3,-1,6,11,1,-1,1,0,6,-1,6,0,5,-1,5,7,6            ]
            ccw TRUE
            normalPerVertex TRUE
            normal Normal {
              vector [
-1 -0 0,1 0 0,0 -1 0,0 0 -1,0 -0.89155 0.45292,0 0.89155 0.45292,0 0.51659 -0.85623,0 -0.51659 -0.85623              ]
            }
            normalIndex [
0,0,0,-1,0,0,0,-1,0,0,0,-1,0,0,0,-1,1,1,1,-1,1,1,1,-1,1,1,1,-1,1,1,1,-1,2,2,2,-1,2,2,2,-1,3,3,3,-1,3,3,3,-1,4,4,4,-1,4,4,4,-1,5,5,5,-1,5,5,5,-1,6,6,6,-1,6,6,6,-1,7,7,7,-1,7,7,7            ]
          }
        }
        Shape {
          appearance USE M0
          geometry IndexedFaceSet {
            coord Coordinate {
              point [
28190.62629211 3043.69296638 13057.02196077,28312.37312066 2875.85677193 13057.02195158,28311.68971261 2875.85677207 13057.02195163,27903.86536619 3048.17764022 13057.02198242,28318.60344102 3223.41987983 13057.02195111,28318.60344038 3220.11817305 13057.02195111,28190.62629517 3043.69296638 13097.52294878,28318.60344343 3220.11817305 13097.52293912,28318.60344408 3223.41987983 13097.52293912,27903.86536924 3048.17764022 13097.52297043,28311.68971566 2875.85677207 13097.52293964,28312.37312372 2875.85677193 13097.52293959              ]
            }
            coordIndex [
0,1,2,-1,3,4,5,-1,0,2,3,-1,3,5,0,-1,6,7,8,-1,9,10,11,-1,6,8,9,-1,9,11,6,-1,2,1,11,-1,11,10,2,-1,8,7,5,-1,5,4,8,-1,10,9,3,-1,3,2,10,-1,3,9,8,-1,8,4,3,-1,6,11,1,-1,1,0,6,-1,6,0,5,-1,5,7,6            ]
            ccw TRUE
            normalPerVertex TRUE
            normal Normal {
              vector [
-1 -0 0,1 0 0,0 -1 0,0 0 -1,0 -0.89155 0.45292,0 0.89155 0.45292,0 0.51659 -0.85623,0 -0.51659 -0.85623              ]
            }
            normalIndex [
0,0,0,-1,0,0,0,-1,0,0,0,-1,0,0,0,-1,1,1,1,-1,1,1,1,-1,1,1,1,-1,1,1,1,-1,2,2,2,-1,2,2,2,-1,3,3,3,-1,3,3,3,-1,4,4,4,-1,4,4,4,-1,5,5,5,-1,5,5,5,-1,6,6,6,-1,6,6,6,-1,7,7,7,-1,7,7,7            ]
          }
        }
        Shape {
          appearance USE M0
          geometry IndexedFaceSet {
            coord Coordinate {
              point [
34490.62629211 3443.69272224 14554.15184359,34612.37312066 3275.85652779 14554.1518344,34611.68971261 3275.85652793 14554.15183445,34203.86536619 3448.17739608 14554.15186524,34618.60344102 3623.41963569 14554.15183393,34618.60344038 3620.11792891 14554.15183393,34490.62629517 3443.69272224 14594.65283159,34618.60344343 3620.11792891 14594.65282193,34618.60344408 3623.41963569 14594.65282193,34203.86536924 3448.17739608 14594.65285324,34611.68971566 3275.85652793 14594.65282245,34612.37312372 3275.85652779 14594.6528224              ]
            }
            coordIndex [
0,1,2,-1,3,4,5,-1,0,2,3,-1,3,5,0,-1,6,7,8,-1,9,10,11,-1,6,8,9,-1,9,11,6,-1,2,1,11,-1,11,10,2,-1,8,7,5,-1,5,4,8,-1,10,9,3,-1,3,2,10,-1,3,9,8,-1,8,4,3,-1,6,11,1,-1,1,0,6,-1,6,0,5,-1,5,7,6            ]
            ccw TRUE
            normalPerVertex TRUE
            normal Normal {
              vector [
-1 -0 0,1 0 0,0 -1 0,0 0 -1,0 -0.89155 0.45292,0 0.89155 0.45292,0 0.51659 -0.85623,0 -0.51659 -0.85623              ]
            }
            normalIndex [
0,0,0,-1,0,0,0,-1,0,0,0,-1,0,0,0,-1,1,1,1,-1,1,1,1,-1,1,1,1,-1,1,1,1,-1,2,2,2,-1,2,2,2,-1,3,3,3,-1,3,3,3,-1,4,4,4,-1,4,4,4,-1,5,5,5,-1,5,5,5,-1,6,6,6,-1,6,6,6,-1,7,7,7,-1,7,7,7            ]
          }
        }
        Shape {
          appearance USE M0
          geometry IndexedFaceSet {
            coord Coordinate {
              point [
6590.62580383 4243.69296638 13805.58543734,6712.37263238 4075.85677193 13805.58542815,6711.68922432 4075.85677207 13805.5854282,6303.86487791 4248.17764022 13805.58545899,6718.60295274 4423.41987983 13805.58542768,6718.6029521 4420.11817305 13805.58542768,6590.62580689 4243.69296638 13846.08642534,6718.60295515 4420.11817305 13846.08641568,6718.6029558 4423.41987983 13846.08641568,6303.86488096 4248.17764022 13846.08644699,6711.68922738 4075.85677207 13846.0864162,6712.37263543 4075.85677193 13846.08641615              ]
            }
            coordIndex [
0,1,2,-1,3,4,5,-1,0,2,3,-1,3,5,0,-1,6,7,8,-1,9,10,11,-1,6,8,9,-1,9,11,6,-1,2,1,11,-1,11,10,2,-1,8,7,5,-1,5,4,8,-1,10,9,3,-1,3,2,10,-1,3,9,8,-1,8,4,3,-1,6,11,1,-1,1,0,6,-1,6,0,5,-1,5,7,6            ]
            ccw TRUE
            normalPerVertex TRUE
            normal Normal {
              vector [
-1 -0 0,1 0 0,0 -1 0,0 0 -1,0 -0.89155 0.45292,0 0.89155 0.45292,0 0.51659 -0.85623,0 -0.51659 -0.85623              ]
            }
            normalIndex [
0,0,0,-1,0,0,0,-1,0,0,0,-1,0,0,0,-1,1,1,1,-1,1,1,1,-1,1,1,1,-1,1,1,1,-1,2,2,2,-1,2,2,2,-1,3,3,3,-1,3,3,3,-1,4,4,4,-1,4,4,4,-1,5,5,5,-1,5,5,5,-1,6,6,6,-1,6,6,6,-1,7,7,7,-1,7,7,7            ]
          }
        }
        Shape {
          appearance USE M0
          geometry IndexedFaceSet {
            coord Coordinate {
              point [
24990.62629211 4243.69296638 13306.54246859,25112.37312066 4075.85677193 13306.5424594,25111.68971261 4075.85677207 13306.54245945,24703.86536619 4248.17764022 13306.54249024,25118.60344102 4423.41987983 13306.54245893,25118.60344038 4420.11817305 13306.54245893,24990.62629517 4243.69296638 13347.04345659,25118.60344343 4420.11817305 13347.04344693,25118.60344408 4423.41987983 13347.04344693,24703.86536924 4248.17764022 13347.04347824,25111.68971566 4075.85677207 13347.04344745,25112.37312372 4075.85677193 13347.0434474              ]
            }
            coordIndex [
0,1,2,-1,3,4,5,-1,0,2,3,-1,3,5,0,-1,6,7,8,-1,9,10,11,-1,6,8,9,-1,9,11,6,-1,2,1,11,-1,11,10,2,-1,8,7,5,-1,5,4,8,-1,10,9,3,-1,3,2,10,-1,3,9,8,-1,8,4,3,-1,6,11,1,-1,1,0,6,-1,6,0,5,-1,5,7,6            ]
            ccw TRUE
            normalPerVertex TRUE
            normal Normal {
              vector [
-1 -0 0,1 0 0,0 -1 0,0 0 -1,0 -0.89155 0.45292,0 0.89155 0.45292,0 0.51659 -0.85623,0 -0.51659 -0.85623              ]
            }
            normalIndex [
0,0,0,-1,0,0,0,-1,0,0,0,-1,0,0,0,-1,1,1,1,-1,1,1,1,-1,1,1,1,-1,1,1,1,-1,2,2,2,-1,2,2,2,-1,3,3,3,-1,3,3,3,-1,4,4,4,-1,4,4,4,-1,5,5,5,-1,5,5,5,-1,6,6,6,-1,6,6,6,-1,7,7,7,-1,7,7,7            ]
          }
        }
        Shape {
          appearance USE M0
          geometry IndexedFaceSet {
            coord Coordinate {
              point [
31390.62629211 4707.17099373 12807.49949984,31512.37312066 4539.33479928 12807.49949065,31511.68971261 4539.33479941 12807.4994907,31103.86536619 4711.65566756 12807.49952149,31518.60344102 4886.89790717 12807.49949018,31518.60344038 4883.59620039 12807.49949018,31390.62629517 4707.17099373 12848.00048784,31518.60344343 4883.59620039 12848.00047818,31518.60344408 4886.89790717 12848.00047818,31103.86536924 4711.65566756 12848.00050949,31511.68971566 4539.33479941 12848.0004787,31512.37312372 4539.33479928 12848.00047865              ]
            }
            coordIndex [
0,1,2,-1,3,4,5,-1,0,2,3,-1,3,5,0,-1,6,7,8,-1,9,10,11,-1,6,8,9,-1,9,11,6,-1,2,1,11,-1,11,10,2,-1,8,7,5,-1,5,4,8,-1,10,9,3,-1,3,2,10,-1,3,9,8,-1,8,4,3,-1,6,11,1,-1,1,0,6,-1,6,0,5,-1,5,7,6            ]
            ccw TRUE
            normalPerVertex TRUE
            normal Normal {
              vector [
-1 -0 0,1 0 0,0 -1 0,0 0 -1,0 -0.89155 0.45292,0 0.89155 0.45292,0 0.51659 -0.85623,0 -0.51659 -0.85623              ]
            }
            normalIndex [
0,0,0,-1,0,0,0,-1,0,0,0,-1,0,0,0,-1,1,1,1,-1,1,1,1,-1,1,1,1,-1,1,1,1,-1,2,2,2,-1,2,2,2,-1,3,3,3,-1,3,3,3,-1,4,4,4,-1,4,4,4,-1,5,5,5,-1,5,5,5,-1,6,6,6,-1,6,6,6,-1,7,7,7,-1,7,7,7            ]
          }
        }
        Shape {
          appearance USE M0
          geometry IndexedFaceSet {
            coord Coordinate {
              point [
6590.62580383 3443.69272224 12807.49949984,6712.37263238 3275.85652779 12807.49949065,6711.68922432 3275.85652793 12807.4994907,6303.86487791 3448.17739608 12807.49952149,6718.60295274 3623.41963569 12807.49949018,6718.6029521 3620.11792891 12807.49949018,6590.62580689 3443.69272224 12848.00048784,6718.60295515 3620.11792891 12848.00047818,6718.6029558 3623.41963569 12848.00047818,6303.86488096 3448.17739608 12848.00050949,6711.68922738 3275.85652793 12848.0004787,6712.37263543 3275.85652779 12848.00047865              ]
            }
            coordIndex [
0,1,2,-1,3,4,5,-1,0,2,3,-1,3,5,0,-1,6,7,8,-1,9,10,11,-1,6,8,9,-1,9,11,6,-1,2,1,11,-1,11,10,2,-1,8,7,5,-1,5,4,8,-1,10,9,3,-1,3,2,10,-1,3,9,8,-1,8,4,3,-1,6,11,1,-1,1,0,6,-1,6,0,5,-1,5,7,6            ]
            ccw TRUE
            normalPerVertex TRUE
            normal Normal {
              vector [
-1 -0 0,1 0 0,0 -1 0,0 0 -1,0 -0.89155 0.45292,0 0.89155 0.45292,0 0.51659 -0.85623,0 -0.51659 -0.85623              ]
            }
            normalIndex [
0,0,0,-1,0,0,0,-1,0,0,0,-1,0,0,0,-1,1,1,1,-1,1,1,1,-1,1,1,1,-1,1,1,1,-1,2,2,2,-1,2,2,2,-1,3,3,3,-1,3,3,3,-1,4,4,4,-1,4,4,4,-1,5,5,5,-1,5,5,5,-1,6,6,6,-1,6,6,6,-1,7,7,7,-1,7,7,7            ]
          }
        }
        Shape {
          appearance USE M0
          geometry IndexedFaceSet {
            coord Coordinate {
              point [
34490.62629211 3443.69272224 13556.06492952,34612.37312066 3275.85652779 13556.06492033,34611.68971261 3275.85652793 13556.06492038,34203.86536619 3448.17739608 13556.06495117,34618.60344102 3623.41963569 13556.06491986,34618.60344038 3620.11792891 13556.06491986,34490.62629517 3443.69272224 13596.56591753,34618.60344343 3620.11792891 13596.56590787,34618.60344408 3623.41963569 13596.56590787,34203.86536924 3448.17739608 13596.56593918,34611.68971566 3275.85652793 13596.56590839,34612.37312372 3275.85652779 13596.56590834              ]
            }
            coordIndex [
0,1,2,-1,3,4,5,-1,0,2,3,-1,3,5,0,-1,6,7,8,-1,9,10,11,-1,6,8,9,-1,9,11,6,-1,2,1,11,-1,11,10,2,-1,8,7,5,-1,5,4,8,-1,10,9,3,-1,3,2,10,-1,3,9,8,-1,8,4,3,-1,6,11,1,-1,1,0,6,-1,6,0,5,-1,5,7,6            ]
            ccw TRUE
            normalPerVertex TRUE
            normal Normal {
              vector [
-1 -0 0,1 0 0,0 -1 0,0 0 -1,0 -0.89155 0.45292,0 0.89155 0.45292,0 0.51659 -0.85623,0 -0.51659 -0.85623              ]
            }
            normalIndex [
0,0,0,-1,0,0,0,-1,0,0,0,-1,0,0,0,-1,1,1,1,-1,1,1,1,-1,1,1,1,-1,1,1,1,-1,2,2,2,-1,2,2,2,-1,3,3,3,-1,3,3,3,-1,4,4,4,-1,4,4,4,-1,5,5,5,-1,5,5,5,-1,6,6,6,-1,6,6,6,-1,7,7,7,-1,7,7,7            ]
          }
        }
        Shape {
          appearance USE M0
          geometry IndexedFaceSet {
            coord Coordinate {
              point [
9690.62531555 3043.69296638 14055.10789827,9812.3721441 2875.85677193 14055.10788908,9811.68873604 2875.85677207 14055.10788913,9403.86438962 3048.17764022 14055.10791992,9818.60246446 3223.41987983 14055.10788861,9818.60246381 3220.11817305 14055.10788861,9690.62531861 3043.69296638 14095.60888628,9818.60246687 3220.11817305 14095.60887662,9818.60246751 3223.41987983 14095.60887662,9403.86439268 3048.17764022 14095.60890793,9811.6887391 2875.85677207 14095.60887714,9812.37214715 2875.85677193 14095.60887709              ]
            }
            coordIndex [
0,1,2,-1,3,4,5,-1,0,2,3,-1,3,5,0,-1,6,7,8,-1,9,10,11,-1,6,8,9,-1,9,11,6,-1,2,1,11,-1,11,10,2,-1,8,7,5,-1,5,4,8,-1,10,9,3,-1,3,2,10,-1,3,9,8,-1,8,4,3,-1,6,11,1,-1,1,0,6,-1,6,0,5,-1,5,7,6            ]
            ccw TRUE
            normalPerVertex TRUE
            normal Normal {
              vector [
-1 -0 0,1 0 0,0 -1 0,0 0 -1,0 -0.89155 0.45292,0 0.89155 0.45292,0 0.51659 -0.85623,0 -0.51659 -0.85623              ]
            }
            normalIndex [
0,0,0,-1,0,0,0,-1,0,0,0,-1,0,0,0,-1,1,1,1,-1,1,1,1,-1,1,1,1,-1,1,1,1,-1,2,2,2,-1,2,2,2,-1,3,3,3,-1,3,3,3,-1,4,4,4,-1,4,4,4,-1,5,5,5,-1,5,5,5,-1,6,6,6,-1,6,6,6,-1,7,7,7,-1,7,7,7            ]
          }
        }
        Shape {
          appearance USE M0
          geometry IndexedFaceSet {
            coord Coordinate {
              point [
6590.62580383 4243.69296638 14304.63035921,6712.37263238 4075.85677193 14304.63035002,6711.68922432 4075.85677207 14304.63035007,6303.86487791 4248.17764022 14304.63038086,6718.60295274 4423.41987983 14304.63034955,6718.6029521 4420.11817305 14304.63034955,6590.62580689 4243.69296638 14345.13134722,6718.60295515 4420.11817305 14345.13133756,6718.6029558 4423.41987983 14345.13133756,6303.86488096 4248.17764022 14345.13136887,6711.68922738 4075.85677207 14345.13133808,6712.37263543 4075.85677193 14345.13133803              ]
            }
            coordIndex [
0,1,2,-1,3,4,5,-1,0,2,3,-1,3,5,0,-1,6,7,8,-1,9,10,11,-1,6,8,9,-1,9,11,6,-1,2,1,11,-1,11,10,2,-1,8,7,5,-1,5,4,8,-1,10,9,3,-1,3,2,10,-1,3,9,8,-1,8,4,3,-1,6,11,1,-1,1,0,6,-1,6,0,5,-1,5,7,6            ]
            ccw TRUE
            normalPerVertex TRUE
            normal Normal {
              vector [
-1 -0 0,1 0 0,0 -1 0,0 0 -1,0 -0.89155 0.45292,0 0.89155 0.45292,0 0.51659 -0.85623,0 -0.51659 -0.85623              ]
            }
            normalIndex [
0,0,0,-1,0,0,0,-1,0,0,0,-1,0,0,0,-1,1,1,1,-1,1,1,1,-1,1,1,1,-1,1,1,1,-1,2,2,2,-1,2,2,2,-1,3,3,3,-1,3,3,3,-1,4,4,4,-1,4,4,4,-1,5,5,5,-1,5,5,5,-1,6,6,6,-1,6,6,6,-1,7,7,7,-1,7,7,7            ]
          }
        }
        Shape {
          appearance USE M0
          geometry IndexedFaceSet {
            coord Coordinate {
              point [
12890.62629211 3443.69272224 12807.49949984,13012.37312066 3275.85652779 12807.49949065,13011.68971261 3275.85652793 12807.4994907,12603.86536619 3448.17739608 12807.49952149,13018.60344102 3623.41963569 12807.49949018,13018.60344038 3620.11792891 12807.49949018,12890.62629517 3443.69272224 12848.00048784,13018.60344343 3620.11792891 12848.00047818,13018.60344408 3623.41963569 12848.00047818,12603.86536924 3448.17739608 12848.00050949,13011.68971566 3275.85652793 12848.0004787,13012.37312372 3275.85652779 12848.00047865              ]
            }
            coordIndex [
0,1,2,-1,3,4,5,-1,0,2,3,-1,3,5,0,-1,6,7,8,-1,9,10,11,-1,6,8,9,-1,9,11,6,-1,2,1,11,-1,11,10,2,-1,8,7,5,-1,5,4,8,-1,10,9,3,-1,3,2,10,-1,3,9,8,-1,8,4,3,-1,6,11,1,-1,1,0,6,-1,6,0,5,-1,5,7,6            ]
            ccw TRUE
            normalPerVertex TRUE
            normal Normal {
              vector [
-1 -0 0,1 0 0,0 -1 0,0 0 -1,0 -0.89155 0.45292,0 0.89155 0.45292,0 0.51659 -0.85623,0 -0.51659 -0.85623              ]
            }
            normalIndex [
0,0,0,-1,0,0,0,-1,0,0,0,-1,0,0,0,-1,1,1,1,-1,1,1,1,-1,1,1,1,-1,1,1,1,-1,2,2,2,-1,2,2,2,-1,3,3,3,-1,3,3,3,-1,4,4,4,-1,4,4,4,-1,5,5,5,-1,5,5,5,-1,6,6,6,-1,6,6,6,-1,7,7,7,-1,7,7,7            ]
          }
        }
        Shape {
          appearance USE M0
          geometry IndexedFaceSet {
            coord Coordinate {
              point [
24990.62629211 3875.43222419 14803.67332796,25112.37312066 3707.59602975 14803.67331877,25111.68971261 3707.59602988 14803.67331882,24703.86536619 3879.91689803 14803.67334961,25118.60344102 4055.15913764 14803.6733183,25118.60344038 4051.85743086 14803.6733183,24990.62629517 3875.43222419 14844.17431597,25118.60344343 4051.85743086 14844.17430631,25118.60344408 4055.15913764 14844.17430631,24703.86536924 3879.91689803 14844.17433762,25111.68971566 3707.59602988 14844.17430683,25112.37312372 3707.59602975 14844.17430678              ]
            }
            coordIndex [
0,1,2,-1,3,4,5,-1,0,2,3,-1,3,5,0,-1,6,7,8,-1,9,10,11,-1,6,8,9,-1,9,11,6,-1,2,1,11,-1,11,10,2,-1,8,7,5,-1,5,4,8,-1,10,9,3,-1,3,2,10,-1,3,9,8,-1,8,4,3,-1,6,11,1,-1,1,0,6,-1,6,0,5,-1,5,7,6            ]
            ccw TRUE
            normalPerVertex TRUE
            normal Normal {
              vector [
-1 -0 0,1 0 0,0 -1 0,0 0 -1,0 -0.89155 0.45292,0 0.89155 0.45292,0 0.51659 -0.85623,0 -0.51659 -0.85623              ]
            }
            normalIndex [
0,0,0,-1,0,0,0,-1,0,0,0,-1,0,0,0,-1,1,1,1,-1,1,1,1,-1,1,1,1,-1,1,1,1,-1,2,2,2,-1,2,2,2,-1,3,3,3,-1,3,3,3,-1,4,4,4,-1,4,4,4,-1,5,5,5,-1,5,5,5,-1,6,6,6,-1,6,6,6,-1,7,7,7,-1,7,7,7            ]
          }
        }
        Shape {
          appearance USE M0
          geometry IndexedFaceSet {
            coord Coordinate {
              point [
16090.62629211 3875.43222419 14554.15184359,16212.37312066 3707.59602975 14554.1518344,16211.68971261 3707.59602988 14554.15183445,15803.86536619 3879.91689803 14554.15186524,16218.60344102 4055.15913764 14554.15183393,16218.60344038 4051.85743086 14554.15183393,16090.62629517 3875.43222419 14594.65283159,16218.60344343 4051.85743086 14594.65282193,16218.60344408 4055.15913764 14594.65282193,15803.86536924 3879.91689803 14594.65285324,16211.68971566 3707.59602988 14594.65282245,16212.37312372 3707.59602975 14594.6528224              ]
            }
            coordIndex [
0,1,2,-1,3,4,5,-1,0,2,3,-1,3,5,0,-1,6,7,8,-1,9,10,11,-1,6,8,9,-1,9,11,6,-1,2,1,11,-1,11,10,2,-1,8,7,5,-1,5,4,8,-1,10,9,3,-1,3,2,10,-1,3,9,8,-1,8,4,3,-1,6,11,1,-1,1,0,6,-1,6,0,5,-1,5,7,6            ]
            ccw TRUE
            normalPerVertex TRUE
            normal Normal {
              vector [
-1 -0 0,1 0 0,0 -1 0,0 0 -1,0 -0.89155 0.45292,0 0.89155 0.45292,0 0.51659 -0.85623,0 -0.51659 -0.85623              ]
            }
            normalIndex [
0,0,0,-1,0,0,0,-1,0,0,0,-1,0,0,0,-1,1,1,1,-1,1,1,1,-1,1,1,1,-1,1,1,1,-1,2,2,2,-1,2,2,2,-1,3,3,3,-1,3,3,3,-1,4,4,4,-1,4,4,4,-1,5,5,5,-1,5,5,5,-1,6,6,6,-1,6,6,6,-1,7,7,7,-1,7,7,7            ]
          }
        }
        Shape {
          appearance USE M0
          geometry IndexedFaceSet {
            coord Coordinate {
              point [
22090.62629211 3443.69272224 14554.15184359,22212.37312066 3275.85652779 14554.1518344,22211.68971261 3275.85652793 14554.15183445,21803.86536619 3448.17739608 14554.15186524,22218.60344102 3623.41963569 14554.15183393,22218.60344038 3620.11792891 14554.15183393,22090.62629517 3443.69272224 14594.65283159,22218.60344343 3620.11792891 14594.65282193,22218.60344408 3623.41963569 14594.65282193,21803.86536924 3448.17739608 14594.65285324,22211.68971566 3275.85652793 14594.65282245,22212.37312372 3275.85652779 14594.6528224              ]
            }
            coordIndex [
0,1,2,-1,3,4,5,-1,0,2,3,-1,3,5,0,-1,6,7,8,-1,9,10,11,-1,6,8,9,-1,9,11,6,-1,2,1,11,-1,11,10,2,-1,8,7,5,-1,5,4,8,-1,10,9,3,-1,3,2,10,-1,3,9,8,-1,8,4,3,-1,6,11,1,-1,1,0,6,-1,6,0,5,-1,5,7,6            ]
            ccw TRUE
            normalPerVertex TRUE
            normal Normal {
              vector [
-1 -0 0,1 0 0,0 -1 0,0 0 -1,0 -0.89155 0.45292,0 0.89155 0.45292,0 0.51659 -0.85623,0 -0.51659 -0.85623              ]
            }
            normalIndex [
0,0,0,-1,0,0,0,-1,0,0,0,-1,0,0,0,-1,1,1,1,-1,1,1,1,-1,1,1,1,-1,1,1,1,-1,2,2,2,-1,2,2,2,-1,3,3,3,-1,3,3,3,-1,4,4,4,-1,4,4,4,-1,5,5,5,-1,5,5,5,-1,6,6,6,-1,6,6,6,-1,7,7,7,-1,7,7,7            ]
          }
        }
        Shape {
          appearance USE M0
          geometry IndexedFaceSet {
            coord Coordinate {
              point [
3390.62653625 3443.69272224 13057.02196077,3512.3733648 3275.85652779 13057.02195158,3511.68995675 3275.85652793 13057.02195163,3103.86561033 3448.17739608 13057.02198242,3518.60368516 3623.41963569 13057.02195111,3518.60368452 3620.11792891 13057.02195111,3390.62653931 3443.69272224 13097.52294878,3518.60368758 3620.11792891 13097.52293912,3518.60368822 3623.41963569 13097.52293912,3103.86561338 3448.17739608 13097.52297043,3511.6899598 3275.85652793 13097.52293964,3512.37336786 3275.85652779 13097.52293959              ]
            }
            coordIndex [
0,1,2,-1,3,4,5,-1,0,2,3,-1,3,5,0,-1,6,7,8,-1,9,10,11,-1,6,8,9,-1,9,11,6,-1,2,1,11,-1,11,10,2,-1,8,7,5,-1,5,4,8,-1,10,9,3,-1,3,2,10,-1,3,9,8,-1,8,4,3,-1,6,11,1,-1,1,0,6,-1,6,0,5,-1,5,7,6            ]
            ccw TRUE
            normalPerVertex TRUE
            normal Normal {
              vector [
-1 -0 0,1 0 0,0 -1 0,0 0 -1,0 -0.89155 0.45292,0 0.89155 0.45292,0 0.51659 -0.85623,0 -0.51659 -0.85623              ]
            }
            normalIndex [
0,0,0,-1,0,0,0,-1,0,0,0,-1,0,0,0,-1,1,1,1,-1,1,1,1,-1,1,1,1,-1,1,1,1,-1,2,2,2,-1,2,2,2,-1,3,3,3,-1,3,3,3,-1,4,4,4,-1,4,4,4,-1,5,5,5,-1,5,5,5,-1,6,6,6,-1,6,6,6,-1,7,7,7,-1,7,7,7            ]
          }
        }
        Shape {
          appearance USE M0
          geometry IndexedFaceSet {
            coord Coordinate {
              point [
46890.62629211 3875.43222419 14055.10789827,47012.37312066 3707.59602975 14055.10788908,47011.68971261 3707.59602988 14055.10788913,46603.86536619 3879.91689803 14055.10791992,47018.60344102 4055.15913764 14055.10788861,47018.60344038 4051.85743086 14055.10788861,46890.62629517 3875.43222419 14095.60888628,47018.60344343 4051.85743086 14095.60887662,47018.60344408 4055.15913764 14095.60887662,46603.86536924 3879.91689803 14095.60890793,47011.68971566 3707.59602988 14095.60887714,47012.37312372 3707.59602975 14095.60887709              ]
            }
            coordIndex [
0,1,2,-1,3,4,5,-1,0,2,3,-1,3,5,0,-1,6,7,8,-1,9,10,11,-1,6,8,9,-1,9,11,6,-1,2,1,11,-1,11,10,2,-1,8,7,5,-1,5,4,8,-1,10,9,3,-1,3,2,10,-1,3,9,8,-1,8,4,3,-1,6,11,1,-1,1,0,6,-1,6,0,5,-1,5,7,6            ]
            ccw TRUE
            normalPerVertex TRUE
            normal Normal {
              vector [
-1 -0 0,1 0 0,0 -1 0,0 0 -1,0 -0.89155 0.45292,0 0.89155 0.45292,0 0.51659 -0.85623,0 -0.51659 -0.85623              ]
            }
            normalIndex [
0,0,0,-1,0,0,0,-1,0,0,0,-1,0,0,0,-1,1,1,1,-1,1,1,1,-1,1,1,1,-1,1,1,1,-1,2,2,2,-1,2,2,2,-1,3,3,3,-1,3,3,3,-1,4,4,4,-1,4,4,4,-1,5,5,5,-1,5,5,5,-1,6,6,6,-1,6,6,6,-1,7,7,7,-1,7,7,7            ]
          }
        }
        Shape {
          appearance USE M0
          geometry IndexedFaceSet {
            coord Coordinate {
              point [
3390.62653625 4243.69296638 13057.02196077,3512.3733648 4075.85677193 13057.02195158,3511.68995675 4075.85677207 13057.02195163,3103.86561033 4248.17764022 13057.02198242,3518.60368516 4423.41987983 13057.02195111,3518.60368452 4420.11817305 13057.02195111,3390.62653931 4243.69296638 13097.52294878,3518.60368758 4420.11817305 13097.52293912,3518.60368822 4423.41987983 13097.52293912,3103.86561338 4248.17764022 13097.52297043,3511.6899598 4075.85677207 13097.52293964,3512.37336786 4075.85677193 13097.52293959              ]
            }
            coordIndex [
0,1,2,-1,3,4,5,-1,0,2,3,-1,3,5,0,-1,6,7,8,-1,9,10,11,-1,6,8,9,-1,9,11,6,-1,2,1,11,-1,11,10,2,-1,8,7,5,-1,5,4,8,-1,10,9,3,-1,3,2,10,-1,3,9,8,-1,8,4,3,-1,6,11,1,-1,1,0,6,-1,6,0,5,-1,5,7,6            ]
            ccw TRUE
            normalPerVertex TRUE
            normal Normal {
              vector [
-1 -0 0,1 0 0,0 -1 0,0 0 -1,0 -0.89155 0.45292,0 0.89155 0.45292,0 0.51659 -0.85623,0 -0.51659 -0.85623              ]
            }
            normalIndex [
0,0,0,-1,0,0,0,-1,0,0,0,-1,0,0,0,-1,1,1,1,-1,1,1,1,-1,1,1,1,-1,1,1,1,-1,2,2,2,-1,2,2,2,-1,3,3,3,-1,3,3,3,-1,4,4,4,-1,4,4,4,-1,5,5,5,-1,5,5,5,-1,6,6,6,-1,6,6,6,-1,7,7,7,-1,7,7,7            ]
          }
        }
        Shape {
          appearance USE M0
          geometry IndexedFaceSet {
            coord Coordinate {
              point [
3390.62653625 4707.17099373 14055.10789827,3512.3733648 4539.33479928 14055.10788908,3511.68995675 4539.33479941 14055.10788913,3103.86561033 4711.65566756 14055.10791992,3518.60368516 4886.89790717 14055.10788861,3518.60368452 4883.59620039 14055.10788861,3390.62653931 4707.17099373 14095.60888628,3518.60368758 4883.59620039 14095.60887662,3518.60368822 4886.89790717 14095.60887662,3103.86561338 4711.65566756 14095.60890793,3511.6899598 4539.33479941 14095.60887714,3512.37336786 4539.33479928 14095.60887709              ]
            }
            coordIndex [
0,1,2,-1,3,4,5,-1,0,2,3,-1,3,5,0,-1,6,7,8,-1,9,10,11,-1,6,8,9,-1,9,11,6,-1,2,1,11,-1,11,10,2,-1,8,7,5,-1,5,4,8,-1,10,9,3,-1,3,2,10,-1,3,9,8,-1,8,4,3,-1,6,11,1,-1,1,0,6,-1,6,0,5,-1,5,7,6            ]
            ccw TRUE
            normalPerVertex TRUE
            normal Normal {
              vector [
-1 -0 0,1 0 0,0 -1 0,0 0 -1,0 -0.89155 0.45292,0 0.89155 0.45292,0 0.51659 -0.85623,0 -0.51659 -0.85623              ]
            }
            normalIndex [
0,0,0,-1,0,0,0,-1,0,0,0,-1,0,0,0,-1,1,1,1,-1,1,1,1,-1,1,1,1,-1,1,1,1,-1,2,2,2,-1,2,2,2,-1,3,3,3,-1,3,3,3,-1,4,4,4,-1,4,4,4,-1,5,5,5,-1,5,5,5,-1,6,6,6,-1,6,6,6,-1,7,7,7,-1,7,7,7            ]
          }
        }
        Shape {
          appearance DEF M1 Appearance {
            material Material {
              diffuseColor 0.78354 0.78354 0.78354
              emissiveColor 0 0 0
              shininess 0
            }
          }
          geometry IndexedFaceSet {
            coord Coordinate {
              point [
28986.19995117 3956.92352546 12216.24538251,28986.19995117 3956.94034148 12216.24538251,28987.39929199 3957.55587104 12216.16225411,28986.19995117 3957.60568454 12216.24538232,28988.49945068 3958.15458462 12216.16225394,28986.19995117 3958.26277825 12216.24538213,28989.1998291 3958.7034847 12216.07912556,28986.19995117 3958.87005847 12216.24538196,28989.50042725 3959.19432196 12216.07912542,28992.79937744 3958.99475069 12215.82974081,28989.1998291 3959.59346434 12216.07912531,28986.19995117 3959.83459969 12216.24538169,28986.19995117 3959.40214256 12216.24538181,28986.19995117 3960.1591805 12216.2453816,28988.49945068 3959.90122916 12216.16225345,28992.1005249 3959.36882772 12215.91286893,28990.49987793 3959.67659254 12215.99599707,28994.70062256 3959.19432186 12215.74661253,28995.89996338 3958.82817692 12215.66348441,28994.70062256 3958.42078519 12215.74661275,28999.20043945 3958.69523514 12215.41409978,28992.1005249 3958.55372694 12215.91286916,28994.70062256 3958.47059867 12215.74661274,28995.89996338 3958.36240504 12215.66348454,28994.70062256 3958.13808577 12215.74661283,28994.70062256 3958.85324232 12215.74661263,28995.89996338 3958.67016983 12215.66348446,28994.70062256 3959.15275775 12215.74661254,28995.89996338 3958.95318653 12215.66348438,28995.89996338 3959.11119361 12215.66348433,28992.1005249 3959.40214247 12215.91286892,28990.49987793 3959.43545724 12215.99599713,28992.1005249 3959.2609514 12215.91286896,28988.40026855 3959.48527076 12216.16225357,28989.1998291 3959.3605784 12216.07912538,28992.70019531 3959.11119366 12215.82974078,28989.50042725 3959.2523848 12216.07912541,28989.1998291 3959.15275784 12216.07912544,28992.1005249 3959.01124945 12215.91286903,28988.40026855 3959.07787901 12216.16225368,28990.49987793 3958.94461998 12215.99599727,28987.39929199 3959.00300015 12216.1622537,28988.40026855 3958.89480655 12216.16225373,28992.1005249 3958.81167825 12215.91286909,28989.1998291 3958.78661292 12216.07912554,28992.70019531 3958.66192052 12215.82974091,28989.50042725 3958.67016995 12216.07912557,28989.1998291 3958.55372698 12216.07912561,28992.1005249 3958.51216282 12215.91286917,28988.40026855 3958.43728404 12216.16225386,28990.49987793 3958.36240513 12215.99599744,28987.39929199 3958.3125917 12216.1622539,28988.40026855 3958.21296475 12216.16225392,28992.1005249 3958.27102752 12215.91286924,28989.1998291 3958.09652176 12216.07912573,28992.79937744 3958.15458453 12215.82974105,28989.50042725 3957.98007879 12216.07912577,28989.1998291 3957.85506917 12216.0791258,28992.1005249 3957.9883281 12215.91286932,28988.49945068 3957.73037686 12216.16225406,28990.49987793 3957.78875694 12215.9959976,28987.39929199 3957.61393389 12216.16225409,28988.49945068 3957.57236978 12216.16225411,28992.1005249 3957.84681976 12215.91286936,28989.1998291 3957.54730437 12216.07912589,28992.70019531 3957.91344922 12215.82974112,28995.89996338 3958.28752618 12215.66348456,28992.1005249 3957.98007874 12215.91286932,28989.1998291 3957.52255627 12216.0791259,28988.49945068 3957.53080566 12216.16225412,28990.49987793 3958.06320699 12215.99599752,28986.19995117 3956.98190559 12216.2453825,28986.19995117 3957.04853508 12216.24538248,28989.50042725 3957.52255627 12216.0791259,28986.19995117 3957.1316633 12216.24538245,28986.19995117 3957.23953962 12216.24538242,28986.19995117 3957.35598259 12216.24538239,28986.19995117 3957.48924158 12216.24538235,28986.19995117 3957.63074993 12216.24538231,28986.19995117 3957.63899929 12216.24538231,28986.19995117 3957.6805634 12216.2453823,28986.19995117 3957.74719289 12216.24538228,28986.19995117 3957.83032112 12216.24538226,28986.19995117 3957.93819744 12216.24538223,28986.19995117 3958.05464041 12216.24538219,28986.19995117 3958.18789939 12216.24538216,28986.19995117 3958.32940774 12216.24538212,28986.19995117 3958.41253596 12216.24538209,28986.19995117 3958.50391355 12216.24538207,28986.19995117 3958.58704178 12216.24538204,28986.19995117 3958.67873665 12216.24538202,28986.19995117 3958.76186487 12216.24538199,28986.19995117 3958.85324246 12216.24538197,28986.19995117 3958.93637068 12216.24538194,28986.19995117 3959.02806556 12216.24538192,28986.19995117 3959.11119378 12216.24538189,28986.19995117 3959.20257137 12216.24538187,28986.19995117 3959.28569959 12216.24538185,28986.19995117 3959.37739446 12216.24538182,28986.19995117 3959.46877205 12216.24538179,28986.19995117 3959.55190028 12216.24538177,28986.19995117 3959.64327786 12216.24538174,28987.39929199 3959.61852974 12216.16225353,28986.19995117 3959.72672337 12216.24538172,28986.19995117 3959.7432221 12216.24538172,28988.49945068 3959.60171373 12216.16225353,28986.19995117 3959.78478621 12216.2453817,28989.1998291 3959.62677909 12216.0791253,28986.19995117 3959.84316634 12216.24538169,28989.50042725 3959.68515921 12216.07912529,28992.70019531 3959.41895846 12215.82974069,28989.1998291 3959.78478617 12216.07912526,28992.1005249 3959.51033607 12215.91286889,28988.49945068 3959.93454391 12216.16225344,28986.19995117 3960.04273753 12216.24538163,28986.19995117 3959.93454393 12216.24538166,28987.39929199 3960.12586573 12216.16225339,28986.19995117 3960.2921222 12216.24538156,28986.19995117 3960.42538119 12216.24538152,28986.19995117 3960.35875169 12216.24538154              ]
            }
            coordIndex [
0,1,2,-1,0,2,3,-1,3,2,4,-1,3,4,5,-1,5,4,6,-1,5,6,7,-1,7,6,8,-1,6,9,8,-1,10,8,9,-1,11,12,8,-1,13,10,14,-1,14,10,15,-1,10,9,15,-1,14,15,16,-1,16,15,17,-1,15,9,18,-1,15,18,17,-1,19,20,18,-1,21,19,18,-1,21,18,9,-1,17,18,20,-1,22,20,23,-1,24,23,20,-1,25,20,26,-1,22,26,20,-1,27,20,28,-1,25,28,20,-1,17,20,29,-1,27,29,20,-1,30,29,27,-1,31,30,27,-1,31,27,32,-1,32,27,28,-1,33,31,32,-1,33,32,34,-1,34,32,35,-1,32,28,35,-1,34,35,36,-1,37,36,35,-1,37,35,38,-1,38,35,28,-1,39,37,38,-1,39,38,40,-1,40,38,25,-1,38,28,25,-1,41,39,40,-1,41,40,42,-1,42,40,43,-1,40,25,43,-1,42,43,44,-1,44,43,45,-1,43,25,26,-1,43,26,45,-1,44,45,46,-1,47,46,45,-1,47,45,48,-1,48,45,26,-1,49,47,48,-1,49,48,50,-1,50,48,22,-1,48,26,22,-1,51,49,50,-1,51,50,52,-1,52,50,53,-1,50,22,53,-1,52,53,54,-1,54,53,55,-1,53,22,23,-1,53,23,55,-1,54,55,56,-1,57,56,55,-1,57,55,58,-1,58,55,23,-1,59,58,60,-1,60,58,24,-1,58,23,24,-1,61,59,60,-1,61,60,62,-1,62,60,63,-1,60,24,63,-1,62,63,64,-1,64,63,65,-1,63,24,66,-1,63,66,65,-1,67,65,66,-1,67,66,19,-1,68,65,67,-1,69,68,67,-1,69,67,70,-1,70,67,19,-1,2,69,70,-1,2,70,4,-1,4,70,21,-1,70,19,21,-1,71,68,69,-1,1,71,69,-1,1,69,2,-1,71,72,68,-1,72,73,68,-1,72,74,73,-1,75,73,74,-1,68,73,65,-1,64,65,73,-1,75,64,73,-1,76,64,75,-1,76,62,64,-1,77,62,76,-1,77,61,62,-1,78,61,77,-1,78,79,61,-1,79,59,61,-1,79,80,59,-1,80,81,57,-1,81,56,57,-1,81,82,56,-1,83,56,82,-1,83,54,56,-1,84,54,83,-1,84,52,54,-1,85,52,84,-1,85,51,52,-1,86,51,85,-1,86,87,51,-1,87,49,51,-1,87,88,49,-1,88,47,49,-1,88,89,47,-1,89,46,47,-1,89,90,46,-1,91,46,90,-1,91,44,46,-1,92,44,91,-1,92,42,44,-1,93,42,92,-1,93,41,42,-1,94,41,93,-1,94,95,41,-1,95,39,41,-1,95,96,39,-1,96,37,39,-1,96,97,37,-1,97,36,37,-1,97,98,36,-1,99,36,98,-1,99,34,36,-1,100,34,99,-1,100,33,34,-1,101,33,100,-1,101,102,33,-1,103,102,101,-1,103,104,102,-1,104,105,102,-1,104,106,105,-1,106,107,105,-1,102,105,31,-1,105,107,30,-1,105,30,31,-1,108,109,107,-1,106,108,107,-1,107,109,110,-1,107,110,30,-1,111,110,109,-1,30,110,29,-1,112,29,110,-1,111,112,110,-1,113,112,111,-1,13,113,111,-1,13,111,114,-1,114,111,109,-1,114,109,115,-1,108,115,109,-1,116,16,113,-1,117,116,113,-1,117,113,13,-1,113,16,112,-1,118,116,117,-1,118,119,116,-1,119,14,116,-1,119,13,14,-1,116,14,16,-1,16,17,112,-1,112,17,29,-1,102,31,33,-1,4,21,6,-1,6,21,9            ]
            ccw TRUE
            normalPerVertex TRUE
            normal Normal {
              vector [
-0.08098 0.99672 0,0.08311 -0.99654 0,0.07686 -0.99044 -0.11457,0.04339 -0.99906 0,0.0488 -0.99391 0.0988,0.06654 -0.99778 0,0.06429 -0.99738 -0.03316,0.08717 -0.9953 -0.04227,0.09434 -0.99394 0.05637,0.06035 -0.99818 0,0.0089 -0.96956 -0.24467,0.05248 -0.98581 -0.15943,0.05599 -0.99016 -0.12828,0.05583 -0.98981 -0.13102,0.05552 -0.98909 -0.13645,0.14112 -0.92828 0.34407,0.08375 -0.99087 0.10569,0.05536 -0.98872 -0.13916,0.07478 -0.99707 -0.01595,0.08969 -0.99588 -0.01313,0.07763 -0.99693 0.00974,0.07083 -0.99292 0.0954,0.06986 -0.99272 0.09811,0.07317 -0.99336 0.08884,0.09187 -0.99559 0.01882,-0.08675 0.99589 -0.02614,-0.09827 0.99349 0.05759,-0.08981 0.99547 -0.0311,-0.091 0.99536 0.03138,-0.09642 0.99375 -0.0563,-0.08716 0.99571 0.03092,0.07253 -0.99348 -0.08792,-0.08032 0.99527 0.05469,-0.08566 0.9944 -0.06183,-0.05773 0.98292 0.17474,-0.08341 0.97753 -0.1936,-0.0745 0.99676 0.03044,-0.09887 0.95209 -0.28941,-0.05036 0.93783 0.34343,-0.05023 0.93822 0.34237,-0.05007 0.93871 0.34105,-0.04993 0.93913 0.33992,-0.03359 0.91349 0.40547,-0.10401 0.96814 -0.2278,-0.08015 0.97789 0.19316,-0.08575 0.93676 -0.33929,-0.07912 0.92187 -0.37933,-0.08355 0.95119 -0.29707,-0.07304 0.96823 0.23917,-0.06766 0.98933 0.12899,-0.07956 0.99648 -0.02638,-0.04474 0.86664 0.49692,-0.06693 0.85516 -0.51402,-0.08508 0.96818 -0.23536,-0.0731 0.9884 -0.13313,-0.06904 0.95313 0.29458,-0.06902 0.95367 0.29284,-0.06899 0.95446 0.29025,-0.06897 0.95499 0.2885,-0.07727 0.99676 0.02255,-0.06003 0.94146 0.33174,-0.09205 0.97771 -0.1887,-0.0908 0.97832 0.18613,-0.07107 0.95656 -0.28274,-0.05744 0.93947 -0.33779,-0.07098 0.96101 -0.26723,-0.08429 0.97688 0.19649,-0.07394 0.98996 0.12045,-0.07741 0.99678 -0.02087,-0.06618 0.8943 0.44254,-0.05068 0.90591 -0.42042,-0.07525 0.9773 -0.19805,-0.06817 0.99277 -0.09884,-0.08269 0.97411 0.2104,-0.08515 0.96416 0.25129,-0.07941 0.99658 0.02279,-0.08343 0.9571 0.27748,-0.07873 0.98384 -0.16081,-0.10168 0.97586 0.19329,-0.04905 0.95426 -0.29493,-0.03141 0.92921 -0.3682,-0.10557 0.94937 0.29591,-0.08778 0.97693 0.19469,-0.07333 0.99687 -0.02939,-0.09223 0.66866 0.73783,-0.02235 0.86472 -0.50175,-0.04047 0.92355 -0.38134,-0.05434 0.98348 -0.17265,-0.11286 0.91575 0.38558,-0.12121 -0.09913 0.98767,0.02367 -0.95853 0.28401,-0.14144 0.06318 0.98793,0.10811 -0.92591 -0.36195,0.08047 -0.99667 -0.01355,0.12049 -0.95333 -0.27685,0.12902 -0.93867 -0.31977,0.12966 -0.94055 -0.31394,0.12864 -0.93752 -0.32328,0.06812 -0.99335 0.09276,0.06533 -0.99606 0.05998,0.00768 -0.95943 0.28183,0.09074 -0.98578 -0.14142,0.09428 -0.99202 -0.08376,0.07466 -0.99652 -0.03717,0.13003 -0.94165 -0.31046,-0.04269 0.99909 0,0.00347 -0.99216 0.12494,-0.06607 0.99782 0,0 -0.94335 0.3318,-0.06036 0.99818 0,-0.06034 0.99818 0,-0.06033 0.99818 0,-0.06031 0.99818 0,0 -0.85558 0.51766,-0.03542 0.93975 -0.34001,-0.02842 0.95664 -0.28987,-0.06697 0.99776 0,-0.09642 0.83986 0.53416,-0.04345 0.99906 0,-0.02003 0.90235 -0.43054,-0.07929 0.99685 0,-0.07751 0.99699 -0,-0.08341 0.99652 0,-0.07526 0.99716 0,-0.06179 0.88009 0.47077,-0.04335 0.99906 0,-0.06615 0.99781 0,-0.07221 0.98667 0.14586,-0.06037 0.99818 0,-0.06038 0.99818 0,-0.06039 0.99817 0,-0.05787 0.99031 -0.12626,-0.06687 0.99776 0,-0.0683 0.95274 0.296,-0.04543 0.99897 0,-0.03841 0.94575 -0.32261,-0.08291 0.99656 0,-0.08305 0.99655 0,-0.08243 0.9966 0,-0.04732 0.94743 0.31644,-0.04558 0.99896 0,-0.05474 0.93185 -0.35869,-0.06695 0.99776 0,-0.06372 0.98824 0.13903,-0.06089 0.99814 0,-0.06041 0.99817 0,-0.06043 0.99817 0,-0.05992 0.9982 0,-0.06459 0.98802 -0.14016,-0.06682 0.99777 0,-0.05033 0.91471 0.40097,-0.04568 0.99896 0,-0.05044 0.91959 -0.38964,-0.08307 0.99654 0,-0.08304 0.99655 0,-0.08267 0.99658 0,-0.08345 0.99651 0,-0.03484 0.92142 0.387,-0.04532 0.99897 0,-0.06885 0.90981 -0.40928,-0.06596 0.99782 0,-0.0585 0.98735 0.14734,-0.06004 0.9982 0,-0.0604 0.99817 0,-0.06039 0.99817 0,-0.06074 0.99815 0,-0.0727 0.98268 -0.17046,-0.02245 0.88038 0.47374,-0.08377 0.84781 -0.52365,-0.08206 0.99663 0,-0.08144 0.99668 -0,-0.0833 0.99652 0,0.01135 0.79584 0.6054,-0.04271 0.99909 0,-0.091 0.80902 -0.5807,0.01403 0.62362 0.7816,-0.10518 0.88329 -0.45687,-0.04511 0.90155 0.43032,-0.04732 0.97754 0.20537,-0.06643 0.99779 0,-0.06295 0.96432 0.25715,-0.11267 0.7989 -0.59082,-0.11888 0.95103 -0.28531,-0.11605 0.80732 -0.57858,0.06127 0.53428 0.84308,0.05417 0.59442 0.80233,-0.00919 0.89731 0.4413,0.03295 0.8146 0.57908,-0.06661 0.99778 0,-0.08773 0.97102 -0.22232,-0.06042 0.99817 0,-0.06042 0.99817 0,-0.06054 0.99817 0,-0.17809 0.4657 -0.86684,-0.18768 0.44702 -0.87461,-0.04331 0.99906 0,-0.0593 -0.64834 -0.75904,-0.08292 0.99656 0,0.08228 -0.99661 0,0.24225 -0.13347 0.96099,0.04333 -0.99906 0,0.16057 -0.72744 0.66712,-0.01751 -0.79728 -0.60335,0.09159 -0.99314 0.07267,-0.09341 0.8064 -0.58395,0.0731 -0.99488 0.06976,0.07411 -0.99352 0.08618              ]
            }
            normalIndex [
0,0,0,-1,1,1,1,-1,2,2,2,-1,3,3,3,-1,4,4,4,-1,5,5,5,-1,6,6,6,-1,7,7,7,-1,8,8,8,-1,9,9,9,-1,10,10,10,-1,11,11,11,-1,12,13,14,-1,15,15,15,-1,16,16,16,-1,14,13,17,-1,18,18,18,-1,19,19,19,-1,20,20,20,-1,21,22,23,-1,24,24,24,-1,25,25,25,-1,26,26,26,-1,27,27,27,-1,28,28,28,-1,29,29,29,-1,30,30,30,-1,31,31,31,-1,32,32,32,-1,33,33,33,-1,34,34,34,-1,35,35,35,-1,36,36,36,-1,37,37,37,-1,38,39,40,-1,40,39,41,-1,42,42,42,-1,43,43,43,-1,44,44,44,-1,45,45,45,-1,46,46,46,-1,47,47,47,-1,48,48,48,-1,49,49,49,-1,50,50,50,-1,51,51,51,-1,52,52,52,-1,53,53,53,-1,54,54,54,-1,55,56,57,-1,57,56,58,-1,59,59,59,-1,60,60,60,-1,61,61,61,-1,62,62,62,-1,63,63,63,-1,64,64,64,-1,65,65,65,-1,66,66,66,-1,67,67,67,-1,68,68,68,-1,69,69,69,-1,70,70,70,-1,71,71,71,-1,72,72,72,-1,73,73,73,-1,74,74,74,-1,75,75,75,-1,76,76,76,-1,77,77,77,-1,78,78,78,-1,79,79,79,-1,80,80,80,-1,81,81,81,-1,82,82,82,-1,83,83,83,-1,84,84,84,-1,85,85,85,-1,86,86,86,-1,87,87,87,-1,88,88,88,-1,89,89,89,-1,90,90,90,-1,91,91,91,-1,92,92,92,-1,93,93,93,-1,94,94,94,-1,95,96,97,-1,98,98,98,-1,99,99,99,-1,100,100,100,-1,101,101,101,-1,102,102,102,-1,103,103,103,-1,104,96,95,-1,105,105,105,-1,106,106,106,-1,107,107,107,-1,108,108,108,-1,109,110,111,-1,112,111,110,-1,113,113,113,-1,114,114,114,-1,115,115,115,-1,116,116,116,-1,117,117,117,-1,118,118,118,-1,119,119,119,-1,120,121,122,-1,120,123,121,-1,124,124,124,-1,125,125,125,-1,126,126,126,-1,127,127,127,-1,109,128,129,-1,130,129,128,-1,131,131,131,-1,132,132,132,-1,133,133,133,-1,134,134,134,-1,135,135,135,-1,136,137,122,-1,136,138,137,-1,139,139,139,-1,140,140,140,-1,141,141,141,-1,142,142,142,-1,143,143,143,-1,144,145,146,-1,147,146,145,-1,148,148,148,-1,149,149,149,-1,150,150,150,-1,151,151,151,-1,152,152,152,-1,153,154,155,-1,153,156,154,-1,157,157,157,-1,158,158,158,-1,159,159,159,-1,160,160,160,-1,161,161,161,-1,162,163,164,-1,165,164,163,-1,166,166,166,-1,142,142,142,-1,167,167,167,-1,140,140,140,-1,168,168,168,-1,169,170,171,-1,169,0,170,-1,172,172,172,-1,173,173,173,-1,174,174,174,-1,175,175,175,-1,176,176,176,-1,177,177,177,-1,178,178,178,-1,179,179,179,-1,180,180,180,-1,181,181,181,-1,182,182,182,-1,183,183,183,-1,184,184,184,-1,185,185,185,-1,186,186,186,-1,187,187,187,-1,188,188,188,-1,189,189,189,-1,112,190,191,-1,192,191,190,-1,193,193,193,-1,194,194,194,-1,195,195,195,-1,196,196,196,-1,197,197,197,-1,198,198,198,-1,199,199,199,-1,200,200,200,-1,201,201,201,-1,202,202,202,-1,203,203,203,-1,204,204,204,-1,205,205,205,-1,206,21,23            ]
          }
        }
        Shape {
          appearance USE M0
          geometry IndexedFaceSet {
            coord Coordinate {
              point [
40890.62629211 4243.69296638 13556.06492952,41012.37312066 4075.85677193 13556.06492033,41011.68971261 4075.85677207 13556.06492038,40603.86536619 4248.17764022 13556.06495117,41018.60344102 4423.41987983 13556.06491986,41018.60344038 4420.11817305 13556.06491986,40890.62629517 4243.69296638 13596.56591753,41018.60344343 4420.11817305 13596.56590787,41018.60344408 4423.41987983 13596.56590787,40603.86536924 4248.17764022 13596.56593918,41011.68971566 4075.85677207 13596.56590839,41012.37312372 4075.85677193 13596.56590834              ]
            }
            coordIndex [
0,1,2,-1,3,4,5,-1,0,2,3,-1,3,5,0,-1,6,7,8,-1,9,10,11,-1,6,8,9,-1,9,11,6,-1,2,1,11,-1,11,10,2,-1,8,7,5,-1,5,4,8,-1,10,9,3,-1,3,2,10,-1,3,9,8,-1,8,4,3,-1,6,11,1,-1,1,0,6,-1,6,0,5,-1,5,7,6            ]
            ccw TRUE
            normalPerVertex TRUE
            normal Normal {
              vector [
-1 -0 0,1 0 0,0 -1 0,0 0 -1,0 -0.89155 0.45292,0 0.89155 0.45292,0 0.51659 -0.85623,0 -0.51659 -0.85623              ]
            }
            normalIndex [
0,0,0,-1,0,0,0,-1,0,0,0,-1,0,0,0,-1,1,1,1,-1,1,1,1,-1,1,1,1,-1,1,1,1,-1,2,2,2,-1,2,2,2,-1,3,3,3,-1,3,3,3,-1,4,4,4,-1,4,4,4,-1,5,5,5,-1,5,5,5,-1,6,6,6,-1,6,6,6,-1,7,7,7,-1,7,7,7            ]
          }
        }
        Shape {
          appearance USE M0
          geometry IndexedFaceSet {
            coord Coordinate {
              point [
6590.62580383 4707.17099373 13306.54246859,6712.37263238 4539.33479928 13306.5424594,6711.68922432 4539.33479941 13306.54245945,6303.86487791 4711.65566756 13306.54249024,6718.60295274 4886.89790717 13306.54245893,6718.6029521 4883.59620039 13306.54245893,6590.62580689 4707.17099373 13347.04345659,6718.60295515 4883.59620039 13347.04344693,6718.6029558 4886.89790717 13347.04344693,6303.86488096 4711.65566756 13347.04347824,6711.68922738 4539.33479941 13347.04344745,6712.37263543 4539.33479928 13347.0434474              ]
            }
            coordIndex [
0,1,2,-1,3,4,5,-1,0,2,3,-1,3,5,0,-1,6,7,8,-1,9,10,11,-1,6,8,9,-1,9,11,6,-1,2,1,11,-1,11,10,2,-1,8,7,5,-1,5,4,8,-1,10,9,3,-1,3,2,10,-1,3,9,8,-1,8,4,3,-1,6,11,1,-1,1,0,6,-1,6,0,5,-1,5,7,6            ]
            ccw TRUE
            normalPerVertex TRUE
            normal Normal {
              vector [
-1 -0 0,1 0 0,0 -1 0,0 0 -1,0 -0.89155 0.45292,0 0.89155 0.45292,0 0.51659 -0.85623,0 -0.51659 -0.85623              ]
            }
            normalIndex [
0,0,0,-1,0,0,0,-1,0,0,0,-1,0,0,0,-1,1,1,1,-1,1,1,1,-1,1,1,1,-1,1,1,1,-1,2,2,2,-1,2,2,2,-1,3,3,3,-1,3,3,3,-1,4,4,4,-1,4,4,4,-1,5,5,5,-1,5,5,5,-1,6,6,6,-1,6,6,6,-1,7,7,7,-1,7,7,7            ]
          }
        }
        Shape {
          appearance USE M0
          geometry IndexedFaceSet {
            coord Coordinate {
              point [
3390.62653625 3875.43222419 14055.10789827,3512.3733648 3707.59602975 14055.10788908,3511.68995675 3707.59602988 14055.10788913,3103.86561033 3879.91689803 14055.10791992,3518.60368516 4055.15913764 14055.10788861,3518.60368452 4051.85743086 14055.10788861,3390.62653931 3875.43222419 14095.60888628,3518.60368758 4051.85743086 14095.60887662,3518.60368822 4055.15913764 14095.60887662,3103.86561338 3879.91689803 14095.60890793,3511.6899598 3707.59602988 14095.60887714,3512.37336786 3707.59602975 14095.60887709              ]
            }
            coordIndex [
0,1,2,-1,3,4,5,-1,0,2,3,-1,3,5,0,-1,6,7,8,-1,9,10,11,-1,6,8,9,-1,9,11,6,-1,2,1,11,-1,11,10,2,-1,8,7,5,-1,5,4,8,-1,10,9,3,-1,3,2,10,-1,3,9,8,-1,8,4,3,-1,6,11,1,-1,1,0,6,-1,6,0,5,-1,5,7,6            ]
            ccw TRUE
            normalPerVertex TRUE
            normal Normal {
              vector [
-1 -0 0,1 0 0,0 -1 0,0 0 -1,0 -0.89155 0.45292,0 0.89155 0.45292,0 0.51659 -0.85623,0 -0.51659 -0.85623              ]
            }
            normalIndex [
0,0,0,-1,0,0,0,-1,0,0,0,-1,0,0,0,-1,1,1,1,-1,1,1,1,-1,1,1,1,-1,1,1,1,-1,2,2,2,-1,2,2,2,-1,3,3,3,-1,3,3,3,-1,4,4,4,-1,4,4,4,-1,5,5,5,-1,5,5,5,-1,6,6,6,-1,6,6,6,-1,7,7,7,-1,7,7,7            ]
          }
        }
        Shape {
          appearance USE M0
          geometry IndexedFaceSet {
            coord Coordinate {
              point [
37690.62629211 4707.17099373 14304.63035921,37812.37312066 4539.33479928 14304.63035002,37811.68971261 4539.33479941 14304.63035007,37403.86536619 4711.65566756 14304.63038086,37818.60344102 4886.89790717 14304.63034955,37818.60344038 4883.59620039 14304.63034955,37690.62629517 4707.17099373 14345.13134722,37818.60344343 4883.59620039 14345.13133756,37818.60344408 4886.89790717 14345.13133756,37403.86536924 4711.65566756 14345.13136887,37811.68971566 4539.33479941 14345.13133808,37812.37312372 4539.33479928 14345.13133803              ]
            }
            coordIndex [
0,1,2,-1,3,4,5,-1,0,2,3,-1,3,5,0,-1,6,7,8,-1,9,10,11,-1,6,8,9,-1,9,11,6,-1,2,1,11,-1,11,10,2,-1,8,7,5,-1,5,4,8,-1,10,9,3,-1,3,2,10,-1,3,9,8,-1,8,4,3,-1,6,11,1,-1,1,0,6,-1,6,0,5,-1,5,7,6            ]
            ccw TRUE
            normalPerVertex TRUE
            normal Normal {
              vector [
-1 -0 0,1 0 0,0 -1 0,0 0 -1,0 -0.89155 0.45292,0 0.89155 0.45292,0 0.51659 -0.85623,0 -0.51659 -0.85623              ]
            }
            normalIndex [
0,0,0,-1,0,0,0,-1,0,0,0,-1,0,0,0,-1,1,1,1,-1,1,1,1,-1,1,1,1,-1,1,1,1,-1,2,2,2,-1,2,2,2,-1,3,3,3,-1,3,3,3,-1,4,4,4,-1,4,4,4,-1,5,5,5,-1,5,5,5,-1,6,6,6,-1,6,6,6,-1,7,7,7,-1,7,7,7            ]
          }
        }
        Shape {
          appearance USE M0
          geometry IndexedFaceSet {
            coord Coordinate {
              point [
40890.62629211 4243.69296638 14055.10789827,41012.37312066 4075.85677193 14055.10788908,41011.68971261 4075.85677207 14055.10788913,40603.86536619 4248.17764022 14055.10791992,41018.60344102 4423.41987983 14055.10788861,41018.60344038 4420.11817305 14055.10788861,40890.62629517 4243.69296638 14095.60888628,41018.60344343 4420.11817305 14095.60887662,41018.60344408 4423.41987983 14095.60887662,40603.86536924 4248.17764022 14095.60890793,41011.68971566 4075.85677207 14095.60887714,41012.37312372 4075.85677193 14095.60887709              ]
            }
            coordIndex [
0,1,2,-1,3,4,5,-1,0,2,3,-1,3,5,0,-1,6,7,8,-1,9,10,11,-1,6,8,9,-1,9,11,6,-1,2,1,11,-1,11,10,2,-1,8,7,5,-1,5,4,8,-1,10,9,3,-1,3,2,10,-1,3,9,8,-1,8,4,3,-1,6,11,1,-1,1,0,6,-1,6,0,5,-1,5,7,6            ]
            ccw TRUE
            normalPerVertex TRUE
            normal Normal {
              vector [
-1 -0 0,1 0 0,0 -1 0,0 0 -1,0 -0.89155 0.45292,0 0.89155 0.45292,0 0.51659 -0.85623,0 -0.51659 -0.85623              ]
            }
            normalIndex [
0,0,0,-1,0,0,0,-1,0,0,0,-1,0,0,0,-1,1,1,1,-1,1,1,1,-1,1,1,1,-1,1,1,1,-1,2,2,2,-1,2,2,2,-1,3,3,3,-1,3,3,3,-1,4,4,4,-1,4,4,4,-1,5,5,5,-1,5,5,5,-1,6,6,6,-1,6,6,6,-1,7,7,7,-1,7,7,7            ]
          }
        }
        Shape {
          appearance USE M0
          geometry IndexedFaceSet {
            coord Coordinate {
              point [
12890.62629211 4243.69296638 13805.58543734,13012.37312066 4075.85677193 13805.58542815,13011.68971261 4075.85677207 13805.5854282,12603.86536619 4248.17764022 13805.58545899,13018.60344102 4423.41987983 13805.58542768,13018.60344038 4420.11817305 13805.58542768,12890.62629517 4243.69296638 13846.08642534,13018.60344343 4420.11817305 13846.08641568,13018.60344408 4423.41987983 13846.08641568,12603.86536924 4248.17764022 13846.08644699,13011.68971566 4075.85677207 13846.0864162,13012.37312372 4075.85677193 13846.08641615              ]
            }
            coordIndex [
0,1,2,-1,3,4,5,-1,0,2,3,-1,3,5,0,-1,6,7,8,-1,9,10,11,-1,6,8,9,-1,9,11,6,-1,2,1,11,-1,11,10,2,-1,8,7,5,-1,5,4,8,-1,10,9,3,-1,3,2,10,-1,3,9,8,-1,8,4,3,-1,6,11,1,-1,1,0,6,-1,6,0,5,-1,5,7,6            ]
            ccw TRUE
            normalPerVertex TRUE
            normal Normal {
              vector [
-1 -0 0,1 0 0,0 -1 0,0 0 -1,0 -0.89155 0.45292,0 0.89155 0.45292,0 0.51659 -0.85623,0 -0.51659 -0.85623              ]
            }
            normalIndex [
0,0,0,-1,0,0,0,-1,0,0,0,-1,0,0,0,-1,1,1,1,-1,1,1,1,-1,1,1,1,-1,1,1,1,-1,2,2,2,-1,2,2,2,-1,3,3,3,-1,3,3,3,-1,4,4,4,-1,4,4,4,-1,5,5,5,-1,5,5,5,-1,6,6,6,-1,6,6,6,-1,7,7,7,-1,7,7,7            ]
          }
        }
        Shape {
          appearance USE M0
          geometry IndexedFaceSet {
            coord Coordinate {
              point [
44090.62629211 3043.69296638 13306.54246859,44212.37312066 2875.85677193 13306.5424594,44211.68971261 2875.85677207 13306.54245945,43803.86536619 3048.17764022 13306.54249024,44218.60344102 3223.41987983 13306.54245893,44218.60344038 3220.11817305 13306.54245893,44090.62629517 3043.69296638 13347.04345659,44218.60344343 3220.11817305 13347.04344693,44218.60344408 3223.41987983 13347.04344693,43803.86536924 3048.17764022 13347.04347824,44211.68971566 2875.85677207 13347.04344745,44212.37312372 2875.85677193 13347.0434474              ]
            }
            coordIndex [
0,1,2,-1,3,4,5,-1,0,2,3,-1,3,5,0,-1,6,7,8,-1,9,10,11,-1,6,8,9,-1,9,11,6,-1,2,1,11,-1,11,10,2,-1,8,7,5,-1,5,4,8,-1,10,9,3,-1,3,2,10,-1,3,9,8,-1,8,4,3,-1,6,11,1,-1,1,0,6,-1,6,0,5,-1,5,7,6            ]
            ccw TRUE
            normalPerVertex TRUE
            normal Normal {
              vector [
-1 -0 0,1 0 0,0 -1 0,0 0 -1,0 -0.89155 0.45292,0 0.89155 0.45292,0 0.51659 -0.85623,0 -0.51659 -0.85623              ]
            }
            normalIndex [
0,0,0,-1,0,0,0,-1,0,0,0,-1,0,0,0,-1,1,1,1,-1,1,1,1,-1,1,1,1,-1,1,1,1,-1,2,2,2,-1,2,2,2,-1,3,3,3,-1,3,3,3,-1,4,4,4,-1,4,4,4,-1,5,5,5,-1,5,5,5,-1,6,6,6,-1,6,6,6,-1,7,7,7,-1,7,7,7            ]
          }
        }
        Shape {
          appearance USE M0
          geometry IndexedFaceSet {
            coord Coordinate {
              point [
190.62653625 3443.69272224 12807.49949984,312.3733648 3275.85652779 12807.49949065,311.68995675 3275.85652793 12807.4994907,-96.13438967 3448.17739608 12807.49952149,318.60368516 3623.41963569 12807.49949018,318.60368452 3620.11792891 12807.49949018,190.62653931 3443.69272224 12848.00048784,318.60368758 3620.11792891 12848.00047818,318.60368822 3623.41963569 12848.00047818,-96.13438662 3448.17739608 12848.00050949,311.6899598 3275.85652793 12848.0004787,312.37336786 3275.85652779 12848.00047865              ]
            }
            coordIndex [
0,1,2,-1,3,4,5,-1,0,2,3,-1,3,5,0,-1,6,7,8,-1,9,10,11,-1,6,8,9,-1,9,11,6,-1,2,1,11,-1,11,10,2,-1,8,7,5,-1,5,4,8,-1,10,9,3,-1,3,2,10,-1,3,9,8,-1,8,4,3,-1,6,11,1,-1,1,0,6,-1,6,0,5,-1,5,7,6            ]
            ccw TRUE
            normalPerVertex TRUE
            normal Normal {
              vector [
-1 -0 0,1 0 0,0 -1 0,0 0 -1,0 -0.89155 0.45292,0 0.89155 0.45292,0 0.51659 -0.85623,0 -0.51659 -0.85623              ]
            }
            normalIndex [
0,0,0,-1,0,0,0,-1,0,0,0,-1,0,0,0,-1,1,1,1,-1,1,1,1,-1,1,1,1,-1,1,1,1,-1,2,2,2,-1,2,2,2,-1,3,3,3,-1,3,3,3,-1,4,4,4,-1,4,4,4,-1,5,5,5,-1,5,5,5,-1,6,6,6,-1,6,6,6,-1,7,7,7,-1,7,7,7            ]
          }
        }
        Shape {
          appearance USE M0
          geometry IndexedFaceSet {
            coord Coordinate {
              point [
40890.62629211 3875.43222419 13556.06492952,41012.37312066 3707.59602975 13556.06492033,41011.68971261 3707.59602988 13556.06492038,40603.86536619 3879.91689803 13556.06495117,41018.60344102 4055.15913764 13556.06491986,41018.60344038 4051.85743086 13556.06491986,40890.62629517 3875.43222419 13596.56591753,41018.60344343 4051.85743086 13596.56590787,41018.60344408 4055.15913764 13596.56590787,40603.86536924 3879.91689803 13596.56593918,41011.68971566 3707.59602988 13596.56590839,41012.37312372 3707.59602975 13596.56590834              ]
            }
            coordIndex [
0,1,2,-1,3,4,5,-1,0,2,3,-1,3,5,0,-1,6,7,8,-1,9,10,11,-1,6,8,9,-1,9,11,6,-1,2,1,11,-1,11,10,2,-1,8,7,5,-1,5,4,8,-1,10,9,3,-1,3,2,10,-1,3,9,8,-1,8,4,3,-1,6,11,1,-1,1,0,6,-1,6,0,5,-1,5,7,6            ]
            ccw TRUE
            normalPerVertex TRUE
            normal Normal {
              vector [
-1 -0 0,1 0 0,0 -1 0,0 0 -1,0 -0.89155 0.45292,0 0.89155 0.45292,0 0.51659 -0.85623,0 -0.51659 -0.85623              ]
            }
            normalIndex [
0,0,0,-1,0,0,0,-1,0,0,0,-1,0,0,0,-1,1,1,1,-1,1,1,1,-1,1,1,1,-1,1,1,1,-1,2,2,2,-1,2,2,2,-1,3,3,3,-1,3,3,3,-1,4,4,4,-1,4,4,4,-1,5,5,5,-1,5,5,5,-1,6,6,6,-1,6,6,6,-1,7,7,7,-1,7,7,7            ]
          }
        }
        Shape {
          appearance USE M0
          geometry IndexedFaceSet {
            coord Coordinate {
              point [
46890.62629211 3043.69296638 14554.15184359,47012.37312066 2875.85677193 14554.1518344,47011.68971261 2875.85677207 14554.15183445,46603.86536619 3048.17764022 14554.15186524,47018.60344102 3223.41987983 14554.15183393,47018.60344038 3220.11817305 14554.15183393,46890.62629517 3043.69296638 14594.65283159,47018.60344343 3220.11817305 14594.65282193,47018.60344408 3223.41987983 14594.65282193,46603.86536924 3048.17764022 14594.65285324,47011.68971566 2875.85677207 14594.65282245,47012.37312372 2875.85677193 14594.6528224              ]
            }
            coordIndex [
0,1,2,-1,3,4,5,-1,0,2,3,-1,3,5,0,-1,6,7,8,-1,9,10,11,-1,6,8,9,-1,9,11,6,-1,2,1,11,-1,11,10,2,-1,8,7,5,-1,5,4,8,-1,10,9,3,-1,3,2,10,-1,3,9,8,-1,8,4,3,-1,6,11,1,-1,1,0,6,-1,6,0,5,-1,5,7,6            ]
            ccw TRUE
            normalPerVertex TRUE
            normal Normal {
              vector [
-1 -0 0,1 0 0,0 -1 0,0 0 -1,0 -0.89155 0.45292,0 0.89155 0.45292,0 0.51659 -0.85623,0 -0.51659 -0.85623              ]
            }
            normalIndex [
0,0,0,-1,0,0,0,-1,0,0,0,-1,0,0,0,-1,1,1,1,-1,1,1,1,-1,1,1,1,-1,1,1,1,-1,2,2,2,-1,2,2,2,-1,3,3,3,-1,3,3,3,-1,4,4,4,-1,4,4,4,-1,5,5,5,-1,5,5,5,-1,6,6,6,-1,6,6,6,-1,7,7,7,-1,7,7,7            ]
          }
        }
        Shape {
          appearance USE M0
          geometry IndexedFaceSet {
            coord Coordinate {
              point [
37690.62629211 3043.69296638 12807.49949984,37812.37312066 2875.85677193 12807.49949065,37811.68971261 2875.85677207 12807.4994907,37403.86536619 3048.17764022 12807.49952149,37818.60344102 3223.41987983 12807.49949018,37818.60344038 3220.11817305 12807.49949018,37690.62629517 3043.69296638 12848.00048784,37818.60344343 3220.11817305 12848.00047818,37818.60344408 3223.41987983 12848.00047818,37403.86536924 3048.17764022 12848.00050949,37811.68971566 2875.85677207 12848.0004787,37812.37312372 2875.85677193 12848.00047865              ]
            }
            coordIndex [
0,1,2,-1,3,4,5,-1,0,2,3,-1,3,5,0,-1,6,7,8,-1,9,10,11,-1,6,8,9,-1,9,11,6,-1,2,1,11,-1,11,10,2,-1,8,7,5,-1,5,4,8,-1,10,9,3,-1,3,2,10,-1,3,9,8,-1,8,4,3,-1,6,11,1,-1,1,0,6,-1,6,0,5,-1,5,7,6            ]
            ccw TRUE
            normalPerVertex TRUE
            normal Normal {
              vector [
-1 -0 0,1 0 0,0 -1 0,0 0 -1,0 -0.89155 0.45292,0 0.89155 0.45292,0 0.51659 -0.85623,0 -0.51659 -0.85623              ]
            }
            normalIndex [
0,0,0,-1,0,0,0,-1,0,0,0,-1,0,0,0,-1,1,1,1,-1,1,1,1,-1,1,1,1,-1,1,1,1,-1,2,2,2,-1,2,2,2,-1,3,3,3,-1,3,3,3,-1,4,4,4,-1,4,4,4,-1,5,5,5,-1,5,5,5,-1,6,6,6,-1,6,6,6,-1,7,7,7,-1,7,7,7            ]
          }
        }
        Shape {
          appearance USE M0
          geometry IndexedFaceSet {
            coord Coordinate {
              point [
3390.62653625 4243.69296638 14055.10789827,3512.3733648 4075.85677193 14055.10788908,3511.68995675 4075.85677207 14055.10788913,3103.86561033 4248.17764022 14055.10791992,3518.60368516 4423.41987983 14055.10788861,3518.60368452 4420.11817305 14055.10788861,3390.62653931 4243.69296638 14095.60888628,3518.60368758 4420.11817305 14095.60887662,3518.60368822 4423.41987983 14095.60887662,3103.86561338 4248.17764022 14095.60890793,3511.6899598 4075.85677207 14095.60887714,3512.37336786 4075.85677193 14095.60887709              ]
            }
            coordIndex [
0,1,2,-1,3,4,5,-1,0,2,3,-1,3,5,0,-1,6,7,8,-1,9,10,11,-1,6,8,9,-1,9,11,6,-1,2,1,11,-1,11,10,2,-1,8,7,5,-1,5,4,8,-1,10,9,3,-1,3,2,10,-1,3,9,8,-1,8,4,3,-1,6,11,1,-1,1,0,6,-1,6,0,5,-1,5,7,6            ]
            ccw TRUE
            normalPerVertex TRUE
            normal Normal {
              vector [
-1 -0 0,1 0 0,0 -1 0,0 0 -1,0 -0.89155 0.45292,0 0.89155 0.45292,0 0.51659 -0.85623,0 -0.51659 -0.85623              ]
            }
            normalIndex [
0,0,0,-1,0,0,0,-1,0,0,0,-1,0,0,0,-1,1,1,1,-1,1,1,1,-1,1,1,1,-1,1,1,1,-1,2,2,2,-1,2,2,2,-1,3,3,3,-1,3,3,3,-1,4,4,4,-1,4,4,4,-1,5,5,5,-1,5,5,5,-1,6,6,6,-1,6,6,6,-1,7,7,7,-1,7,7,7            ]
          }
        }
        Shape {
          appearance USE M0
          geometry IndexedFaceSet {
            coord Coordinate {
              point [
46890.62629211 4707.17099373 13556.06492952,47012.37312066 4539.33479928 13556.06492033,47011.68971261 4539.33479941 13556.06492038,46603.86536619 4711.65566756 13556.06495117,47018.60344102 4886.89790717 13556.06491986,47018.60344038 4883.59620039 13556.06491986,46890.62629517 4707.17099373 13596.56591753,47018.60344343 4883.59620039 13596.56590787,47018.60344408 4886.89790717 13596.56590787,46603.86536924 4711.65566756 13596.56593918,47011.68971566 4539.33479941 13596.56590839,47012.37312372 4539.33479928 13596.56590834              ]
            }
            coordIndex [
0,1,2,-1,3,4,5,-1,0,2,3,-1,3,5,0,-1,6,7,8,-1,9,10,11,-1,6,8,9,-1,9,11,6,-1,2,1,11,-1,11,10,2,-1,8,7,5,-1,5,4,8,-1,10,9,3,-1,3,2,10,-1,3,9,8,-1,8,4,3,-1,6,11,1,-1,1,0,6,-1,6,0,5,-1,5,7,6            ]
            ccw TRUE
            normalPerVertex TRUE
            normal Normal {
              vector [
-1 -0 0,1 0 0,0 -1 0,0 0 -1,0 -0.89155 0.45292,0 0.89155 0.45292,0 0.51659 -0.85623,0 -0.51659 -0.85623              ]
            }
            normalIndex [
0,0,0,-1,0,0,0,-1,0,0,0,-1,0,0,0,-1,1,1,1,-1,1,1,1,-1,1,1,1,-1,1,1,1,-1,2,2,2,-1,2,2,2,-1,3,3,3,-1,3,3,3,-1,4,4,4,-1,4,4,4,-1,5,5,5,-1,5,5,5,-1,6,6,6,-1,6,6,6,-1,7,7,7,-1,7,7,7            ]
          }
        }
        Shape {
          appearance USE M0
          geometry IndexedFaceSet {
            coord Coordinate {
              point [
22090.62629211 4707.17099373 13057.02196077,22212.37312066 4539.33479928 13057.02195158,22211.68971261 4539.33479941 13057.02195163,21803.86536619 4711.65566756 13057.02198242,22218.60344102 4886.89790717 13057.02195111,22218.60344038 4883.59620039 13057.02195111,22090.62629517 4707.17099373 13097.52294878,22218.60344343 4883.59620039 13097.52293912,22218.60344408 4886.89790717 13097.52293912,21803.86536924 4711.65566756 13097.52297043,22211.68971566 4539.33479941 13097.52293964,22212.37312372 4539.33479928 13097.52293959              ]
            }
            coordIndex [
0,1,2,-1,3,4,5,-1,0,2,3,-1,3,5,0,-1,6,7,8,-1,9,10,11,-1,6,8,9,-1,9,11,6,-1,2,1,11,-1,11,10,2,-1,8,7,5,-1,5,4,8,-1,10,9,3,-1,3,2,10,-1,3,9,8,-1,8,4,3,-1,6,11,1,-1,1,0,6,-1,6,0,5,-1,5,7,6            ]
            ccw TRUE
            normalPerVertex TRUE
            normal Normal {
              vector [
-1 -0 0,1 0 0,0 -1 0,0 0 -1,0 -0.89155 0.45292,0 0.89155 0.45292,0 0.51659 -0.85623,0 -0.51659 -0.85623              ]
            }
            normalIndex [
0,0,0,-1,0,0,0,-1,0,0,0,-1,0,0,0,-1,1,1,1,-1,1,1,1,-1,1,1,1,-1,1,1,1,-1,2,2,2,-1,2,2,2,-1,3,3,3,-1,3,3,3,-1,4,4,4,-1,4,4,4,-1,5,5,5,-1,5,5,5,-1,6,6,6,-1,6,6,6,-1,7,7,7,-1,7,7,7            ]
          }
        }
        Shape {
          appearance USE M0
          geometry IndexedFaceSet {
            coord Coordinate {
              point [
16090.62629211 3443.69272224 14055.10789827,16212.37312066 3275.85652779 14055.10788908,16211.68971261 3275.85652793 14055.10788913,15803.86536619 3448.17739608 14055.10791992,16218.60344102 3623.41963569 14055.10788861,16218.60344038 3620.11792891 14055.10788861,16090.62629517 3443.69272224 14095.60888628,16218.60344343 3620.11792891 14095.60887662,16218.60344408 3623.41963569 14095.60887662,15803.86536924 3448.17739608 14095.60890793,16211.68971566 3275.85652793 14095.60887714,16212.37312372 3275.85652779 14095.60887709              ]
            }
            coordIndex [
0,1,2,-1,3,4,5,-1,0,2,3,-1,3,5,0,-1,6,7,8,-1,9,10,11,-1,6,8,9,-1,9,11,6,-1,2,1,11,-1,11,10,2,-1,8,7,5,-1,5,4,8,-1,10,9,3,-1,3,2,10,-1,3,9,8,-1,8,4,3,-1,6,11,1,-1,1,0,6,-1,6,0,5,-1,5,7,6            ]
            ccw TRUE
            normalPerVertex TRUE
            normal Normal {
              vector [
-1 -0 0,1 0 0,0 -1 0,0 0 -1,0 -0.89155 0.45292,0 0.89155 0.45292,0 0.51659 -0.85623,0 -0.51659 -0.85623              ]
            }
            normalIndex [
0,0,0,-1,0,0,0,-1,0,0,0,-1,0,0,0,-1,1,1,1,-1,1,1,1,-1,1,1,1,-1,1,1,1,-1,2,2,2,-1,2,2,2,-1,3,3,3,-1,3,3,3,-1,4,4,4,-1,4,4,4,-1,5,5,5,-1,5,5,5,-1,6,6,6,-1,6,6,6,-1,7,7,7,-1,7,7,7            ]
          }
        }
        Shape {
          appearance USE M0
          geometry IndexedFaceSet {
            coord Coordinate {
              point [
16090.62629211 3443.69272224 13057.02196077,16212.37312066 3275.85652779 13057.02195158,16211.68971261 3275.85652793 13057.02195163,15803.86536619 3448.17739608 13057.02198242,16218.60344102 3623.41963569 13057.02195111,16218.60344038 3620.11792891 13057.02195111,16090.62629517 3443.69272224 13097.52294878,16218.60344343 3620.11792891 13097.52293912,16218.60344408 3623.41963569 13097.52293912,15803.86536924 3448.17739608 13097.52297043,16211.68971566 3275.85652793 13097.52293964,16212.37312372 3275.85652779 13097.52293959              ]
            }
            coordIndex [
0,1,2,-1,3,4,5,-1,0,2,3,-1,3,5,0,-1,6,7,8,-1,9,10,11,-1,6,8,9,-1,9,11,6,-1,2,1,11,-1,11,10,2,-1,8,7,5,-1,5,4,8,-1,10,9,3,-1,3,2,10,-1,3,9,8,-1,8,4,3,-1,6,11,1,-1,1,0,6,-1,6,0,5,-1,5,7,6            ]
            ccw TRUE
            normalPerVertex TRUE
            normal Normal {
              vector [
-1 -0 0,1 0 0,0 -1 0,0 0 -1,0 -0.89155 0.45292,0 0.89155 0.45292,0 0.51659 -0.85623,0 -0.51659 -0.85623              ]
            }
            normalIndex [
0,0,0,-1,0,0,0,-1,0,0,0,-1,0,0,0,-1,1,1,1,-1,1,1,1,-1,1,1,1,-1,1,1,1,-1,2,2,2,-1,2,2,2,-1,3,3,3,-1,3,3,3,-1,4,4,4,-1,4,4,4,-1,5,5,5,-1,5,5,5,-1,6,6,6,-1,6,6,6,-1,7,7,7,-1,7,7,7            ]
          }
        }
        Shape {
          appearance USE M0
          geometry IndexedFaceSet {
            coord Coordinate {
              point [
12890.62629211 3043.69296638 13306.54246859,13012.37312066 2875.85677193 13306.5424594,13011.68971261 2875.85677207 13306.54245945,12603.86536619 3048.17764022 13306.54249024,13018.60344102 3223.41987983 13306.54245893,13018.60344038 3220.11817305 13306.54245893,12890.62629517 3043.69296638 13347.04345659,13018.60344343 3220.11817305 13347.04344693,13018.60344408 3223.41987983 13347.04344693,12603.86536924 3048.17764022 13347.04347824,13011.68971566 2875.85677207 13347.04344745,13012.37312372 2875.85677193 13347.0434474              ]
            }
            coordIndex [
0,1,2,-1,3,4,5,-1,0,2,3,-1,3,5,0,-1,6,7,8,-1,9,10,11,-1,6,8,9,-1,9,11,6,-1,2,1,11,-1,11,10,2,-1,8,7,5,-1,5,4,8,-1,10,9,3,-1,3,2,10,-1,3,9,8,-1,8,4,3,-1,6,11,1,-1,1,0,6,-1,6,0,5,-1,5,7,6            ]
            ccw TRUE
            normalPerVertex TRUE
            normal Normal {
              vector [
-1 -0 0,1 0 0,0 -1 0,0 0 -1,0 -0.89155 0.45292,0 0.89155 0.45292,0 0.51659 -0.85623,0 -0.51659 -0.85623              ]
            }
            normalIndex [
0,0,0,-1,0,0,0,-1,0,0,0,-1,0,0,0,-1,1,1,1,-1,1,1,1,-1,1,1,1,-1,1,1,1,-1,2,2,2,-1,2,2,2,-1,3,3,3,-1,3,3,3,-1,4,4,4,-1,4,4,4,-1,5,5,5,-1,5,5,5,-1,6,6,6,-1,6,6,6,-1,7,7,7,-1,7,7,7            ]
          }
        }
        Shape {
          appearance USE M0
          geometry IndexedFaceSet {
            coord Coordinate {
              point [
19290.62629211 3875.43222419 12807.49949984,19412.37312066 3707.59602975 12807.49949065,19411.68971261 3707.59602988 12807.4994907,19003.86536619 3879.91689803 12807.49952149,19418.60344102 4055.15913764 12807.49949018,19418.60344038 4051.85743086 12807.49949018,19290.62629517 3875.43222419 12848.00048784,19418.60344343 4051.85743086 12848.00047818,19418.60344408 4055.15913764 12848.00047818,19003.86536924 3879.91689803 12848.00050949,19411.68971566 3707.59602988 12848.0004787,19412.37312372 3707.59602975 12848.00047865              ]
            }
            coordIndex [
0,1,2,-1,3,4,5,-1,0,2,3,-1,3,5,0,-1,6,7,8,-1,9,10,11,-1,6,8,9,-1,9,11,6,-1,2,1,11,-1,11,10,2,-1,8,7,5,-1,5,4,8,-1,10,9,3,-1,3,2,10,-1,3,9,8,-1,8,4,3,-1,6,11,1,-1,1,0,6,-1,6,0,5,-1,5,7,6            ]
            ccw TRUE
            normalPerVertex TRUE
            normal Normal {
              vector [
-1 -0 0,1 0 0,0 -1 0,0 0 -1,0 -0.89155 0.45292,0 0.89155 0.45292,0 0.51659 -0.85623,0 -0.51659 -0.85623              ]
            }
            normalIndex [
0,0,0,-1,0,0,0,-1,0,0,0,-1,0,0,0,-1,1,1,1,-1,1,1,1,-1,1,1,1,-1,1,1,1,-1,2,2,2,-1,2,2,2,-1,3,3,3,-1,3,3,3,-1,4,4,4,-1,4,4,4,-1,5,5,5,-1,5,5,5,-1,6,6,6,-1,6,6,6,-1,7,7,7,-1,7,7,7            ]
          }
        }
        Shape {
          appearance USE M0
          geometry IndexedFaceSet {
            coord Coordinate {
              point [
3390.62653625 3043.69296638 13057.02196077,3512.3733648 2875.85677193 13057.02195158,3511.68995675 2875.85677207 13057.02195163,3103.86561033 3048.17764022 13057.02198242,3518.60368516 3223.41987983 13057.02195111,3518.60368452 3220.11817305 13057.02195111,3390.62653931 3043.69296638 13097.52294878,3518.60368758 3220.11817305 13097.52293912,3518.60368822 3223.41987983 13097.52293912,3103.86561338 3048.17764022 13097.52297043,3511.6899598 2875.85677207 13097.52293964,3512.37336786 2875.85677193 13097.52293959              ]
            }
            coordIndex [
0,1,2,-1,3,4,5,-1,0,2,3,-1,3,5,0,-1,6,7,8,-1,9,10,11,-1,6,8,9,-1,9,11,6,-1,2,1,11,-1,11,10,2,-1,8,7,5,-1,5,4,8,-1,10,9,3,-1,3,2,10,-1,3,9,8,-1,8,4,3,-1,6,11,1,-1,1,0,6,-1,6,0,5,-1,5,7,6            ]
            ccw TRUE
            normalPerVertex TRUE
            normal Normal {
              vector [
-1 -0 0,1 0 0,0 -1 0,0 0 -1,0 -0.89155 0.45292,0 0.89155 0.45292,0 0.51659 -0.85623,0 -0.51659 -0.85623              ]
            }
            normalIndex [
0,0,0,-1,0,0,0,-1,0,0,0,-1,0,0,0,-1,1,1,1,-1,1,1,1,-1,1,1,1,-1,1,1,1,-1,2,2,2,-1,2,2,2,-1,3,3,3,-1,3,3,3,-1,4,4,4,-1,4,4,4,-1,5,5,5,-1,5,5,5,-1,6,6,6,-1,6,6,6,-1,7,7,7,-1,7,7,7            ]
          }
        }
        Shape {
          appearance USE M0
          geometry IndexedFaceSet {
            coord Coordinate {
              point [
-3009.37346375 4243.69296638 13057.02196077,-2887.6266352 4075.85677193 13057.02195158,-2888.31004325 4075.85677207 13057.02195163,-3296.13438967 4248.17764022 13057.02198242,-2881.39631484 4423.41987983 13057.02195111,-2881.39631548 4420.11817305 13057.02195111,-3009.37346069 4243.69296638 13097.52294878,-2881.39631242 4420.11817305 13097.52293912,-2881.39631178 4423.41987983 13097.52293912,-3296.13438662 4248.17764022 13097.52297043,-2888.3100402 4075.85677207 13097.52293964,-2887.62663214 4075.85677193 13097.52293959              ]
            }
            coordIndex [
0,1,2,-1,3,4,5,-1,0,2,3,-1,3,5,0,-1,6,7,8,-1,9,10,11,-1,6,8,9,-1,9,11,6,-1,2,1,11,-1,11,10,2,-1,8,7,5,-1,5,4,8,-1,10,9,3,-1,3,2,10,-1,3,9,8,-1,8,4,3,-1,6,11,1,-1,1,0,6,-1,6,0,5,-1,5,7,6            ]
            ccw TRUE
            normalPerVertex TRUE
            normal Normal {
              vector [
-1 -0 0,1 0 0,0 -1 0,0 0 -1,0 -0.89155 0.45292,0 0.89155 0.45292,0 0.51659 -0.85623,0 -0.51659 -0.85623              ]
            }
            normalIndex [
0,0,0,-1,0,0,0,-1,0,0,0,-1,0,0,0,-1,1,1,1,-1,1,1,1,-1,1,1,1,-1,1,1,1,-1,2,2,2,-1,2,2,2,-1,3,3,3,-1,3,3,3,-1,4,4,4,-1,4,4,4,-1,5,5,5,-1,5,5,5,-1,6,6,6,-1,6,6,6,-1,7,7,7,-1,7,7,7            ]
          }
        }
        Shape {
          appearance USE M0
          geometry IndexedFaceSet {
            coord Coordinate {
              point [
-3009.37346375 3875.43222419 13556.06492952,-2887.6266352 3707.59602975 13556.06492033,-2888.31004325 3707.59602988 13556.06492038,-3296.13438967 3879.91689803 13556.06495117,-2881.39631484 4055.15913764 13556.06491986,-2881.39631548 4051.85743086 13556.06491986,-3009.37346069 3875.43222419 13596.56591753,-2881.39631242 4051.85743086 13596.56590787,-2881.39631178 4055.15913764 13596.56590787,-3296.13438662 3879.91689803 13596.56593918,-2888.3100402 3707.59602988 13596.56590839,-2887.62663214 3707.59602975 13596.56590834              ]
            }
            coordIndex [
0,1,2,-1,3,4,5,-1,0,2,3,-1,3,5,0,-1,6,7,8,-1,9,10,11,-1,6,8,9,-1,9,11,6,-1,2,1,11,-1,11,10,2,-1,8,7,5,-1,5,4,8,-1,10,9,3,-1,3,2,10,-1,3,9,8,-1,8,4,3,-1,6,11,1,-1,1,0,6,-1,6,0,5,-1,5,7,6            ]
            ccw TRUE
            normalPerVertex TRUE
            normal Normal {
              vector [
-1 -0 0,1 0 0,0 -1 0,0 0 -1,0 -0.89155 0.45292,0 0.89155 0.45292,0 0.51659 -0.85623,0 -0.51659 -0.85623              ]
            }
            normalIndex [
0,0,0,-1,0,0,0,-1,0,0,0,-1,0,0,0,-1,1,1,1,-1,1,1,1,-1,1,1,1,-1,1,1,1,-1,2,2,2,-1,2,2,2,-1,3,3,3,-1,3,3,3,-1,4,4,4,-1,4,4,4,-1,5,5,5,-1,5,5,5,-1,6,6,6,-1,6,6,6,-1,7,7,7,-1,7,7,7            ]
          }
        }
        Shape {
          appearance USE M0
          geometry IndexedFaceSet {
            coord Coordinate {
              point [
44090.62629211 3043.69296638 14803.67332796,44212.37312066 2875.85677193 14803.67331877,44211.68971261 2875.85677207 14803.67331882,43803.86536619 3048.17764022 14803.67334961,44218.60344102 3223.41987983 14803.6733183,44218.60344038 3220.11817305 14803.6733183,44090.62629517 3043.69296638 14844.17431597,44218.60344343 3220.11817305 14844.17430631,44218.60344408 3223.41987983 14844.17430631,43803.86536924 3048.17764022 14844.17433762,44211.68971566 2875.85677207 14844.17430683,44212.37312372 2875.85677193 14844.17430678              ]
            }
            coordIndex [
0,1,2,-1,3,4,5,-1,0,2,3,-1,3,5,0,-1,6,7,8,-1,9,10,11,-1,6,8,9,-1,9,11,6,-1,2,1,11,-1,11,10,2,-1,8,7,5,-1,5,4,8,-1,10,9,3,-1,3,2,10,-1,3,9,8,-1,8,4,3,-1,6,11,1,-1,1,0,6,-1,6,0,5,-1,5,7,6            ]
            ccw TRUE
            normalPerVertex TRUE
            normal Normal {
              vector [
-1 -0 0,1 0 0,0 -1 0,0 0 -1,0 -0.89155 0.45292,0 0.89155 0.45292,0 0.51659 -0.85623,0 -0.51659 -0.85623              ]
            }
            normalIndex [
0,0,0,-1,0,0,0,-1,0,0,0,-1,0,0,0,-1,1,1,1,-1,1,1,1,-1,1,1,1,-1,1,1,1,-1,2,2,2,-1,2,2,2,-1,3,3,3,-1,3,3,3,-1,4,4,4,-1,4,4,4,-1,5,5,5,-1,5,5,5,-1,6,6,6,-1,6,6,6,-1,7,7,7,-1,7,7,7            ]
          }
        }
        Shape {
          appearance USE M0
          geometry IndexedFaceSet {
            coord Coordinate {
              point [
22090.62629211 4707.17099373 14055.10789827,22212.37312066 4539.33479928 14055.10788908,22211.68971261 4539.33479941 14055.10788913,21803.86536619 4711.65566756 14055.10791992,22218.60344102 4886.89790717 14055.10788861,22218.60344038 4883.59620039 14055.10788861,22090.62629517 4707.17099373 14095.60888628,22218.60344343 4883.59620039 14095.60887662,22218.60344408 4886.89790717 14095.60887662,21803.86536924 4711.65566756 14095.60890793,22211.68971566 4539.33479941 14095.60887714,22212.37312372 4539.33479928 14095.60887709              ]
            }
            coordIndex [
0,1,2,-1,3,4,5,-1,0,2,3,-1,3,5,0,-1,6,7,8,-1,9,10,11,-1,6,8,9,-1,9,11,6,-1,2,1,11,-1,11,10,2,-1,8,7,5,-1,5,4,8,-1,10,9,3,-1,3,2,10,-1,3,9,8,-1,8,4,3,-1,6,11,1,-1,1,0,6,-1,6,0,5,-1,5,7,6            ]
            ccw TRUE
            normalPerVertex TRUE
            normal Normal {
              vector [
-1 -0 0,1 0 0,0 -1 0,0 0 -1,0 -0.89155 0.45292,0 0.89155 0.45292,0 0.51659 -0.85623,0 -0.51659 -0.85623              ]
            }
            normalIndex [
0,0,0,-1,0,0,0,-1,0,0,0,-1,0,0,0,-1,1,1,1,-1,1,1,1,-1,1,1,1,-1,1,1,1,-1,2,2,2,-1,2,2,2,-1,3,3,3,-1,3,3,3,-1,4,4,4,-1,4,4,4,-1,5,5,5,-1,5,5,5,-1,6,6,6,-1,6,6,6,-1,7,7,7,-1,7,7,7            ]
          }
        }
        Shape {
          appearance USE M0
          geometry IndexedFaceSet {
            coord Coordinate {
              point [
190.62653625 4243.69296638 14803.67332796,312.3733648 4075.85677193 14803.67331877,311.68995675 4075.85677207 14803.67331882,-96.13438967 4248.17764022 14803.67334961,318.60368516 4423.41987983 14803.6733183,318.60368452 4420.11817305 14803.6733183,190.62653931 4243.69296638 14844.17431597,318.60368758 4420.11817305 14844.17430631,318.60368822 4423.41987983 14844.17430631,-96.13438662 4248.17764022 14844.17433762,311.6899598 4075.85677207 14844.17430683,312.37336786 4075.85677193 14844.17430678              ]
            }
            coordIndex [
0,1,2,-1,3,4,5,-1,0,2,3,-1,3,5,0,-1,6,7,8,-1,9,10,11,-1,6,8,9,-1,9,11,6,-1,2,1,11,-1,11,10,2,-1,8,7,5,-1,5,4,8,-1,10,9,3,-1,3,2,10,-1,3,9,8,-1,8,4,3,-1,6,11,1,-1,1,0,6,-1,6,0,5,-1,5,7,6            ]
            ccw TRUE
            normalPerVertex TRUE
            normal Normal {
              vector [
-1 -0 0,1 0 0,0 -1 0,0 0 -1,0 -0.89155 0.45292,0 0.89155 0.45292,0 0.51659 -0.85623,0 -0.51659 -0.85623              ]
            }
            normalIndex [
0,0,0,-1,0,0,0,-1,0,0,0,-1,0,0,0,-1,1,1,1,-1,1,1,1,-1,1,1,1,-1,1,1,1,-1,2,2,2,-1,2,2,2,-1,3,3,3,-1,3,3,3,-1,4,4,4,-1,4,4,4,-1,5,5,5,-1,5,5,5,-1,6,6,6,-1,6,6,6,-1,7,7,7,-1,7,7,7            ]
          }
        }
        Shape {
          appearance USE M0
          geometry IndexedFaceSet {
            coord Coordinate {
              point [
40890.62629211 4707.17099373 14055.10789827,41012.37312066 4539.33479928 14055.10788908,41011.68971261 4539.33479941 14055.10788913,40603.86536619 4711.65566756 14055.10791992,41018.60344102 4886.89790717 14055.10788861,41018.60344038 4883.59620039 14055.10788861,40890.62629517 4707.17099373 14095.60888628,41018.60344343 4883.59620039 14095.60887662,41018.60344408 4886.89790717 14095.60887662,40603.86536924 4711.65566756 14095.60890793,41011.68971566 4539.33479941 14095.60887714,41012.37312372 4539.33479928 14095.60887709              ]
            }
            coordIndex [
0,1,2,-1,3,4,5,-1,0,2,3,-1,3,5,0,-1,6,7,8,-1,9,10,11,-1,6,8,9,-1,9,11,6,-1,2,1,11,-1,11,10,2,-1,8,7,5,-1,5,4,8,-1,10,9,3,-1,3,2,10,-1,3,9,8,-1,8,4,3,-1,6,11,1,-1,1,0,6,-1,6,0,5,-1,5,7,6            ]
            ccw TRUE
            normalPerVertex TRUE
            normal Normal {
              vector [
-1 -0 0,1 0 0,0 -1 0,0 0 -1,0 -0.89155 0.45292,0 0.89155 0.45292,0 0.51659 -0.85623,0 -0.51659 -0.85623              ]
            }
            normalIndex [
0,0,0,-1,0,0,0,-1,0,0,0,-1,0,0,0,-1,1,1,1,-1,1,1,1,-1,1,1,1,-1,1,1,1,-1,2,2,2,-1,2,2,2,-1,3,3,3,-1,3,3,3,-1,4,4,4,-1,4,4,4,-1,5,5,5,-1,5,5,5,-1,6,6,6,-1,6,6,6,-1,7,7,7,-1,7,7,7            ]
          }
        }
        Shape {
          appearance USE M0
          geometry IndexedFaceSet {
            coord Coordinate {
              point [
24990.62629211 3043.69296638 14304.63035921,25112.37312066 2875.85677193 14304.63035002,25111.68971261 2875.85677207 14304.63035007,24703.86536619 3048.17764022 14304.63038086,25118.60344102 3223.41987983 14304.63034955,25118.60344038 3220.11817305 14304.63034955,24990.62629517 3043.69296638 14345.13134722,25118.60344343 3220.11817305 14345.13133756,25118.60344408 3223.41987983 14345.13133756,24703.86536924 3048.17764022 14345.13136887,25111.68971566 2875.85677207 14345.13133808,25112.37312372 2875.85677193 14345.13133803              ]
            }
            coordIndex [
0,1,2,-1,3,4,5,-1,0,2,3,-1,3,5,0,-1,6,7,8,-1,9,10,11,-1,6,8,9,-1,9,11,6,-1,2,1,11,-1,11,10,2,-1,8,7,5,-1,5,4,8,-1,10,9,3,-1,3,2,10,-1,3,9,8,-1,8,4,3,-1,6,11,1,-1,1,0,6,-1,6,0,5,-1,5,7,6            ]
            ccw TRUE
            normalPerVertex TRUE
            normal Normal {
              vector [
-1 -0 0,1 0 0,0 -1 0,0 0 -1,0 -0.89155 0.45292,0 0.89155 0.45292,0 0.51659 -0.85623,0 -0.51659 -0.85623              ]
            }
            normalIndex [
0,0,0,-1,0,0,0,-1,0,0,0,-1,0,0,0,-1,1,1,1,-1,1,1,1,-1,1,1,1,-1,1,1,1,-1,2,2,2,-1,2,2,2,-1,3,3,3,-1,3,3,3,-1,4,4,4,-1,4,4,4,-1,5,5,5,-1,5,5,5,-1,6,6,6,-1,6,6,6,-1,7,7,7,-1,7,7,7            ]
          }
        }
        Shape {
          appearance USE M0
          geometry IndexedFaceSet {
            coord Coordinate {
              point [
19290.62629211 4707.17099373 13306.54246859,19412.37312066 4539.33479928 13306.5424594,19411.68971261 4539.33479941 13306.54245945,19003.86536619 4711.65566756 13306.54249024,19418.60344102 4886.89790717 13306.54245893,19418.60344038 4883.59620039 13306.54245893,19290.62629517 4707.17099373 13347.04345659,19418.60344343 4883.59620039 13347.04344693,19418.60344408 4886.89790717 13347.04344693,19003.86536924 4711.65566756 13347.04347824,19411.68971566 4539.33479941 13347.04344745,19412.37312372 4539.33479928 13347.0434474              ]
            }
            coordIndex [
0,1,2,-1,3,4,5,-1,0,2,3,-1,3,5,0,-1,6,7,8,-1,9,10,11,-1,6,8,9,-1,9,11,6,-1,2,1,11,-1,11,10,2,-1,8,7,5,-1,5,4,8,-1,10,9,3,-1,3,2,10,-1,3,9,8,-1,8,4,3,-1,6,11,1,-1,1,0,6,-1,6,0,5,-1,5,7,6            ]
            ccw TRUE
            normalPerVertex TRUE
            normal Normal {
              vector [
-1 -0 0,1 0 0,0 -1 0,0 0 -1,0 -0.89155 0.45292,0 0.89155 0.45292,0 0.51659 -0.85623,0 -0.51659 -0.85623              ]
            }
            normalIndex [
0,0,0,-1,0,0,0,-1,0,0,0,-1,0,0,0,-1,1,1,1,-1,1,1,1,-1,1,1,1,-1,1,1,1,-1,2,2,2,-1,2,2,2,-1,3,3,3,-1,3,3,3,-1,4,4,4,-1,4,4,4,-1,5,5,5,-1,5,5,5,-1,6,6,6,-1,6,6,6,-1,7,7,7,-1,7,7,7            ]
          }
        }
        Shape {
          appearance USE M0
          geometry IndexedFaceSet {
            coord Coordinate {
              point [
190.62653625 3443.69272224 14803.67332796,312.3733648 3275.85652779 14803.67331877,311.68995675 3275.85652793 14803.67331882,-96.13438967 3448.17739608 14803.67334961,318.60368516 3623.41963569 14803.6733183,318.60368452 3620.11792891 14803.6733183,190.62653931 3443.69272224 14844.17431597,318.60368758 3620.11792891 14844.17430631,318.60368822 3623.41963569 14844.17430631,-96.13438662 3448.17739608 14844.17433762,311.6899598 3275.85652793 14844.17430683,312.37336786 3275.85652779 14844.17430678              ]
            }
            coordIndex [
0,1,2,-1,3,4,5,-1,0,2,3,-1,3,5,0,-1,6,7,8,-1,9,10,11,-1,6,8,9,-1,9,11,6,-1,2,1,11,-1,11,10,2,-1,8,7,5,-1,5,4,8,-1,10,9,3,-1,3,2,10,-1,3,9,8,-1,8,4,3,-1,6,11,1,-1,1,0,6,-1,6,0,5,-1,5,7,6            ]
            ccw TRUE
            normalPerVertex TRUE
            normal Normal {
              vector [
-1 -0 0,1 0 0,0 -1 0,0 0 -1,0 -0.89155 0.45292,0 0.89155 0.45292,0 0.51659 -0.85623,0 -0.51659 -0.85623              ]
            }
            normalIndex [
0,0,0,-1,0,0,0,-1,0,0,0,-1,0,0,0,-1,1,1,1,-1,1,1,1,-1,1,1,1,-1,1,1,1,-1,2,2,2,-1,2,2,2,-1,3,3,3,-1,3,3,3,-1,4,4,4,-1,4,4,4,-1,5,5,5,-1,5,5,5,-1,6,6,6,-1,6,6,6,-1,7,7,7,-1,7,7,7            ]
          }
        }
        Shape {
          appearance USE M0
          geometry IndexedFaceSet {
            coord Coordinate {
              point [
40890.62629211 3875.43222419 13057.02196077,41012.37312066 3707.59602975 13057.02195158,41011.68971261 3707.59602988 13057.02195163,40603.86536619 3879.91689803 13057.02198242,41018.60344102 4055.15913764 13057.02195111,41018.60344038 4051.85743086 13057.02195111,40890.62629517 3875.43222419 13097.52294878,41018.60344343 4051.85743086 13097.52293912,41018.60344408 4055.15913764 13097.52293912,40603.86536924 3879.91689803 13097.52297043,41011.68971566 3707.59602988 13097.52293964,41012.37312372 3707.59602975 13097.52293959              ]
            }
            coordIndex [
0,1,2,-1,3,4,5,-1,0,2,3,-1,3,5,0,-1,6,7,8,-1,9,10,11,-1,6,8,9,-1,9,11,6,-1,2,1,11,-1,11,10,2,-1,8,7,5,-1,5,4,8,-1,10,9,3,-1,3,2,10,-1,3,9,8,-1,8,4,3,-1,6,11,1,-1,1,0,6,-1,6,0,5,-1,5,7,6            ]
            ccw TRUE
            normalPerVertex TRUE
            normal Normal {
              vector [
-1 -0 0,1 0 0,0 -1 0,0 0 -1,0 -0.89155 0.45292,0 0.89155 0.45292,0 0.51659 -0.85623,0 -0.51659 -0.85623              ]
            }
            normalIndex [
0,0,0,-1,0,0,0,-1,0,0,0,-1,0,0,0,-1,1,1,1,-1,1,1,1,-1,1,1,1,-1,1,1,1,-1,2,2,2,-1,2,2,2,-1,3,3,3,-1,3,3,3,-1,4,4,4,-1,4,4,4,-1,5,5,5,-1,5,5,5,-1,6,6,6,-1,6,6,6,-1,7,7,7,-1,7,7,7            ]
          }
        }
        Shape {
          appearance USE M0
          geometry IndexedFaceSet {
            coord Coordinate {
              point [
31390.62629211 3443.69272224 14304.63035921,31512.37312066 3275.85652779 14304.63035002,31511.68971261 3275.85652793 14304.63035007,31103.86536619 3448.17739608 14304.63038086,31518.60344102 3623.41963569 14304.63034955,31518.60344038 3620.11792891 14304.63034955,31390.62629517 3443.69272224 14345.13134722,31518.60344343 3620.11792891 14345.13133756,31518.60344408 3623.41963569 14345.13133756,31103.86536924 3448.17739608 14345.13136887,31511.68971566 3275.85652793 14345.13133808,31512.37312372 3275.85652779 14345.13133803              ]
            }
            coordIndex [
0,1,2,-1,3,4,5,-1,0,2,3,-1,3,5,0,-1,6,7,8,-1,9,10,11,-1,6,8,9,-1,9,11,6,-1,2,1,11,-1,11,10,2,-1,8,7,5,-1,5,4,8,-1,10,9,3,-1,3,2,10,-1,3,9,8,-1,8,4,3,-1,6,11,1,-1,1,0,6,-1,6,0,5,-1,5,7,6            ]
            ccw TRUE
            normalPerVertex TRUE
            normal Normal {
              vector [
-1 -0 0,1 0 0,0 -1 0,0 0 -1,0 -0.89155 0.45292,0 0.89155 0.45292,0 0.51659 -0.85623,0 -0.51659 -0.85623              ]
            }
            normalIndex [
0,0,0,-1,0,0,0,-1,0,0,0,-1,0,0,0,-1,1,1,1,-1,1,1,1,-1,1,1,1,-1,1,1,1,-1,2,2,2,-1,2,2,2,-1,3,3,3,-1,3,3,3,-1,4,4,4,-1,4,4,4,-1,5,5,5,-1,5,5,5,-1,6,6,6,-1,6,6,6,-1,7,7,7,-1,7,7,7            ]
          }
        }
        Shape {
          appearance USE M0
          geometry IndexedFaceSet {
            coord Coordinate {
              point [
16090.62629211 3443.69272224 14554.15184359,16212.37312066 3275.85652779 14554.1518344,16211.68971261 3275.85652793 14554.15183445,15803.86536619 3448.17739608 14554.15186524,16218.60344102 3623.41963569 14554.15183393,16218.60344038 3620.11792891 14554.15183393,16090.62629517 3443.69272224 14594.65283159,16218.60344343 3620.11792891 14594.65282193,16218.60344408 3623.41963569 14594.65282193,15803.86536924 3448.17739608 14594.65285324,16211.68971566 3275.85652793 14594.65282245,16212.37312372 3275.85652779 14594.6528224              ]
            }
            coordIndex [
0,1,2,-1,3,4,5,-1,0,2,3,-1,3,5,0,-1,6,7,8,-1,9,10,11,-1,6,8,9,-1,9,11,6,-1,2,1,11,-1,11,10,2,-1,8,7,5,-1,5,4,8,-1,10,9,3,-1,3,2,10,-1,3,9,8,-1,8,4,3,-1,6,11,1,-1,1,0,6,-1,6,0,5,-1,5,7,6            ]
            ccw TRUE
            normalPerVertex TRUE
            normal Normal {
              vector [
-1 -0 0,1 0 0,0 -1 0,0 0 -1,0 -0.89155 0.45292,0 0.89155 0.45292,0 0.51659 -0.85623,0 -0.51659 -0.85623              ]
            }
            normalIndex [
0,0,0,-1,0,0,0,-1,0,0,0,-1,0,0,0,-1,1,1,1,-1,1,1,1,-1,1,1,1,-1,1,1,1,-1,2,2,2,-1,2,2,2,-1,3,3,3,-1,3,3,3,-1,4,4,4,-1,4,4,4,-1,5,5,5,-1,5,5,5,-1,6,6,6,-1,6,6,6,-1,7,7,7,-1,7,7,7            ]
          }
        }
        Shape {
          appearance USE M0
          geometry IndexedFaceSet {
            coord Coordinate {
              point [
3390.62653625 3043.69296638 14055.10789827,3512.3733648 2875.85677193 14055.10788908,3511.68995675 2875.85677207 14055.10788913,3103.86561033 3048.17764022 14055.10791992,3518.60368516 3223.41987983 14055.10788861,3518.60368452 3220.11817305 14055.10788861,3390.62653931 3043.69296638 14095.60888628,3518.60368758 3220.11817305 14095.60887662,3518.60368822 3223.41987983 14095.60887662,3103.86561338 3048.17764022 14095.60890793,3511.6899598 2875.85677207 14095.60887714,3512.37336786 2875.85677193 14095.60887709              ]
            }
            coordIndex [
0,1,2,-1,3,4,5,-1,0,2,3,-1,3,5,0,-1,6,7,8,-1,9,10,11,-1,6,8,9,-1,9,11,6,-1,2,1,11,-1,11,10,2,-1,8,7,5,-1,5,4,8,-1,10,9,3,-1,3,2,10,-1,3,9,8,-1,8,4,3,-1,6,11,1,-1,1,0,6,-1,6,0,5,-1,5,7,6            ]
            ccw TRUE
            normalPerVertex TRUE
            normal Normal {
              vector [
-1 -0 0,1 0 0,0 -1 0,0 0 -1,0 -0.89155 0.45292,0 0.89155 0.45292,0 0.51659 -0.85623,0 -0.51659 -0.85623              ]
            }
            normalIndex [
0,0,0,-1,0,0,0,-1,0,0,0,-1,0,0,0,-1,1,1,1,-1,1,1,1,-1,1,1,1,-1,1,1,1,-1,2,2,2,-1,2,2,2,-1,3,3,3,-1,3,3,3,-1,4,4,4,-1,4,4,4,-1,5,5,5,-1,5,5,5,-1,6,6,6,-1,6,6,6,-1,7,7,7,-1,7,7,7            ]
          }
        }
        Shape {
          appearance USE M0
          geometry IndexedFaceSet {
            coord Coordinate {
              point [
-3009.37346375 4243.69296638 14055.10789827,-2887.6266352 4075.85677193 14055.10788908,-2888.31004325 4075.85677207 14055.10788913,-3296.13438967 4248.17764022 14055.10791992,-2881.39631484 4423.41987983 14055.10788861,-2881.39631548 4420.11817305 14055.10788861,-3009.37346069 4243.69296638 14095.60888628,-2881.39631242 4420.11817305 14095.60887662,-2881.39631178 4423.41987983 14095.60887662,-3296.13438662 4248.17764022 14095.60890793,-2888.3100402 4075.85677207 14095.60887714,-2887.62663214 4075.85677193 14095.60887709              ]
            }
            coordIndex [
0,1,2,-1,3,4,5,-1,0,2,3,-1,3,5,0,-1,6,7,8,-1,9,10,11,-1,6,8,9,-1,9,11,6,-1,2,1,11,-1,11,10,2,-1,8,7,5,-1,5,4,8,-1,10,9,3,-1,3,2,10,-1,3,9,8,-1,8,4,3,-1,6,11,1,-1,1,0,6,-1,6,0,5,-1,5,7,6            ]
            ccw TRUE
            normalPerVertex TRUE
            normal Normal {
              vector [
-1 -0 0,1 0 0,0 -1 0,0 0 -1,0 -0.89155 0.45292,0 0.89155 0.45292,0 0.51659 -0.85623,0 -0.51659 -0.85623              ]
            }
            normalIndex [
0,0,0,-1,0,0,0,-1,0,0,0,-1,0,0,0,-1,1,1,1,-1,1,1,1,-1,1,1,1,-1,1,1,1,-1,2,2,2,-1,2,2,2,-1,3,3,3,-1,3,3,3,-1,4,4,4,-1,4,4,4,-1,5,5,5,-1,5,5,5,-1,6,6,6,-1,6,6,6,-1,7,7,7,-1,7,7,7            ]
          }
        }
        Shape {
          appearance USE M0
          geometry IndexedFaceSet {
            coord Coordinate {
              point [
19290.62629211 4707.17099373 14803.67332796,19412.37312066 4539.33479928 14803.67331877,19411.68971261 4539.33479941 14803.67331882,19003.86536619 4711.65566756 14803.67334961,19418.60344102 4886.89790717 14803.6733183,19418.60344038 4883.59620039 14803.6733183,19290.62629517 4707.17099373 14844.17431597,19418.60344343 4883.59620039 14844.17430631,19418.60344408 4886.89790717 14844.17430631,19003.86536924 4711.65566756 14844.17433762,19411.68971566 4539.33479941 14844.17430683,19412.37312372 4539.33479928 14844.17430678              ]
            }
            coordIndex [
0,1,2,-1,3,4,5,-1,0,2,3,-1,3,5,0,-1,6,7,8,-1,9,10,11,-1,6,8,9,-1,9,11,6,-1,2,1,11,-1,11,10,2,-1,8,7,5,-1,5,4,8,-1,10,9,3,-1,3,2,10,-1,3,9,8,-1,8,4,3,-1,6,11,1,-1,1,0,6,-1,6,0,5,-1,5,7,6            ]
            ccw TRUE
            normalPerVertex TRUE
            normal Normal {
              vector [
-1 -0 0,1 0 0,0 -1 0,0 0 -1,0 -0.89155 0.45292,0 0.89155 0.45292,0 0.51659 -0.85623,0 -0.51659 -0.85623              ]
            }
            normalIndex [
0,0,0,-1,0,0,0,-1,0,0,0,-1,0,0,0,-1,1,1,1,-1,1,1,1,-1,1,1,1,-1,1,1,1,-1,2,2,2,-1,2,2,2,-1,3,3,3,-1,3,3,3,-1,4,4,4,-1,4,4,4,-1,5,5,5,-1,5,5,5,-1,6,6,6,-1,6,6,6,-1,7,7,7,-1,7,7,7            ]
          }
        }
        Shape {
          appearance USE M0
          geometry IndexedFaceSet {
            coord Coordinate {
              point [
-3009.37346375 4243.69296638 13556.06492952,-2887.6266352 4075.85677193 13556.06492033,-2888.31004325 4075.85677207 13556.06492038,-3296.13438967 4248.17764022 13556.06495117,-2881.39631484 4423.41987983 13556.06491986,-2881.39631548 4420.11817305 13556.06491986,-3009.37346069 4243.69296638 13596.56591753,-2881.39631242 4420.11817305 13596.56590787,-2881.39631178 4423.41987983 13596.56590787,-3296.13438662 4248.17764022 13596.56593918,-2888.3100402 4075.85677207 13596.56590839,-2887.62663214 4075.85677193 13596.56590834              ]
            }
            coordIndex [
0,1,2,-1,3,4,5,-1,0,2,3,-1,3,5,0,-1,6,7,8,-1,9,10,11,-1,6,8,9,-1,9,11,6,-1,2,1,11,-1,11,10,2,-1,8,7,5,-1,5,4,8,-1,10,9,3,-1,3,2,10,-1,3,9,8,-1,8,4,3,-1,6,11,1,-1,1,0,6,-1,6,0,5,-1,5,7,6            ]
            ccw TRUE
            normalPerVertex TRUE
            normal Normal {
              vector [
-1 -0 0,1 0 0,0 -1 0,0 0 -1,0 -0.89155 0.45292,0 0.89155 0.45292,0 0.51659 -0.85623,0 -0.51659 -0.85623              ]
            }
            normalIndex [
0,0,0,-1,0,0,0,-1,0,0,0,-1,0,0,0,-1,1,1,1,-1,1,1,1,-1,1,1,1,-1,1,1,1,-1,2,2,2,-1,2,2,2,-1,3,3,3,-1,3,3,3,-1,4,4,4,-1,4,4,4,-1,5,5,5,-1,5,5,5,-1,6,6,6,-1,6,6,6,-1,7,7,7,-1,7,7,7            ]
          }
        }
        Shape {
          appearance USE M0
          geometry IndexedFaceSet {
            coord Coordinate {
              point [
24990.62629211 4243.69296638 14803.67332796,25112.37312066 4075.85677193 14803.67331877,25111.68971261 4075.85677207 14803.67331882,24703.86536619 4248.17764022 14803.67334961,25118.60344102 4423.41987983 14803.6733183,25118.60344038 4420.11817305 14803.6733183,24990.62629517 4243.69296638 14844.17431597,25118.60344343 4420.11817305 14844.17430631,25118.60344408 4423.41987983 14844.17430631,24703.86536924 4248.17764022 14844.17433762,25111.68971566 4075.85677207 14844.17430683,25112.37312372 4075.85677193 14844.17430678              ]
            }
            coordIndex [
0,1,2,-1,3,4,5,-1,0,2,3,-1,3,5,0,-1,6,7,8,-1,9,10,11,-1,6,8,9,-1,9,11,6,-1,2,1,11,-1,11,10,2,-1,8,7,5,-1,5,4,8,-1,10,9,3,-1,3,2,10,-1,3,9,8,-1,8,4,3,-1,6,11,1,-1,1,0,6,-1,6,0,5,-1,5,7,6            ]
            ccw TRUE
            normalPerVertex TRUE
            normal Normal {
              vector [
-1 -0 0,1 0 0,0 -1 0,0 0 -1,0 -0.89155 0.45292,0 0.89155 0.45292,0 0.51659 -0.85623,0 -0.51659 -0.85623              ]
            }
            normalIndex [
0,0,0,-1,0,0,0,-1,0,0,0,-1,0,0,0,-1,1,1,1,-1,1,1,1,-1,1,1,1,-1,1,1,1,-1,2,2,2,-1,2,2,2,-1,3,3,3,-1,3,3,3,-1,4,4,4,-1,4,4,4,-1,5,5,5,-1,5,5,5,-1,6,6,6,-1,6,6,6,-1,7,7,7,-1,7,7,7            ]
          }
        }
        Shape {
          appearance USE M0
          geometry IndexedFaceSet {
            coord Coordinate {
              point [
31390.62629211 4243.69296638 14803.67332796,31512.37312066 4075.85677193 14803.67331877,31511.68971261 4075.85677207 14803.67331882,31103.86536619 4248.17764022 14803.67334961,31518.60344102 4423.41987983 14803.6733183,31518.60344038 4420.11817305 14803.6733183,31390.62629517 4243.69296638 14844.17431597,31518.60344343 4420.11817305 14844.17430631,31518.60344408 4423.41987983 14844.17430631,31103.86536924 4248.17764022 14844.17433762,31511.68971566 4075.85677207 14844.17430683,31512.37312372 4075.85677193 14844.17430678              ]
            }
            coordIndex [
0,1,2,-1,3,4,5,-1,0,2,3,-1,3,5,0,-1,6,7,8,-1,9,10,11,-1,6,8,9,-1,9,11,6,-1,2,1,11,-1,11,10,2,-1,8,7,5,-1,5,4,8,-1,10,9,3,-1,3,2,10,-1,3,9,8,-1,8,4,3,-1,6,11,1,-1,1,0,6,-1,6,0,5,-1,5,7,6            ]
            ccw TRUE
            normalPerVertex TRUE
            normal Normal {
              vector [
-1 -0 0,1 0 0,0 -1 0,0 0 -1,0 -0.89155 0.45292,0 0.89155 0.45292,0 0.51659 -0.85623,0 -0.51659 -0.85623              ]
            }
            normalIndex [
0,0,0,-1,0,0,0,-1,0,0,0,-1,0,0,0,-1,1,1,1,-1,1,1,1,-1,1,1,1,-1,1,1,1,-1,2,2,2,-1,2,2,2,-1,3,3,3,-1,3,3,3,-1,4,4,4,-1,4,4,4,-1,5,5,5,-1,5,5,5,-1,6,6,6,-1,6,6,6,-1,7,7,7,-1,7,7,7            ]
          }
        }
        Shape {
          appearance USE M0
          geometry IndexedFaceSet {
            coord Coordinate {
              point [
6590.62580383 3443.69272224 13306.54246859,6712.37263238 3275.85652779 13306.5424594,6711.68922432 3275.85652793 13306.54245945,6303.86487791 3448.17739608 13306.54249024,6718.60295274 3623.41963569 13306.54245893,6718.6029521 3620.11792891 13306.54245893,6590.62580689 3443.69272224 13347.04345659,6718.60295515 3620.11792891 13347.04344693,6718.6029558 3623.41963569 13347.04344693,6303.86488096 3448.17739608 13347.04347824,6711.68922738 3275.85652793 13347.04344745,6712.37263543 3275.85652779 13347.0434474              ]
            }
            coordIndex [
0,1,2,-1,3,4,5,-1,0,2,3,-1,3,5,0,-1,6,7,8,-1,9,10,11,-1,6,8,9,-1,9,11,6,-1,2,1,11,-1,11,10,2,-1,8,7,5,-1,5,4,8,-1,10,9,3,-1,3,2,10,-1,3,9,8,-1,8,4,3,-1,6,11,1,-1,1,0,6,-1,6,0,5,-1,5,7,6            ]
            ccw TRUE
            normalPerVertex TRUE
            normal Normal {
              vector [
-1 -0 0,1 0 0,0 -1 0,0 0 -1,0 -0.89155 0.45292,0 0.89155 0.45292,0 0.51659 -0.85623,0 -0.51659 -0.85623              ]
            }
            normalIndex [
0,0,0,-1,0,0,0,-1,0,0,0,-1,0,0,0,-1,1,1,1,-1,1,1,1,-1,1,1,1,-1,1,1,1,-1,2,2,2,-1,2,2,2,-1,3,3,3,-1,3,3,3,-1,4,4,4,-1,4,4,4,-1,5,5,5,-1,5,5,5,-1,6,6,6,-1,6,6,6,-1,7,7,7,-1,7,7,7            ]
          }
        }
        Shape {
          appearance USE M0
          geometry IndexedFaceSet {
            coord Coordinate {
              point [
12890.62629211 3043.69296638 14304.63035921,13012.37312066 2875.85677193 14304.63035002,13011.68971261 2875.85677207 14304.63035007,12603.86536619 3048.17764022 14304.63038086,13018.60344102 3223.41987983 14304.63034955,13018.60344038 3220.11817305 14304.63034955,12890.62629517 3043.69296638 14345.13134722,13018.60344343 3220.11817305 14345.13133756,13018.60344408 3223.41987983 14345.13133756,12603.86536924 3048.17764022 14345.13136887,13011.68971566 2875.85677207 14345.13133808,13012.37312372 2875.85677193 14345.13133803              ]
            }
            coordIndex [
0,1,2,-1,3,4,5,-1,0,2,3,-1,3,5,0,-1,6,7,8,-1,9,10,11,-1,6,8,9,-1,9,11,6,-1,2,1,11,-1,11,10,2,-1,8,7,5,-1,5,4,8,-1,10,9,3,-1,3,2,10,-1,3,9,8,-1,8,4,3,-1,6,11,1,-1,1,0,6,-1,6,0,5,-1,5,7,6            ]
            ccw TRUE
            normalPerVertex TRUE
            normal Normal {
              vector [
-1 -0 0,1 0 0,0 -1 0,0 0 -1,0 -0.89155 0.45292,0 0.89155 0.45292,0 0.51659 -0.85623,0 -0.51659 -0.85623              ]
            }
            normalIndex [
0,0,0,-1,0,0,0,-1,0,0,0,-1,0,0,0,-1,1,1,1,-1,1,1,1,-1,1,1,1,-1,1,1,1,-1,2,2,2,-1,2,2,2,-1,3,3,3,-1,3,3,3,-1,4,4,4,-1,4,4,4,-1,5,5,5,-1,5,5,5,-1,6,6,6,-1,6,6,6,-1,7,7,7,-1,7,7,7            ]
          }
        }
        Shape {
          appearance USE M0
          geometry IndexedFaceSet {
            coord Coordinate {
              point [
16090.62629211 3875.43222419 13556.06492952,16212.37312066 3707.59602975 13556.06492033,16211.68971261 3707.59602988 13556.06492038,15803.86536619 3879.91689803 13556.06495117,16218.60344102 4055.15913764 13556.06491986,16218.60344038 4051.85743086 13556.06491986,16090.62629517 3875.43222419 13596.56591753,16218.60344343 4051.85743086 13596.56590787,16218.60344408 4055.15913764 13596.56590787,15803.86536924 3879.91689803 13596.56593918,16211.68971566 3707.59602988 13596.56590839,16212.37312372 3707.59602975 13596.56590834              ]
            }
            coordIndex [
0,1,2,-1,3,4,5,-1,0,2,3,-1,3,5,0,-1,6,7,8,-1,9,10,11,-1,6,8,9,-1,9,11,6,-1,2,1,11,-1,11,10,2,-1,8,7,5,-1,5,4,8,-1,10,9,3,-1,3,2,10,-1,3,9,8,-1,8,4,3,-1,6,11,1,-1,1,0,6,-1,6,0,5,-1,5,7,6            ]
            ccw TRUE
            normalPerVertex TRUE
            normal Normal {
              vector [
-1 -0 0,1 0 0,0 -1 0,0 0 -1,0 -0.89155 0.45292,0 0.89155 0.45292,0 0.51659 -0.85623,0 -0.51659 -0.85623              ]
            }
            normalIndex [
0,0,0,-1,0,0,0,-1,0,0,0,-1,0,0,0,-1,1,1,1,-1,1,1,1,-1,1,1,1,-1,1,1,1,-1,2,2,2,-1,2,2,2,-1,3,3,3,-1,3,3,3,-1,4,4,4,-1,4,4,4,-1,5,5,5,-1,5,5,5,-1,6,6,6,-1,6,6,6,-1,7,7,7,-1,7,7,7            ]
          }
        }
        Shape {
          appearance USE M0
          geometry IndexedFaceSet {
            coord Coordinate {
              point [
31390.62629211 3043.69296638 13306.54246859,31512.37312066 2875.85677193 13306.5424594,31511.68971261 2875.85677207 13306.54245945,31103.86536619 3048.17764022 13306.54249024,31518.60344102 3223.41987983 13306.54245893,31518.60344038 3220.11817305 13306.54245893,31390.62629517 3043.69296638 13347.04345659,31518.60344343 3220.11817305 13347.04344693,31518.60344408 3223.41987983 13347.04344693,31103.86536924 3048.17764022 13347.04347824,31511.68971566 2875.85677207 13347.04344745,31512.37312372 2875.85677193 13347.0434474              ]
            }
            coordIndex [
0,1,2,-1,3,4,5,-1,0,2,3,-1,3,5,0,-1,6,7,8,-1,9,10,11,-1,6,8,9,-1,9,11,6,-1,2,1,11,-1,11,10,2,-1,8,7,5,-1,5,4,8,-1,10,9,3,-1,3,2,10,-1,3,9,8,-1,8,4,3,-1,6,11,1,-1,1,0,6,-1,6,0,5,-1,5,7,6            ]
            ccw TRUE
            normalPerVertex TRUE
            normal Normal {
              vector [
-1 -0 0,1 0 0,0 -1 0,0 0 -1,0 -0.89155 0.45292,0 0.89155 0.45292,0 0.51659 -0.85623,0 -0.51659 -0.85623              ]
            }
            normalIndex [
0,0,0,-1,0,0,0,-1,0,0,0,-1,0,0,0,-1,1,1,1,-1,1,1,1,-1,1,1,1,-1,1,1,1,-1,2,2,2,-1,2,2,2,-1,3,3,3,-1,3,3,3,-1,4,4,4,-1,4,4,4,-1,5,5,5,-1,5,5,5,-1,6,6,6,-1,6,6,6,-1,7,7,7,-1,7,7,7            ]
          }
        }
        Shape {
          appearance USE M0
          geometry IndexedFaceSet {
            coord Coordinate {
              point [
22090.62629211 3443.69272224 13556.06492952,22212.37312066 3275.85652779 13556.06492033,22211.68971261 3275.85652793 13556.06492038,21803.86536619 3448.17739608 13556.06495117,22218.60344102 3623.41963569 13556.06491986,22218.60344038 3620.11792891 13556.06491986,22090.62629517 3443.69272224 13596.56591753,22218.60344343 3620.11792891 13596.56590787,22218.60344408 3623.41963569 13596.56590787,21803.86536924 3448.17739608 13596.56593918,22211.68971566 3275.85652793 13596.56590839,22212.37312372 3275.85652779 13596.56590834              ]
            }
            coordIndex [
0,1,2,-1,3,4,5,-1,0,2,3,-1,3,5,0,-1,6,7,8,-1,9,10,11,-1,6,8,9,-1,9,11,6,-1,2,1,11,-1,11,10,2,-1,8,7,5,-1,5,4,8,-1,10,9,3,-1,3,2,10,-1,3,9,8,-1,8,4,3,-1,6,11,1,-1,1,0,6,-1,6,0,5,-1,5,7,6            ]
            ccw TRUE
            normalPerVertex TRUE
            normal Normal {
              vector [
-1 -0 0,1 0 0,0 -1 0,0 0 -1,0 -0.89155 0.45292,0 0.89155 0.45292,0 0.51659 -0.85623,0 -0.51659 -0.85623              ]
            }
            normalIndex [
0,0,0,-1,0,0,0,-1,0,0,0,-1,0,0,0,-1,1,1,1,-1,1,1,1,-1,1,1,1,-1,1,1,1,-1,2,2,2,-1,2,2,2,-1,3,3,3,-1,3,3,3,-1,4,4,4,-1,4,4,4,-1,5,5,5,-1,5,5,5,-1,6,6,6,-1,6,6,6,-1,7,7,7,-1,7,7,7            ]
          }
        }
        Shape {
          appearance USE M0
          geometry IndexedFaceSet {
            coord Coordinate {
              point [
16090.62629211 4707.17099373 13057.02196077,16212.37312066 4539.33479928 13057.02195158,16211.68971261 4539.33479941 13057.02195163,15803.86536619 4711.65566756 13057.02198242,16218.60344102 4886.89790717 13057.02195111,16218.60344038 4883.59620039 13057.02195111,16090.62629517 4707.17099373 13097.52294878,16218.60344343 4883.59620039 13097.52293912,16218.60344408 4886.89790717 13097.52293912,15803.86536924 4711.65566756 13097.52297043,16211.68971566 4539.33479941 13097.52293964,16212.37312372 4539.33479928 13097.52293959              ]
            }
            coordIndex [
0,1,2,-1,3,4,5,-1,0,2,3,-1,3,5,0,-1,6,7,8,-1,9,10,11,-1,6,8,9,-1,9,11,6,-1,2,1,11,-1,11,10,2,-1,8,7,5,-1,5,4,8,-1,10,9,3,-1,3,2,10,-1,3,9,8,-1,8,4,3,-1,6,11,1,-1,1,0,6,-1,6,0,5,-1,5,7,6            ]
            ccw TRUE
            normalPerVertex TRUE
            normal Normal {
              vector [
-1 -0 0,1 0 0,0 -1 0,0 0 -1,0 -0.89155 0.45292,0 0.89155 0.45292,0 0.51659 -0.85623,0 -0.51659 -0.85623              ]
            }
            normalIndex [
0,0,0,-1,0,0,0,-1,0,0,0,-1,0,0,0,-1,1,1,1,-1,1,1,1,-1,1,1,1,-1,1,1,1,-1,2,2,2,-1,2,2,2,-1,3,3,3,-1,3,3,3,-1,4,4,4,-1,4,4,4,-1,5,5,5,-1,5,5,5,-1,6,6,6,-1,6,6,6,-1,7,7,7,-1,7,7,7            ]
          }
        }
        Shape {
          appearance USE M0
          geometry IndexedFaceSet {
            coord Coordinate {
              point [
34490.62629211 4243.69296638 14554.15184359,34612.37312066 4075.85677193 14554.1518344,34611.68971261 4075.85677207 14554.15183445,34203.86536619 4248.17764022 14554.15186524,34618.60344102 4423.41987983 14554.15183393,34618.60344038 4420.11817305 14554.15183393,34490.62629517 4243.69296638 14594.65283159,34618.60344343 4420.11817305 14594.65282193,34618.60344408 4423.41987983 14594.65282193,34203.86536924 4248.17764022 14594.65285324,34611.68971566 4075.85677207 14594.65282245,34612.37312372 4075.85677193 14594.6528224              ]
            }
            coordIndex [
0,1,2,-1,3,4,5,-1,0,2,3,-1,3,5,0,-1,6,7,8,-1,9,10,11,-1,6,8,9,-1,9,11,6,-1,2,1,11,-1,11,10,2,-1,8,7,5,-1,5,4,8,-1,10,9,3,-1,3,2,10,-1,3,9,8,-1,8,4,3,-1,6,11,1,-1,1,0,6,-1,6,0,5,-1,5,7,6            ]
            ccw TRUE
            normalPerVertex TRUE
            normal Normal {
              vector [
-1 -0 0,1 0 0,0 -1 0,0 0 -1,0 -0.89155 0.45292,0 0.89155 0.45292,0 0.51659 -0.85623,0 -0.51659 -0.85623              ]
            }
            normalIndex [
0,0,0,-1,0,0,0,-1,0,0,0,-1,0,0,0,-1,1,1,1,-1,1,1,1,-1,1,1,1,-1,1,1,1,-1,2,2,2,-1,2,2,2,-1,3,3,3,-1,3,3,3,-1,4,4,4,-1,4,4,4,-1,5,5,5,-1,5,5,5,-1,6,6,6,-1,6,6,6,-1,7,7,7,-1,7,7,7            ]
          }
        }
        Shape {
          appearance USE M0
          geometry IndexedFaceSet {
            coord Coordinate {
              point [
24990.62629211 4707.17099373 12807.49949984,25112.37312066 4539.33479928 12807.49949065,25111.68971261 4539.33479941 12807.4994907,24703.86536619 4711.65566756 12807.49952149,25118.60344102 4886.89790717 12807.49949018,25118.60344038 4883.59620039 12807.49949018,24990.62629517 4707.17099373 12848.00048784,25118.60344343 4883.59620039 12848.00047818,25118.60344408 4886.89790717 12848.00047818,24703.86536924 4711.65566756 12848.00050949,25111.68971566 4539.33479941 12848.0004787,25112.37312372 4539.33479928 12848.00047865              ]
            }
            coordIndex [
0,1,2,-1,3,4,5,-1,0,2,3,-1,3,5,0,-1,6,7,8,-1,9,10,11,-1,6,8,9,-1,9,11,6,-1,2,1,11,-1,11,10,2,-1,8,7,5,-1,5,4,8,-1,10,9,3,-1,3,2,10,-1,3,9,8,-1,8,4,3,-1,6,11,1,-1,1,0,6,-1,6,0,5,-1,5,7,6            ]
            ccw TRUE
            normalPerVertex TRUE
            normal Normal {
              vector [
-1 -0 0,1 0 0,0 -1 0,0 0 -1,0 -0.89155 0.45292,0 0.89155 0.45292,0 0.51659 -0.85623,0 -0.51659 -0.85623              ]
            }
            normalIndex [
0,0,0,-1,0,0,0,-1,0,0,0,-1,0,0,0,-1,1,1,1,-1,1,1,1,-1,1,1,1,-1,1,1,1,-1,2,2,2,-1,2,2,2,-1,3,3,3,-1,3,3,3,-1,4,4,4,-1,4,4,4,-1,5,5,5,-1,5,5,5,-1,6,6,6,-1,6,6,6,-1,7,7,7,-1,7,7,7            ]
          }
        }
        Shape {
          appearance USE M0
          geometry IndexedFaceSet {
            coord Coordinate {
              point [
34490.62629211 3043.69296638 14055.10789827,34612.37312066 2875.85677193 14055.10788908,34611.68971261 2875.85677207 14055.10788913,34203.86536619 3048.17764022 14055.10791992,34618.60344102 3223.41987983 14055.10788861,34618.60344038 3220.11817305 14055.10788861,34490.62629517 3043.69296638 14095.60888628,34618.60344343 3220.11817305 14095.60887662,34618.60344408 3223.41987983 14095.60887662,34203.86536924 3048.17764022 14095.60890793,34611.68971566 2875.85677207 14095.60887714,34612.37312372 2875.85677193 14095.60887709              ]
            }
            coordIndex [
0,1,2,-1,3,4,5,-1,0,2,3,-1,3,5,0,-1,6,7,8,-1,9,10,11,-1,6,8,9,-1,9,11,6,-1,2,1,11,-1,11,10,2,-1,8,7,5,-1,5,4,8,-1,10,9,3,-1,3,2,10,-1,3,9,8,-1,8,4,3,-1,6,11,1,-1,1,0,6,-1,6,0,5,-1,5,7,6            ]
            ccw TRUE
            normalPerVertex TRUE
            normal Normal {
              vector [
-1 -0 0,1 0 0,0 -1 0,0 0 -1,0 -0.89155 0.45292,0 0.89155 0.45292,0 0.51659 -0.85623,0 -0.51659 -0.85623              ]
            }
            normalIndex [
0,0,0,-1,0,0,0,-1,0,0,0,-1,0,0,0,-1,1,1,1,-1,1,1,1,-1,1,1,1,-1,1,1,1,-1,2,2,2,-1,2,2,2,-1,3,3,3,-1,3,3,3,-1,4,4,4,-1,4,4,4,-1,5,5,5,-1,5,5,5,-1,6,6,6,-1,6,6,6,-1,7,7,7,-1,7,7,7            ]
          }
        }
        Shape {
          appearance USE M0
          geometry IndexedFaceSet {
            coord Coordinate {
              point [
9690.62531555 3875.43222419 14055.10789827,9812.3721441 3707.59602975 14055.10788908,9811.68873604 3707.59602988 14055.10788913,9403.86438962 3879.91689803 14055.10791992,9818.60246446 4055.15913764 14055.10788861,9818.60246381 4051.85743086 14055.10788861,9690.62531861 3875.43222419 14095.60888628,9818.60246687 4051.85743086 14095.60887662,9818.60246751 4055.15913764 14095.60887662,9403.86439268 3879.91689803 14095.60890793,9811.6887391 3707.59602988 14095.60887714,9812.37214715 3707.59602975 14095.60887709              ]
            }
            coordIndex [
0,1,2,-1,3,4,5,-1,0,2,3,-1,3,5,0,-1,6,7,8,-1,9,10,11,-1,6,8,9,-1,9,11,6,-1,2,1,11,-1,11,10,2,-1,8,7,5,-1,5,4,8,-1,10,9,3,-1,3,2,10,-1,3,9,8,-1,8,4,3,-1,6,11,1,-1,1,0,6,-1,6,0,5,-1,5,7,6            ]
            ccw TRUE
            normalPerVertex TRUE
            normal Normal {
              vector [
-1 -0 0,1 0 0,0 -1 0,0 0 -1,0 -0.89155 0.45292,0 0.89155 0.45292,0 0.51659 -0.85623,0 -0.51659 -0.85623              ]
            }
            normalIndex [
0,0,0,-1,0,0,0,-1,0,0,0,-1,0,0,0,-1,1,1,1,-1,1,1,1,-1,1,1,1,-1,1,1,1,-1,2,2,2,-1,2,2,2,-1,3,3,3,-1,3,3,3,-1,4,4,4,-1,4,4,4,-1,5,5,5,-1,5,5,5,-1,6,6,6,-1,6,6,6,-1,7,7,7,-1,7,7,7            ]
          }
        }
        Shape {
          appearance USE M0
          geometry IndexedFaceSet {
            coord Coordinate {
              point [
44090.62629211 4707.17099373 14803.67332796,44212.37312066 4539.33479928 14803.67331877,44211.68971261 4539.33479941 14803.67331882,43803.86536619 4711.65566756 14803.67334961,44218.60344102 4886.89790717 14803.6733183,44218.60344038 4883.59620039 14803.6733183,44090.62629517 4707.17099373 14844.17431597,44218.60344343 4883.59620039 14844.17430631,44218.60344408 4886.89790717 14844.17430631,43803.86536924 4711.65566756 14844.17433762,44211.68971566 4539.33479941 14844.17430683,44212.37312372 4539.33479928 14844.17430678              ]
            }
            coordIndex [
0,1,2,-1,3,4,5,-1,0,2,3,-1,3,5,0,-1,6,7,8,-1,9,10,11,-1,6,8,9,-1,9,11,6,-1,2,1,11,-1,11,10,2,-1,8,7,5,-1,5,4,8,-1,10,9,3,-1,3,2,10,-1,3,9,8,-1,8,4,3,-1,6,11,1,-1,1,0,6,-1,6,0,5,-1,5,7,6            ]
            ccw TRUE
            normalPerVertex TRUE
            normal Normal {
              vector [
-1 -0 0,1 0 0,0 -1 0,0 0 -1,0 -0.89155 0.45292,0 0.89155 0.45292,0 0.51659 -0.85623,0 -0.51659 -0.85623              ]
            }
            normalIndex [
0,0,0,-1,0,0,0,-1,0,0,0,-1,0,0,0,-1,1,1,1,-1,1,1,1,-1,1,1,1,-1,1,1,1,-1,2,2,2,-1,2,2,2,-1,3,3,3,-1,3,3,3,-1,4,4,4,-1,4,4,4,-1,5,5,5,-1,5,5,5,-1,6,6,6,-1,6,6,6,-1,7,7,7,-1,7,7,7            ]
          }
        }
        Shape {
          appearance USE M0
          geometry IndexedFaceSet {
            coord Coordinate {
              point [
44090.62629211 4243.69296638 12807.49949984,44212.37312066 4075.85677193 12807.49949065,44211.68971261 4075.85677207 12807.4994907,43803.86536619 4248.17764022 12807.49952149,44218.60344102 4423.41987983 12807.49949018,44218.60344038 4420.11817305 12807.49949018,44090.62629517 4243.69296638 12848.00048784,44218.60344343 4420.11817305 12848.00047818,44218.60344408 4423.41987983 12848.00047818,43803.86536924 4248.17764022 12848.00050949,44211.68971566 4075.85677207 12848.0004787,44212.37312372 4075.85677193 12848.00047865              ]
            }
            coordIndex [
0,1,2,-1,3,4,5,-1,0,2,3,-1,3,5,0,-1,6,7,8,-1,9,10,11,-1,6,8,9,-1,9,11,6,-1,2,1,11,-1,11,10,2,-1,8,7,5,-1,5,4,8,-1,10,9,3,-1,3,2,10,-1,3,9,8,-1,8,4,3,-1,6,11,1,-1,1,0,6,-1,6,0,5,-1,5,7,6            ]
            ccw TRUE
            normalPerVertex TRUE
            normal Normal {
              vector [
-1 -0 0,1 0 0,0 -1 0,0 0 -1,0 -0.89155 0.45292,0 0.89155 0.45292,0 0.51659 -0.85623,0 -0.51659 -0.85623              ]
            }
            normalIndex [
0,0,0,-1,0,0,0,-1,0,0,0,-1,0,0,0,-1,1,1,1,-1,1,1,1,-1,1,1,1,-1,1,1,1,-1,2,2,2,-1,2,2,2,-1,3,3,3,-1,3,3,3,-1,4,4,4,-1,4,4,4,-1,5,5,5,-1,5,5,5,-1,6,6,6,-1,6,6,6,-1,7,7,7,-1,7,7,7            ]
          }
        }
        Shape {
          appearance USE M0
          geometry IndexedFaceSet {
            coord Coordinate {
              point [
190.62653625 3875.43222419 13805.58543734,312.3733648 3707.59602975 13805.58542815,311.68995675 3707.59602988 13805.5854282,-96.13438967 3879.91689803 13805.58545899,318.60368516 4055.15913764 13805.58542768,318.60368452 4051.85743086 13805.58542768,190.62653931 3875.43222419 13846.08642534,318.60368758 4051.85743086 13846.08641568,318.60368822 4055.15913764 13846.08641568,-96.13438662 3879.91689803 13846.08644699,311.6899598 3707.59602988 13846.0864162,312.37336786 3707.59602975 13846.08641615              ]
            }
            coordIndex [
0,1,2,-1,3,4,5,-1,0,2,3,-1,3,5,0,-1,6,7,8,-1,9,10,11,-1,6,8,9,-1,9,11,6,-1,2,1,11,-1,11,10,2,-1,8,7,5,-1,5,4,8,-1,10,9,3,-1,3,2,10,-1,3,9,8,-1,8,4,3,-1,6,11,1,-1,1,0,6,-1,6,0,5,-1,5,7,6            ]
            ccw TRUE
            normalPerVertex TRUE
            normal Normal {
              vector [
-1 -0 0,1 0 0,0 -1 0,0 0 -1,0 -0.89155 0.45292,0 0.89155 0.45292,0 0.51659 -0.85623,0 -0.51659 -0.85623              ]
            }
            normalIndex [
0,0,0,-1,0,0,0,-1,0,0,0,-1,0,0,0,-1,1,1,1,-1,1,1,1,-1,1,1,1,-1,1,1,1,-1,2,2,2,-1,2,2,2,-1,3,3,3,-1,3,3,3,-1,4,4,4,-1,4,4,4,-1,5,5,5,-1,5,5,5,-1,6,6,6,-1,6,6,6,-1,7,7,7,-1,7,7,7            ]
          }
        }
        Shape {
          appearance USE M0
          geometry IndexedFaceSet {
            coord Coordinate {
              point [
22090.62629211 3875.43222419 14055.10789827,22212.37312066 3707.59602975 14055.10788908,22211.68971261 3707.59602988 14055.10788913,21803.86536619 3879.91689803 14055.10791992,22218.60344102 4055.15913764 14055.10788861,22218.60344038 4051.85743086 14055.10788861,22090.62629517 3875.43222419 14095.60888628,22218.60344343 4051.85743086 14095.60887662,22218.60344408 4055.15913764 14095.60887662,21803.86536924 3879.91689803 14095.60890793,22211.68971566 3707.59602988 14095.60887714,22212.37312372 3707.59602975 14095.60887709              ]
            }
            coordIndex [
0,1,2,-1,3,4,5,-1,0,2,3,-1,3,5,0,-1,6,7,8,-1,9,10,11,-1,6,8,9,-1,9,11,6,-1,2,1,11,-1,11,10,2,-1,8,7,5,-1,5,4,8,-1,10,9,3,-1,3,2,10,-1,3,9,8,-1,8,4,3,-1,6,11,1,-1,1,0,6,-1,6,0,5,-1,5,7,6            ]
            ccw TRUE
            normalPerVertex TRUE
            normal Normal {
              vector [
-1 -0 0,1 0 0,0 -1 0,0 0 -1,0 -0.89155 0.45292,0 0.89155 0.45292,0 0.51659 -0.85623,0 -0.51659 -0.85623              ]
            }
            normalIndex [
0,0,0,-1,0,0,0,-1,0,0,0,-1,0,0,0,-1,1,1,1,-1,1,1,1,-1,1,1,1,-1,1,1,1,-1,2,2,2,-1,2,2,2,-1,3,3,3,-1,3,3,3,-1,4,4,4,-1,4,4,4,-1,5,5,5,-1,5,5,5,-1,6,6,6,-1,6,6,6,-1,7,7,7,-1,7,7,7            ]
          }
        }
        Shape {
          appearance USE M0
          geometry IndexedFaceSet {
            coord Coordinate {
              point [
28190.62629211 3043.69296638 14554.15184359,28312.37312066 2875.85677193 14554.1518344,28311.68971261 2875.85677207 14554.15183445,27903.86536619 3048.17764022 14554.15186524,28318.60344102 3223.41987983 14554.15183393,28318.60344038 3220.11817305 14554.15183393,28190.62629517 3043.69296638 14594.65283159,28318.60344343 3220.11817305 14594.65282193,28318.60344408 3223.41987983 14594.65282193,27903.86536924 3048.17764022 14594.65285324,28311.68971566 2875.85677207 14594.65282245,28312.37312372 2875.85677193 14594.6528224              ]
            }
            coordIndex [
0,1,2,-1,3,4,5,-1,0,2,3,-1,3,5,0,-1,6,7,8,-1,9,10,11,-1,6,8,9,-1,9,11,6,-1,2,1,11,-1,11,10,2,-1,8,7,5,-1,5,4,8,-1,10,9,3,-1,3,2,10,-1,3,9,8,-1,8,4,3,-1,6,11,1,-1,1,0,6,-1,6,0,5,-1,5,7,6            ]
            ccw TRUE
            normalPerVertex TRUE
            normal Normal {
              vector [
-1 -0 0,1 0 0,0 -1 0,0 0 -1,0 -0.89155 0.45292,0 0.89155 0.45292,0 0.51659 -0.85623,0 -0.51659 -0.85623              ]
            }
            normalIndex [
0,0,0,-1,0,0,0,-1,0,0,0,-1,0,0,0,-1,1,1,1,-1,1,1,1,-1,1,1,1,-1,1,1,1,-1,2,2,2,-1,2,2,2,-1,3,3,3,-1,3,3,3,-1,4,4,4,-1,4,4,4,-1,5,5,5,-1,5,5,5,-1,6,6,6,-1,6,6,6,-1,7,7,7,-1,7,7,7            ]
          }
        }
        Shape {
          appearance USE M0
          geometry IndexedFaceSet {
            coord Coordinate {
              point [
46890.62629211 3043.69296638 14055.10789827,47012.37312066 2875.85677193 14055.10788908,47011.68971261 2875.85677207 14055.10788913,46603.86536619 3048.17764022 14055.10791992,47018.60344102 3223.41987983 14055.10788861,47018.60344038 3220.11817305 14055.10788861,46890.62629517 3043.69296638 14095.60888628,47018.60344343 3220.11817305 14095.60887662,47018.60344408 3223.41987983 14095.60887662,46603.86536924 3048.17764022 14095.60890793,47011.68971566 2875.85677207 14095.60887714,47012.37312372 2875.85677193 14095.60887709              ]
            }
            coordIndex [
0,1,2,-1,3,4,5,-1,0,2,3,-1,3,5,0,-1,6,7,8,-1,9,10,11,-1,6,8,9,-1,9,11,6,-1,2,1,11,-1,11,10,2,-1,8,7,5,-1,5,4,8,-1,10,9,3,-1,3,2,10,-1,3,9,8,-1,8,4,3,-1,6,11,1,-1,1,0,6,-1,6,0,5,-1,5,7,6            ]
            ccw TRUE
            normalPerVertex TRUE
            normal Normal {
              vector [
-1 -0 0,1 0 0,0 -1 0,0 0 -1,0 -0.89155 0.45292,0 0.89155 0.45292,0 0.51659 -0.85623,0 -0.51659 -0.85623              ]
            }
            normalIndex [
0,0,0,-1,0,0,0,-1,0,0,0,-1,0,0,0,-1,1,1,1,-1,1,1,1,-1,1,1,1,-1,1,1,1,-1,2,2,2,-1,2,2,2,-1,3,3,3,-1,3,3,3,-1,4,4,4,-1,4,4,4,-1,5,5,5,-1,5,5,5,-1,6,6,6,-1,6,6,6,-1,7,7,7,-1,7,7,7            ]
          }
        }
        Shape {
          appearance USE M0
          geometry IndexedFaceSet {
            coord Coordinate {
              point [
37690.62629211 4707.17099373 13805.58543734,37812.37312066 4539.33479928 13805.58542815,37811.68971261 4539.33479941 13805.5854282,37403.86536619 4711.65566756 13805.58545899,37818.60344102 4886.89790717 13805.58542768,37818.60344038 4883.59620039 13805.58542768,37690.62629517 4707.17099373 13846.08642534,37818.60344343 4883.59620039 13846.08641568,37818.60344408 4886.89790717 13846.08641568,37403.86536924 4711.65566756 13846.08644699,37811.68971566 4539.33479941 13846.0864162,37812.37312372 4539.33479928 13846.08641615              ]
            }
            coordIndex [
0,1,2,-1,3,4,5,-1,0,2,3,-1,3,5,0,-1,6,7,8,-1,9,10,11,-1,6,8,9,-1,9,11,6,-1,2,1,11,-1,11,10,2,-1,8,7,5,-1,5,4,8,-1,10,9,3,-1,3,2,10,-1,3,9,8,-1,8,4,3,-1,6,11,1,-1,1,0,6,-1,6,0,5,-1,5,7,6            ]
            ccw TRUE
            normalPerVertex TRUE
            normal Normal {
              vector [
-1 -0 0,1 0 0,0 -1 0,0 0 -1,0 -0.89155 0.45292,0 0.89155 0.45292,0 0.51659 -0.85623,0 -0.51659 -0.85623              ]
            }
            normalIndex [
0,0,0,-1,0,0,0,-1,0,0,0,-1,0,0,0,-1,1,1,1,-1,1,1,1,-1,1,1,1,-1,1,1,1,-1,2,2,2,-1,2,2,2,-1,3,3,3,-1,3,3,3,-1,4,4,4,-1,4,4,4,-1,5,5,5,-1,5,5,5,-1,6,6,6,-1,6,6,6,-1,7,7,7,-1,7,7,7            ]
          }
        }
        Shape {
          appearance USE M0
          geometry IndexedFaceSet {
            coord Coordinate {
              point [
44090.62629211 4243.69296638 14803.67332796,44212.37312066 4075.85677193 14803.67331877,44211.68971261 4075.85677207 14803.67331882,43803.86536619 4248.17764022 14803.67334961,44218.60344102 4423.41987983 14803.6733183,44218.60344038 4420.11817305 14803.6733183,44090.62629517 4243.69296638 14844.17431597,44218.60344343 4420.11817305 14844.17430631,44218.60344408 4423.41987983 14844.17430631,43803.86536924 4248.17764022 14844.17433762,44211.68971566 4075.85677207 14844.17430683,44212.37312372 4075.85677193 14844.17430678              ]
            }
            coordIndex [
0,1,2,-1,3,4,5,-1,0,2,3,-1,3,5,0,-1,6,7,8,-1,9,10,11,-1,6,8,9,-1,9,11,6,-1,2,1,11,-1,11,10,2,-1,8,7,5,-1,5,4,8,-1,10,9,3,-1,3,2,10,-1,3,9,8,-1,8,4,3,-1,6,11,1,-1,1,0,6,-1,6,0,5,-1,5,7,6            ]
            ccw TRUE
            normalPerVertex TRUE
            normal Normal {
              vector [
-1 -0 0,1 0 0,0 -1 0,0 0 -1,0 -0.89155 0.45292,0 0.89155 0.45292,0 0.51659 -0.85623,0 -0.51659 -0.85623              ]
            }
            normalIndex [
0,0,0,-1,0,0,0,-1,0,0,0,-1,0,0,0,-1,1,1,1,-1,1,1,1,-1,1,1,1,-1,1,1,1,-1,2,2,2,-1,2,2,2,-1,3,3,3,-1,3,3,3,-1,4,4,4,-1,4,4,4,-1,5,5,5,-1,5,5,5,-1,6,6,6,-1,6,6,6,-1,7,7,7,-1,7,7,7            ]
          }
        }
        Shape {
          appearance USE M0
          geometry IndexedFaceSet {
            coord Coordinate {
              point [
190.62653625 4707.17099373 13306.54246859,312.3733648 4539.33479928 13306.5424594,311.68995675 4539.33479941 13306.54245945,-96.13438967 4711.65566756 13306.54249024,318.60368516 4886.89790717 13306.54245893,318.60368452 4883.59620039 13306.54245893,190.62653931 4707.17099373 13347.04345659,318.60368758 4883.59620039 13347.04344693,318.60368822 4886.89790717 13347.04344693,-96.13438662 4711.65566756 13347.04347824,311.6899598 4539.33479941 13347.04344745,312.37336786 4539.33479928 13347.0434474              ]
            }
            coordIndex [
0,1,2,-1,3,4,5,-1,0,2,3,-1,3,5,0,-1,6,7,8,-1,9,10,11,-1,6,8,9,-1,9,11,6,-1,2,1,11,-1,11,10,2,-1,8,7,5,-1,5,4,8,-1,10,9,3,-1,3,2,10,-1,3,9,8,-1,8,4,3,-1,6,11,1,-1,1,0,6,-1,6,0,5,-1,5,7,6            ]
            ccw TRUE
            normalPerVertex TRUE
            normal Normal {
              vector [
-1 -0 0,1 0 0,0 -1 0,0 0 -1,0 -0.89155 0.45292,0 0.89155 0.45292,0 0.51659 -0.85623,0 -0.51659 -0.85623              ]
            }
            normalIndex [
0,0,0,-1,0,0,0,-1,0,0,0,-1,0,0,0,-1,1,1,1,-1,1,1,1,-1,1,1,1,-1,1,1,1,-1,2,2,2,-1,2,2,2,-1,3,3,3,-1,3,3,3,-1,4,4,4,-1,4,4,4,-1,5,5,5,-1,5,5,5,-1,6,6,6,-1,6,6,6,-1,7,7,7,-1,7,7,7            ]
          }
        }
        Shape {
          appearance USE M0
          geometry IndexedFaceSet {
            coord Coordinate {
              point [
-3009.37346375 4707.17099373 13057.02196077,-2887.6266352 4539.33479928 13057.02195158,-2888.31004325 4539.33479941 13057.02195163,-3296.13438967 4711.65566756 13057.02198242,-2881.39631484 4886.89790717 13057.02195111,-2881.39631548 4883.59620039 13057.02195111,-3009.37346069 4707.17099373 13097.52294878,-2881.39631242 4883.59620039 13097.52293912,-2881.39631178 4886.89790717 13097.52293912,-3296.13438662 4711.65566756 13097.52297043,-2888.3100402 4539.33479941 13097.52293964,-2887.62663214 4539.33479928 13097.52293959              ]
            }
            coordIndex [
0,1,2,-1,3,4,5,-1,0,2,3,-1,3,5,0,-1,6,7,8,-1,9,10,11,-1,6,8,9,-1,9,11,6,-1,2,1,11,-1,11,10,2,-1,8,7,5,-1,5,4,8,-1,10,9,3,-1,3,2,10,-1,3,9,8,-1,8,4,3,-1,6,11,1,-1,1,0,6,-1,6,0,5,-1,5,7,6            ]
            ccw TRUE
            normalPerVertex TRUE
            normal Normal {
              vector [
-1 -0 0,1 0 0,0 -1 0,0 0 -1,0 -0.89155 0.45292,0 0.89155 0.45292,0 0.51659 -0.85623,0 -0.51659 -0.85623              ]
            }
            normalIndex [
0,0,0,-1,0,0,0,-1,0,0,0,-1,0,0,0,-1,1,1,1,-1,1,1,1,-1,1,1,1,-1,1,1,1,-1,2,2,2,-1,2,2,2,-1,3,3,3,-1,3,3,3,-1,4,4,4,-1,4,4,4,-1,5,5,5,-1,5,5,5,-1,6,6,6,-1,6,6,6,-1,7,7,7,-1,7,7,7            ]
          }
        }
        Shape {
          appearance USE M0
          geometry IndexedFaceSet {
            coord Coordinate {
              point [
34490.62629211 3443.69272224 13057.02196077,34612.37312066 3275.85652779 13057.02195158,34611.68971261 3275.85652793 13057.02195163,34203.86536619 3448.17739608 13057.02198242,34618.60344102 3623.41963569 13057.02195111,34618.60344038 3620.11792891 13057.02195111,34490.62629517 3443.69272224 13097.52294878,34618.60344343 3620.11792891 13097.52293912,34618.60344408 3623.41963569 13097.52293912,34203.86536924 3448.17739608 13097.52297043,34611.68971566 3275.85652793 13097.52293964,34612.37312372 3275.85652779 13097.52293959              ]
            }
            coordIndex [
0,1,2,-1,3,4,5,-1,0,2,3,-1,3,5,0,-1,6,7,8,-1,9,10,11,-1,6,8,9,-1,9,11,6,-1,2,1,11,-1,11,10,2,-1,8,7,5,-1,5,4,8,-1,10,9,3,-1,3,2,10,-1,3,9,8,-1,8,4,3,-1,6,11,1,-1,1,0,6,-1,6,0,5,-1,5,7,6            ]
            ccw TRUE
            normalPerVertex TRUE
            normal Normal {
              vector [
-1 -0 0,1 0 0,0 -1 0,0 0 -1,0 -0.89155 0.45292,0 0.89155 0.45292,0 0.51659 -0.85623,0 -0.51659 -0.85623              ]
            }
            normalIndex [
0,0,0,-1,0,0,0,-1,0,0,0,-1,0,0,0,-1,1,1,1,-1,1,1,1,-1,1,1,1,-1,1,1,1,-1,2,2,2,-1,2,2,2,-1,3,3,3,-1,3,3,3,-1,4,4,4,-1,4,4,4,-1,5,5,5,-1,5,5,5,-1,6,6,6,-1,6,6,6,-1,7,7,7,-1,7,7,7            ]
          }
        }
        Shape {
          appearance USE M0
          geometry IndexedFaceSet {
            coord Coordinate {
              point [
19290.62629211 3443.69272224 13805.58543734,19412.37312066 3275.85652779 13805.58542815,19411.68971261 3275.85652793 13805.5854282,19003.86536619 3448.17739608 13805.58545899,19418.60344102 3623.41963569 13805.58542768,19418.60344038 3620.11792891 13805.58542768,19290.62629517 3443.69272224 13846.08642534,19418.60344343 3620.11792891 13846.08641568,19418.60344408 3623.41963569 13846.08641568,19003.86536924 3448.17739608 13846.08644699,19411.68971566 3275.85652793 13846.0864162,19412.37312372 3275.85652779 13846.08641615              ]
            }
            coordIndex [
0,1,2,-1,3,4,5,-1,0,2,3,-1,3,5,0,-1,6,7,8,-1,9,10,11,-1,6,8,9,-1,9,11,6,-1,2,1,11,-1,11,10,2,-1,8,7,5,-1,5,4,8,-1,10,9,3,-1,3,2,10,-1,3,9,8,-1,8,4,3,-1,6,11,1,-1,1,0,6,-1,6,0,5,-1,5,7,6            ]
            ccw TRUE
            normalPerVertex TRUE
            normal Normal {
              vector [
-1 -0 0,1 0 0,0 -1 0,0 0 -1,0 -0.89155 0.45292,0 0.89155 0.45292,0 0.51659 -0.85623,0 -0.51659 -0.85623              ]
            }
            normalIndex [
0,0,0,-1,0,0,0,-1,0,0,0,-1,0,0,0,-1,1,1,1,-1,1,1,1,-1,1,1,1,-1,1,1,1,-1,2,2,2,-1,2,2,2,-1,3,3,3,-1,3,3,3,-1,4,4,4,-1,4,4,4,-1,5,5,5,-1,5,5,5,-1,6,6,6,-1,6,6,6,-1,7,7,7,-1,7,7,7            ]
          }
        }
        Shape {
          appearance USE M0
          geometry IndexedFaceSet {
            coord Coordinate {
              point [
46890.62629211 4243.69296638 14554.15184359,47012.37312066 4075.85677193 14554.1518344,47011.68971261 4075.85677207 14554.15183445,46603.86536619 4248.17764022 14554.15186524,47018.60344102 4423.41987983 14554.15183393,47018.60344038 4420.11817305 14554.15183393,46890.62629517 4243.69296638 14594.65283159,47018.60344343 4420.11817305 14594.65282193,47018.60344408 4423.41987983 14594.65282193,46603.86536924 4248.17764022 14594.65285324,47011.68971566 4075.85677207 14594.65282245,47012.37312372 4075.85677193 14594.6528224              ]
            }
            coordIndex [
0,1,2,-1,3,4,5,-1,0,2,3,-1,3,5,0,-1,6,7,8,-1,9,10,11,-1,6,8,9,-1,9,11,6,-1,2,1,11,-1,11,10,2,-1,8,7,5,-1,5,4,8,-1,10,9,3,-1,3,2,10,-1,3,9,8,-1,8,4,3,-1,6,11,1,-1,1,0,6,-1,6,0,5,-1,5,7,6            ]
            ccw TRUE
            normalPerVertex TRUE
            normal Normal {
              vector [
-1 -0 0,1 0 0,0 -1 0,0 0 -1,0 -0.89155 0.45292,0 0.89155 0.45292,0 0.51659 -0.85623,0 -0.51659 -0.85623              ]
            }
            normalIndex [
0,0,0,-1,0,0,0,-1,0,0,0,-1,0,0,0,-1,1,1,1,-1,1,1,1,-1,1,1,1,-1,1,1,1,-1,2,2,2,-1,2,2,2,-1,3,3,3,-1,3,3,3,-1,4,4,4,-1,4,4,4,-1,5,5,5,-1,5,5,5,-1,6,6,6,-1,6,6,6,-1,7,7,7,-1,7,7,7            ]
          }
        }
        Shape {
          appearance USE M0
          geometry IndexedFaceSet {
            coord Coordinate {
              point [
37690.62629211 3043.69296638 14803.67332796,37812.37312066 2875.85677193 14803.67331877,37811.68971261 2875.85677207 14803.67331882,37403.86536619 3048.17764022 14803.67334961,37818.60344102 3223.41987983 14803.6733183,37818.60344038 3220.11817305 14803.6733183,37690.62629517 3043.69296638 14844.17431597,37818.60344343 3220.11817305 14844.17430631,37818.60344408 3223.41987983 14844.17430631,37403.86536924 3048.17764022 14844.17433762,37811.68971566 2875.85677207 14844.17430683,37812.37312372 2875.85677193 14844.17430678              ]
            }
            coordIndex [
0,1,2,-1,3,4,5,-1,0,2,3,-1,3,5,0,-1,6,7,8,-1,9,10,11,-1,6,8,9,-1,9,11,6,-1,2,1,11,-1,11,10,2,-1,8,7,5,-1,5,4,8,-1,10,9,3,-1,3,2,10,-1,3,9,8,-1,8,4,3,-1,6,11,1,-1,1,0,6,-1,6,0,5,-1,5,7,6            ]
            ccw TRUE
            normalPerVertex TRUE
            normal Normal {
              vector [
-1 -0 0,1 0 0,0 -1 0,0 0 -1,0 -0.89155 0.45292,0 0.89155 0.45292,0 0.51659 -0.85623,0 -0.51659 -0.85623              ]
            }
            normalIndex [
0,0,0,-1,0,0,0,-1,0,0,0,-1,0,0,0,-1,1,1,1,-1,1,1,1,-1,1,1,1,-1,1,1,1,-1,2,2,2,-1,2,2,2,-1,3,3,3,-1,3,3,3,-1,4,4,4,-1,4,4,4,-1,5,5,5,-1,5,5,5,-1,6,6,6,-1,6,6,6,-1,7,7,7,-1,7,7,7            ]
          }
        }
        Shape {
          appearance USE M0
          geometry IndexedFaceSet {
            coord Coordinate {
              point [
12890.62629211 4243.69296638 12807.49949984,13012.37312066 4075.85677193 12807.49949065,13011.68971261 4075.85677207 12807.4994907,12603.86536619 4248.17764022 12807.49952149,13018.60344102 4423.41987983 12807.49949018,13018.60344038 4420.11817305 12807.49949018,12890.62629517 4243.69296638 12848.00048784,13018.60344343 4420.11817305 12848.00047818,13018.60344408 4423.41987983 12848.00047818,12603.86536924 4248.17764022 12848.00050949,13011.68971566 4075.85677207 12848.0004787,13012.37312372 4075.85677193 12848.00047865              ]
            }
            coordIndex [
0,1,2,-1,3,4,5,-1,0,2,3,-1,3,5,0,-1,6,7,8,-1,9,10,11,-1,6,8,9,-1,9,11,6,-1,2,1,11,-1,11,10,2,-1,8,7,5,-1,5,4,8,-1,10,9,3,-1,3,2,10,-1,3,9,8,-1,8,4,3,-1,6,11,1,-1,1,0,6,-1,6,0,5,-1,5,7,6            ]
            ccw TRUE
            normalPerVertex TRUE
            normal Normal {
              vector [
-1 -0 0,1 0 0,0 -1 0,0 0 -1,0 -0.89155 0.45292,0 0.89155 0.45292,0 0.51659 -0.85623,0 -0.51659 -0.85623              ]
            }
            normalIndex [
0,0,0,-1,0,0,0,-1,0,0,0,-1,0,0,0,-1,1,1,1,-1,1,1,1,-1,1,1,1,-1,1,1,1,-1,2,2,2,-1,2,2,2,-1,3,3,3,-1,3,3,3,-1,4,4,4,-1,4,4,4,-1,5,5,5,-1,5,5,5,-1,6,6,6,-1,6,6,6,-1,7,7,7,-1,7,7,7            ]
          }
        }
        Shape {
          appearance USE M0
          geometry IndexedFaceSet {
            coord Coordinate {
              point [
40890.62629211 3443.69272224 13057.02196077,41012.37312066 3275.85652779 13057.02195158,41011.68971261 3275.85652793 13057.02195163,40603.86536619 3448.17739608 13057.02198242,41018.60344102 3623.41963569 13057.02195111,41018.60344038 3620.11792891 13057.02195111,40890.62629517 3443.69272224 13097.52294878,41018.60344343 3620.11792891 13097.52293912,41018.60344408 3623.41963569 13097.52293912,40603.86536924 3448.17739608 13097.52297043,41011.68971566 3275.85652793 13097.52293964,41012.37312372 3275.85652779 13097.52293959              ]
            }
            coordIndex [
0,1,2,-1,3,4,5,-1,0,2,3,-1,3,5,0,-1,6,7,8,-1,9,10,11,-1,6,8,9,-1,9,11,6,-1,2,1,11,-1,11,10,2,-1,8,7,5,-1,5,4,8,-1,10,9,3,-1,3,2,10,-1,3,9,8,-1,8,4,3,-1,6,11,1,-1,1,0,6,-1,6,0,5,-1,5,7,6            ]
            ccw TRUE
            normalPerVertex TRUE
            normal Normal {
              vector [
-1 -0 0,1 0 0,0 -1 0,0 0 -1,0 -0.89155 0.45292,0 0.89155 0.45292,0 0.51659 -0.85623,0 -0.51659 -0.85623              ]
            }
            normalIndex [
0,0,0,-1,0,0,0,-1,0,0,0,-1,0,0,0,-1,1,1,1,-1,1,1,1,-1,1,1,1,-1,1,1,1,-1,2,2,2,-1,2,2,2,-1,3,3,3,-1,3,3,3,-1,4,4,4,-1,4,4,4,-1,5,5,5,-1,5,5,5,-1,6,6,6,-1,6,6,6,-1,7,7,7,-1,7,7,7            ]
          }
        }
        Shape {
          appearance USE M0
          geometry IndexedFaceSet {
            coord Coordinate {
              point [
19290.62629211 3043.69296638 13306.54246859,19412.37312066 2875.85677193 13306.5424594,19411.68971261 2875.85677207 13306.54245945,19003.86536619 3048.17764022 13306.54249024,19418.60344102 3223.41987983 13306.54245893,19418.60344038 3220.11817305 13306.54245893,19290.62629517 3043.69296638 13347.04345659,19418.60344343 3220.11817305 13347.04344693,19418.60344408 3223.41987983 13347.04344693,19003.86536924 3048.17764022 13347.04347824,19411.68971566 2875.85677207 13347.04344745,19412.37312372 2875.85677193 13347.0434474              ]
            }
            coordIndex [
0,1,2,-1,3,4,5,-1,0,2,3,-1,3,5,0,-1,6,7,8,-1,9,10,11,-1,6,8,9,-1,9,11,6,-1,2,1,11,-1,11,10,2,-1,8,7,5,-1,5,4,8,-1,10,9,3,-1,3,2,10,-1,3,9,8,-1,8,4,3,-1,6,11,1,-1,1,0,6,-1,6,0,5,-1,5,7,6            ]
            ccw TRUE
            normalPerVertex TRUE
            normal Normal {
              vector [
-1 -0 0,1 0 0,0 -1 0,0 0 -1,0 -0.89155 0.45292,0 0.89155 0.45292,0 0.51659 -0.85623,0 -0.51659 -0.85623              ]
            }
            normalIndex [
0,0,0,-1,0,0,0,-1,0,0,0,-1,0,0,0,-1,1,1,1,-1,1,1,1,-1,1,1,1,-1,1,1,1,-1,2,2,2,-1,2,2,2,-1,3,3,3,-1,3,3,3,-1,4,4,4,-1,4,4,4,-1,5,5,5,-1,5,5,5,-1,6,6,6,-1,6,6,6,-1,7,7,7,-1,7,7,7            ]
          }
        }
        Shape {
          appearance USE M0
          geometry IndexedFaceSet {
            coord Coordinate {
              point [
6590.62580383 3443.69272224 13805.58543734,6712.37263238 3275.85652779 13805.58542815,6711.68922432 3275.85652793 13805.5854282,6303.86487791 3448.17739608 13805.58545899,6718.60295274 3623.41963569 13805.58542768,6718.6029521 3620.11792891 13805.58542768,6590.62580689 3443.69272224 13846.08642534,6718.60295515 3620.11792891 13846.08641568,6718.6029558 3623.41963569 13846.08641568,6303.86488096 3448.17739608 13846.08644699,6711.68922738 3275.85652793 13846.0864162,6712.37263543 3275.85652779 13846.08641615              ]
            }
            coordIndex [
0,1,2,-1,3,4,5,-1,0,2,3,-1,3,5,0,-1,6,7,8,-1,9,10,11,-1,6,8,9,-1,9,11,6,-1,2,1,11,-1,11,10,2,-1,8,7,5,-1,5,4,8,-1,10,9,3,-1,3,2,10,-1,3,9,8,-1,8,4,3,-1,6,11,1,-1,1,0,6,-1,6,0,5,-1,5,7,6            ]
            ccw TRUE
            normalPerVertex TRUE
            normal Normal {
              vector [
-1 -0 0,1 0 0,0 -1 0,0 0 -1,0 -0.89155 0.45292,0 0.89155 0.45292,0 0.51659 -0.85623,0 -0.51659 -0.85623              ]
            }
            normalIndex [
0,0,0,-1,0,0,0,-1,0,0,0,-1,0,0,0,-1,1,1,1,-1,1,1,1,-1,1,1,1,-1,1,1,1,-1,2,2,2,-1,2,2,2,-1,3,3,3,-1,3,3,3,-1,4,4,4,-1,4,4,4,-1,5,5,5,-1,5,5,5,-1,6,6,6,-1,6,6,6,-1,7,7,7,-1,7,7,7            ]
          }
        }
        Shape {
          appearance USE M0
          geometry IndexedFaceSet {
            coord Coordinate {
              point [
37690.62629211 3443.69272224 14304.63035921,37812.37312066 3275.85652779 14304.63035002,37811.68971261 3275.85652793 14304.63035007,37403.86536619 3448.17739608 14304.63038086,37818.60344102 3623.41963569 14304.63034955,37818.60344038 3620.11792891 14304.63034955,37690.62629517 3443.69272224 14345.13134722,37818.60344343 3620.11792891 14345.13133756,37818.60344408 3623.41963569 14345.13133756,37403.86536924 3448.17739608 14345.13136887,37811.68971566 3275.85652793 14345.13133808,37812.37312372 3275.85652779 14345.13133803              ]
            }
            coordIndex [
0,1,2,-1,3,4,5,-1,0,2,3,-1,3,5,0,-1,6,7,8,-1,9,10,11,-1,6,8,9,-1,9,11,6,-1,2,1,11,-1,11,10,2,-1,8,7,5,-1,5,4,8,-1,10,9,3,-1,3,2,10,-1,3,9,8,-1,8,4,3,-1,6,11,1,-1,1,0,6,-1,6,0,5,-1,5,7,6            ]
            ccw TRUE
            normalPerVertex TRUE
            normal Normal {
              vector [
-1 -0 0,1 0 0,0 -1 0,0 0 -1,0 -0.89155 0.45292,0 0.89155 0.45292,0 0.51659 -0.85623,0 -0.51659 -0.85623              ]
            }
            normalIndex [
0,0,0,-1,0,0,0,-1,0,0,0,-1,0,0,0,-1,1,1,1,-1,1,1,1,-1,1,1,1,-1,1,1,1,-1,2,2,2,-1,2,2,2,-1,3,3,3,-1,3,3,3,-1,4,4,4,-1,4,4,4,-1,5,5,5,-1,5,5,5,-1,6,6,6,-1,6,6,6,-1,7,7,7,-1,7,7,7            ]
          }
        }
        Shape {
          appearance USE M0
          geometry IndexedFaceSet {
            coord Coordinate {
              point [
37690.62629211 4243.69296638 13306.54246859,37812.37312066 4075.85677193 13306.5424594,37811.68971261 4075.85677207 13306.54245945,37403.86536619 4248.17764022 13306.54249024,37818.60344102 4423.41987983 13306.54245893,37818.60344038 4420.11817305 13306.54245893,37690.62629517 4243.69296638 13347.04345659,37818.60344343 4420.11817305 13347.04344693,37818.60344408 4423.41987983 13347.04344693,37403.86536924 4248.17764022 13347.04347824,37811.68971566 4075.85677207 13347.04344745,37812.37312372 4075.85677193 13347.0434474              ]
            }
            coordIndex [
0,1,2,-1,3,4,5,-1,0,2,3,-1,3,5,0,-1,6,7,8,-1,9,10,11,-1,6,8,9,-1,9,11,6,-1,2,1,11,-1,11,10,2,-1,8,7,5,-1,5,4,8,-1,10,9,3,-1,3,2,10,-1,3,9,8,-1,8,4,3,-1,6,11,1,-1,1,0,6,-1,6,0,5,-1,5,7,6            ]
            ccw TRUE
            normalPerVertex TRUE
            normal Normal {
              vector [
-1 -0 0,1 0 0,0 -1 0,0 0 -1,0 -0.89155 0.45292,0 0.89155 0.45292,0 0.51659 -0.85623,0 -0.51659 -0.85623              ]
            }
            normalIndex [
0,0,0,-1,0,0,0,-1,0,0,0,-1,0,0,0,-1,1,1,1,-1,1,1,1,-1,1,1,1,-1,1,1,1,-1,2,2,2,-1,2,2,2,-1,3,3,3,-1,3,3,3,-1,4,4,4,-1,4,4,4,-1,5,5,5,-1,5,5,5,-1,6,6,6,-1,6,6,6,-1,7,7,7,-1,7,7,7            ]
          }
        }
        Shape {
          appearance USE M0
          geometry IndexedFaceSet {
            coord Coordinate {
              point [
28190.62629211 4707.17099373 14055.10789827,28312.37312066 4539.33479928 14055.10788908,28311.68971261 4539.33479941 14055.10788913,27903.86536619 4711.65566756 14055.10791992,28318.60344102 4886.89790717 14055.10788861,28318.60344038 4883.59620039 14055.10788861,28190.62629517 4707.17099373 14095.60888628,28318.60344343 4883.59620039 14095.60887662,28318.60344408 4886.89790717 14095.60887662,27903.86536924 4711.65566756 14095.60890793,28311.68971566 4539.33479941 14095.60887714,28312.37312372 4539.33479928 14095.60887709              ]
            }
            coordIndex [
0,1,2,-1,3,4,5,-1,0,2,3,-1,3,5,0,-1,6,7,8,-1,9,10,11,-1,6,8,9,-1,9,11,6,-1,2,1,11,-1,11,10,2,-1,8,7,5,-1,5,4,8,-1,10,9,3,-1,3,2,10,-1,3,9,8,-1,8,4,3,-1,6,11,1,-1,1,0,6,-1,6,0,5,-1,5,7,6            ]
            ccw TRUE
            normalPerVertex TRUE
            normal Normal {
              vector [
-1 -0 0,1 0 0,0 -1 0,0 0 -1,0 -0.89155 0.45292,0 0.89155 0.45292,0 0.51659 -0.85623,0 -0.51659 -0.85623              ]
            }
            normalIndex [
0,0,0,-1,0,0,0,-1,0,0,0,-1,0,0,0,-1,1,1,1,-1,1,1,1,-1,1,1,1,-1,1,1,1,-1,2,2,2,-1,2,2,2,-1,3,3,3,-1,3,3,3,-1,4,4,4,-1,4,4,4,-1,5,5,5,-1,5,5,5,-1,6,6,6,-1,6,6,6,-1,7,7,7,-1,7,7,7            ]
          }
        }
        Shape {
          appearance USE M0
          geometry IndexedFaceSet {
            coord Coordinate {
              point [
22090.62629211 4707.17099373 13556.06492952,22212.37312066 4539.33479928 13556.06492033,22211.68971261 4539.33479941 13556.06492038,21803.86536619 4711.65566756 13556.06495117,22218.60344102 4886.89790717 13556.06491986,22218.60344038 4883.59620039 13556.06491986,22090.62629517 4707.17099373 13596.56591753,22218.60344343 4883.59620039 13596.56590787,22218.60344408 4886.89790717 13596.56590787,21803.86536924 4711.65566756 13596.56593918,22211.68971566 4539.33479941 13596.56590839,22212.37312372 4539.33479928 13596.56590834              ]
            }
            coordIndex [
0,1,2,-1,3,4,5,-1,0,2,3,-1,3,5,0,-1,6,7,8,-1,9,10,11,-1,6,8,9,-1,9,11,6,-1,2,1,11,-1,11,10,2,-1,8,7,5,-1,5,4,8,-1,10,9,3,-1,3,2,10,-1,3,9,8,-1,8,4,3,-1,6,11,1,-1,1,0,6,-1,6,0,5,-1,5,7,6            ]
            ccw TRUE
            normalPerVertex TRUE
            normal Normal {
              vector [
-1 -0 0,1 0 0,0 -1 0,0 0 -1,0 -0.89155 0.45292,0 0.89155 0.45292,0 0.51659 -0.85623,0 -0.51659 -0.85623              ]
            }
            normalIndex [
0,0,0,-1,0,0,0,-1,0,0,0,-1,0,0,0,-1,1,1,1,-1,1,1,1,-1,1,1,1,-1,1,1,1,-1,2,2,2,-1,2,2,2,-1,3,3,3,-1,3,3,3,-1,4,4,4,-1,4,4,4,-1,5,5,5,-1,5,5,5,-1,6,6,6,-1,6,6,6,-1,7,7,7,-1,7,7,7            ]
          }
        }
        Shape {
          appearance USE M0
          geometry IndexedFaceSet {
            coord Coordinate {
              point [
16090.62629211 3443.69272224 13556.06492952,16212.37312066 3275.85652779 13556.06492033,16211.68971261 3275.85652793 13556.06492038,15803.86536619 3448.17739608 13556.06495117,16218.60344102 3623.41963569 13556.06491986,16218.60344038 3620.11792891 13556.06491986,16090.62629517 3443.69272224 13596.56591753,16218.60344343 3620.11792891 13596.56590787,16218.60344408 3623.41963569 13596.56590787,15803.86536924 3448.17739608 13596.56593918,16211.68971566 3275.85652793 13596.56590839,16212.37312372 3275.85652779 13596.56590834              ]
            }
            coordIndex [
0,1,2,-1,3,4,5,-1,0,2,3,-1,3,5,0,-1,6,7,8,-1,9,10,11,-1,6,8,9,-1,9,11,6,-1,2,1,11,-1,11,10,2,-1,8,7,5,-1,5,4,8,-1,10,9,3,-1,3,2,10,-1,3,9,8,-1,8,4,3,-1,6,11,1,-1,1,0,6,-1,6,0,5,-1,5,7,6            ]
            ccw TRUE
            normalPerVertex TRUE
            normal Normal {
              vector [
-1 -0 0,1 0 0,0 -1 0,0 0 -1,0 -0.89155 0.45292,0 0.89155 0.45292,0 0.51659 -0.85623,0 -0.51659 -0.85623              ]
            }
            normalIndex [
0,0,0,-1,0,0,0,-1,0,0,0,-1,0,0,0,-1,1,1,1,-1,1,1,1,-1,1,1,1,-1,1,1,1,-1,2,2,2,-1,2,2,2,-1,3,3,3,-1,3,3,3,-1,4,4,4,-1,4,4,4,-1,5,5,5,-1,5,5,5,-1,6,6,6,-1,6,6,6,-1,7,7,7,-1,7,7,7            ]
          }
        }
        Shape {
          appearance USE M0
          geometry IndexedFaceSet {
            coord Coordinate {
              point [
9690.62531555 3443.69272224 13057.02196077,9812.3721441 3275.85652779 13057.02195158,9811.68873604 3275.85652793 13057.02195163,9403.86438962 3448.17739608 13057.02198242,9818.60246446 3623.41963569 13057.02195111,9818.60246381 3620.11792891 13057.02195111,9690.62531861 3443.69272224 13097.52294878,9818.60246687 3620.11792891 13097.52293912,9818.60246751 3623.41963569 13097.52293912,9403.86439268 3448.17739608 13097.52297043,9811.6887391 3275.85652793 13097.52293964,9812.37214715 3275.85652779 13097.52293959              ]
            }
            coordIndex [
0,1,2,-1,3,4,5,-1,0,2,3,-1,3,5,0,-1,6,7,8,-1,9,10,11,-1,6,8,9,-1,9,11,6,-1,2,1,11,-1,11,10,2,-1,8,7,5,-1,5,4,8,-1,10,9,3,-1,3,2,10,-1,3,9,8,-1,8,4,3,-1,6,11,1,-1,1,0,6,-1,6,0,5,-1,5,7,6            ]
            ccw TRUE
            normalPerVertex TRUE
            normal Normal {
              vector [
-1 -0 0,1 0 0,0 -1 0,0 0 -1,0 -0.89155 0.45292,0 0.89155 0.45292,0 0.51659 -0.85623,0 -0.51659 -0.85623              ]
            }
            normalIndex [
0,0,0,-1,0,0,0,-1,0,0,0,-1,0,0,0,-1,1,1,1,-1,1,1,1,-1,1,1,1,-1,1,1,1,-1,2,2,2,-1,2,2,2,-1,3,3,3,-1,3,3,3,-1,4,4,4,-1,4,4,4,-1,5,5,5,-1,5,5,5,-1,6,6,6,-1,6,6,6,-1,7,7,7,-1,7,7,7            ]
          }
        }
        Shape {
          appearance USE M0
          geometry IndexedFaceSet {
            coord Coordinate {
              point [
9690.62531555 3875.43222419 13057.02196077,9812.3721441 3707.59602975 13057.02195158,9811.68873604 3707.59602988 13057.02195163,9403.86438962 3879.91689803 13057.02198242,9818.60246446 4055.15913764 13057.02195111,9818.60246381 4051.85743086 13057.02195111,9690.62531861 3875.43222419 13097.52294878,9818.60246687 4051.85743086 13097.52293912,9818.60246751 4055.15913764 13097.52293912,9403.86439268 3879.91689803 13097.52297043,9811.6887391 3707.59602988 13097.52293964,9812.37214715 3707.59602975 13097.52293959              ]
            }
            coordIndex [
0,1,2,-1,3,4,5,-1,0,2,3,-1,3,5,0,-1,6,7,8,-1,9,10,11,-1,6,8,9,-1,9,11,6,-1,2,1,11,-1,11,10,2,-1,8,7,5,-1,5,4,8,-1,10,9,3,-1,3,2,10,-1,3,9,8,-1,8,4,3,-1,6,11,1,-1,1,0,6,-1,6,0,5,-1,5,7,6            ]
            ccw TRUE
            normalPerVertex TRUE
            normal Normal {
              vector [
-1 -0 0,1 0 0,0 -1 0,0 0 -1,0 -0.89155 0.45292,0 0.89155 0.45292,0 0.51659 -0.85623,0 -0.51659 -0.85623              ]
            }
            normalIndex [
0,0,0,-1,0,0,0,-1,0,0,0,-1,0,0,0,-1,1,1,1,-1,1,1,1,-1,1,1,1,-1,1,1,1,-1,2,2,2,-1,2,2,2,-1,3,3,3,-1,3,3,3,-1,4,4,4,-1,4,4,4,-1,5,5,5,-1,5,5,5,-1,6,6,6,-1,6,6,6,-1,7,7,7,-1,7,7,7            ]
          }
        }
        Shape {
          appearance USE M0
          geometry IndexedFaceSet {
            coord Coordinate {
              point [
190.62653625 4243.69296638 12807.49949984,312.3733648 4075.85677193 12807.49949065,311.68995675 4075.85677207 12807.4994907,-96.13438967 4248.17764022 12807.49952149,318.60368516 4423.41987983 12807.49949018,318.60368452 4420.11817305 12807.49949018,190.62653931 4243.69296638 12848.00048784,318.60368758 4420.11817305 12848.00047818,318.60368822 4423.41987983 12848.00047818,-96.13438662 4248.17764022 12848.00050949,311.6899598 4075.85677207 12848.0004787,312.37336786 4075.85677193 12848.00047865              ]
            }
            coordIndex [
0,1,2,-1,3,4,5,-1,0,2,3,-1,3,5,0,-1,6,7,8,-1,9,10,11,-1,6,8,9,-1,9,11,6,-1,2,1,11,-1,11,10,2,-1,8,7,5,-1,5,4,8,-1,10,9,3,-1,3,2,10,-1,3,9,8,-1,8,4,3,-1,6,11,1,-1,1,0,6,-1,6,0,5,-1,5,7,6            ]
            ccw TRUE
            normalPerVertex TRUE
            normal Normal {
              vector [
-1 -0 0,1 0 0,0 -1 0,0 0 -1,0 -0.89155 0.45292,0 0.89155 0.45292,0 0.51659 -0.85623,0 -0.51659 -0.85623              ]
            }
            normalIndex [
0,0,0,-1,0,0,0,-1,0,0,0,-1,0,0,0,-1,1,1,1,-1,1,1,1,-1,1,1,1,-1,1,1,1,-1,2,2,2,-1,2,2,2,-1,3,3,3,-1,3,3,3,-1,4,4,4,-1,4,4,4,-1,5,5,5,-1,5,5,5,-1,6,6,6,-1,6,6,6,-1,7,7,7,-1,7,7,7            ]
          }
        }
        Shape {
          appearance USE M0
          geometry IndexedFaceSet {
            coord Coordinate {
              point [
190.62653625 3443.69272224 14304.63035921,312.3733648 3275.85652779 14304.63035002,311.68995675 3275.85652793 14304.63035007,-96.13438967 3448.17739608 14304.63038086,318.60368516 3623.41963569 14304.63034955,318.60368452 3620.11792891 14304.63034955,190.62653931 3443.69272224 14345.13134722,318.60368758 3620.11792891 14345.13133756,318.60368822 3623.41963569 14345.13133756,-96.13438662 3448.17739608 14345.13136887,311.6899598 3275.85652793 14345.13133808,312.37336786 3275.85652779 14345.13133803              ]
            }
            coordIndex [
0,1,2,-1,3,4,5,-1,0,2,3,-1,3,5,0,-1,6,7,8,-1,9,10,11,-1,6,8,9,-1,9,11,6,-1,2,1,11,-1,11,10,2,-1,8,7,5,-1,5,4,8,-1,10,9,3,-1,3,2,10,-1,3,9,8,-1,8,4,3,-1,6,11,1,-1,1,0,6,-1,6,0,5,-1,5,7,6            ]
            ccw TRUE
            normalPerVertex TRUE
            normal Normal {
              vector [
-1 -0 0,1 0 0,0 -1 0,0 0 -1,0 -0.89155 0.45292,0 0.89155 0.45292,0 0.51659 -0.85623,0 -0.51659 -0.85623              ]
            }
            normalIndex [
0,0,0,-1,0,0,0,-1,0,0,0,-1,0,0,0,-1,1,1,1,-1,1,1,1,-1,1,1,1,-1,1,1,1,-1,2,2,2,-1,2,2,2,-1,3,3,3,-1,3,3,3,-1,4,4,4,-1,4,4,4,-1,5,5,5,-1,5,5,5,-1,6,6,6,-1,6,6,6,-1,7,7,7,-1,7,7,7            ]
          }
        }
        Shape {
          appearance USE M0
          geometry IndexedFaceSet {
            coord Coordinate {
              point [
3390.62653625 3443.69272224 13556.06492952,3512.3733648 3275.85652779 13556.06492033,3511.68995675 3275.85652793 13556.06492038,3103.86561033 3448.17739608 13556.06495117,3518.60368516 3623.41963569 13556.06491986,3518.60368452 3620.11792891 13556.06491986,3390.62653931 3443.69272224 13596.56591753,3518.60368758 3620.11792891 13596.56590787,3518.60368822 3623.41963569 13596.56590787,3103.86561338 3448.17739608 13596.56593918,3511.6899598 3275.85652793 13596.56590839,3512.37336786 3275.85652779 13596.56590834              ]
            }
            coordIndex [
0,1,2,-1,3,4,5,-1,0,2,3,-1,3,5,0,-1,6,7,8,-1,9,10,11,-1,6,8,9,-1,9,11,6,-1,2,1,11,-1,11,10,2,-1,8,7,5,-1,5,4,8,-1,10,9,3,-1,3,2,10,-1,3,9,8,-1,8,4,3,-1,6,11,1,-1,1,0,6,-1,6,0,5,-1,5,7,6            ]
            ccw TRUE
            normalPerVertex TRUE
            normal Normal {
              vector [
-1 -0 0,1 0 0,0 -1 0,0 0 -1,0 -0.89155 0.45292,0 0.89155 0.45292,0 0.51659 -0.85623,0 -0.51659 -0.85623              ]
            }
            normalIndex [
0,0,0,-1,0,0,0,-1,0,0,0,-1,0,0,0,-1,1,1,1,-1,1,1,1,-1,1,1,1,-1,1,1,1,-1,2,2,2,-1,2,2,2,-1,3,3,3,-1,3,3,3,-1,4,4,4,-1,4,4,4,-1,5,5,5,-1,5,5,5,-1,6,6,6,-1,6,6,6,-1,7,7,7,-1,7,7,7            ]
          }
        }
        Shape {
          appearance USE M0
          geometry IndexedFaceSet {
            coord Coordinate {
              point [
40890.62629211 4707.17099373 13057.02196077,41012.37312066 4539.33479928 13057.02195158,41011.68971261 4539.33479941 13057.02195163,40603.86536619 4711.65566756 13057.02198242,41018.60344102 4886.89790717 13057.02195111,41018.60344038 4883.59620039 13057.02195111,40890.62629517 4707.17099373 13097.52294878,41018.60344343 4883.59620039 13097.52293912,41018.60344408 4886.89790717 13097.52293912,40603.86536924 4711.65566756 13097.52297043,41011.68971566 4539.33479941 13097.52293964,41012.37312372 4539.33479928 13097.52293959              ]
            }
            coordIndex [
0,1,2,-1,3,4,5,-1,0,2,3,-1,3,5,0,-1,6,7,8,-1,9,10,11,-1,6,8,9,-1,9,11,6,-1,2,1,11,-1,11,10,2,-1,8,7,5,-1,5,4,8,-1,10,9,3,-1,3,2,10,-1,3,9,8,-1,8,4,3,-1,6,11,1,-1,1,0,6,-1,6,0,5,-1,5,7,6            ]
            ccw TRUE
            normalPerVertex TRUE
            normal Normal {
              vector [
-1 -0 0,1 0 0,0 -1 0,0 0 -1,0 -0.89155 0.45292,0 0.89155 0.45292,0 0.51659 -0.85623,0 -0.51659 -0.85623              ]
            }
            normalIndex [
0,0,0,-1,0,0,0,-1,0,0,0,-1,0,0,0,-1,1,1,1,-1,1,1,1,-1,1,1,1,-1,1,1,1,-1,2,2,2,-1,2,2,2,-1,3,3,3,-1,3,3,3,-1,4,4,4,-1,4,4,4,-1,5,5,5,-1,5,5,5,-1,6,6,6,-1,6,6,6,-1,7,7,7,-1,7,7,7            ]
          }
        }
        Shape {
          appearance USE M0
          geometry IndexedFaceSet {
            coord Coordinate {
              point [
-3009.37346375 3043.69296638 13057.02196077,-2887.6266352 2875.85677193 13057.02195158,-2888.31004325 2875.85677207 13057.02195163,-3296.13438967 3048.17764022 13057.02198242,-2881.39631484 3223.41987983 13057.02195111,-2881.39631548 3220.11817305 13057.02195111,-3009.37346069 3043.69296638 13097.52294878,-2881.39631242 3220.11817305 13097.52293912,-2881.39631178 3223.41987983 13097.52293912,-3296.13438662 3048.17764022 13097.52297043,-2888.3100402 2875.85677207 13097.52293964,-2887.62663214 2875.85677193 13097.52293959              ]
            }
            coordIndex [
0,1,2,-1,3,4,5,-1,0,2,3,-1,3,5,0,-1,6,7,8,-1,9,10,11,-1,6,8,9,-1,9,11,6,-1,2,1,11,-1,11,10,2,-1,8,7,5,-1,5,4,8,-1,10,9,3,-1,3,2,10,-1,3,9,8,-1,8,4,3,-1,6,11,1,-1,1,0,6,-1,6,0,5,-1,5,7,6            ]
            ccw TRUE
            normalPerVertex TRUE
            normal Normal {
              vector [
-1 -0 0,1 0 0,0 -1 0,0 0 -1,0 -0.89155 0.45292,0 0.89155 0.45292,0 0.51659 -0.85623,0 -0.51659 -0.85623              ]
            }
            normalIndex [
0,0,0,-1,0,0,0,-1,0,0,0,-1,0,0,0,-1,1,1,1,-1,1,1,1,-1,1,1,1,-1,1,1,1,-1,2,2,2,-1,2,2,2,-1,3,3,3,-1,3,3,3,-1,4,4,4,-1,4,4,4,-1,5,5,5,-1,5,5,5,-1,6,6,6,-1,6,6,6,-1,7,7,7,-1,7,7,7            ]
          }
        }
        Shape {
          appearance USE M0
          geometry IndexedFaceSet {
            coord Coordinate {
              point [
-3009.37346375 3443.69272224 13057.02196077,-2887.6266352 3275.85652779 13057.02195158,-2888.31004325 3275.85652793 13057.02195163,-3296.13438967 3448.17739608 13057.02198242,-2881.39631484 3623.41963569 13057.02195111,-2881.39631548 3620.11792891 13057.02195111,-3009.37346069 3443.69272224 13097.52294878,-2881.39631242 3620.11792891 13097.52293912,-2881.39631178 3623.41963569 13097.52293912,-3296.13438662 3448.17739608 13097.52297043,-2888.3100402 3275.85652793 13097.52293964,-2887.62663214 3275.85652779 13097.52293959              ]
            }
            coordIndex [
0,1,2,-1,3,4,5,-1,0,2,3,-1,3,5,0,-1,6,7,8,-1,9,10,11,-1,6,8,9,-1,9,11,6,-1,2,1,11,-1,11,10,2,-1,8,7,5,-1,5,4,8,-1,10,9,3,-1,3,2,10,-1,3,9,8,-1,8,4,3,-1,6,11,1,-1,1,0,6,-1,6,0,5,-1,5,7,6            ]
            ccw TRUE
            normalPerVertex TRUE
            normal Normal {
              vector [
-1 -0 0,1 0 0,0 -1 0,0 0 -1,0 -0.89155 0.45292,0 0.89155 0.45292,0 0.51659 -0.85623,0 -0.51659 -0.85623              ]
            }
            normalIndex [
0,0,0,-1,0,0,0,-1,0,0,0,-1,0,0,0,-1,1,1,1,-1,1,1,1,-1,1,1,1,-1,1,1,1,-1,2,2,2,-1,2,2,2,-1,3,3,3,-1,3,3,3,-1,4,4,4,-1,4,4,4,-1,5,5,5,-1,5,5,5,-1,6,6,6,-1,6,6,6,-1,7,7,7,-1,7,7,7            ]
          }
        }
        Shape {
          appearance USE M0
          geometry IndexedFaceSet {
            coord Coordinate {
              point [
28190.62629211 4707.17099373 13057.02196077,28312.37312066 4539.33479928 13057.02195158,28311.68971261 4539.33479941 13057.02195163,27903.86536619 4711.65566756 13057.02198242,28318.60344102 4886.89790717 13057.02195111,28318.60344038 4883.59620039 13057.02195111,28190.62629517 4707.17099373 13097.52294878,28318.60344343 4883.59620039 13097.52293912,28318.60344408 4886.89790717 13097.52293912,27903.86536924 4711.65566756 13097.52297043,28311.68971566 4539.33479941 13097.52293964,28312.37312372 4539.33479928 13097.52293959              ]
            }
            coordIndex [
0,1,2,-1,3,4,5,-1,0,2,3,-1,3,5,0,-1,6,7,8,-1,9,10,11,-1,6,8,9,-1,9,11,6,-1,2,1,11,-1,11,10,2,-1,8,7,5,-1,5,4,8,-1,10,9,3,-1,3,2,10,-1,3,9,8,-1,8,4,3,-1,6,11,1,-1,1,0,6,-1,6,0,5,-1,5,7,6            ]
            ccw TRUE
            normalPerVertex TRUE
            normal Normal {
              vector [
-1 -0 0,1 0 0,0 -1 0,0 0 -1,0 -0.89155 0.45292,0 0.89155 0.45292,0 0.51659 -0.85623,0 -0.51659 -0.85623              ]
            }
            normalIndex [
0,0,0,-1,0,0,0,-1,0,0,0,-1,0,0,0,-1,1,1,1,-1,1,1,1,-1,1,1,1,-1,1,1,1,-1,2,2,2,-1,2,2,2,-1,3,3,3,-1,3,3,3,-1,4,4,4,-1,4,4,4,-1,5,5,5,-1,5,5,5,-1,6,6,6,-1,6,6,6,-1,7,7,7,-1,7,7,7            ]
          }
        }
        Shape {
          appearance USE M0
          geometry IndexedFaceSet {
            coord Coordinate {
              point [
34490.62629211 3875.43222419 14055.10789827,34612.37312066 3707.59602975 14055.10788908,34611.68971261 3707.59602988 14055.10788913,34203.86536619 3879.91689803 14055.10791992,34618.60344102 4055.15913764 14055.10788861,34618.60344038 4051.85743086 14055.10788861,34490.62629517 3875.43222419 14095.60888628,34618.60344343 4051.85743086 14095.60887662,34618.60344408 4055.15913764 14095.60887662,34203.86536924 3879.91689803 14095.60890793,34611.68971566 3707.59602988 14095.60887714,34612.37312372 3707.59602975 14095.60887709              ]
            }
            coordIndex [
0,1,2,-1,3,4,5,-1,0,2,3,-1,3,5,0,-1,6,7,8,-1,9,10,11,-1,6,8,9,-1,9,11,6,-1,2,1,11,-1,11,10,2,-1,8,7,5,-1,5,4,8,-1,10,9,3,-1,3,2,10,-1,3,9,8,-1,8,4,3,-1,6,11,1,-1,1,0,6,-1,6,0,5,-1,5,7,6            ]
            ccw TRUE
            normalPerVertex TRUE
            normal Normal {
              vector [
-1 -0 0,1 0 0,0 -1 0,0 0 -1,0 -0.89155 0.45292,0 0.89155 0.45292,0 0.51659 -0.85623,0 -0.51659 -0.85623              ]
            }
            normalIndex [
0,0,0,-1,0,0,0,-1,0,0,0,-1,0,0,0,-1,1,1,1,-1,1,1,1,-1,1,1,1,-1,1,1,1,-1,2,2,2,-1,2,2,2,-1,3,3,3,-1,3,3,3,-1,4,4,4,-1,4,4,4,-1,5,5,5,-1,5,5,5,-1,6,6,6,-1,6,6,6,-1,7,7,7,-1,7,7,7            ]
          }
        }
        Shape {
          appearance DEF M2 Appearance {
            material Material {
              diffuseColor 0.78354 0.78354 0.78354
              emissiveColor 0 0 0
              shininess 0
            }
          }
          geometry IndexedFaceSet {
            coord Coordinate {
              point [
35286.19995117 3956.92352546 12216.24538251,35286.19995117 3956.94034148 12216.24538251,35287.39929199 3957.55587104 12216.16225411,35286.19995117 3957.60568454 12216.24538232,35288.49945068 3958.15458462 12216.16225394,35286.19995117 3958.26277825 12216.24538213,35289.1998291 3958.7034847 12216.07912556,35286.19995117 3958.87005847 12216.24538196,35289.50042725 3959.19432196 12216.07912542,35292.79937744 3958.99475069 12215.82974081,35289.1998291 3959.59346434 12216.07912531,35286.19995117 3959.83459969 12216.24538169,35286.19995117 3959.40214256 12216.24538181,35286.19995117 3960.1591805 12216.2453816,35288.49945068 3959.90122916 12216.16225345,35292.1005249 3959.36882772 12215.91286893,35290.49987793 3959.67659254 12215.99599707,35294.70062256 3959.19432186 12215.74661253,35295.89996338 3958.82817692 12215.66348441,35294.70062256 3958.42078519 12215.74661275,35299.20043945 3958.69523514 12215.41409978,35292.1005249 3958.55372694 12215.91286916,35294.70062256 3958.47059867 12215.74661274,35295.89996338 3958.36240504 12215.66348454,35294.70062256 3958.13808577 12215.74661283,35294.70062256 3958.85324232 12215.74661263,35295.89996338 3958.67016983 12215.66348446,35294.70062256 3959.15275775 12215.74661254,35295.89996338 3958.95318653 12215.66348438,35295.89996338 3959.11119361 12215.66348433,35292.1005249 3959.40214247 12215.91286892,35290.49987793 3959.43545724 12215.99599713,35292.1005249 3959.2609514 12215.91286896,35288.40026855 3959.48527076 12216.16225357,35289.1998291 3959.3605784 12216.07912538,35292.70019531 3959.11119366 12215.82974078,35289.50042725 3959.2523848 12216.07912541,35289.1998291 3959.15275784 12216.07912544,35292.1005249 3959.01124945 12215.91286903,35288.40026855 3959.07787901 12216.16225368,35290.49987793 3958.94461998 12215.99599727,35287.39929199 3959.00300015 12216.1622537,35288.40026855 3958.89480655 12216.16225373,35292.1005249 3958.81167825 12215.91286909,35289.1998291 3958.78661292 12216.07912554,35292.70019531 3958.66192052 12215.82974091,35289.50042725 3958.67016995 12216.07912557,35289.1998291 3958.55372698 12216.07912561,35292.1005249 3958.51216282 12215.91286917,35288.40026855 3958.43728404 12216.16225386,35290.49987793 3958.36240513 12215.99599744,35287.39929199 3958.3125917 12216.1622539,35288.40026855 3958.21296475 12216.16225392,35292.1005249 3958.27102752 12215.91286924,35289.1998291 3958.09652176 12216.07912573,35292.79937744 3958.15458453 12215.82974105,35289.50042725 3957.98007879 12216.07912577,35289.1998291 3957.85506917 12216.0791258,35292.1005249 3957.9883281 12215.91286932,35288.49945068 3957.73037686 12216.16225406,35290.49987793 3957.78875694 12215.9959976,35287.39929199 3957.61393389 12216.16225409,35288.49945068 3957.57236978 12216.16225411,35292.1005249 3957.84681976 12215.91286936,35289.1998291 3957.54730437 12216.07912589,35292.70019531 3957.91344922 12215.82974112,35295.89996338 3958.28752618 12215.66348456,35292.1005249 3957.98007874 12215.91286932,35289.1998291 3957.52255627 12216.0791259,35288.49945068 3957.53080566 12216.16225412,35290.49987793 3958.06320699 12215.99599752,35286.19995117 3956.98190559 12216.2453825,35286.19995117 3957.04853508 12216.24538248,35289.50042725 3957.52255627 12216.0791259,35286.19995117 3957.1316633 12216.24538245,35286.19995117 3957.23953962 12216.24538242,35286.19995117 3957.35598259 12216.24538239,35286.19995117 3957.48924158 12216.24538235,35286.19995117 3957.63074993 12216.24538231,35286.19995117 3957.63899929 12216.24538231,35286.19995117 3957.6805634 12216.2453823,35286.19995117 3957.74719289 12216.24538228,35286.19995117 3957.83032112 12216.24538226,35286.19995117 3957.93819744 12216.24538223,35286.19995117 3958.05464041 12216.24538219,35286.19995117 3958.18789939 12216.24538216,35286.19995117 3958.32940774 12216.24538212,35286.19995117 3958.41253596 12216.24538209,35286.19995117 3958.50391355 12216.24538207,35286.19995117 3958.58704178 12216.24538204,35286.19995117 3958.67873665 12216.24538202,35286.19995117 3958.76186487 12216.24538199,35286.19995117 3958.85324246 12216.24538197,35286.19995117 3958.93637068 12216.24538194,35286.19995117 3959.02806556 12216.24538192,35286.19995117 3959.11119378 12216.24538189,35286.19995117 3959.20257137 12216.24538187,35286.19995117 3959.28569959 12216.24538185,35286.19995117 3959.37739446 12216.24538182,35286.19995117 3959.46877205 12216.24538179,35286.19995117 3959.55190028 12216.24538177,35286.19995117 3959.64327786 12216.24538174,35287.39929199 3959.61852974 12216.16225353,35286.19995117 3959.72672337 12216.24538172,35286.19995117 3959.7432221 12216.24538172,35288.49945068 3959.60171373 12216.16225353,35286.19995117 3959.78478621 12216.2453817,35289.1998291 3959.62677909 12216.0791253,35286.19995117 3959.84316634 12216.24538169,35289.50042725 3959.68515921 12216.07912529,35292.70019531 3959.41895846 12215.82974069,35289.1998291 3959.78478617 12216.07912526,35292.1005249 3959.51033607 12215.91286889,35288.49945068 3959.93454391 12216.16225344,35286.19995117 3960.04273753 12216.24538163,35286.19995117 3959.93454393 12216.24538166,35287.39929199 3960.12586573 12216.16225339,35286.19995117 3960.2921222 12216.24538156,35286.19995117 3960.42538119 12216.24538152,35286.19995117 3960.35875169 12216.24538154              ]
            }
            coordIndex [
0,1,2,-1,0,2,3,-1,3,2,4,-1,3,4,5,-1,5,4,6,-1,5,6,7,-1,7,6,8,-1,6,9,8,-1,10,8,9,-1,11,12,8,-1,13,10,14,-1,14,10,15,-1,10,9,15,-1,14,15,16,-1,16,15,17,-1,15,9,18,-1,15,18,17,-1,19,20,18,-1,21,19,18,-1,21,18,9,-1,17,18,20,-1,22,20,23,-1,24,23,20,-1,25,20,26,-1,22,26,20,-1,27,20,28,-1,25,28,20,-1,17,20,29,-1,27,29,20,-1,30,29,27,-1,31,30,27,-1,31,27,32,-1,32,27,28,-1,33,31,32,-1,33,32,34,-1,34,32,35,-1,32,28,35,-1,34,35,36,-1,37,36,35,-1,37,35,38,-1,38,35,28,-1,39,37,38,-1,39,38,40,-1,40,38,25,-1,38,28,25,-1,41,39,40,-1,41,40,42,-1,42,40,43,-1,40,25,43,-1,42,43,44,-1,44,43,45,-1,43,25,26,-1,43,26,45,-1,44,45,46,-1,47,46,45,-1,47,45,48,-1,48,45,26,-1,49,47,48,-1,49,48,50,-1,50,48,22,-1,48,26,22,-1,51,49,50,-1,51,50,52,-1,52,50,53,-1,50,22,53,-1,52,53,54,-1,54,53,55,-1,53,22,23,-1,53,23,55,-1,54,55,56,-1,57,56,55,-1,57,55,58,-1,58,55,23,-1,59,58,60,-1,60,58,24,-1,58,23,24,-1,61,59,60,-1,61,60,62,-1,62,60,63,-1,60,24,63,-1,62,63,64,-1,64,63,65,-1,63,24,66,-1,63,66,65,-1,67,65,66,-1,67,66,19,-1,68,65,67,-1,69,68,67,-1,69,67,70,-1,70,67,19,-1,2,69,70,-1,2,70,4,-1,4,70,21,-1,70,19,21,-1,71,68,69,-1,1,71,69,-1,1,69,2,-1,71,72,68,-1,72,73,68,-1,72,74,73,-1,75,73,74,-1,68,73,65,-1,64,65,73,-1,75,64,73,-1,76,64,75,-1,76,62,64,-1,77,62,76,-1,77,61,62,-1,78,61,77,-1,78,79,61,-1,79,59,61,-1,79,80,59,-1,80,81,57,-1,81,56,57,-1,81,82,56,-1,83,56,82,-1,83,54,56,-1,84,54,83,-1,84,52,54,-1,85,52,84,-1,85,51,52,-1,86,51,85,-1,86,87,51,-1,87,49,51,-1,87,88,49,-1,88,47,49,-1,88,89,47,-1,89,46,47,-1,89,90,46,-1,91,46,90,-1,91,44,46,-1,92,44,91,-1,92,42,44,-1,93,42,92,-1,93,41,42,-1,94,41,93,-1,94,95,41,-1,95,39,41,-1,95,96,39,-1,96,37,39,-1,96,97,37,-1,97,36,37,-1,97,98,36,-1,99,36,98,-1,99,34,36,-1,100,34,99,-1,100,33,34,-1,101,33,100,-1,101,102,33,-1,103,102,101,-1,103,104,102,-1,104,105,102,-1,104,106,105,-1,106,107,105,-1,102,105,31,-1,105,107,30,-1,105,30,31,-1,108,109,107,-1,106,108,107,-1,107,109,110,-1,107,110,30,-1,111,110,109,-1,30,110,29,-1,112,29,110,-1,111,112,110,-1,113,112,111,-1,13,113,111,-1,13,111,114,-1,114,111,109,-1,114,109,115,-1,108,115,109,-1,116,16,113,-1,117,116,113,-1,117,113,13,-1,113,16,112,-1,118,116,117,-1,118,119,116,-1,119,14,116,-1,119,13,14,-1,116,14,16,-1,16,17,112,-1,112,17,29,-1,102,31,33,-1,4,21,6,-1,6,21,9            ]
            ccw TRUE
            normalPerVertex TRUE
            normal Normal {
              vector [
-0.08098 0.99672 0,0.08311 -0.99654 0,0.07686 -0.99044 -0.11457,0.04339 -0.99906 0,0.0488 -0.99391 0.0988,0.06654 -0.99778 0,0.06429 -0.99738 -0.03316,0.08717 -0.9953 -0.04227,0.09434 -0.99394 0.05637,0.06035 -0.99818 0,0.0089 -0.96956 -0.24467,0.05248 -0.98581 -0.15943,0.05599 -0.99016 -0.12828,0.05583 -0.98981 -0.13102,0.05552 -0.98909 -0.13645,0.14112 -0.92828 0.34407,0.08375 -0.99087 0.10569,0.05536 -0.98872 -0.13916,0.07478 -0.99707 -0.01595,0.08969 -0.99588 -0.01313,0.07763 -0.99693 0.00974,0.07083 -0.99292 0.0954,0.06986 -0.99272 0.09811,0.07317 -0.99336 0.08884,0.09187 -0.99559 0.01882,-0.08675 0.99589 -0.02614,-0.09827 0.99349 0.05759,-0.08981 0.99547 -0.0311,-0.091 0.99536 0.03138,-0.09642 0.99375 -0.0563,-0.08716 0.99571 0.03092,0.07253 -0.99348 -0.08792,-0.08032 0.99527 0.05469,-0.08566 0.9944 -0.06183,-0.05773 0.98292 0.17474,-0.08341 0.97753 -0.1936,-0.0745 0.99676 0.03044,-0.09887 0.95209 -0.28941,-0.05036 0.93783 0.34343,-0.05023 0.93822 0.34237,-0.05007 0.93871 0.34105,-0.04993 0.93913 0.33992,-0.03359 0.91349 0.40547,-0.10401 0.96814 -0.2278,-0.08015 0.97789 0.19316,-0.08575 0.93676 -0.33929,-0.07912 0.92187 -0.37933,-0.08355 0.95119 -0.29707,-0.07304 0.96823 0.23917,-0.06766 0.98933 0.12899,-0.07956 0.99648 -0.02638,-0.04474 0.86664 0.49692,-0.06693 0.85516 -0.51402,-0.08508 0.96818 -0.23536,-0.0731 0.9884 -0.13313,-0.06904 0.95313 0.29458,-0.06902 0.95367 0.29284,-0.06899 0.95446 0.29025,-0.06897 0.95499 0.2885,-0.07727 0.99676 0.02255,-0.06003 0.94146 0.33174,-0.09205 0.97771 -0.1887,-0.0908 0.97832 0.18613,-0.07107 0.95656 -0.28274,-0.05744 0.93947 -0.33779,-0.07098 0.96101 -0.26723,-0.08429 0.97688 0.19649,-0.07394 0.98996 0.12045,-0.07741 0.99678 -0.02087,-0.06618 0.8943 0.44254,-0.05068 0.90591 -0.42042,-0.07525 0.9773 -0.19805,-0.06817 0.99277 -0.09884,-0.08269 0.97411 0.2104,-0.08515 0.96416 0.25129,-0.07941 0.99658 0.02279,-0.08343 0.9571 0.27748,-0.07873 0.98384 -0.16081,-0.10168 0.97586 0.19329,-0.04905 0.95426 -0.29493,-0.03141 0.92921 -0.3682,-0.10557 0.94937 0.29591,-0.08778 0.97693 0.19469,-0.07333 0.99687 -0.02939,-0.09223 0.66866 0.73783,-0.02235 0.86472 -0.50175,-0.04047 0.92355 -0.38134,-0.05434 0.98348 -0.17265,-0.11286 0.91575 0.38558,-0.12121 -0.09913 0.98767,0.02367 -0.95853 0.28401,-0.14144 0.06318 0.98793,0.10811 -0.92591 -0.36195,0.08047 -0.99667 -0.01355,0.12049 -0.95333 -0.27685,0.12902 -0.93867 -0.31977,0.12966 -0.94055 -0.31394,0.12864 -0.93752 -0.32328,0.06812 -0.99335 0.09276,0.06533 -0.99606 0.05998,0.00768 -0.95943 0.28183,0.09074 -0.98578 -0.14142,0.09428 -0.99202 -0.08376,0.07466 -0.99652 -0.03717,0.13003 -0.94165 -0.31046,-0.04269 0.99909 0,0.00347 -0.99216 0.12494,-0.06607 0.99782 0,0 -0.94335 0.3318,-0.06036 0.99818 0,-0.06034 0.99818 0,-0.06033 0.99818 0,-0.06031 0.99818 0,0 -0.85558 0.51766,-0.03542 0.93975 -0.34001,-0.02842 0.95664 -0.28987,-0.06697 0.99776 0,-0.09642 0.83986 0.53416,-0.04345 0.99906 0,-0.02003 0.90235 -0.43054,-0.07929 0.99685 0,-0.07751 0.99699 -0,-0.08341 0.99652 0,-0.07526 0.99716 0,-0.06179 0.88009 0.47077,-0.04335 0.99906 0,-0.06615 0.99781 0,-0.07221 0.98667 0.14586,-0.06037 0.99818 0,-0.06038 0.99818 0,-0.06039 0.99817 0,-0.05787 0.99031 -0.12626,-0.06687 0.99776 0,-0.0683 0.95274 0.296,-0.04543 0.99897 0,-0.03841 0.94575 -0.32261,-0.08291 0.99656 0,-0.08305 0.99655 0,-0.08243 0.9966 0,-0.04732 0.94743 0.31644,-0.04558 0.99896 0,-0.05474 0.93185 -0.35869,-0.06695 0.99776 0,-0.06372 0.98824 0.13903,-0.06089 0.99814 0,-0.06041 0.99817 0,-0.06043 0.99817 0,-0.05992 0.9982 0,-0.06459 0.98802 -0.14016,-0.06682 0.99777 0,-0.05033 0.91471 0.40097,-0.04568 0.99896 0,-0.05044 0.91959 -0.38964,-0.08307 0.99654 0,-0.08304 0.99655 0,-0.08267 0.99658 0,-0.08345 0.99651 0,-0.03484 0.92142 0.387,-0.04532 0.99897 0,-0.06885 0.90981 -0.40928,-0.06596 0.99782 0,-0.0585 0.98735 0.14734,-0.06004 0.9982 0,-0.0604 0.99817 0,-0.06039 0.99817 0,-0.06074 0.99815 0,-0.0727 0.98268 -0.17046,-0.02245 0.88038 0.47374,-0.08377 0.84781 -0.52365,-0.08206 0.99663 0,-0.08144 0.99668 -0,-0.0833 0.99652 0,0.01135 0.79584 0.6054,-0.04271 0.99909 0,-0.091 0.80902 -0.5807,0.01403 0.62362 0.7816,-0.10518 0.88329 -0.45687,-0.04511 0.90155 0.43032,-0.04732 0.97754 0.20537,-0.06643 0.99779 0,-0.06295 0.96432 0.25715,-0.11267 0.7989 -0.59082,-0.11888 0.95103 -0.28531,-0.11605 0.80732 -0.57858,0.06127 0.53428 0.84308,0.05417 0.59442 0.80233,-0.00919 0.89731 0.4413,0.03295 0.8146 0.57908,-0.06661 0.99778 0,-0.08773 0.97102 -0.22232,-0.06042 0.99817 0,-0.06042 0.99817 0,-0.06054 0.99817 0,-0.17809 0.4657 -0.86684,-0.18768 0.44702 -0.87461,-0.04331 0.99906 0,-0.0593 -0.64834 -0.75904,-0.08292 0.99656 0,0.08228 -0.99661 0,0.24225 -0.13347 0.96099,0.04333 -0.99906 0,0.16057 -0.72744 0.66712,-0.01751 -0.79728 -0.60335,0.09159 -0.99314 0.07267,-0.09341 0.8064 -0.58395,0.0731 -0.99488 0.06976,0.07411 -0.99352 0.08618              ]
            }
            normalIndex [
0,0,0,-1,1,1,1,-1,2,2,2,-1,3,3,3,-1,4,4,4,-1,5,5,5,-1,6,6,6,-1,7,7,7,-1,8,8,8,-1,9,9,9,-1,10,10,10,-1,11,11,11,-1,12,13,14,-1,15,15,15,-1,16,16,16,-1,14,13,17,-1,18,18,18,-1,19,19,19,-1,20,20,20,-1,21,22,23,-1,24,24,24,-1,25,25,25,-1,26,26,26,-1,27,27,27,-1,28,28,28,-1,29,29,29,-1,30,30,30,-1,31,31,31,-1,32,32,32,-1,33,33,33,-1,34,34,34,-1,35,35,35,-1,36,36,36,-1,37,37,37,-1,38,39,40,-1,40,39,41,-1,42,42,42,-1,43,43,43,-1,44,44,44,-1,45,45,45,-1,46,46,46,-1,47,47,47,-1,48,48,48,-1,49,49,49,-1,50,50,50,-1,51,51,51,-1,52,52,52,-1,53,53,53,-1,54,54,54,-1,55,56,57,-1,57,56,58,-1,59,59,59,-1,60,60,60,-1,61,61,61,-1,62,62,62,-1,63,63,63,-1,64,64,64,-1,65,65,65,-1,66,66,66,-1,67,67,67,-1,68,68,68,-1,69,69,69,-1,70,70,70,-1,71,71,71,-1,72,72,72,-1,73,73,73,-1,74,74,74,-1,75,75,75,-1,76,76,76,-1,77,77,77,-1,78,78,78,-1,79,79,79,-1,80,80,80,-1,81,81,81,-1,82,82,82,-1,83,83,83,-1,84,84,84,-1,85,85,85,-1,86,86,86,-1,87,87,87,-1,88,88,88,-1,89,89,89,-1,90,90,90,-1,91,91,91,-1,92,92,92,-1,93,93,93,-1,94,94,94,-1,95,96,97,-1,98,98,98,-1,99,99,99,-1,100,100,100,-1,101,101,101,-1,102,102,102,-1,103,103,103,-1,104,96,95,-1,105,105,105,-1,106,106,106,-1,107,107,107,-1,108,108,108,-1,109,110,111,-1,112,111,110,-1,113,113,113,-1,114,114,114,-1,115,115,115,-1,116,116,116,-1,117,117,117,-1,118,118,118,-1,119,119,119,-1,120,121,122,-1,120,123,121,-1,124,124,124,-1,125,125,125,-1,126,126,126,-1,127,127,127,-1,109,128,129,-1,130,129,128,-1,131,131,131,-1,132,132,132,-1,133,133,133,-1,134,134,134,-1,135,135,135,-1,136,137,122,-1,136,138,137,-1,139,139,139,-1,140,140,140,-1,141,141,141,-1,142,142,142,-1,143,143,143,-1,144,145,146,-1,147,146,145,-1,148,148,148,-1,149,149,149,-1,150,150,150,-1,151,151,151,-1,152,152,152,-1,153,154,155,-1,153,156,154,-1,157,157,157,-1,158,158,158,-1,159,159,159,-1,160,160,160,-1,161,161,161,-1,162,163,164,-1,165,164,163,-1,166,166,166,-1,142,142,142,-1,167,167,167,-1,140,140,140,-1,168,168,168,-1,169,170,171,-1,169,0,170,-1,172,172,172,-1,173,173,173,-1,174,174,174,-1,175,175,175,-1,176,176,176,-1,177,177,177,-1,178,178,178,-1,179,179,179,-1,180,180,180,-1,181,181,181,-1,182,182,182,-1,183,183,183,-1,184,184,184,-1,185,185,185,-1,186,186,186,-1,187,187,187,-1,188,188,188,-1,189,189,189,-1,112,190,191,-1,192,191,190,-1,193,193,193,-1,194,194,194,-1,195,195,195,-1,196,196,196,-1,197,197,197,-1,198,198,198,-1,199,199,199,-1,200,200,200,-1,201,201,201,-1,202,202,202,-1,203,203,203,-1,204,204,204,-1,205,205,205,-1,206,21,23            ]
          }
        }
        Shape {
          appearance USE M0
          geometry IndexedFaceSet {
            coord Coordinate {
              point [
190.62653625 4707.17099373 12807.49949984,312.3733648 4539.33479928 12807.49949065,311.68995675 4539.33479941 12807.4994907,-96.13438967 4711.65566756 12807.49952149,318.60368516 4886.89790717 12807.49949018,318.60368452 4883.59620039 12807.49949018,190.62653931 4707.17099373 12848.00048784,318.60368758 4883.59620039 12848.00047818,318.60368822 4886.89790717 12848.00047818,-96.13438662 4711.65566756 12848.00050949,311.6899598 4539.33479941 12848.0004787,312.37336786 4539.33479928 12848.00047865              ]
            }
            coordIndex [
0,1,2,-1,3,4,5,-1,0,2,3,-1,3,5,0,-1,6,7,8,-1,9,10,11,-1,6,8,9,-1,9,11,6,-1,2,1,11,-1,11,10,2,-1,8,7,5,-1,5,4,8,-1,10,9,3,-1,3,2,10,-1,3,9,8,-1,8,4,3,-1,6,11,1,-1,1,0,6,-1,6,0,5,-1,5,7,6            ]
            ccw TRUE
            normalPerVertex TRUE
            normal Normal {
              vector [
-1 -0 0,1 0 0,0 -1 0,0 0 -1,0 -0.89155 0.45292,0 0.89155 0.45292,0 0.51659 -0.85623,0 -0.51659 -0.85623              ]
            }
            normalIndex [
0,0,0,-1,0,0,0,-1,0,0,0,-1,0,0,0,-1,1,1,1,-1,1,1,1,-1,1,1,1,-1,1,1,1,-1,2,2,2,-1,2,2,2,-1,3,3,3,-1,3,3,3,-1,4,4,4,-1,4,4,4,-1,5,5,5,-1,5,5,5,-1,6,6,6,-1,6,6,6,-1,7,7,7,-1,7,7,7            ]
          }
        }
        Shape {
          appearance USE M0
          geometry IndexedFaceSet {
            coord Coordinate {
              point [
37690.62629211 4707.17099373 12807.49949984,37812.37312066 4539.33479928 12807.49949065,37811.68971261 4539.33479941 12807.4994907,37403.86536619 4711.65566756 12807.49952149,37818.60344102 4886.89790717 12807.49949018,37818.60344038 4883.59620039 12807.49949018,37690.62629517 4707.17099373 12848.00048784,37818.60344343 4883.59620039 12848.00047818,37818.60344408 4886.89790717 12848.00047818,37403.86536924 4711.65566756 12848.00050949,37811.68971566 4539.33479941 12848.0004787,37812.37312372 4539.33479928 12848.00047865              ]
            }
            coordIndex [
0,1,2,-1,3,4,5,-1,0,2,3,-1,3,5,0,-1,6,7,8,-1,9,10,11,-1,6,8,9,-1,9,11,6,-1,2,1,11,-1,11,10,2,-1,8,7,5,-1,5,4,8,-1,10,9,3,-1,3,2,10,-1,3,9,8,-1,8,4,3,-1,6,11,1,-1,1,0,6,-1,6,0,5,-1,5,7,6            ]
            ccw TRUE
            normalPerVertex TRUE
            normal Normal {
              vector [
-1 -0 0,1 0 0,0 -1 0,0 0 -1,0 -0.89155 0.45292,0 0.89155 0.45292,0 0.51659 -0.85623,0 -0.51659 -0.85623              ]
            }
            normalIndex [
0,0,0,-1,0,0,0,-1,0,0,0,-1,0,0,0,-1,1,1,1,-1,1,1,1,-1,1,1,1,-1,1,1,1,-1,2,2,2,-1,2,2,2,-1,3,3,3,-1,3,3,3,-1,4,4,4,-1,4,4,4,-1,5,5,5,-1,5,5,5,-1,6,6,6,-1,6,6,6,-1,7,7,7,-1,7,7,7            ]
          }
        }
        Shape {
          appearance USE M0
          geometry IndexedFaceSet {
            coord Coordinate {
              point [
9690.62531555 3443.69272224 14055.10789827,9812.3721441 3275.85652779 14055.10788908,9811.68873604 3275.85652793 14055.10788913,9403.86438962 3448.17739608 14055.10791992,9818.60246446 3623.41963569 14055.10788861,9818.60246381 3620.11792891 14055.10788861,9690.62531861 3443.69272224 14095.60888628,9818.60246687 3620.11792891 14095.60887662,9818.60246751 3623.41963569 14095.60887662,9403.86439268 3448.17739608 14095.60890793,9811.6887391 3275.85652793 14095.60887714,9812.37214715 3275.85652779 14095.60887709              ]
            }
            coordIndex [
0,1,2,-1,3,4,5,-1,0,2,3,-1,3,5,0,-1,6,7,8,-1,9,10,11,-1,6,8,9,-1,9,11,6,-1,2,1,11,-1,11,10,2,-1,8,7,5,-1,5,4,8,-1,10,9,3,-1,3,2,10,-1,3,9,8,-1,8,4,3,-1,6,11,1,-1,1,0,6,-1,6,0,5,-1,5,7,6            ]
            ccw TRUE
            normalPerVertex TRUE
            normal Normal {
              vector [
-1 -0 0,1 0 0,0 -1 0,0 0 -1,0 -0.89155 0.45292,0 0.89155 0.45292,0 0.51659 -0.85623,0 -0.51659 -0.85623              ]
            }
            normalIndex [
0,0,0,-1,0,0,0,-1,0,0,0,-1,0,0,0,-1,1,1,1,-1,1,1,1,-1,1,1,1,-1,1,1,1,-1,2,2,2,-1,2,2,2,-1,3,3,3,-1,3,3,3,-1,4,4,4,-1,4,4,4,-1,5,5,5,-1,5,5,5,-1,6,6,6,-1,6,6,6,-1,7,7,7,-1,7,7,7            ]
          }
        }
        Shape {
          appearance USE M0
          geometry IndexedFaceSet {
            coord Coordinate {
              point [
44090.62629211 3043.69296638 13805.58543734,44212.37312066 2875.85677193 13805.58542815,44211.68971261 2875.85677207 13805.5854282,43803.86536619 3048.17764022 13805.58545899,44218.60344102 3223.41987983 13805.58542768,44218.60344038 3220.11817305 13805.58542768,44090.62629517 3043.69296638 13846.08642534,44218.60344343 3220.11817305 13846.08641568,44218.60344408 3223.41987983 13846.08641568,43803.86536924 3048.17764022 13846.08644699,44211.68971566 2875.85677207 13846.0864162,44212.37312372 2875.85677193 13846.08641615              ]
            }
            coordIndex [
0,1,2,-1,3,4,5,-1,0,2,3,-1,3,5,0,-1,6,7,8,-1,9,10,11,-1,6,8,9,-1,9,11,6,-1,2,1,11,-1,11,10,2,-1,8,7,5,-1,5,4,8,-1,10,9,3,-1,3,2,10,-1,3,9,8,-1,8,4,3,-1,6,11,1,-1,1,0,6,-1,6,0,5,-1,5,7,6            ]
            ccw TRUE
            normalPerVertex TRUE
            normal Normal {
              vector [
-1 -0 0,1 0 0,0 -1 0,0 0 -1,0 -0.89155 0.45292,0 0.89155 0.45292,0 0.51659 -0.85623,0 -0.51659 -0.85623              ]
            }
            normalIndex [
0,0,0,-1,0,0,0,-1,0,0,0,-1,0,0,0,-1,1,1,1,-1,1,1,1,-1,1,1,1,-1,1,1,1,-1,2,2,2,-1,2,2,2,-1,3,3,3,-1,3,3,3,-1,4,4,4,-1,4,4,4,-1,5,5,5,-1,5,5,5,-1,6,6,6,-1,6,6,6,-1,7,7,7,-1,7,7,7            ]
          }
        }
        Shape {
          appearance USE M0
          geometry IndexedFaceSet {
            coord Coordinate {
              point [
31390.62629211 3043.69296638 14304.63035921,31512.37312066 2875.85677193 14304.63035002,31511.68971261 2875.85677207 14304.63035007,31103.86536619 3048.17764022 14304.63038086,31518.60344102 3223.41987983 14304.63034955,31518.60344038 3220.11817305 14304.63034955,31390.62629517 3043.69296638 14345.13134722,31518.60344343 3220.11817305 14345.13133756,31518.60344408 3223.41987983 14345.13133756,31103.86536924 3048.17764022 14345.13136887,31511.68971566 2875.85677207 14345.13133808,31512.37312372 2875.85677193 14345.13133803              ]
            }
            coordIndex [
0,1,2,-1,3,4,5,-1,0,2,3,-1,3,5,0,-1,6,7,8,-1,9,10,11,-1,6,8,9,-1,9,11,6,-1,2,1,11,-1,11,10,2,-1,8,7,5,-1,5,4,8,-1,10,9,3,-1,3,2,10,-1,3,9,8,-1,8,4,3,-1,6,11,1,-1,1,0,6,-1,6,0,5,-1,5,7,6            ]
            ccw TRUE
            normalPerVertex TRUE
            normal Normal {
              vector [
-1 -0 0,1 0 0,0 -1 0,0 0 -1,0 -0.89155 0.45292,0 0.89155 0.45292,0 0.51659 -0.85623,0 -0.51659 -0.85623              ]
            }
            normalIndex [
0,0,0,-1,0,0,0,-1,0,0,0,-1,0,0,0,-1,1,1,1,-1,1,1,1,-1,1,1,1,-1,1,1,1,-1,2,2,2,-1,2,2,2,-1,3,3,3,-1,3,3,3,-1,4,4,4,-1,4,4,4,-1,5,5,5,-1,5,5,5,-1,6,6,6,-1,6,6,6,-1,7,7,7,-1,7,7,7            ]
          }
        }
        Shape {
          appearance USE M0
          geometry IndexedFaceSet {
            coord Coordinate {
              point [
19290.62629211 3443.69272224 14304.63035921,19412.37312066 3275.85652779 14304.63035002,19411.68971261 3275.85652793 14304.63035007,19003.86536619 3448.17739608 14304.63038086,19418.60344102 3623.41963569 14304.63034955,19418.60344038 3620.11792891 14304.63034955,19290.62629517 3443.69272224 14345.13134722,19418.60344343 3620.11792891 14345.13133756,19418.60344408 3623.41963569 14345.13133756,19003.86536924 3448.17739608 14345.13136887,19411.68971566 3275.85652793 14345.13133808,19412.37312372 3275.85652779 14345.13133803              ]
            }
            coordIndex [
0,1,2,-1,3,4,5,-1,0,2,3,-1,3,5,0,-1,6,7,8,-1,9,10,11,-1,6,8,9,-1,9,11,6,-1,2,1,11,-1,11,10,2,-1,8,7,5,-1,5,4,8,-1,10,9,3,-1,3,2,10,-1,3,9,8,-1,8,4,3,-1,6,11,1,-1,1,0,6,-1,6,0,5,-1,5,7,6            ]
            ccw TRUE
            normalPerVertex TRUE
            normal Normal {
              vector [
-1 -0 0,1 0 0,0 -1 0,0 0 -1,0 -0.89155 0.45292,0 0.89155 0.45292,0 0.51659 -0.85623,0 -0.51659 -0.85623              ]
            }
            normalIndex [
0,0,0,-1,0,0,0,-1,0,0,0,-1,0,0,0,-1,1,1,1,-1,1,1,1,-1,1,1,1,-1,1,1,1,-1,2,2,2,-1,2,2,2,-1,3,3,3,-1,3,3,3,-1,4,4,4,-1,4,4,4,-1,5,5,5,-1,5,5,5,-1,6,6,6,-1,6,6,6,-1,7,7,7,-1,7,7,7            ]
          }
        }
        Shape {
          appearance USE M0
          geometry IndexedFaceSet {
            coord Coordinate {
              point [
24990.62629211 3875.43222419 13805.58543734,25112.37312066 3707.59602975 13805.58542815,25111.68971261 3707.59602988 13805.5854282,24703.86536619 3879.91689803 13805.58545899,25118.60344102 4055.15913764 13805.58542768,25118.60344038 4051.85743086 13805.58542768,24990.62629517 3875.43222419 13846.08642534,25118.60344343 4051.85743086 13846.08641568,25118.60344408 4055.15913764 13846.08641568,24703.86536924 3879.91689803 13846.08644699,25111.68971566 3707.59602988 13846.0864162,25112.37312372 3707.59602975 13846.08641615              ]
            }
            coordIndex [
0,1,2,-1,3,4,5,-1,0,2,3,-1,3,5,0,-1,6,7,8,-1,9,10,11,-1,6,8,9,-1,9,11,6,-1,2,1,11,-1,11,10,2,-1,8,7,5,-1,5,4,8,-1,10,9,3,-1,3,2,10,-1,3,9,8,-1,8,4,3,-1,6,11,1,-1,1,0,6,-1,6,0,5,-1,5,7,6            ]
            ccw TRUE
            normalPerVertex TRUE
            normal Normal {
              vector [
-1 -0 0,1 0 0,0 -1 0,0 0 -1,0 -0.89155 0.45292,0 0.89155 0.45292,0 0.51659 -0.85623,0 -0.51659 -0.85623              ]
            }
            normalIndex [
0,0,0,-1,0,0,0,-1,0,0,0,-1,0,0,0,-1,1,1,1,-1,1,1,1,-1,1,1,1,-1,1,1,1,-1,2,2,2,-1,2,2,2,-1,3,3,3,-1,3,3,3,-1,4,4,4,-1,4,4,4,-1,5,5,5,-1,5,5,5,-1,6,6,6,-1,6,6,6,-1,7,7,7,-1,7,7,7            ]
          }
        }
        Shape {
          appearance USE M0
          geometry IndexedFaceSet {
            coord Coordinate {
              point [
190.62653625 4243.69296638 13306.54246859,312.3733648 4075.85677193 13306.5424594,311.68995675 4075.85677207 13306.54245945,-96.13438967 4248.17764022 13306.54249024,318.60368516 4423.41987983 13306.54245893,318.60368452 4420.11817305 13306.54245893,190.62653931 4243.69296638 13347.04345659,318.60368758 4420.11817305 13347.04344693,318.60368822 4423.41987983 13347.04344693,-96.13438662 4248.17764022 13347.04347824,311.6899598 4075.85677207 13347.04344745,312.37336786 4075.85677193 13347.0434474              ]
            }
            coordIndex [
0,1,2,-1,3,4,5,-1,0,2,3,-1,3,5,0,-1,6,7,8,-1,9,10,11,-1,6,8,9,-1,9,11,6,-1,2,1,11,-1,11,10,2,-1,8,7,5,-1,5,4,8,-1,10,9,3,-1,3,2,10,-1,3,9,8,-1,8,4,3,-1,6,11,1,-1,1,0,6,-1,6,0,5,-1,5,7,6            ]
            ccw TRUE
            normalPerVertex TRUE
            normal Normal {
              vector [
-1 -0 0,1 0 0,0 -1 0,0 0 -1,0 -0.89155 0.45292,0 0.89155 0.45292,0 0.51659 -0.85623,0 -0.51659 -0.85623              ]
            }
            normalIndex [
0,0,0,-1,0,0,0,-1,0,0,0,-1,0,0,0,-1,1,1,1,-1,1,1,1,-1,1,1,1,-1,1,1,1,-1,2,2,2,-1,2,2,2,-1,3,3,3,-1,3,3,3,-1,4,4,4,-1,4,4,4,-1,5,5,5,-1,5,5,5,-1,6,6,6,-1,6,6,6,-1,7,7,7,-1,7,7,7            ]
          }
        }
        Shape {
          appearance USE M0
          geometry IndexedFaceSet {
            coord Coordinate {
              point [
9690.62531555 4243.69296638 14055.10789827,9812.3721441 4075.85677193 14055.10788908,9811.68873604 4075.85677207 14055.10788913,9403.86438962 4248.17764022 14055.10791992,9818.60246446 4423.41987983 14055.10788861,9818.60246381 4420.11817305 14055.10788861,9690.62531861 4243.69296638 14095.60888628,9818.60246687 4420.11817305 14095.60887662,9818.60246751 4423.41987983 14095.60887662,9403.86439268 4248.17764022 14095.60890793,9811.6887391 4075.85677207 14095.60887714,9812.37214715 4075.85677193 14095.60887709              ]
            }
            coordIndex [
0,1,2,-1,3,4,5,-1,0,2,3,-1,3,5,0,-1,6,7,8,-1,9,10,11,-1,6,8,9,-1,9,11,6,-1,2,1,11,-1,11,10,2,-1,8,7,5,-1,5,4,8,-1,10,9,3,-1,3,2,10,-1,3,9,8,-1,8,4,3,-1,6,11,1,-1,1,0,6,-1,6,0,5,-1,5,7,6            ]
            ccw TRUE
            normalPerVertex TRUE
            normal Normal {
              vector [
-1 -0 0,1 0 0,0 -1 0,0 0 -1,0 -0.89155 0.45292,0 0.89155 0.45292,0 0.51659 -0.85623,0 -0.51659 -0.85623              ]
            }
            normalIndex [
0,0,0,-1,0,0,0,-1,0,0,0,-1,0,0,0,-1,1,1,1,-1,1,1,1,-1,1,1,1,-1,1,1,1,-1,2,2,2,-1,2,2,2,-1,3,3,3,-1,3,3,3,-1,4,4,4,-1,4,4,4,-1,5,5,5,-1,5,5,5,-1,6,6,6,-1,6,6,6,-1,7,7,7,-1,7,7,7            ]
          }
        }
        Shape {
          appearance USE M0
          geometry IndexedFaceSet {
            coord Coordinate {
              point [
24990.62629211 4243.69296638 12807.49949984,25112.37312066 4075.85677193 12807.49949065,25111.68971261 4075.85677207 12807.4994907,24703.86536619 4248.17764022 12807.49952149,25118.60344102 4423.41987983 12807.49949018,25118.60344038 4420.11817305 12807.49949018,24990.62629517 4243.69296638 12848.00048784,25118.60344343 4420.11817305 12848.00047818,25118.60344408 4423.41987983 12848.00047818,24703.86536924 4248.17764022 12848.00050949,25111.68971566 4075.85677207 12848.0004787,25112.37312372 4075.85677193 12848.00047865              ]
            }
            coordIndex [
0,1,2,-1,3,4,5,-1,0,2,3,-1,3,5,0,-1,6,7,8,-1,9,10,11,-1,6,8,9,-1,9,11,6,-1,2,1,11,-1,11,10,2,-1,8,7,5,-1,5,4,8,-1,10,9,3,-1,3,2,10,-1,3,9,8,-1,8,4,3,-1,6,11,1,-1,1,0,6,-1,6,0,5,-1,5,7,6            ]
            ccw TRUE
            normalPerVertex TRUE
            normal Normal {
              vector [
-1 -0 0,1 0 0,0 -1 0,0 0 -1,0 -0.89155 0.45292,0 0.89155 0.45292,0 0.51659 -0.85623,0 -0.51659 -0.85623              ]
            }
            normalIndex [
0,0,0,-1,0,0,0,-1,0,0,0,-1,0,0,0,-1,1,1,1,-1,1,1,1,-1,1,1,1,-1,1,1,1,-1,2,2,2,-1,2,2,2,-1,3,3,3,-1,3,3,3,-1,4,4,4,-1,4,4,4,-1,5,5,5,-1,5,5,5,-1,6,6,6,-1,6,6,6,-1,7,7,7,-1,7,7,7            ]
          }
        }
        Shape {
          appearance USE M0
          geometry IndexedFaceSet {
            coord Coordinate {
              point [
46890.62629211 3443.69272224 13556.06492952,47012.37312066 3275.85652779 13556.06492033,47011.68971261 3275.85652793 13556.06492038,46603.86536619 3448.17739608 13556.06495117,47018.60344102 3623.41963569 13556.06491986,47018.60344038 3620.11792891 13556.06491986,46890.62629517 3443.69272224 13596.56591753,47018.60344343 3620.11792891 13596.56590787,47018.60344408 3623.41963569 13596.56590787,46603.86536924 3448.17739608 13596.56593918,47011.68971566 3275.85652793 13596.56590839,47012.37312372 3275.85652779 13596.56590834              ]
            }
            coordIndex [
0,1,2,-1,3,4,5,-1,0,2,3,-1,3,5,0,-1,6,7,8,-1,9,10,11,-1,6,8,9,-1,9,11,6,-1,2,1,11,-1,11,10,2,-1,8,7,5,-1,5,4,8,-1,10,9,3,-1,3,2,10,-1,3,9,8,-1,8,4,3,-1,6,11,1,-1,1,0,6,-1,6,0,5,-1,5,7,6            ]
            ccw TRUE
            normalPerVertex TRUE
            normal Normal {
              vector [
-1 -0 0,1 0 0,0 -1 0,0 0 -1,0 -0.89155 0.45292,0 0.89155 0.45292,0 0.51659 -0.85623,0 -0.51659 -0.85623              ]
            }
            normalIndex [
0,0,0,-1,0,0,0,-1,0,0,0,-1,0,0,0,-1,1,1,1,-1,1,1,1,-1,1,1,1,-1,1,1,1,-1,2,2,2,-1,2,2,2,-1,3,3,3,-1,3,3,3,-1,4,4,4,-1,4,4,4,-1,5,5,5,-1,5,5,5,-1,6,6,6,-1,6,6,6,-1,7,7,7,-1,7,7,7            ]
          }
        }
        Shape {
          appearance USE M0
          geometry IndexedFaceSet {
            coord Coordinate {
              point [
3390.62653625 4707.17099373 14554.15184359,3512.3733648 4539.33479928 14554.1518344,3511.68995675 4539.33479941 14554.15183445,3103.86561033 4711.65566756 14554.15186524,3518.60368516 4886.89790717 14554.15183393,3518.60368452 4883.59620039 14554.15183393,3390.62653931 4707.17099373 14594.65283159,3518.60368758 4883.59620039 14594.65282193,3518.60368822 4886.89790717 14594.65282193,3103.86561338 4711.65566756 14594.65285324,3511.6899598 4539.33479941 14594.65282245,3512.37336786 4539.33479928 14594.6528224              ]
            }
            coordIndex [
0,1,2,-1,3,4,5,-1,0,2,3,-1,3,5,0,-1,6,7,8,-1,9,10,11,-1,6,8,9,-1,9,11,6,-1,2,1,11,-1,11,10,2,-1,8,7,5,-1,5,4,8,-1,10,9,3,-1,3,2,10,-1,3,9,8,-1,8,4,3,-1,6,11,1,-1,1,0,6,-1,6,0,5,-1,5,7,6            ]
            ccw TRUE
            normalPerVertex TRUE
            normal Normal {
              vector [
-1 -0 0,1 0 0,0 -1 0,0 0 -1,0 -0.89155 0.45292,0 0.89155 0.45292,0 0.51659 -0.85623,0 -0.51659 -0.85623              ]
            }
            normalIndex [
0,0,0,-1,0,0,0,-1,0,0,0,-1,0,0,0,-1,1,1,1,-1,1,1,1,-1,1,1,1,-1,1,1,1,-1,2,2,2,-1,2,2,2,-1,3,3,3,-1,3,3,3,-1,4,4,4,-1,4,4,4,-1,5,5,5,-1,5,5,5,-1,6,6,6,-1,6,6,6,-1,7,7,7,-1,7,7,7            ]
          }
        }
        Shape {
          appearance USE M0
          geometry IndexedFaceSet {
            coord Coordinate {
              point [
9690.62531555 4707.17099373 13057.02196077,9812.3721441 4539.33479928 13057.02195158,9811.68873604 4539.33479941 13057.02195163,9403.86438962 4711.65566756 13057.02198242,9818.60246446 4886.89790717 13057.02195111,9818.60246381 4883.59620039 13057.02195111,9690.62531861 4707.17099373 13097.52294878,9818.60246687 4883.59620039 13097.52293912,9818.60246751 4886.89790717 13097.52293912,9403.86439268 4711.65566756 13097.52297043,9811.6887391 4539.33479941 13097.52293964,9812.37214715 4539.33479928 13097.52293959              ]
            }
            coordIndex [
0,1,2,-1,3,4,5,-1,0,2,3,-1,3,5,0,-1,6,7,8,-1,9,10,11,-1,6,8,9,-1,9,11,6,-1,2,1,11,-1,11,10,2,-1,8,7,5,-1,5,4,8,-1,10,9,3,-1,3,2,10,-1,3,9,8,-1,8,4,3,-1,6,11,1,-1,1,0,6,-1,6,0,5,-1,5,7,6            ]
            ccw TRUE
            normalPerVertex TRUE
            normal Normal {
              vector [
-1 -0 0,1 0 0,0 -1 0,0 0 -1,0 -0.89155 0.45292,0 0.89155 0.45292,0 0.51659 -0.85623,0 -0.51659 -0.85623              ]
            }
            normalIndex [
0,0,0,-1,0,0,0,-1,0,0,0,-1,0,0,0,-1,1,1,1,-1,1,1,1,-1,1,1,1,-1,1,1,1,-1,2,2,2,-1,2,2,2,-1,3,3,3,-1,3,3,3,-1,4,4,4,-1,4,4,4,-1,5,5,5,-1,5,5,5,-1,6,6,6,-1,6,6,6,-1,7,7,7,-1,7,7,7            ]
          }
        }
        Shape {
          appearance USE M0
          geometry IndexedFaceSet {
            coord Coordinate {
              point [
44090.62629211 3443.69272224 14803.67332796,44212.37312066 3275.85652779 14803.67331877,44211.68971261 3275.85652793 14803.67331882,43803.86536619 3448.17739608 14803.67334961,44218.60344102 3623.41963569 14803.6733183,44218.60344038 3620.11792891 14803.6733183,44090.62629517 3443.69272224 14844.17431597,44218.60344343 3620.11792891 14844.17430631,44218.60344408 3623.41963569 14844.17430631,43803.86536924 3448.17739608 14844.17433762,44211.68971566 3275.85652793 14844.17430683,44212.37312372 3275.85652779 14844.17430678              ]
            }
            coordIndex [
0,1,2,-1,3,4,5,-1,0,2,3,-1,3,5,0,-1,6,7,8,-1,9,10,11,-1,6,8,9,-1,9,11,6,-1,2,1,11,-1,11,10,2,-1,8,7,5,-1,5,4,8,-1,10,9,3,-1,3,2,10,-1,3,9,8,-1,8,4,3,-1,6,11,1,-1,1,0,6,-1,6,0,5,-1,5,7,6            ]
            ccw TRUE
            normalPerVertex TRUE
            normal Normal {
              vector [
-1 -0 0,1 0 0,0 -1 0,0 0 -1,0 -0.89155 0.45292,0 0.89155 0.45292,0 0.51659 -0.85623,0 -0.51659 -0.85623              ]
            }
            normalIndex [
0,0,0,-1,0,0,0,-1,0,0,0,-1,0,0,0,-1,1,1,1,-1,1,1,1,-1,1,1,1,-1,1,1,1,-1,2,2,2,-1,2,2,2,-1,3,3,3,-1,3,3,3,-1,4,4,4,-1,4,4,4,-1,5,5,5,-1,5,5,5,-1,6,6,6,-1,6,6,6,-1,7,7,7,-1,7,7,7            ]
          }
        }
        Shape {
          appearance USE M0
          geometry IndexedFaceSet {
            coord Coordinate {
              point [
31390.62629211 3443.69272224 13306.54246859,31512.37312066 3275.85652779 13306.5424594,31511.68971261 3275.85652793 13306.54245945,31103.86536619 3448.17739608 13306.54249024,31518.60344102 3623.41963569 13306.54245893,31518.60344038 3620.11792891 13306.54245893,31390.62629517 3443.69272224 13347.04345659,31518.60344343 3620.11792891 13347.04344693,31518.60344408 3623.41963569 13347.04344693,31103.86536924 3448.17739608 13347.04347824,31511.68971566 3275.85652793 13347.04344745,31512.37312372 3275.85652779 13347.0434474              ]
            }
            coordIndex [
0,1,2,-1,3,4,5,-1,0,2,3,-1,3,5,0,-1,6,7,8,-1,9,10,11,-1,6,8,9,-1,9,11,6,-1,2,1,11,-1,11,10,2,-1,8,7,5,-1,5,4,8,-1,10,9,3,-1,3,2,10,-1,3,9,8,-1,8,4,3,-1,6,11,1,-1,1,0,6,-1,6,0,5,-1,5,7,6            ]
            ccw TRUE
            normalPerVertex TRUE
            normal Normal {
              vector [
-1 -0 0,1 0 0,0 -1 0,0 0 -1,0 -0.89155 0.45292,0 0.89155 0.45292,0 0.51659 -0.85623,0 -0.51659 -0.85623              ]
            }
            normalIndex [
0,0,0,-1,0,0,0,-1,0,0,0,-1,0,0,0,-1,1,1,1,-1,1,1,1,-1,1,1,1,-1,1,1,1,-1,2,2,2,-1,2,2,2,-1,3,3,3,-1,3,3,3,-1,4,4,4,-1,4,4,4,-1,5,5,5,-1,5,5,5,-1,6,6,6,-1,6,6,6,-1,7,7,7,-1,7,7,7            ]
          }
        }
        Shape {
          appearance USE M0
          geometry IndexedFaceSet {
            coord Coordinate {
              point [
16090.62629211 4707.17099373 14554.15184359,16212.37312066 4539.33479928 14554.1518344,16211.68971261 4539.33479941 14554.15183445,15803.86536619 4711.65566756 14554.15186524,16218.60344102 4886.89790717 14554.15183393,16218.60344038 4883.59620039 14554.15183393,16090.62629517 4707.17099373 14594.65283159,16218.60344343 4883.59620039 14594.65282193,16218.60344408 4886.89790717 14594.65282193,15803.86536924 4711.65566756 14594.65285324,16211.68971566 4539.33479941 14594.65282245,16212.37312372 4539.33479928 14594.6528224              ]
            }
            coordIndex [
0,1,2,-1,3,4,5,-1,0,2,3,-1,3,5,0,-1,6,7,8,-1,9,10,11,-1,6,8,9,-1,9,11,6,-1,2,1,11,-1,11,10,2,-1,8,7,5,-1,5,4,8,-1,10,9,3,-1,3,2,10,-1,3,9,8,-1,8,4,3,-1,6,11,1,-1,1,0,6,-1,6,0,5,-1,5,7,6            ]
            ccw TRUE
            normalPerVertex TRUE
            normal Normal {
              vector [
-1 -0 0,1 0 0,0 -1 0,0 0 -1,0 -0.89155 0.45292,0 0.89155 0.45292,0 0.51659 -0.85623,0 -0.51659 -0.85623              ]
            }
            normalIndex [
0,0,0,-1,0,0,0,-1,0,0,0,-1,0,0,0,-1,1,1,1,-1,1,1,1,-1,1,1,1,-1,1,1,1,-1,2,2,2,-1,2,2,2,-1,3,3,3,-1,3,3,3,-1,4,4,4,-1,4,4,4,-1,5,5,5,-1,5,5,5,-1,6,6,6,-1,6,6,6,-1,7,7,7,-1,7,7,7            ]
          }
        }
        Shape {
          appearance USE M0
          geometry IndexedFaceSet {
            coord Coordinate {
              point [
6590.62580383 3875.43222419 12807.49949984,6712.37263238 3707.59602975 12807.49949065,6711.68922432 3707.59602988 12807.4994907,6303.86487791 3879.91689803 12807.49952149,6718.60295274 4055.15913764 12807.49949018,6718.6029521 4051.85743086 12807.49949018,6590.62580689 3875.43222419 12848.00048784,6718.60295515 4051.85743086 12848.00047818,6718.6029558 4055.15913764 12848.00047818,6303.86488096 3879.91689803 12848.00050949,6711.68922738 3707.59602988 12848.0004787,6712.37263543 3707.59602975 12848.00047865              ]
            }
            coordIndex [
0,1,2,-1,3,4,5,-1,0,2,3,-1,3,5,0,-1,6,7,8,-1,9,10,11,-1,6,8,9,-1,9,11,6,-1,2,1,11,-1,11,10,2,-1,8,7,5,-1,5,4,8,-1,10,9,3,-1,3,2,10,-1,3,9,8,-1,8,4,3,-1,6,11,1,-1,1,0,6,-1,6,0,5,-1,5,7,6            ]
            ccw TRUE
            normalPerVertex TRUE
            normal Normal {
              vector [
-1 -0 0,1 0 0,0 -1 0,0 0 -1,0 -0.89155 0.45292,0 0.89155 0.45292,0 0.51659 -0.85623,0 -0.51659 -0.85623              ]
            }
            normalIndex [
0,0,0,-1,0,0,0,-1,0,0,0,-1,0,0,0,-1,1,1,1,-1,1,1,1,-1,1,1,1,-1,1,1,1,-1,2,2,2,-1,2,2,2,-1,3,3,3,-1,3,3,3,-1,4,4,4,-1,4,4,4,-1,5,5,5,-1,5,5,5,-1,6,6,6,-1,6,6,6,-1,7,7,7,-1,7,7,7            ]
          }
        }
        Shape {
          appearance USE M0
          geometry IndexedFaceSet {
            coord Coordinate {
              point [
16090.62629211 4243.69296638 14554.15184359,16212.37312066 4075.85677193 14554.1518344,16211.68971261 4075.85677207 14554.15183445,15803.86536619 4248.17764022 14554.15186524,16218.60344102 4423.41987983 14554.15183393,16218.60344038 4420.11817305 14554.15183393,16090.62629517 4243.69296638 14594.65283159,16218.60344343 4420.11817305 14594.65282193,16218.60344408 4423.41987983 14594.65282193,15803.86536924 4248.17764022 14594.65285324,16211.68971566 4075.85677207 14594.65282245,16212.37312372 4075.85677193 14594.6528224              ]
            }
            coordIndex [
0,1,2,-1,3,4,5,-1,0,2,3,-1,3,5,0,-1,6,7,8,-1,9,10,11,-1,6,8,9,-1,9,11,6,-1,2,1,11,-1,11,10,2,-1,8,7,5,-1,5,4,8,-1,10,9,3,-1,3,2,10,-1,3,9,8,-1,8,4,3,-1,6,11,1,-1,1,0,6,-1,6,0,5,-1,5,7,6            ]
            ccw TRUE
            normalPerVertex TRUE
            normal Normal {
              vector [
-1 -0 0,1 0 0,0 -1 0,0 0 -1,0 -0.89155 0.45292,0 0.89155 0.45292,0 0.51659 -0.85623,0 -0.51659 -0.85623              ]
            }
            normalIndex [
0,0,0,-1,0,0,0,-1,0,0,0,-1,0,0,0,-1,1,1,1,-1,1,1,1,-1,1,1,1,-1,1,1,1,-1,2,2,2,-1,2,2,2,-1,3,3,3,-1,3,3,3,-1,4,4,4,-1,4,4,4,-1,5,5,5,-1,5,5,5,-1,6,6,6,-1,6,6,6,-1,7,7,7,-1,7,7,7            ]
          }
        }
        Shape {
          appearance USE M0
          geometry IndexedFaceSet {
            coord Coordinate {
              point [
31390.62629211 3443.69272224 14803.67332796,31512.37312066 3275.85652779 14803.67331877,31511.68971261 3275.85652793 14803.67331882,31103.86536619 3448.17739608 14803.67334961,31518.60344102 3623.41963569 14803.6733183,31518.60344038 3620.11792891 14803.6733183,31390.62629517 3443.69272224 14844.17431597,31518.60344343 3620.11792891 14844.17430631,31518.60344408 3623.41963569 14844.17430631,31103.86536924 3448.17739608 14844.17433762,31511.68971566 3275.85652793 14844.17430683,31512.37312372 3275.85652779 14844.17430678              ]
            }
            coordIndex [
0,1,2,-1,3,4,5,-1,0,2,3,-1,3,5,0,-1,6,7,8,-1,9,10,11,-1,6,8,9,-1,9,11,6,-1,2,1,11,-1,11,10,2,-1,8,7,5,-1,5,4,8,-1,10,9,3,-1,3,2,10,-1,3,9,8,-1,8,4,3,-1,6,11,1,-1,1,0,6,-1,6,0,5,-1,5,7,6            ]
            ccw TRUE
            normalPerVertex TRUE
            normal Normal {
              vector [
-1 -0 0,1 0 0,0 -1 0,0 0 -1,0 -0.89155 0.45292,0 0.89155 0.45292,0 0.51659 -0.85623,0 -0.51659 -0.85623              ]
            }
            normalIndex [
0,0,0,-1,0,0,0,-1,0,0,0,-1,0,0,0,-1,1,1,1,-1,1,1,1,-1,1,1,1,-1,1,1,1,-1,2,2,2,-1,2,2,2,-1,3,3,3,-1,3,3,3,-1,4,4,4,-1,4,4,4,-1,5,5,5,-1,5,5,5,-1,6,6,6,-1,6,6,6,-1,7,7,7,-1,7,7,7            ]
          }
        }
        Shape {
          appearance DEF M3 Appearance {
            material Material {
              diffuseColor 0.78354 0.78354 0.78354
              emissiveColor 0 0 0
              shininess 0
            }
          }
          geometry IndexedFaceSet {
            coord Coordinate {
              point [
4186.19995117 3956.92352546 12216.24538251,4186.19995117 3956.94034148 12216.24538251,4187.39929199 3957.55587104 12216.16225411,4186.19995117 3957.60568454 12216.24538232,4188.49945068 3958.15458462 12216.16225394,4186.19995117 3958.26277825 12216.24538213,4189.1998291 3958.7034847 12216.07912556,4186.19995117 3958.87005847 12216.24538196,4189.50042725 3959.19432196 12216.07912542,4192.79937744 3958.99475069 12215.82974081,4189.1998291 3959.59346434 12216.07912531,4186.19995117 3959.83459969 12216.24538169,4186.19995117 3959.40214256 12216.24538181,4186.19995117 3960.1591805 12216.2453816,4188.49945068 3959.90122916 12216.16225345,4192.1005249 3959.36882772 12215.91286893,4190.49987793 3959.67659254 12215.99599707,4194.70062256 3959.19432186 12215.74661253,4195.89996338 3958.82817692 12215.66348441,4194.70062256 3958.42078519 12215.74661275,4199.20043945 3958.69523514 12215.41409978,4192.1005249 3958.55372694 12215.91286916,4194.70062256 3958.47059867 12215.74661274,4195.89996338 3958.36240504 12215.66348454,4194.70062256 3958.13808577 12215.74661283,4194.70062256 3958.85324232 12215.74661263,4195.89996338 3958.67016983 12215.66348446,4194.70062256 3959.15275775 12215.74661254,4195.89996338 3958.95318653 12215.66348438,4195.89996338 3959.11119361 12215.66348433,4192.1005249 3959.40214247 12215.91286892,4190.49987793 3959.43545724 12215.99599713,4192.1005249 3959.2609514 12215.91286896,4188.40026855 3959.48527076 12216.16225357,4189.1998291 3959.3605784 12216.07912538,4192.70019531 3959.11119366 12215.82974078,4189.50042725 3959.2523848 12216.07912541,4189.1998291 3959.15275784 12216.07912544,4192.1005249 3959.01124945 12215.91286903,4188.40026855 3959.07787901 12216.16225368,4190.49987793 3958.94461998 12215.99599727,4187.39929199 3959.00300015 12216.1622537,4188.40026855 3958.89480655 12216.16225373,4192.1005249 3958.81167825 12215.91286909,4189.1998291 3958.78661292 12216.07912554,4192.70019531 3958.66192052 12215.82974091,4189.50042725 3958.67016995 12216.07912557,4189.1998291 3958.55372698 12216.07912561,4192.1005249 3958.51216282 12215.91286917,4188.40026855 3958.43728404 12216.16225386,4190.49987793 3958.36240513 12215.99599744,4187.39929199 3958.3125917 12216.1622539,4188.40026855 3958.21296475 12216.16225392,4192.1005249 3958.27102752 12215.91286924,4189.1998291 3958.09652176 12216.07912573,4192.79937744 3958.15458453 12215.82974105,4189.50042725 3957.98007879 12216.07912577,4189.1998291 3957.85506917 12216.0791258,4192.1005249 3957.9883281 12215.91286932,4188.49945068 3957.73037686 12216.16225406,4190.49987793 3957.78875694 12215.9959976,4187.39929199 3957.61393389 12216.16225409,4188.49945068 3957.57236978 12216.16225411,4192.1005249 3957.84681976 12215.91286936,4189.1998291 3957.54730437 12216.07912589,4192.70019531 3957.91344922 12215.82974112,4195.89996338 3958.28752618 12215.66348456,4192.1005249 3957.98007874 12215.91286932,4189.1998291 3957.52255627 12216.0791259,4188.49945068 3957.53080566 12216.16225412,4190.49987793 3958.06320699 12215.99599752,4186.19995117 3956.98190559 12216.2453825,4186.19995117 3957.04853508 12216.24538248,4189.50042725 3957.52255627 12216.0791259,4186.19995117 3957.1316633 12216.24538245,4186.19995117 3957.23953962 12216.24538242,4186.19995117 3957.35598259 12216.24538239,4186.19995117 3957.48924158 12216.24538235,4186.19995117 3957.63074993 12216.24538231,4186.19995117 3957.63899929 12216.24538231,4186.19995117 3957.6805634 12216.2453823,4186.19995117 3957.74719289 12216.24538228,4186.19995117 3957.83032112 12216.24538226,4186.19995117 3957.93819744 12216.24538223,4186.19995117 3958.05464041 12216.24538219,4186.19995117 3958.18789939 12216.24538216,4186.19995117 3958.32940774 12216.24538212,4186.19995117 3958.41253596 12216.24538209,4186.19995117 3958.50391355 12216.24538207,4186.19995117 3958.58704178 12216.24538204,4186.19995117 3958.67873665 12216.24538202,4186.19995117 3958.76186487 12216.24538199,4186.19995117 3958.85324246 12216.24538197,4186.19995117 3958.93637068 12216.24538194,4186.19995117 3959.02806556 12216.24538192,4186.19995117 3959.11119378 12216.24538189,4186.19995117 3959.20257137 12216.24538187,4186.19995117 3959.28569959 12216.24538185,4186.19995117 3959.37739446 12216.24538182,4186.19995117 3959.46877205 12216.24538179,4186.19995117 3959.55190028 12216.24538177,4186.19995117 3959.64327786 12216.24538174,4187.39929199 3959.61852974 12216.16225353,4186.19995117 3959.72672337 12216.24538172,4186.19995117 3959.7432221 12216.24538172,4188.49945068 3959.60171373 12216.16225353,4186.19995117 3959.78478621 12216.2453817,4189.1998291 3959.62677909 12216.0791253,4186.19995117 3959.84316634 12216.24538169,4189.50042725 3959.68515921 12216.07912529,4192.70019531 3959.41895846 12215.82974069,4189.1998291 3959.78478617 12216.07912526,4192.1005249 3959.51033607 12215.91286889,4188.49945068 3959.93454391 12216.16225344,4186.19995117 3960.04273753 12216.24538163,4186.19995117 3959.93454393 12216.24538166,4187.39929199 3960.12586573 12216.16225339,4186.19995117 3960.2921222 12216.24538156,4186.19995117 3960.42538119 12216.24538152,4186.19995117 3960.35875169 12216.24538154              ]
            }
            coordIndex [
0,1,2,-1,0,2,3,-1,3,2,4,-1,3,4,5,-1,5,4,6,-1,5,6,7,-1,7,6,8,-1,6,9,8,-1,10,8,9,-1,11,12,8,-1,13,10,14,-1,14,10,15,-1,10,9,15,-1,14,15,16,-1,16,15,17,-1,15,9,18,-1,15,18,17,-1,19,20,18,-1,21,19,18,-1,21,18,9,-1,17,18,20,-1,22,20,23,-1,24,23,20,-1,25,20,26,-1,22,26,20,-1,27,20,28,-1,25,28,20,-1,17,20,29,-1,27,29,20,-1,30,29,27,-1,31,30,27,-1,31,27,32,-1,32,27,28,-1,33,31,32,-1,33,32,34,-1,34,32,35,-1,32,28,35,-1,34,35,36,-1,37,36,35,-1,37,35,38,-1,38,35,28,-1,39,37,38,-1,39,38,40,-1,40,38,25,-1,38,28,25,-1,41,39,40,-1,41,40,42,-1,42,40,43,-1,40,25,43,-1,42,43,44,-1,44,43,45,-1,43,25,26,-1,43,26,45,-1,44,45,46,-1,47,46,45,-1,47,45,48,-1,48,45,26,-1,49,47,48,-1,49,48,50,-1,50,48,22,-1,48,26,22,-1,51,49,50,-1,51,50,52,-1,52,50,53,-1,50,22,53,-1,52,53,54,-1,54,53,55,-1,53,22,23,-1,53,23,55,-1,54,55,56,-1,57,56,55,-1,57,55,58,-1,58,55,23,-1,59,58,60,-1,60,58,24,-1,58,23,24,-1,61,59,60,-1,61,60,62,-1,62,60,63,-1,60,24,63,-1,62,63,64,-1,64,63,65,-1,63,24,66,-1,63,66,65,-1,67,65,66,-1,67,66,19,-1,68,65,67,-1,69,68,67,-1,69,67,70,-1,70,67,19,-1,2,69,70,-1,2,70,4,-1,4,70,21,-1,70,19,21,-1,71,68,69,-1,1,71,69,-1,1,69,2,-1,71,72,68,-1,72,73,68,-1,72,74,73,-1,75,73,74,-1,68,73,65,-1,64,65,73,-1,75,64,73,-1,76,64,75,-1,76,62,64,-1,77,62,76,-1,77,61,62,-1,78,61,77,-1,78,79,61,-1,79,59,61,-1,79,80,59,-1,80,81,57,-1,81,56,57,-1,81,82,56,-1,83,56,82,-1,83,54,56,-1,84,54,83,-1,84,52,54,-1,85,52,84,-1,85,51,52,-1,86,51,85,-1,86,87,51,-1,87,49,51,-1,87,88,49,-1,88,47,49,-1,88,89,47,-1,89,46,47,-1,89,90,46,-1,91,46,90,-1,91,44,46,-1,92,44,91,-1,92,42,44,-1,93,42,92,-1,93,41,42,-1,94,41,93,-1,94,95,41,-1,95,39,41,-1,95,96,39,-1,96,37,39,-1,96,97,37,-1,97,36,37,-1,97,98,36,-1,99,36,98,-1,99,34,36,-1,100,34,99,-1,100,33,34,-1,101,33,100,-1,101,102,33,-1,103,102,101,-1,103,104,102,-1,104,105,102,-1,104,106,105,-1,106,107,105,-1,102,105,31,-1,105,107,30,-1,105,30,31,-1,108,109,107,-1,106,108,107,-1,107,109,110,-1,107,110,30,-1,111,110,109,-1,30,110,29,-1,112,29,110,-1,111,112,110,-1,113,112,111,-1,13,113,111,-1,13,111,114,-1,114,111,109,-1,114,109,115,-1,108,115,109,-1,116,16,113,-1,117,116,113,-1,117,113,13,-1,113,16,112,-1,118,116,117,-1,118,119,116,-1,119,14,116,-1,119,13,14,-1,116,14,16,-1,16,17,112,-1,112,17,29,-1,102,31,33,-1,4,21,6,-1,6,21,9            ]
            ccw TRUE
            normalPerVertex TRUE
            normal Normal {
              vector [
-0.08098 0.99672 0,0.08311 -0.99654 0,0.07686 -0.99044 -0.11457,0.04339 -0.99906 0,0.0488 -0.99391 0.0988,0.06654 -0.99778 0,0.06429 -0.99738 -0.03316,0.08717 -0.9953 -0.04227,0.09434 -0.99394 0.05637,0.06035 -0.99818 0,0.0089 -0.96956 -0.24467,0.05248 -0.98581 -0.15943,0.05599 -0.99016 -0.12828,0.05583 -0.98981 -0.13102,0.05552 -0.98909 -0.13645,0.14112 -0.92828 0.34407,0.08375 -0.99087 0.10569,0.05536 -0.98872 -0.13916,0.07478 -0.99707 -0.01595,0.08969 -0.99588 -0.01313,0.07763 -0.99693 0.00974,0.07083 -0.99292 0.0954,0.06986 -0.99272 0.09811,0.07317 -0.99336 0.08884,0.09187 -0.99559 0.01882,-0.08675 0.99589 -0.02614,-0.09827 0.99349 0.05759,-0.08981 0.99547 -0.0311,-0.091 0.99536 0.03138,-0.09642 0.99375 -0.0563,-0.08716 0.99571 0.03092,0.07253 -0.99348 -0.08792,-0.08032 0.99527 0.05469,-0.08566 0.9944 -0.06183,-0.05773 0.98292 0.17474,-0.08341 0.97753 -0.1936,-0.0745 0.99676 0.03044,-0.09887 0.95209 -0.28941,-0.05036 0.93783 0.34343,-0.05023 0.93822 0.34237,-0.05007 0.93871 0.34105,-0.04993 0.93913 0.33992,-0.03359 0.91349 0.40547,-0.10401 0.96814 -0.2278,-0.08015 0.97789 0.19316,-0.08575 0.93676 -0.33929,-0.07912 0.92187 -0.37933,-0.08355 0.95119 -0.29707,-0.07304 0.96823 0.23917,-0.06766 0.98933 0.12899,-0.07956 0.99648 -0.02638,-0.04474 0.86664 0.49692,-0.06693 0.85516 -0.51402,-0.08508 0.96818 -0.23536,-0.0731 0.9884 -0.13313,-0.06904 0.95313 0.29458,-0.06902 0.95367 0.29284,-0.06899 0.95446 0.29025,-0.06897 0.95499 0.2885,-0.07727 0.99676 0.02255,-0.06003 0.94146 0.33174,-0.09205 0.97771 -0.1887,-0.0908 0.97832 0.18613,-0.07107 0.95656 -0.28274,-0.05744 0.93947 -0.33779,-0.07098 0.96101 -0.26723,-0.08429 0.97688 0.19649,-0.07394 0.98996 0.12045,-0.07741 0.99678 -0.02087,-0.06618 0.8943 0.44254,-0.05068 0.90591 -0.42042,-0.07525 0.9773 -0.19805,-0.06817 0.99277 -0.09884,-0.08269 0.97411 0.2104,-0.08515 0.96416 0.25129,-0.07941 0.99658 0.02279,-0.08343 0.9571 0.27748,-0.07873 0.98384 -0.16081,-0.10168 0.97586 0.19329,-0.04905 0.95426 -0.29493,-0.03141 0.92921 -0.3682,-0.10557 0.94937 0.29591,-0.08778 0.97693 0.19469,-0.07333 0.99687 -0.02939,-0.09223 0.66866 0.73783,-0.02235 0.86472 -0.50175,-0.04047 0.92355 -0.38134,-0.05434 0.98348 -0.17265,-0.11286 0.91575 0.38558,-0.12121 -0.09913 0.98767,0.02367 -0.95853 0.28401,-0.14144 0.06318 0.98793,0.10811 -0.92591 -0.36195,0.08047 -0.99667 -0.01355,0.12049 -0.95333 -0.27685,0.12902 -0.93867 -0.31977,0.12966 -0.94055 -0.31394,0.12864 -0.93752 -0.32328,0.06812 -0.99335 0.09276,0.06533 -0.99606 0.05998,0.00768 -0.95943 0.28183,0.09074 -0.98578 -0.14142,0.09428 -0.99202 -0.08376,0.07466 -0.99652 -0.03717,0.13003 -0.94165 -0.31046,-0.04269 0.99909 0,0.00347 -0.99216 0.12494,-0.06607 0.99782 0,0 -0.94335 0.3318,-0.06036 0.99818 0,-0.06034 0.99818 0,-0.06033 0.99818 0,-0.06031 0.99818 0,0 -0.85558 0.51766,-0.03542 0.93975 -0.34001,-0.02842 0.95664 -0.28987,-0.06697 0.99776 0,-0.09642 0.83986 0.53416,-0.04345 0.99906 0,-0.02003 0.90235 -0.43054,-0.07929 0.99685 0,-0.07751 0.99699 -0,-0.08341 0.99652 0,-0.07526 0.99716 0,-0.06179 0.88009 0.47077,-0.04335 0.99906 0,-0.06615 0.99781 0,-0.07221 0.98667 0.14586,-0.06037 0.99818 0,-0.06038 0.99818 0,-0.06039 0.99817 0,-0.05787 0.99031 -0.12626,-0.06687 0.99776 0,-0.0683 0.95274 0.296,-0.04543 0.99897 0,-0.03841 0.94575 -0.32261,-0.08291 0.99656 0,-0.08305 0.99655 0,-0.08243 0.9966 0,-0.04732 0.94743 0.31644,-0.04558 0.99896 0,-0.05474 0.93185 -0.35869,-0.06695 0.99776 0,-0.06372 0.98824 0.13903,-0.06089 0.99814 0,-0.06041 0.99817 0,-0.06043 0.99817 0,-0.05992 0.9982 0,-0.06459 0.98802 -0.14016,-0.06682 0.99777 0,-0.05033 0.91471 0.40097,-0.04568 0.99896 0,-0.05044 0.91959 -0.38964,-0.08307 0.99654 0,-0.08304 0.99655 0,-0.08267 0.99658 0,-0.08345 0.99651 0,-0.03484 0.92142 0.387,-0.04532 0.99897 0,-0.06885 0.90981 -0.40928,-0.06596 0.99782 0,-0.0585 0.98735 0.14734,-0.06004 0.9982 0,-0.0604 0.99817 0,-0.06039 0.99817 0,-0.06074 0.99815 0,-0.0727 0.98268 -0.17046,-0.02245 0.88038 0.47374,-0.08377 0.84781 -0.52365,-0.08206 0.99663 0,-0.08144 0.99668 -0,-0.0833 0.99652 0,0.01135 0.79584 0.6054,-0.04271 0.99909 0,-0.091 0.80902 -0.5807,0.01403 0.62362 0.7816,-0.10518 0.88329 -0.45687,-0.04511 0.90155 0.43032,-0.04732 0.97754 0.20537,-0.06643 0.99779 0,-0.06295 0.96432 0.25715,-0.11267 0.7989 -0.59082,-0.11888 0.95103 -0.28531,-0.11605 0.80732 -0.57858,0.06127 0.53428 0.84308,0.05417 0.59442 0.80233,-0.00919 0.89731 0.4413,0.03295 0.8146 0.57908,-0.06661 0.99778 0,-0.08773 0.97102 -0.22232,-0.06042 0.99817 0,-0.06042 0.99817 0,-0.06054 0.99817 0,-0.17809 0.4657 -0.86684,-0.18768 0.44702 -0.87461,-0.04331 0.99906 0,-0.0593 -0.64834 -0.75904,-0.08292 0.99656 0,0.08228 -0.99661 0,0.24225 -0.13347 0.96099,0.04333 -0.99906 0,0.16057 -0.72744 0.66712,-0.01751 -0.79728 -0.60335,0.09159 -0.99314 0.07267,-0.09341 0.8064 -0.58395,0.0731 -0.99488 0.06976,0.07411 -0.99352 0.08618              ]
            }
            normalIndex [
0,0,0,-1,1,1,1,-1,2,2,2,-1,3,3,3,-1,4,4,4,-1,5,5,5,-1,6,6,6,-1,7,7,7,-1,8,8,8,-1,9,9,9,-1,10,10,10,-1,11,11,11,-1,12,13,14,-1,15,15,15,-1,16,16,16,-1,14,13,17,-1,18,18,18,-1,19,19,19,-1,20,20,20,-1,21,22,23,-1,24,24,24,-1,25,25,25,-1,26,26,26,-1,27,27,27,-1,28,28,28,-1,29,29,29,-1,30,30,30,-1,31,31,31,-1,32,32,32,-1,33,33,33,-1,34,34,34,-1,35,35,35,-1,36,36,36,-1,37,37,37,-1,38,39,40,-1,40,39,41,-1,42,42,42,-1,43,43,43,-1,44,44,44,-1,45,45,45,-1,46,46,46,-1,47,47,47,-1,48,48,48,-1,49,49,49,-1,50,50,50,-1,51,51,51,-1,52,52,52,-1,53,53,53,-1,54,54,54,-1,55,56,57,-1,57,56,58,-1,59,59,59,-1,60,60,60,-1,61,61,61,-1,62,62,62,-1,63,63,63,-1,64,64,64,-1,65,65,65,-1,66,66,66,-1,67,67,67,-1,68,68,68,-1,69,69,69,-1,70,70,70,-1,71,71,71,-1,72,72,72,-1,73,73,73,-1,74,74,74,-1,75,75,75,-1,76,76,76,-1,77,77,77,-1,78,78,78,-1,79,79,79,-1,80,80,80,-1,81,81,81,-1,82,82,82,-1,83,83,83,-1,84,84,84,-1,85,85,85,-1,86,86,86,-1,87,87,87,-1,88,88,88,-1,89,89,89,-1,90,90,90,-1,91,91,91,-1,92,92,92,-1,93,93,93,-1,94,94,94,-1,95,96,97,-1,98,98,98,-1,99,99,99,-1,100,100,100,-1,101,101,101,-1,102,102,102,-1,103,103,103,-1,104,96,95,-1,105,105,105,-1,106,106,106,-1,107,107,107,-1,108,108,108,-1,109,110,111,-1,112,111,110,-1,113,113,113,-1,114,114,114,-1,115,115,115,-1,116,116,116,-1,117,117,117,-1,118,118,118,-1,119,119,119,-1,120,121,122,-1,120,123,121,-1,124,124,124,-1,125,125,125,-1,126,126,126,-1,127,127,127,-1,109,128,129,-1,130,129,128,-1,131,131,131,-1,132,132,132,-1,133,133,133,-1,134,134,134,-1,135,135,135,-1,136,137,122,-1,136,138,137,-1,139,139,139,-1,140,140,140,-1,141,141,141,-1,142,142,142,-1,143,143,143,-1,144,145,146,-1,147,146,145,-1,148,148,148,-1,149,149,149,-1,150,150,150,-1,151,151,151,-1,152,152,152,-1,153,154,155,-1,153,156,154,-1,157,157,157,-1,158,158,158,-1,159,159,159,-1,160,160,160,-1,161,161,161,-1,162,163,164,-1,165,164,163,-1,166,166,166,-1,142,142,142,-1,167,167,167,-1,140,140,140,-1,168,168,168,-1,169,170,171,-1,169,0,170,-1,172,172,172,-1,173,173,173,-1,174,174,174,-1,175,175,175,-1,176,176,176,-1,177,177,177,-1,178,178,178,-1,179,179,179,-1,180,180,180,-1,181,181,181,-1,182,182,182,-1,183,183,183,-1,184,184,184,-1,185,185,185,-1,186,186,186,-1,187,187,187,-1,188,188,188,-1,189,189,189,-1,112,190,191,-1,192,191,190,-1,193,193,193,-1,194,194,194,-1,195,195,195,-1,196,196,196,-1,197,197,197,-1,198,198,198,-1,199,199,199,-1,200,200,200,-1,201,201,201,-1,202,202,202,-1,203,203,203,-1,204,204,204,-1,205,205,205,-1,206,21,23            ]
          }
        }
        Shape {
          appearance USE M0
          geometry IndexedFaceSet {
            coord Coordinate {
              point [
24990.62629211 3443.69272224 14304.63035921,25112.37312066 3275.85652779 14304.63035002,25111.68971261 3275.85652793 14304.63035007,24703.86536619 3448.17739608 14304.63038086,25118.60344102 3623.41963569 14304.63034955,25118.60344038 3620.11792891 14304.63034955,24990.62629517 3443.69272224 14345.13134722,25118.60344343 3620.11792891 14345.13133756,25118.60344408 3623.41963569 14345.13133756,24703.86536924 3448.17739608 14345.13136887,25111.68971566 3275.85652793 14345.13133808,25112.37312372 3275.85652779 14345.13133803              ]
            }
            coordIndex [
0,1,2,-1,3,4,5,-1,0,2,3,-1,3,5,0,-1,6,7,8,-1,9,10,11,-1,6,8,9,-1,9,11,6,-1,2,1,11,-1,11,10,2,-1,8,7,5,-1,5,4,8,-1,10,9,3,-1,3,2,10,-1,3,9,8,-1,8,4,3,-1,6,11,1,-1,1,0,6,-1,6,0,5,-1,5,7,6            ]
            ccw TRUE
            normalPerVertex TRUE
            normal Normal {
              vector [
-1 -0 0,1 0 0,0 -1 0,0 0 -1,0 -0.89155 0.45292,0 0.89155 0.45292,0 0.51659 -0.85623,0 -0.51659 -0.85623              ]
            }
            normalIndex [
0,0,0,-1,0,0,0,-1,0,0,0,-1,0,0,0,-1,1,1,1,-1,1,1,1,-1,1,1,1,-1,1,1,1,-1,2,2,2,-1,2,2,2,-1,3,3,3,-1,3,3,3,-1,4,4,4,-1,4,4,4,-1,5,5,5,-1,5,5,5,-1,6,6,6,-1,6,6,6,-1,7,7,7,-1,7,7,7            ]
          }
        }
        Shape {
          appearance USE M0
          geometry IndexedFaceSet {
            coord Coordinate {
              point [
34490.62629211 3043.69296638 13556.06492952,34612.37312066 2875.85677193 13556.06492033,34611.68971261 2875.85677207 13556.06492038,34203.86536619 3048.17764022 13556.06495117,34618.60344102 3223.41987983 13556.06491986,34618.60344038 3220.11817305 13556.06491986,34490.62629517 3043.69296638 13596.56591753,34618.60344343 3220.11817305 13596.56590787,34618.60344408 3223.41987983 13596.56590787,34203.86536924 3048.17764022 13596.56593918,34611.68971566 2875.85677207 13596.56590839,34612.37312372 2875.85677193 13596.56590834              ]
            }
            coordIndex [
0,1,2,-1,3,4,5,-1,0,2,3,-1,3,5,0,-1,6,7,8,-1,9,10,11,-1,6,8,9,-1,9,11,6,-1,2,1,11,-1,11,10,2,-1,8,7,5,-1,5,4,8,-1,10,9,3,-1,3,2,10,-1,3,9,8,-1,8,4,3,-1,6,11,1,-1,1,0,6,-1,6,0,5,-1,5,7,6            ]
            ccw TRUE
            normalPerVertex TRUE
            normal Normal {
              vector [
-1 -0 0,1 0 0,0 -1 0,0 0 -1,0 -0.89155 0.45292,0 0.89155 0.45292,0 0.51659 -0.85623,0 -0.51659 -0.85623              ]
            }
            normalIndex [
0,0,0,-1,0,0,0,-1,0,0,0,-1,0,0,0,-1,1,1,1,-1,1,1,1,-1,1,1,1,-1,1,1,1,-1,2,2,2,-1,2,2,2,-1,3,3,3,-1,3,3,3,-1,4,4,4,-1,4,4,4,-1,5,5,5,-1,5,5,5,-1,6,6,6,-1,6,6,6,-1,7,7,7,-1,7,7,7            ]
          }
        }
        Shape {
          appearance USE M0
          geometry IndexedFaceSet {
            coord Coordinate {
              point [
6590.62580383 4243.69296638 14803.67332796,6712.37263238 4075.85677193 14803.67331877,6711.68922432 4075.85677207 14803.67331882,6303.86487791 4248.17764022 14803.67334961,6718.60295274 4423.41987983 14803.6733183,6718.6029521 4420.11817305 14803.6733183,6590.62580689 4243.69296638 14844.17431597,6718.60295515 4420.11817305 14844.17430631,6718.6029558 4423.41987983 14844.17430631,6303.86488096 4248.17764022 14844.17433762,6711.68922738 4075.85677207 14844.17430683,6712.37263543 4075.85677193 14844.17430678              ]
            }
            coordIndex [
0,1,2,-1,3,4,5,-1,0,2,3,-1,3,5,0,-1,6,7,8,-1,9,10,11,-1,6,8,9,-1,9,11,6,-1,2,1,11,-1,11,10,2,-1,8,7,5,-1,5,4,8,-1,10,9,3,-1,3,2,10,-1,3,9,8,-1,8,4,3,-1,6,11,1,-1,1,0,6,-1,6,0,5,-1,5,7,6            ]
            ccw TRUE
            normalPerVertex TRUE
            normal Normal {
              vector [
-1 -0 0,1 0 0,0 -1 0,0 0 -1,0 -0.89155 0.45292,0 0.89155 0.45292,0 0.51659 -0.85623,0 -0.51659 -0.85623              ]
            }
            normalIndex [
0,0,0,-1,0,0,0,-1,0,0,0,-1,0,0,0,-1,1,1,1,-1,1,1,1,-1,1,1,1,-1,1,1,1,-1,2,2,2,-1,2,2,2,-1,3,3,3,-1,3,3,3,-1,4,4,4,-1,4,4,4,-1,5,5,5,-1,5,5,5,-1,6,6,6,-1,6,6,6,-1,7,7,7,-1,7,7,7            ]
          }
        }
        Shape {
          appearance USE M0
          geometry IndexedFaceSet {
            coord Coordinate {
              point [
31390.62629211 3043.69296638 13805.58543734,31512.37312066 2875.85677193 13805.58542815,31511.68971261 2875.85677207 13805.5854282,31103.86536619 3048.17764022 13805.58545899,31518.60344102 3223.41987983 13805.58542768,31518.60344038 3220.11817305 13805.58542768,31390.62629517 3043.69296638 13846.08642534,31518.60344343 3220.11817305 13846.08641568,31518.60344408 3223.41987983 13846.08641568,31103.86536924 3048.17764022 13846.08644699,31511.68971566 2875.85677207 13846.0864162,31512.37312372 2875.85677193 13846.08641615              ]
            }
            coordIndex [
0,1,2,-1,3,4,5,-1,0,2,3,-1,3,5,0,-1,6,7,8,-1,9,10,11,-1,6,8,9,-1,9,11,6,-1,2,1,11,-1,11,10,2,-1,8,7,5,-1,5,4,8,-1,10,9,3,-1,3,2,10,-1,3,9,8,-1,8,4,3,-1,6,11,1,-1,1,0,6,-1,6,0,5,-1,5,7,6            ]
            ccw TRUE
            normalPerVertex TRUE
            normal Normal {
              vector [
-1 -0 0,1 0 0,0 -1 0,0 0 -1,0 -0.89155 0.45292,0 0.89155 0.45292,0 0.51659 -0.85623,0 -0.51659 -0.85623              ]
            }
            normalIndex [
0,0,0,-1,0,0,0,-1,0,0,0,-1,0,0,0,-1,1,1,1,-1,1,1,1,-1,1,1,1,-1,1,1,1,-1,2,2,2,-1,2,2,2,-1,3,3,3,-1,3,3,3,-1,4,4,4,-1,4,4,4,-1,5,5,5,-1,5,5,5,-1,6,6,6,-1,6,6,6,-1,7,7,7,-1,7,7,7            ]
          }
        }
        Shape {
          appearance USE M0
          geometry IndexedFaceSet {
            coord Coordinate {
              point [
44090.62629211 3443.69272224 12807.49949984,44212.37312066 3275.85652779 12807.49949065,44211.68971261 3275.85652793 12807.4994907,43803.86536619 3448.17739608 12807.49952149,44218.60344102 3623.41963569 12807.49949018,44218.60344038 3620.11792891 12807.49949018,44090.62629517 3443.69272224 12848.00048784,44218.60344343 3620.11792891 12848.00047818,44218.60344408 3623.41963569 12848.00047818,43803.86536924 3448.17739608 12848.00050949,44211.68971566 3275.85652793 12848.0004787,44212.37312372 3275.85652779 12848.00047865              ]
            }
            coordIndex [
0,1,2,-1,3,4,5,-1,0,2,3,-1,3,5,0,-1,6,7,8,-1,9,10,11,-1,6,8,9,-1,9,11,6,-1,2,1,11,-1,11,10,2,-1,8,7,5,-1,5,4,8,-1,10,9,3,-1,3,2,10,-1,3,9,8,-1,8,4,3,-1,6,11,1,-1,1,0,6,-1,6,0,5,-1,5,7,6            ]
            ccw TRUE
            normalPerVertex TRUE
            normal Normal {
              vector [
-1 -0 0,1 0 0,0 -1 0,0 0 -1,0 -0.89155 0.45292,0 0.89155 0.45292,0 0.51659 -0.85623,0 -0.51659 -0.85623              ]
            }
            normalIndex [
0,0,0,-1,0,0,0,-1,0,0,0,-1,0,0,0,-1,1,1,1,-1,1,1,1,-1,1,1,1,-1,1,1,1,-1,2,2,2,-1,2,2,2,-1,3,3,3,-1,3,3,3,-1,4,4,4,-1,4,4,4,-1,5,5,5,-1,5,5,5,-1,6,6,6,-1,6,6,6,-1,7,7,7,-1,7,7,7            ]
          }
        }
        Shape {
          appearance USE M0
          geometry IndexedFaceSet {
            coord Coordinate {
              point [
12890.62629211 3875.43222419 14803.67332796,13012.37312066 3707.59602975 14803.67331877,13011.68971261 3707.59602988 14803.67331882,12603.86536619 3879.91689803 14803.67334961,13018.60344102 4055.15913764 14803.6733183,13018.60344038 4051.85743086 14803.6733183,12890.62629517 3875.43222419 14844.17431597,13018.60344343 4051.85743086 14844.17430631,13018.60344408 4055.15913764 14844.17430631,12603.86536924 3879.91689803 14844.17433762,13011.68971566 3707.59602988 14844.17430683,13012.37312372 3707.59602975 14844.17430678              ]
            }
            coordIndex [
0,1,2,-1,3,4,5,-1,0,2,3,-1,3,5,0,-1,6,7,8,-1,9,10,11,-1,6,8,9,-1,9,11,6,-1,2,1,11,-1,11,10,2,-1,8,7,5,-1,5,4,8,-1,10,9,3,-1,3,2,10,-1,3,9,8,-1,8,4,3,-1,6,11,1,-1,1,0,6,-1,6,0,5,-1,5,7,6            ]
            ccw TRUE
            normalPerVertex TRUE
            normal Normal {
              vector [
-1 -0 0,1 0 0,0 -1 0,0 0 -1,0 -0.89155 0.45292,0 0.89155 0.45292,0 0.51659 -0.85623,0 -0.51659 -0.85623              ]
            }
            normalIndex [
0,0,0,-1,0,0,0,-1,0,0,0,-1,0,0,0,-1,1,1,1,-1,1,1,1,-1,1,1,1,-1,1,1,1,-1,2,2,2,-1,2,2,2,-1,3,3,3,-1,3,3,3,-1,4,4,4,-1,4,4,4,-1,5,5,5,-1,5,5,5,-1,6,6,6,-1,6,6,6,-1,7,7,7,-1,7,7,7            ]
          }
        }
        Shape {
          appearance USE M0
          geometry IndexedFaceSet {
            coord Coordinate {
              point [
24990.62629211 3443.69272224 13805.58543734,25112.37312066 3275.85652779 13805.58542815,25111.68971261 3275.85652793 13805.5854282,24703.86536619 3448.17739608 13805.58545899,25118.60344102 3623.41963569 13805.58542768,25118.60344038 3620.11792891 13805.58542768,24990.62629517 3443.69272224 13846.08642534,25118.60344343 3620.11792891 13846.08641568,25118.60344408 3623.41963569 13846.08641568,24703.86536924 3448.17739608 13846.08644699,25111.68971566 3275.85652793 13846.0864162,25112.37312372 3275.85652779 13846.08641615              ]
            }
            coordIndex [
0,1,2,-1,3,4,5,-1,0,2,3,-1,3,5,0,-1,6,7,8,-1,9,10,11,-1,6,8,9,-1,9,11,6,-1,2,1,11,-1,11,10,2,-1,8,7,5,-1,5,4,8,-1,10,9,3,-1,3,2,10,-1,3,9,8,-1,8,4,3,-1,6,11,1,-1,1,0,6,-1,6,0,5,-1,5,7,6            ]
            ccw TRUE
            normalPerVertex TRUE
            normal Normal {
              vector [
-1 -0 0,1 0 0,0 -1 0,0 0 -1,0 -0.89155 0.45292,0 0.89155 0.45292,0 0.51659 -0.85623,0 -0.51659 -0.85623              ]
            }
            normalIndex [
0,0,0,-1,0,0,0,-1,0,0,0,-1,0,0,0,-1,1,1,1,-1,1,1,1,-1,1,1,1,-1,1,1,1,-1,2,2,2,-1,2,2,2,-1,3,3,3,-1,3,3,3,-1,4,4,4,-1,4,4,4,-1,5,5,5,-1,5,5,5,-1,6,6,6,-1,6,6,6,-1,7,7,7,-1,7,7,7            ]
          }
        }
        Shape {
          appearance USE M0
          geometry IndexedFaceSet {
            coord Coordinate {
              point [
6590.62580383 3443.69272224 14304.63035921,6712.37263238 3275.85652779 14304.63035002,6711.68922432 3275.85652793 14304.63035007,6303.86487791 3448.17739608 14304.63038086,6718.60295274 3623.41963569 14304.63034955,6718.6029521 3620.11792891 14304.63034955,6590.62580689 3443.69272224 14345.13134722,6718.60295515 3620.11792891 14345.13133756,6718.6029558 3623.41963569 14345.13133756,6303.86488096 3448.17739608 14345.13136887,6711.68922738 3275.85652793 14345.13133808,6712.37263543 3275.85652779 14345.13133803              ]
            }
            coordIndex [
0,1,2,-1,3,4,5,-1,0,2,3,-1,3,5,0,-1,6,7,8,-1,9,10,11,-1,6,8,9,-1,9,11,6,-1,2,1,11,-1,11,10,2,-1,8,7,5,-1,5,4,8,-1,10,9,3,-1,3,2,10,-1,3,9,8,-1,8,4,3,-1,6,11,1,-1,1,0,6,-1,6,0,5,-1,5,7,6            ]
            ccw TRUE
            normalPerVertex TRUE
            normal Normal {
              vector [
-1 -0 0,1 0 0,0 -1 0,0 0 -1,0 -0.89155 0.45292,0 0.89155 0.45292,0 0.51659 -0.85623,0 -0.51659 -0.85623              ]
            }
            normalIndex [
0,0,0,-1,0,0,0,-1,0,0,0,-1,0,0,0,-1,1,1,1,-1,1,1,1,-1,1,1,1,-1,1,1,1,-1,2,2,2,-1,2,2,2,-1,3,3,3,-1,3,3,3,-1,4,4,4,-1,4,4,4,-1,5,5,5,-1,5,5,5,-1,6,6,6,-1,6,6,6,-1,7,7,7,-1,7,7,7            ]
          }
        }
        Shape {
          appearance USE M0
          geometry IndexedFaceSet {
            coord Coordinate {
              point [
22090.62629211 3043.69296638 14554.15184359,22212.37312066 2875.85677193 14554.1518344,22211.68971261 2875.85677207 14554.15183445,21803.86536619 3048.17764022 14554.15186524,22218.60344102 3223.41987983 14554.15183393,22218.60344038 3220.11817305 14554.15183393,22090.62629517 3043.69296638 14594.65283159,22218.60344343 3220.11817305 14594.65282193,22218.60344408 3223.41987983 14594.65282193,21803.86536924 3048.17764022 14594.65285324,22211.68971566 2875.85677207 14594.65282245,22212.37312372 2875.85677193 14594.6528224              ]
            }
            coordIndex [
0,1,2,-1,3,4,5,-1,0,2,3,-1,3,5,0,-1,6,7,8,-1,9,10,11,-1,6,8,9,-1,9,11,6,-1,2,1,11,-1,11,10,2,-1,8,7,5,-1,5,4,8,-1,10,9,3,-1,3,2,10,-1,3,9,8,-1,8,4,3,-1,6,11,1,-1,1,0,6,-1,6,0,5,-1,5,7,6            ]
            ccw TRUE
            normalPerVertex TRUE
            normal Normal {
              vector [
-1 -0 0,1 0 0,0 -1 0,0 0 -1,0 -0.89155 0.45292,0 0.89155 0.45292,0 0.51659 -0.85623,0 -0.51659 -0.85623              ]
            }
            normalIndex [
0,0,0,-1,0,0,0,-1,0,0,0,-1,0,0,0,-1,1,1,1,-1,1,1,1,-1,1,1,1,-1,1,1,1,-1,2,2,2,-1,2,2,2,-1,3,3,3,-1,3,3,3,-1,4,4,4,-1,4,4,4,-1,5,5,5,-1,5,5,5,-1,6,6,6,-1,6,6,6,-1,7,7,7,-1,7,7,7            ]
          }
        }
        Shape {
          appearance USE M0
          geometry IndexedFaceSet {
            coord Coordinate {
              point [
44090.62629211 4707.17099373 13306.54246859,44212.37312066 4539.33479928 13306.5424594,44211.68971261 4539.33479941 13306.54245945,43803.86536619 4711.65566756 13306.54249024,44218.60344102 4886.89790717 13306.54245893,44218.60344038 4883.59620039 13306.54245893,44090.62629517 4707.17099373 13347.04345659,44218.60344343 4883.59620039 13347.04344693,44218.60344408 4886.89790717 13347.04344693,43803.86536924 4711.65566756 13347.04347824,44211.68971566 4539.33479941 13347.04344745,44212.37312372 4539.33479928 13347.0434474              ]
            }
            coordIndex [
0,1,2,-1,3,4,5,-1,0,2,3,-1,3,5,0,-1,6,7,8,-1,9,10,11,-1,6,8,9,-1,9,11,6,-1,2,1,11,-1,11,10,2,-1,8,7,5,-1,5,4,8,-1,10,9,3,-1,3,2,10,-1,3,9,8,-1,8,4,3,-1,6,11,1,-1,1,0,6,-1,6,0,5,-1,5,7,6            ]
            ccw TRUE
            normalPerVertex TRUE
            normal Normal {
              vector [
-1 -0 0,1 0 0,0 -1 0,0 0 -1,0 -0.89155 0.45292,0 0.89155 0.45292,0 0.51659 -0.85623,0 -0.51659 -0.85623              ]
            }
            normalIndex [
0,0,0,-1,0,0,0,-1,0,0,0,-1,0,0,0,-1,1,1,1,-1,1,1,1,-1,1,1,1,-1,1,1,1,-1,2,2,2,-1,2,2,2,-1,3,3,3,-1,3,3,3,-1,4,4,4,-1,4,4,4,-1,5,5,5,-1,5,5,5,-1,6,6,6,-1,6,6,6,-1,7,7,7,-1,7,7,7            ]
          }
        }
        Shape {
          appearance USE M0
          geometry IndexedFaceSet {
            coord Coordinate {
              point [
28190.62629211 3043.69296638 13556.06492952,28312.37312066 2875.85677193 13556.06492033,28311.68971261 2875.85677207 13556.06492038,27903.86536619 3048.17764022 13556.06495117,28318.60344102 3223.41987983 13556.06491986,28318.60344038 3220.11817305 13556.06491986,28190.62629517 3043.69296638 13596.56591753,28318.60344343 3220.11817305 13596.56590787,28318.60344408 3223.41987983 13596.56590787,27903.86536924 3048.17764022 13596.56593918,28311.68971566 2875.85677207 13596.56590839,28312.37312372 2875.85677193 13596.56590834              ]
            }
            coordIndex [
0,1,2,-1,3,4,5,-1,0,2,3,-1,3,5,0,-1,6,7,8,-1,9,10,11,-1,6,8,9,-1,9,11,6,-1,2,1,11,-1,11,10,2,-1,8,7,5,-1,5,4,8,-1,10,9,3,-1,3,2,10,-1,3,9,8,-1,8,4,3,-1,6,11,1,-1,1,0,6,-1,6,0,5,-1,5,7,6            ]
            ccw TRUE
            normalPerVertex TRUE
            normal Normal {
              vector [
-1 -0 0,1 0 0,0 -1 0,0 0 -1,0 -0.89155 0.45292,0 0.89155 0.45292,0 0.51659 -0.85623,0 -0.51659 -0.85623              ]
            }
            normalIndex [
0,0,0,-1,0,0,0,-1,0,0,0,-1,0,0,0,-1,1,1,1,-1,1,1,1,-1,1,1,1,-1,1,1,1,-1,2,2,2,-1,2,2,2,-1,3,3,3,-1,3,3,3,-1,4,4,4,-1,4,4,4,-1,5,5,5,-1,5,5,5,-1,6,6,6,-1,6,6,6,-1,7,7,7,-1,7,7,7            ]
          }
        }
        Shape {
          appearance USE M0
          geometry IndexedFaceSet {
            coord Coordinate {
              point [
44090.62629211 4243.69296638 14304.63035921,44212.37312066 4075.85677193 14304.63035002,44211.68971261 4075.85677207 14304.63035007,43803.86536619 4248.17764022 14304.63038086,44218.60344102 4423.41987983 14304.63034955,44218.60344038 4420.11817305 14304.63034955,44090.62629517 4243.69296638 14345.13134722,44218.60344343 4420.11817305 14345.13133756,44218.60344408 4423.41987983 14345.13133756,43803.86536924 4248.17764022 14345.13136887,44211.68971566 4075.85677207 14345.13133808,44212.37312372 4075.85677193 14345.13133803              ]
            }
            coordIndex [
0,1,2,-1,3,4,5,-1,0,2,3,-1,3,5,0,-1,6,7,8,-1,9,10,11,-1,6,8,9,-1,9,11,6,-1,2,1,11,-1,11,10,2,-1,8,7,5,-1,5,4,8,-1,10,9,3,-1,3,2,10,-1,3,9,8,-1,8,4,3,-1,6,11,1,-1,1,0,6,-1,6,0,5,-1,5,7,6            ]
            ccw TRUE
            normalPerVertex TRUE
            normal Normal {
              vector [
-1 -0 0,1 0 0,0 -1 0,0 0 -1,0 -0.89155 0.45292,0 0.89155 0.45292,0 0.51659 -0.85623,0 -0.51659 -0.85623              ]
            }
            normalIndex [
0,0,0,-1,0,0,0,-1,0,0,0,-1,0,0,0,-1,1,1,1,-1,1,1,1,-1,1,1,1,-1,1,1,1,-1,2,2,2,-1,2,2,2,-1,3,3,3,-1,3,3,3,-1,4,4,4,-1,4,4,4,-1,5,5,5,-1,5,5,5,-1,6,6,6,-1,6,6,6,-1,7,7,7,-1,7,7,7            ]
          }
        }
        Shape {
          appearance USE M0
          geometry IndexedFaceSet {
            coord Coordinate {
              point [
22090.62629211 3875.43222419 13057.02196077,22212.37312066 3707.59602975 13057.02195158,22211.68971261 3707.59602988 13057.02195163,21803.86536619 3879.91689803 13057.02198242,22218.60344102 4055.15913764 13057.02195111,22218.60344038 4051.85743086 13057.02195111,22090.62629517 3875.43222419 13097.52294878,22218.60344343 4051.85743086 13097.52293912,22218.60344408 4055.15913764 13097.52293912,21803.86536924 3879.91689803 13097.52297043,22211.68971566 3707.59602988 13097.52293964,22212.37312372 3707.59602975 13097.52293959              ]
            }
            coordIndex [
0,1,2,-1,3,4,5,-1,0,2,3,-1,3,5,0,-1,6,7,8,-1,9,10,11,-1,6,8,9,-1,9,11,6,-1,2,1,11,-1,11,10,2,-1,8,7,5,-1,5,4,8,-1,10,9,3,-1,3,2,10,-1,3,9,8,-1,8,4,3,-1,6,11,1,-1,1,0,6,-1,6,0,5,-1,5,7,6            ]
            ccw TRUE
            normalPerVertex TRUE
            normal Normal {
              vector [
-1 -0 0,1 0 0,0 -1 0,0 0 -1,0 -0.89155 0.45292,0 0.89155 0.45292,0 0.51659 -0.85623,0 -0.51659 -0.85623              ]
            }
            normalIndex [
0,0,0,-1,0,0,0,-1,0,0,0,-1,0,0,0,-1,1,1,1,-1,1,1,1,-1,1,1,1,-1,1,1,1,-1,2,2,2,-1,2,2,2,-1,3,3,3,-1,3,3,3,-1,4,4,4,-1,4,4,4,-1,5,5,5,-1,5,5,5,-1,6,6,6,-1,6,6,6,-1,7,7,7,-1,7,7,7            ]
          }
        }
        Shape {
          appearance USE M0
          geometry IndexedFaceSet {
            coord Coordinate {
              point [
46890.62629211 4707.17099373 13057.02196077,47012.37312066 4539.33479928 13057.02195158,47011.68971261 4539.33479941 13057.02195163,46603.86536619 4711.65566756 13057.02198242,47018.60344102 4886.89790717 13057.02195111,47018.60344038 4883.59620039 13057.02195111,46890.62629517 4707.17099373 13097.52294878,47018.60344343 4883.59620039 13097.52293912,47018.60344408 4886.89790717 13097.52293912,46603.86536924 4711.65566756 13097.52297043,47011.68971566 4539.33479941 13097.52293964,47012.37312372 4539.33479928 13097.52293959              ]
            }
            coordIndex [
0,1,2,-1,3,4,5,-1,0,2,3,-1,3,5,0,-1,6,7,8,-1,9,10,11,-1,6,8,9,-1,9,11,6,-1,2,1,11,-1,11,10,2,-1,8,7,5,-1,5,4,8,-1,10,9,3,-1,3,2,10,-1,3,9,8,-1,8,4,3,-1,6,11,1,-1,1,0,6,-1,6,0,5,-1,5,7,6            ]
            ccw TRUE
            normalPerVertex TRUE
            normal Normal {
              vector [
-1 -0 0,1 0 0,0 -1 0,0 0 -1,0 -0.89155 0.45292,0 0.89155 0.45292,0 0.51659 -0.85623,0 -0.51659 -0.85623              ]
            }
            normalIndex [
0,0,0,-1,0,0,0,-1,0,0,0,-1,0,0,0,-1,1,1,1,-1,1,1,1,-1,1,1,1,-1,1,1,1,-1,2,2,2,-1,2,2,2,-1,3,3,3,-1,3,3,3,-1,4,4,4,-1,4,4,4,-1,5,5,5,-1,5,5,5,-1,6,6,6,-1,6,6,6,-1,7,7,7,-1,7,7,7            ]
          }
        }
        Shape {
          appearance USE M0
          geometry IndexedFaceSet {
            coord Coordinate {
              point [
19290.62629211 4243.69296638 14304.63035921,19412.37312066 4075.85677193 14304.63035002,19411.68971261 4075.85677207 14304.63035007,19003.86536619 4248.17764022 14304.63038086,19418.60344102 4423.41987983 14304.63034955,19418.60344038 4420.11817305 14304.63034955,19290.62629517 4243.69296638 14345.13134722,19418.60344343 4420.11817305 14345.13133756,19418.60344408 4423.41987983 14345.13133756,19003.86536924 4248.17764022 14345.13136887,19411.68971566 4075.85677207 14345.13133808,19412.37312372 4075.85677193 14345.13133803              ]
            }
            coordIndex [
0,1,2,-1,3,4,5,-1,0,2,3,-1,3,5,0,-1,6,7,8,-1,9,10,11,-1,6,8,9,-1,9,11,6,-1,2,1,11,-1,11,10,2,-1,8,7,5,-1,5,4,8,-1,10,9,3,-1,3,2,10,-1,3,9,8,-1,8,4,3,-1,6,11,1,-1,1,0,6,-1,6,0,5,-1,5,7,6            ]
            ccw TRUE
            normalPerVertex TRUE
            normal Normal {
              vector [
-1 -0 0,1 0 0,0 -1 0,0 0 -1,0 -0.89155 0.45292,0 0.89155 0.45292,0 0.51659 -0.85623,0 -0.51659 -0.85623              ]
            }
            normalIndex [
0,0,0,-1,0,0,0,-1,0,0,0,-1,0,0,0,-1,1,1,1,-1,1,1,1,-1,1,1,1,-1,1,1,1,-1,2,2,2,-1,2,2,2,-1,3,3,3,-1,3,3,3,-1,4,4,4,-1,4,4,4,-1,5,5,5,-1,5,5,5,-1,6,6,6,-1,6,6,6,-1,7,7,7,-1,7,7,7            ]
          }
        }
        Shape {
          appearance USE M0
          geometry IndexedFaceSet {
            coord Coordinate {
              point [
24990.62629211 3875.43222419 14304.63035921,25112.37312066 3707.59602975 14304.63035002,25111.68971261 3707.59602988 14304.63035007,24703.86536619 3879.91689803 14304.63038086,25118.60344102 4055.15913764 14304.63034955,25118.60344038 4051.85743086 14304.63034955,24990.62629517 3875.43222419 14345.13134722,25118.60344343 4051.85743086 14345.13133756,25118.60344408 4055.15913764 14345.13133756,24703.86536924 3879.91689803 14345.13136887,25111.68971566 3707.59602988 14345.13133808,25112.37312372 3707.59602975 14345.13133803              ]
            }
            coordIndex [
0,1,2,-1,3,4,5,-1,0,2,3,-1,3,5,0,-1,6,7,8,-1,9,10,11,-1,6,8,9,-1,9,11,6,-1,2,1,11,-1,11,10,2,-1,8,7,5,-1,5,4,8,-1,10,9,3,-1,3,2,10,-1,3,9,8,-1,8,4,3,-1,6,11,1,-1,1,0,6,-1,6,0,5,-1,5,7,6            ]
            ccw TRUE
            normalPerVertex TRUE
            normal Normal {
              vector [
-1 -0 0,1 0 0,0 -1 0,0 0 -1,0 -0.89155 0.45292,0 0.89155 0.45292,0 0.51659 -0.85623,0 -0.51659 -0.85623              ]
            }
            normalIndex [
0,0,0,-1,0,0,0,-1,0,0,0,-1,0,0,0,-1,1,1,1,-1,1,1,1,-1,1,1,1,-1,1,1,1,-1,2,2,2,-1,2,2,2,-1,3,3,3,-1,3,3,3,-1,4,4,4,-1,4,4,4,-1,5,5,5,-1,5,5,5,-1,6,6,6,-1,6,6,6,-1,7,7,7,-1,7,7,7            ]
          }
        }
        Shape {
          appearance USE M0
          geometry IndexedFaceSet {
            coord Coordinate {
              point [
12890.62629211 3043.69296638 14803.67332796,13012.37312066 2875.85677193 14803.67331877,13011.68971261 2875.85677207 14803.67331882,12603.86536619 3048.17764022 14803.67334961,13018.60344102 3223.41987983 14803.6733183,13018.60344038 3220.11817305 14803.6733183,12890.62629517 3043.69296638 14844.17431597,13018.60344343 3220.11817305 14844.17430631,13018.60344408 3223.41987983 14844.17430631,12603.86536924 3048.17764022 14844.17433762,13011.68971566 2875.85677207 14844.17430683,13012.37312372 2875.85677193 14844.17430678              ]
            }
            coordIndex [
0,1,2,-1,3,4,5,-1,0,2,3,-1,3,5,0,-1,6,7,8,-1,9,10,11,-1,6,8,9,-1,9,11,6,-1,2,1,11,-1,11,10,2,-1,8,7,5,-1,5,4,8,-1,10,9,3,-1,3,2,10,-1,3,9,8,-1,8,4,3,-1,6,11,1,-1,1,0,6,-1,6,0,5,-1,5,7,6            ]
            ccw TRUE
            normalPerVertex TRUE
            normal Normal {
              vector [
-1 -0 0,1 0 0,0 -1 0,0 0 -1,0 -0.89155 0.45292,0 0.89155 0.45292,0 0.51659 -0.85623,0 -0.51659 -0.85623              ]
            }
            normalIndex [
0,0,0,-1,0,0,0,-1,0,0,0,-1,0,0,0,-1,1,1,1,-1,1,1,1,-1,1,1,1,-1,1,1,1,-1,2,2,2,-1,2,2,2,-1,3,3,3,-1,3,3,3,-1,4,4,4,-1,4,4,4,-1,5,5,5,-1,5,5,5,-1,6,6,6,-1,6,6,6,-1,7,7,7,-1,7,7,7            ]
          }
        }
        Shape {
          appearance USE M0
          geometry IndexedFaceSet {
            coord Coordinate {
              point [
22090.62629211 4243.69296638 13057.02196077,22212.37312066 4075.85677193 13057.02195158,22211.68971261 4075.85677207 13057.02195163,21803.86536619 4248.17764022 13057.02198242,22218.60344102 4423.41987983 13057.02195111,22218.60344038 4420.11817305 13057.02195111,22090.62629517 4243.69296638 13097.52294878,22218.60344343 4420.11817305 13097.52293912,22218.60344408 4423.41987983 13097.52293912,21803.86536924 4248.17764022 13097.52297043,22211.68971566 4075.85677207 13097.52293964,22212.37312372 4075.85677193 13097.52293959              ]
            }
            coordIndex [
0,1,2,-1,3,4,5,-1,0,2,3,-1,3,5,0,-1,6,7,8,-1,9,10,11,-1,6,8,9,-1,9,11,6,-1,2,1,11,-1,11,10,2,-1,8,7,5,-1,5,4,8,-1,10,9,3,-1,3,2,10,-1,3,9,8,-1,8,4,3,-1,6,11,1,-1,1,0,6,-1,6,0,5,-1,5,7,6            ]
            ccw TRUE
            normalPerVertex TRUE
            normal Normal {
              vector [
-1 -0 0,1 0 0,0 -1 0,0 0 -1,0 -0.89155 0.45292,0 0.89155 0.45292,0 0.51659 -0.85623,0 -0.51659 -0.85623              ]
            }
            normalIndex [
0,0,0,-1,0,0,0,-1,0,0,0,-1,0,0,0,-1,1,1,1,-1,1,1,1,-1,1,1,1,-1,1,1,1,-1,2,2,2,-1,2,2,2,-1,3,3,3,-1,3,3,3,-1,4,4,4,-1,4,4,4,-1,5,5,5,-1,5,5,5,-1,6,6,6,-1,6,6,6,-1,7,7,7,-1,7,7,7            ]
          }
        }
        Shape {
          appearance USE M0
          geometry IndexedFaceSet {
            coord Coordinate {
              point [
31390.62629211 3875.43222419 14803.67332796,31512.37312066 3707.59602975 14803.67331877,31511.68971261 3707.59602988 14803.67331882,31103.86536619 3879.91689803 14803.67334961,31518.60344102 4055.15913764 14803.6733183,31518.60344038 4051.85743086 14803.6733183,31390.62629517 3875.43222419 14844.17431597,31518.60344343 4051.85743086 14844.17430631,31518.60344408 4055.15913764 14844.17430631,31103.86536924 3879.91689803 14844.17433762,31511.68971566 3707.59602988 14844.17430683,31512.37312372 3707.59602975 14844.17430678              ]
            }
            coordIndex [
0,1,2,-1,3,4,5,-1,0,2,3,-1,3,5,0,-1,6,7,8,-1,9,10,11,-1,6,8,9,-1,9,11,6,-1,2,1,11,-1,11,10,2,-1,8,7,5,-1,5,4,8,-1,10,9,3,-1,3,2,10,-1,3,9,8,-1,8,4,3,-1,6,11,1,-1,1,0,6,-1,6,0,5,-1,5,7,6            ]
            ccw TRUE
            normalPerVertex TRUE
            normal Normal {
              vector [
-1 -0 0,1 0 0,0 -1 0,0 0 -1,0 -0.89155 0.45292,0 0.89155 0.45292,0 0.51659 -0.85623,0 -0.51659 -0.85623              ]
            }
            normalIndex [
0,0,0,-1,0,0,0,-1,0,0,0,-1,0,0,0,-1,1,1,1,-1,1,1,1,-1,1,1,1,-1,1,1,1,-1,2,2,2,-1,2,2,2,-1,3,3,3,-1,3,3,3,-1,4,4,4,-1,4,4,4,-1,5,5,5,-1,5,5,5,-1,6,6,6,-1,6,6,6,-1,7,7,7,-1,7,7,7            ]
          }
        }
        Shape {
          appearance USE M0
          geometry IndexedFaceSet {
            coord Coordinate {
              point [
46890.62629211 4707.17099373 14554.15184359,47012.37312066 4539.33479928 14554.1518344,47011.68971261 4539.33479941 14554.15183445,46603.86536619 4711.65566756 14554.15186524,47018.60344102 4886.89790717 14554.15183393,47018.60344038 4883.59620039 14554.15183393,46890.62629517 4707.17099373 14594.65283159,47018.60344343 4883.59620039 14594.65282193,47018.60344408 4886.89790717 14594.65282193,46603.86536924 4711.65566756 14594.65285324,47011.68971566 4539.33479941 14594.65282245,47012.37312372 4539.33479928 14594.6528224              ]
            }
            coordIndex [
0,1,2,-1,3,4,5,-1,0,2,3,-1,3,5,0,-1,6,7,8,-1,9,10,11,-1,6,8,9,-1,9,11,6,-1,2,1,11,-1,11,10,2,-1,8,7,5,-1,5,4,8,-1,10,9,3,-1,3,2,10,-1,3,9,8,-1,8,4,3,-1,6,11,1,-1,1,0,6,-1,6,0,5,-1,5,7,6            ]
            ccw TRUE
            normalPerVertex TRUE
            normal Normal {
              vector [
-1 -0 0,1 0 0,0 -1 0,0 0 -1,0 -0.89155 0.45292,0 0.89155 0.45292,0 0.51659 -0.85623,0 -0.51659 -0.85623              ]
            }
            normalIndex [
0,0,0,-1,0,0,0,-1,0,0,0,-1,0,0,0,-1,1,1,1,-1,1,1,1,-1,1,1,1,-1,1,1,1,-1,2,2,2,-1,2,2,2,-1,3,3,3,-1,3,3,3,-1,4,4,4,-1,4,4,4,-1,5,5,5,-1,5,5,5,-1,6,6,6,-1,6,6,6,-1,7,7,7,-1,7,7,7            ]
          }
        }
        Shape {
          appearance USE M0
          geometry IndexedFaceSet {
            coord Coordinate {
              point [
31390.62629211 3443.69272224 12807.49949984,31512.37312066 3275.85652779 12807.49949065,31511.68971261 3275.85652793 12807.4994907,31103.86536619 3448.17739608 12807.49952149,31518.60344102 3623.41963569 12807.49949018,31518.60344038 3620.11792891 12807.49949018,31390.62629517 3443.69272224 12848.00048784,31518.60344343 3620.11792891 12848.00047818,31518.60344408 3623.41963569 12848.00047818,31103.86536924 3448.17739608 12848.00050949,31511.68971566 3275.85652793 12848.0004787,31512.37312372 3275.85652779 12848.00047865              ]
            }
            coordIndex [
0,1,2,-1,3,4,5,-1,0,2,3,-1,3,5,0,-1,6,7,8,-1,9,10,11,-1,6,8,9,-1,9,11,6,-1,2,1,11,-1,11,10,2,-1,8,7,5,-1,5,4,8,-1,10,9,3,-1,3,2,10,-1,3,9,8,-1,8,4,3,-1,6,11,1,-1,1,0,6,-1,6,0,5,-1,5,7,6            ]
            ccw TRUE
            normalPerVertex TRUE
            normal Normal {
              vector [
-1 -0 0,1 0 0,0 -1 0,0 0 -1,0 -0.89155 0.45292,0 0.89155 0.45292,0 0.51659 -0.85623,0 -0.51659 -0.85623              ]
            }
            normalIndex [
0,0,0,-1,0,0,0,-1,0,0,0,-1,0,0,0,-1,1,1,1,-1,1,1,1,-1,1,1,1,-1,1,1,1,-1,2,2,2,-1,2,2,2,-1,3,3,3,-1,3,3,3,-1,4,4,4,-1,4,4,4,-1,5,5,5,-1,5,5,5,-1,6,6,6,-1,6,6,6,-1,7,7,7,-1,7,7,7            ]
          }
        }
        Shape {
          appearance DEF M4 Appearance {
            material Material {
              diffuseColor 0.78354 0.78354 0.78354
              emissiveColor 0 0 0
              shininess 0
            }
          }
          geometry IndexedFaceSet {
            coord Coordinate {
              point [
-2213.80004883 3956.92352546 12216.24538251,-2213.80004883 3956.94034148 12216.24538251,-2212.60070801 3957.55587104 12216.16225411,-2213.80004883 3957.60568454 12216.24538232,-2211.50054932 3958.15458462 12216.16225394,-2213.80004883 3958.26277825 12216.24538213,-2210.8001709 3958.7034847 12216.07912556,-2213.80004883 3958.87005847 12216.24538196,-2210.49957275 3959.19432196 12216.07912542,-2207.20062256 3958.99475069 12215.82974081,-2210.8001709 3959.59346434 12216.07912531,-2213.80004883 3959.83459969 12216.24538169,-2213.80004883 3959.40214256 12216.24538181,-2213.80004883 3960.1591805 12216.2453816,-2211.50054932 3959.90122916 12216.16225345,-2207.8994751 3959.36882772 12215.91286893,-2209.50012207 3959.67659254 12215.99599707,-2205.29937744 3959.19432186 12215.74661253,-2204.10003662 3958.82817692 12215.66348441,-2205.29937744 3958.42078519 12215.74661275,-2200.79956055 3958.69523514 12215.41409978,-2207.8994751 3958.55372694 12215.91286916,-2205.29937744 3958.47059867 12215.74661274,-2204.10003662 3958.36240504 12215.66348454,-2205.29937744 3958.13808577 12215.74661283,-2205.29937744 3958.85324232 12215.74661263,-2204.10003662 3958.67016983 12215.66348446,-2205.29937744 3959.15275775 12215.74661254,-2204.10003662 3958.95318653 12215.66348438,-2204.10003662 3959.11119361 12215.66348433,-2207.8994751 3959.40214247 12215.91286892,-2209.50012207 3959.43545724 12215.99599713,-2207.8994751 3959.2609514 12215.91286896,-2211.59973145 3959.48527076 12216.16225357,-2210.8001709 3959.3605784 12216.07912538,-2207.29980469 3959.11119366 12215.82974078,-2210.49957275 3959.2523848 12216.07912541,-2210.8001709 3959.15275784 12216.07912544,-2207.8994751 3959.01124945 12215.91286903,-2211.59973145 3959.07787901 12216.16225368,-2209.50012207 3958.94461998 12215.99599727,-2212.60070801 3959.00300015 12216.1622537,-2211.59973145 3958.89480655 12216.16225373,-2207.8994751 3958.81167825 12215.91286909,-2210.8001709 3958.78661292 12216.07912554,-2207.29980469 3958.66192052 12215.82974091,-2210.49957275 3958.67016995 12216.07912557,-2210.8001709 3958.55372698 12216.07912561,-2207.8994751 3958.51216282 12215.91286917,-2211.59973145 3958.43728404 12216.16225386,-2209.50012207 3958.36240513 12215.99599744,-2212.60070801 3958.3125917 12216.1622539,-2211.59973145 3958.21296475 12216.16225392,-2207.8994751 3958.27102752 12215.91286924,-2210.8001709 3958.09652176 12216.07912573,-2207.20062256 3958.15458453 12215.82974105,-2210.49957275 3957.98007879 12216.07912577,-2210.8001709 3957.85506917 12216.0791258,-2207.8994751 3957.9883281 12215.91286932,-2211.50054932 3957.73037686 12216.16225406,-2209.50012207 3957.78875694 12215.9959976,-2212.60070801 3957.61393389 12216.16225409,-2211.50054932 3957.57236978 12216.16225411,-2207.8994751 3957.84681976 12215.91286936,-2210.8001709 3957.54730437 12216.07912589,-2207.29980469 3957.91344922 12215.82974112,-2204.10003662 3958.28752618 12215.66348456,-2207.8994751 3957.98007874 12215.91286932,-2210.8001709 3957.52255627 12216.0791259,-2211.50054932 3957.53080566 12216.16225412,-2209.50012207 3958.06320699 12215.99599752,-2213.80004883 3956.98190559 12216.2453825,-2213.80004883 3957.04853508 12216.24538248,-2210.49957275 3957.52255627 12216.0791259,-2213.80004883 3957.1316633 12216.24538245,-2213.80004883 3957.23953962 12216.24538242,-2213.80004883 3957.35598259 12216.24538239,-2213.80004883 3957.48924158 12216.24538235,-2213.80004883 3957.63074993 12216.24538231,-2213.80004883 3957.63899929 12216.24538231,-2213.80004883 3957.6805634 12216.2453823,-2213.80004883 3957.74719289 12216.24538228,-2213.80004883 3957.83032112 12216.24538226,-2213.80004883 3957.93819744 12216.24538223,-2213.80004883 3958.05464041 12216.24538219,-2213.80004883 3958.18789939 12216.24538216,-2213.80004883 3958.32940774 12216.24538212,-2213.80004883 3958.41253596 12216.24538209,-2213.80004883 3958.50391355 12216.24538207,-2213.80004883 3958.58704178 12216.24538204,-2213.80004883 3958.67873665 12216.24538202,-2213.80004883 3958.76186487 12216.24538199,-2213.80004883 3958.85324246 12216.24538197,-2213.80004883 3958.93637068 12216.24538194,-2213.80004883 3959.02806556 12216.24538192,-2213.80004883 3959.11119378 12216.24538189,-2213.80004883 3959.20257137 12216.24538187,-2213.80004883 3959.28569959 12216.24538185,-2213.80004883 3959.37739446 12216.24538182,-2213.80004883 3959.46877205 12216.24538179,-2213.80004883 3959.55190028 12216.24538177,-2213.80004883 3959.64327786 12216.24538174,-2212.60070801 3959.61852974 12216.16225353,-2213.80004883 3959.72672337 12216.24538172,-2213.80004883 3959.7432221 12216.24538172,-2211.50054932 3959.60171373 12216.16225353,-2213.80004883 3959.78478621 12216.2453817,-2210.8001709 3959.62677909 12216.0791253,-2213.80004883 3959.84316634 12216.24538169,-2210.49957275 3959.68515921 12216.07912529,-2207.29980469 3959.41895846 12215.82974069,-2210.8001709 3959.78478617 12216.07912526,-2207.8994751 3959.51033607 12215.91286889,-2211.50054932 3959.93454391 12216.16225344,-2213.80004883 3960.04273753 12216.24538163,-2213.80004883 3959.93454393 12216.24538166,-2212.60070801 3960.12586573 12216.16225339,-2213.80004883 3960.2921222 12216.24538156,-2213.80004883 3960.42538119 12216.24538152,-2213.80004883 3960.35875169 12216.24538154              ]
            }
            coordIndex [
0,1,2,-1,0,2,3,-1,3,2,4,-1,3,4,5,-1,5,4,6,-1,5,6,7,-1,7,6,8,-1,6,9,8,-1,10,8,9,-1,11,12,8,-1,13,10,14,-1,14,10,15,-1,10,9,15,-1,14,15,16,-1,16,15,17,-1,15,9,18,-1,15,18,17,-1,19,20,18,-1,21,19,18,-1,21,18,9,-1,17,18,20,-1,22,20,23,-1,24,23,20,-1,25,20,26,-1,22,26,20,-1,27,20,28,-1,25,28,20,-1,17,20,29,-1,27,29,20,-1,30,29,27,-1,31,30,27,-1,31,27,32,-1,32,27,28,-1,33,31,32,-1,33,32,34,-1,34,32,35,-1,32,28,35,-1,34,35,36,-1,37,36,35,-1,37,35,38,-1,38,35,28,-1,39,37,38,-1,39,38,40,-1,40,38,25,-1,38,28,25,-1,41,39,40,-1,41,40,42,-1,42,40,43,-1,40,25,43,-1,42,43,44,-1,44,43,45,-1,43,25,26,-1,43,26,45,-1,44,45,46,-1,47,46,45,-1,47,45,48,-1,48,45,26,-1,49,47,48,-1,49,48,50,-1,50,48,22,-1,48,26,22,-1,51,49,50,-1,51,50,52,-1,52,50,53,-1,50,22,53,-1,52,53,54,-1,54,53,55,-1,53,22,23,-1,53,23,55,-1,54,55,56,-1,57,56,55,-1,57,55,58,-1,58,55,23,-1,59,58,60,-1,60,58,24,-1,58,23,24,-1,61,59,60,-1,61,60,62,-1,62,60,63,-1,60,24,63,-1,62,63,64,-1,64,63,65,-1,63,24,66,-1,63,66,65,-1,67,65,66,-1,67,66,19,-1,68,65,67,-1,69,68,67,-1,69,67,70,-1,70,67,19,-1,2,69,70,-1,2,70,4,-1,4,70,21,-1,70,19,21,-1,71,68,69,-1,1,71,69,-1,1,69,2,-1,71,72,68,-1,72,73,68,-1,72,74,73,-1,75,73,74,-1,68,73,65,-1,64,65,73,-1,75,64,73,-1,76,64,75,-1,76,62,64,-1,77,62,76,-1,77,61,62,-1,78,61,77,-1,78,79,61,-1,79,59,61,-1,79,80,59,-1,80,81,57,-1,81,56,57,-1,81,82,56,-1,83,56,82,-1,83,54,56,-1,84,54,83,-1,84,52,54,-1,85,52,84,-1,85,51,52,-1,86,51,85,-1,86,87,51,-1,87,49,51,-1,87,88,49,-1,88,47,49,-1,88,89,47,-1,89,46,47,-1,89,90,46,-1,91,46,90,-1,91,44,46,-1,92,44,91,-1,92,42,44,-1,93,42,92,-1,93,41,42,-1,94,41,93,-1,94,95,41,-1,95,39,41,-1,95,96,39,-1,96,37,39,-1,96,97,37,-1,97,36,37,-1,97,98,36,-1,99,36,98,-1,99,34,36,-1,100,34,99,-1,100,33,34,-1,101,33,100,-1,101,102,33,-1,103,102,101,-1,103,104,102,-1,104,105,102,-1,104,106,105,-1,106,107,105,-1,102,105,31,-1,105,107,30,-1,105,30,31,-1,108,109,107,-1,106,108,107,-1,107,109,110,-1,107,110,30,-1,111,110,109,-1,30,110,29,-1,112,29,110,-1,111,112,110,-1,113,112,111,-1,13,113,111,-1,13,111,114,-1,114,111,109,-1,114,109,115,-1,108,115,109,-1,116,16,113,-1,117,116,113,-1,117,113,13,-1,113,16,112,-1,118,116,117,-1,118,119,116,-1,119,14,116,-1,119,13,14,-1,116,14,16,-1,16,17,112,-1,112,17,29,-1,102,31,33,-1,4,21,6,-1,6,21,9            ]
            ccw TRUE
            normalPerVertex TRUE
            normal Normal {
              vector [
-0.08098 0.99672 0,0.08311 -0.99654 0,0.07686 -0.99044 -0.11457,0.04339 -0.99906 0,0.0488 -0.99391 0.0988,0.06654 -0.99778 0,0.06429 -0.99738 -0.03316,0.08717 -0.9953 -0.04227,0.09434 -0.99394 0.05637,0.06035 -0.99818 0,0.0089 -0.96956 -0.24467,0.05248 -0.98581 -0.15943,0.05599 -0.99016 -0.12828,0.05583 -0.98981 -0.13102,0.05552 -0.98909 -0.13645,0.14112 -0.92828 0.34407,0.08375 -0.99087 0.10569,0.05536 -0.98872 -0.13916,0.07478 -0.99707 -0.01595,0.08969 -0.99588 -0.01313,0.07763 -0.99693 0.00974,0.07083 -0.99292 0.0954,0.06986 -0.99272 0.09811,0.07317 -0.99336 0.08884,0.09187 -0.99559 0.01882,-0.08675 0.99589 -0.02614,-0.09827 0.99349 0.05759,-0.08981 0.99547 -0.0311,-0.091 0.99536 0.03138,-0.09642 0.99375 -0.0563,-0.08716 0.99571 0.03092,0.07253 -0.99348 -0.08792,-0.08032 0.99527 0.05469,-0.08566 0.9944 -0.06183,-0.05773 0.98292 0.17474,-0.08341 0.97753 -0.1936,-0.0745 0.99676 0.03044,-0.09887 0.95209 -0.28941,-0.05036 0.93783 0.34343,-0.05023 0.93822 0.34237,-0.05007 0.93871 0.34105,-0.04993 0.93913 0.33992,-0.03359 0.91349 0.40547,-0.10401 0.96814 -0.2278,-0.08015 0.97789 0.19316,-0.08575 0.93676 -0.33929,-0.07912 0.92187 -0.37933,-0.08355 0.95119 -0.29707,-0.07304 0.96823 0.23917,-0.06766 0.98933 0.12899,-0.07956 0.99648 -0.02638,-0.04474 0.86664 0.49692,-0.06693 0.85516 -0.51402,-0.08508 0.96818 -0.23536,-0.0731 0.9884 -0.13313,-0.06904 0.95313 0.29458,-0.06902 0.95367 0.29284,-0.06899 0.95446 0.29025,-0.06897 0.95499 0.2885,-0.07727 0.99676 0.02255,-0.06003 0.94146 0.33174,-0.09205 0.97771 -0.1887,-0.0908 0.97832 0.18613,-0.07107 0.95656 -0.28274,-0.05744 0.93947 -0.33779,-0.07098 0.96101 -0.26723,-0.08429 0.97688 0.19649,-0.07394 0.98996 0.12045,-0.07741 0.99678 -0.02087,-0.06618 0.8943 0.44254,-0.05068 0.90591 -0.42042,-0.07525 0.9773 -0.19805,-0.06817 0.99277 -0.09884,-0.08269 0.97411 0.2104,-0.08515 0.96416 0.25129,-0.07941 0.99658 0.02279,-0.08343 0.9571 0.27748,-0.07873 0.98384 -0.16081,-0.10168 0.97586 0.19329,-0.04905 0.95426 -0.29493,-0.03141 0.92921 -0.3682,-0.10557 0.94937 0.29591,-0.08778 0.97693 0.19469,-0.07333 0.99687 -0.02939,-0.09223 0.66866 0.73783,-0.02235 0.86472 -0.50175,-0.04047 0.92355 -0.38134,-0.05434 0.98348 -0.17265,-0.11286 0.91575 0.38558,-0.12121 -0.09913 0.98767,0.02367 -0.95853 0.28401,-0.14144 0.06318 0.98793,0.10811 -0.92591 -0.36195,0.08047 -0.99667 -0.01355,0.12049 -0.95333 -0.27685,0.12902 -0.93867 -0.31977,0.12966 -0.94055 -0.31394,0.12864 -0.93752 -0.32328,0.06812 -0.99335 0.09276,0.06533 -0.99606 0.05998,0.00768 -0.95943 0.28183,0.09074 -0.98578 -0.14142,0.09428 -0.99202 -0.08376,0.07466 -0.99652 -0.03717,0.13003 -0.94165 -0.31046,-0.04269 0.99909 0,0.00347 -0.99216 0.12494,-0.06607 0.99782 0,0 -0.94335 0.3318,-0.06036 0.99818 0,-0.06034 0.99818 0,-0.06033 0.99818 0,-0.06031 0.99818 0,0 -0.85558 0.51766,-0.03542 0.93975 -0.34001,-0.02842 0.95664 -0.28987,-0.06697 0.99776 0,-0.09642 0.83986 0.53416,-0.04345 0.99906 0,-0.02003 0.90235 -0.43054,-0.07929 0.99685 0,-0.07751 0.99699 -0,-0.08341 0.99652 0,-0.07526 0.99716 0,-0.06179 0.88009 0.47077,-0.04335 0.99906 0,-0.06615 0.99781 0,-0.07221 0.98667 0.14586,-0.06037 0.99818 0,-0.06038 0.99818 0,-0.06039 0.99817 0,-0.05787 0.99031 -0.12626,-0.06687 0.99776 0,-0.0683 0.95274 0.296,-0.04543 0.99897 0,-0.03841 0.94575 -0.32261,-0.08291 0.99656 0,-0.08305 0.99655 0,-0.08243 0.9966 0,-0.04732 0.94743 0.31644,-0.04558 0.99896 0,-0.05474 0.93185 -0.35869,-0.06695 0.99776 0,-0.06372 0.98824 0.13903,-0.06089 0.99814 0,-0.06041 0.99817 0,-0.06043 0.99817 0,-0.05992 0.9982 0,-0.06459 0.98802 -0.14016,-0.06682 0.99777 0,-0.05033 0.91471 0.40097,-0.04568 0.99896 0,-0.05044 0.91959 -0.38964,-0.08307 0.99654 0,-0.08304 0.99655 0,-0.08267 0.99658 0,-0.08345 0.99651 0,-0.03484 0.92142 0.387,-0.04532 0.99897 0,-0.06885 0.90981 -0.40928,-0.06596 0.99782 0,-0.0585 0.98735 0.14734,-0.06004 0.9982 0,-0.0604 0.99817 0,-0.06039 0.99817 0,-0.06074 0.99815 0,-0.0727 0.98268 -0.17046,-0.02245 0.88038 0.47374,-0.08377 0.84781 -0.52365,-0.08206 0.99663 0,-0.08144 0.99668 -0,-0.0833 0.99652 0,0.01135 0.79584 0.6054,-0.04271 0.99909 0,-0.091 0.80902 -0.5807,0.01403 0.62362 0.7816,-0.10518 0.88329 -0.45687,-0.04511 0.90155 0.43032,-0.04732 0.97754 0.20537,-0.06643 0.99779 0,-0.06295 0.96432 0.25715,-0.11267 0.7989 -0.59082,-0.11888 0.95103 -0.28531,-0.11605 0.80732 -0.57858,0.06127 0.53428 0.84308,0.05417 0.59442 0.80233,-0.00919 0.89731 0.4413,0.03295 0.8146 0.57908,-0.06661 0.99778 0,-0.08773 0.97102 -0.22232,-0.06042 0.99817 0,-0.06042 0.99817 0,-0.06054 0.99817 0,-0.17809 0.4657 -0.86684,-0.18768 0.44702 -0.87461,-0.04331 0.99906 0,-0.0593 -0.64834 -0.75904,-0.08292 0.99656 0,0.08228 -0.99661 0,0.24225 -0.13347 0.96099,0.04333 -0.99906 0,0.16057 -0.72744 0.66712,-0.01751 -0.79728 -0.60335,0.09159 -0.99314 0.07267,-0.09341 0.8064 -0.58395,0.0731 -0.99488 0.06976,0.07411 -0.99352 0.08618              ]
            }
            normalIndex [
0,0,0,-1,1,1,1,-1,2,2,2,-1,3,3,3,-1,4,4,4,-1,5,5,5,-1,6,6,6,-1,7,7,7,-1,8,8,8,-1,9,9,9,-1,10,10,10,-1,11,11,11,-1,12,13,14,-1,15,15,15,-1,16,16,16,-1,14,13,17,-1,18,18,18,-1,19,19,19,-1,20,20,20,-1,21,22,23,-1,24,24,24,-1,25,25,25,-1,26,26,26,-1,27,27,27,-1,28,28,28,-1,29,29,29,-1,30,30,30,-1,31,31,31,-1,32,32,32,-1,33,33,33,-1,34,34,34,-1,35,35,35,-1,36,36,36,-1,37,37,37,-1,38,39,40,-1,40,39,41,-1,42,42,42,-1,43,43,43,-1,44,44,44,-1,45,45,45,-1,46,46,46,-1,47,47,47,-1,48,48,48,-1,49,49,49,-1,50,50,50,-1,51,51,51,-1,52,52,52,-1,53,53,53,-1,54,54,54,-1,55,56,57,-1,57,56,58,-1,59,59,59,-1,60,60,60,-1,61,61,61,-1,62,62,62,-1,63,63,63,-1,64,64,64,-1,65,65,65,-1,66,66,66,-1,67,67,67,-1,68,68,68,-1,69,69,69,-1,70,70,70,-1,71,71,71,-1,72,72,72,-1,73,73,73,-1,74,74,74,-1,75,75,75,-1,76,76,76,-1,77,77,77,-1,78,78,78,-1,79,79,79,-1,80,80,80,-1,81,81,81,-1,82,82,82,-1,83,83,83,-1,84,84,84,-1,85,85,85,-1,86,86,86,-1,87,87,87,-1,88,88,88,-1,89,89,89,-1,90,90,90,-1,91,91,91,-1,92,92,92,-1,93,93,93,-1,94,94,94,-1,95,96,97,-1,98,98,98,-1,99,99,99,-1,100,100,100,-1,101,101,101,-1,102,102,102,-1,103,103,103,-1,104,96,95,-1,105,105,105,-1,106,106,106,-1,107,107,107,-1,108,108,108,-1,109,110,111,-1,112,111,110,-1,113,113,113,-1,114,114,114,-1,115,115,115,-1,116,116,116,-1,117,117,117,-1,118,118,118,-1,119,119,119,-1,120,121,122,-1,120,123,121,-1,124,124,124,-1,125,125,125,-1,126,126,126,-1,127,127,127,-1,109,128,129,-1,130,129,128,-1,131,131,131,-1,132,132,132,-1,133,133,133,-1,134,134,134,-1,135,135,135,-1,136,137,122,-1,136,138,137,-1,139,139,139,-1,140,140,140,-1,141,141,141,-1,142,142,142,-1,143,143,143,-1,144,145,146,-1,147,146,145,-1,148,148,148,-1,149,149,149,-1,150,150,150,-1,151,151,151,-1,152,152,152,-1,153,154,155,-1,153,156,154,-1,157,157,157,-1,158,158,158,-1,159,159,159,-1,160,160,160,-1,161,161,161,-1,162,163,164,-1,165,164,163,-1,166,166,166,-1,142,142,142,-1,167,167,167,-1,140,140,140,-1,168,168,168,-1,169,170,171,-1,169,0,170,-1,172,172,172,-1,173,173,173,-1,174,174,174,-1,175,175,175,-1,176,176,176,-1,177,177,177,-1,178,178,178,-1,179,179,179,-1,180,180,180,-1,181,181,181,-1,182,182,182,-1,183,183,183,-1,184,184,184,-1,185,185,185,-1,186,186,186,-1,187,187,187,-1,188,188,188,-1,189,189,189,-1,112,190,191,-1,192,191,190,-1,193,193,193,-1,194,194,194,-1,195,195,195,-1,196,196,196,-1,197,197,197,-1,198,198,198,-1,199,199,199,-1,200,200,200,-1,201,201,201,-1,202,202,202,-1,203,203,203,-1,204,204,204,-1,205,205,205,-1,206,21,23            ]
          }
        }
        Shape {
          appearance USE M0
          geometry IndexedFaceSet {
            coord Coordinate {
              point [
40890.62629211 4707.17099373 13556.06492952,41012.37312066 4539.33479928 13556.06492033,41011.68971261 4539.33479941 13556.06492038,40603.86536619 4711.65566756 13556.06495117,41018.60344102 4886.89790717 13556.06491986,41018.60344038 4883.59620039 13556.06491986,40890.62629517 4707.17099373 13596.56591753,41018.60344343 4883.59620039 13596.56590787,41018.60344408 4886.89790717 13596.56590787,40603.86536924 4711.65566756 13596.56593918,41011.68971566 4539.33479941 13596.56590839,41012.37312372 4539.33479928 13596.56590834              ]
            }
            coordIndex [
0,1,2,-1,3,4,5,-1,0,2,3,-1,3,5,0,-1,6,7,8,-1,9,10,11,-1,6,8,9,-1,9,11,6,-1,2,1,11,-1,11,10,2,-1,8,7,5,-1,5,4,8,-1,10,9,3,-1,3,2,10,-1,3,9,8,-1,8,4,3,-1,6,11,1,-1,1,0,6,-1,6,0,5,-1,5,7,6            ]
            ccw TRUE
            normalPerVertex TRUE
            normal Normal {
              vector [
-1 -0 0,1 0 0,0 -1 0,0 0 -1,0 -0.89155 0.45292,0 0.89155 0.45292,0 0.51659 -0.85623,0 -0.51659 -0.85623              ]
            }
            normalIndex [
0,0,0,-1,0,0,0,-1,0,0,0,-1,0,0,0,-1,1,1,1,-1,1,1,1,-1,1,1,1,-1,1,1,1,-1,2,2,2,-1,2,2,2,-1,3,3,3,-1,3,3,3,-1,4,4,4,-1,4,4,4,-1,5,5,5,-1,5,5,5,-1,6,6,6,-1,6,6,6,-1,7,7,7,-1,7,7,7            ]
          }
        }
        Shape {
          appearance USE M0
          geometry IndexedFaceSet {
            coord Coordinate {
              point [
31390.62629211 4243.69296638 13306.54246859,31512.37312066 4075.85677193 13306.5424594,31511.68971261 4075.85677207 13306.54245945,31103.86536619 4248.17764022 13306.54249024,31518.60344102 4423.41987983 13306.54245893,31518.60344038 4420.11817305 13306.54245893,31390.62629517 4243.69296638 13347.04345659,31518.60344343 4420.11817305 13347.04344693,31518.60344408 4423.41987983 13347.04344693,31103.86536924 4248.17764022 13347.04347824,31511.68971566 4075.85677207 13347.04344745,31512.37312372 4075.85677193 13347.0434474              ]
            }
            coordIndex [
0,1,2,-1,3,4,5,-1,0,2,3,-1,3,5,0,-1,6,7,8,-1,9,10,11,-1,6,8,9,-1,9,11,6,-1,2,1,11,-1,11,10,2,-1,8,7,5,-1,5,4,8,-1,10,9,3,-1,3,2,10,-1,3,9,8,-1,8,4,3,-1,6,11,1,-1,1,0,6,-1,6,0,5,-1,5,7,6            ]
            ccw TRUE
            normalPerVertex TRUE
            normal Normal {
              vector [
-1 -0 0,1 0 0,0 -1 0,0 0 -1,0 -0.89155 0.45292,0 0.89155 0.45292,0 0.51659 -0.85623,0 -0.51659 -0.85623              ]
            }
            normalIndex [
0,0,0,-1,0,0,0,-1,0,0,0,-1,0,0,0,-1,1,1,1,-1,1,1,1,-1,1,1,1,-1,1,1,1,-1,2,2,2,-1,2,2,2,-1,3,3,3,-1,3,3,3,-1,4,4,4,-1,4,4,4,-1,5,5,5,-1,5,5,5,-1,6,6,6,-1,6,6,6,-1,7,7,7,-1,7,7,7            ]
          }
        }
        Shape {
          appearance USE M0
          geometry IndexedFaceSet {
            coord Coordinate {
              point [
37690.62629211 4243.69296638 14803.67332796,37812.37312066 4075.85677193 14803.67331877,37811.68971261 4075.85677207 14803.67331882,37403.86536619 4248.17764022 14803.67334961,37818.60344102 4423.41987983 14803.6733183,37818.60344038 4420.11817305 14803.6733183,37690.62629517 4243.69296638 14844.17431597,37818.60344343 4420.11817305 14844.17430631,37818.60344408 4423.41987983 14844.17430631,37403.86536924 4248.17764022 14844.17433762,37811.68971566 4075.85677207 14844.17430683,37812.37312372 4075.85677193 14844.17430678              ]
            }
            coordIndex [
0,1,2,-1,3,4,5,-1,0,2,3,-1,3,5,0,-1,6,7,8,-1,9,10,11,-1,6,8,9,-1,9,11,6,-1,2,1,11,-1,11,10,2,-1,8,7,5,-1,5,4,8,-1,10,9,3,-1,3,2,10,-1,3,9,8,-1,8,4,3,-1,6,11,1,-1,1,0,6,-1,6,0,5,-1,5,7,6            ]
            ccw TRUE
            normalPerVertex TRUE
            normal Normal {
              vector [
-1 -0 0,1 0 0,0 -1 0,0 0 -1,0 -0.89155 0.45292,0 0.89155 0.45292,0 0.51659 -0.85623,0 -0.51659 -0.85623              ]
            }
            normalIndex [
0,0,0,-1,0,0,0,-1,0,0,0,-1,0,0,0,-1,1,1,1,-1,1,1,1,-1,1,1,1,-1,1,1,1,-1,2,2,2,-1,2,2,2,-1,3,3,3,-1,3,3,3,-1,4,4,4,-1,4,4,4,-1,5,5,5,-1,5,5,5,-1,6,6,6,-1,6,6,6,-1,7,7,7,-1,7,7,7            ]
          }
        }
        Shape {
          appearance USE M0
          geometry IndexedFaceSet {
            coord Coordinate {
              point [
31390.62629211 4707.17099373 13306.54246859,31512.37312066 4539.33479928 13306.5424594,31511.68971261 4539.33479941 13306.54245945,31103.86536619 4711.65566756 13306.54249024,31518.60344102 4886.89790717 13306.54245893,31518.60344038 4883.59620039 13306.54245893,31390.62629517 4707.17099373 13347.04345659,31518.60344343 4883.59620039 13347.04344693,31518.60344408 4886.89790717 13347.04344693,31103.86536924 4711.65566756 13347.04347824,31511.68971566 4539.33479941 13347.04344745,31512.37312372 4539.33479928 13347.0434474              ]
            }
            coordIndex [
0,1,2,-1,3,4,5,-1,0,2,3,-1,3,5,0,-1,6,7,8,-1,9,10,11,-1,6,8,9,-1,9,11,6,-1,2,1,11,-1,11,10,2,-1,8,7,5,-1,5,4,8,-1,10,9,3,-1,3,2,10,-1,3,9,8,-1,8,4,3,-1,6,11,1,-1,1,0,6,-1,6,0,5,-1,5,7,6            ]
            ccw TRUE
            normalPerVertex TRUE
            normal Normal {
              vector [
-1 -0 0,1 0 0,0 -1 0,0 0 -1,0 -0.89155 0.45292,0 0.89155 0.45292,0 0.51659 -0.85623,0 -0.51659 -0.85623              ]
            }
            normalIndex [
0,0,0,-1,0,0,0,-1,0,0,0,-1,0,0,0,-1,1,1,1,-1,1,1,1,-1,1,1,1,-1,1,1,1,-1,2,2,2,-1,2,2,2,-1,3,3,3,-1,3,3,3,-1,4,4,4,-1,4,4,4,-1,5,5,5,-1,5,5,5,-1,6,6,6,-1,6,6,6,-1,7,7,7,-1,7,7,7            ]
          }
        }
        Shape {
          appearance USE M0
          geometry IndexedFaceSet {
            coord Coordinate {
              point [
22090.62629211 3443.69272224 14055.10789827,22212.37312066 3275.85652779 14055.10788908,22211.68971261 3275.85652793 14055.10788913,21803.86536619 3448.17739608 14055.10791992,22218.60344102 3623.41963569 14055.10788861,22218.60344038 3620.11792891 14055.10788861,22090.62629517 3443.69272224 14095.60888628,22218.60344343 3620.11792891 14095.60887662,22218.60344408 3623.41963569 14095.60887662,21803.86536924 3448.17739608 14095.60890793,22211.68971566 3275.85652793 14095.60887714,22212.37312372 3275.85652779 14095.60887709              ]
            }
            coordIndex [
0,1,2,-1,3,4,5,-1,0,2,3,-1,3,5,0,-1,6,7,8,-1,9,10,11,-1,6,8,9,-1,9,11,6,-1,2,1,11,-1,11,10,2,-1,8,7,5,-1,5,4,8,-1,10,9,3,-1,3,2,10,-1,3,9,8,-1,8,4,3,-1,6,11,1,-1,1,0,6,-1,6,0,5,-1,5,7,6            ]
            ccw TRUE
            normalPerVertex TRUE
            normal Normal {
              vector [
-1 -0 0,1 0 0,0 -1 0,0 0 -1,0 -0.89155 0.45292,0 0.89155 0.45292,0 0.51659 -0.85623,0 -0.51659 -0.85623              ]
            }
            normalIndex [
0,0,0,-1,0,0,0,-1,0,0,0,-1,0,0,0,-1,1,1,1,-1,1,1,1,-1,1,1,1,-1,1,1,1,-1,2,2,2,-1,2,2,2,-1,3,3,3,-1,3,3,3,-1,4,4,4,-1,4,4,4,-1,5,5,5,-1,5,5,5,-1,6,6,6,-1,6,6,6,-1,7,7,7,-1,7,7,7            ]
          }
        }
        Shape {
          appearance USE M0
          geometry IndexedFaceSet {
            coord Coordinate {
              point [
19290.62629211 3875.43222419 14304.63035921,19412.37312066 3707.59602975 14304.63035002,19411.68971261 3707.59602988 14304.63035007,19003.86536619 3879.91689803 14304.63038086,19418.60344102 4055.15913764 14304.63034955,19418.60344038 4051.85743086 14304.63034955,19290.62629517 3875.43222419 14345.13134722,19418.60344343 4051.85743086 14345.13133756,19418.60344408 4055.15913764 14345.13133756,19003.86536924 3879.91689803 14345.13136887,19411.68971566 3707.59602988 14345.13133808,19412.37312372 3707.59602975 14345.13133803              ]
            }
            coordIndex [
0,1,2,-1,3,4,5,-1,0,2,3,-1,3,5,0,-1,6,7,8,-1,9,10,11,-1,6,8,9,-1,9,11,6,-1,2,1,11,-1,11,10,2,-1,8,7,5,-1,5,4,8,-1,10,9,3,-1,3,2,10,-1,3,9,8,-1,8,4,3,-1,6,11,1,-1,1,0,6,-1,6,0,5,-1,5,7,6            ]
            ccw TRUE
            normalPerVertex TRUE
            normal Normal {
              vector [
-1 -0 0,1 0 0,0 -1 0,0 0 -1,0 -0.89155 0.45292,0 0.89155 0.45292,0 0.51659 -0.85623,0 -0.51659 -0.85623              ]
            }
            normalIndex [
0,0,0,-1,0,0,0,-1,0,0,0,-1,0,0,0,-1,1,1,1,-1,1,1,1,-1,1,1,1,-1,1,1,1,-1,2,2,2,-1,2,2,2,-1,3,3,3,-1,3,3,3,-1,4,4,4,-1,4,4,4,-1,5,5,5,-1,5,5,5,-1,6,6,6,-1,6,6,6,-1,7,7,7,-1,7,7,7            ]
          }
        }
        Shape {
          appearance USE M0
          geometry IndexedFaceSet {
            coord Coordinate {
              point [
37690.62629211 3043.69296638 14304.63035921,37812.37312066 2875.85677193 14304.63035002,37811.68971261 2875.85677207 14304.63035007,37403.86536619 3048.17764022 14304.63038086,37818.60344102 3223.41987983 14304.63034955,37818.60344038 3220.11817305 14304.63034955,37690.62629517 3043.69296638 14345.13134722,37818.60344343 3220.11817305 14345.13133756,37818.60344408 3223.41987983 14345.13133756,37403.86536924 3048.17764022 14345.13136887,37811.68971566 2875.85677207 14345.13133808,37812.37312372 2875.85677193 14345.13133803              ]
            }
            coordIndex [
0,1,2,-1,3,4,5,-1,0,2,3,-1,3,5,0,-1,6,7,8,-1,9,10,11,-1,6,8,9,-1,9,11,6,-1,2,1,11,-1,11,10,2,-1,8,7,5,-1,5,4,8,-1,10,9,3,-1,3,2,10,-1,3,9,8,-1,8,4,3,-1,6,11,1,-1,1,0,6,-1,6,0,5,-1,5,7,6            ]
            ccw TRUE
            normalPerVertex TRUE
            normal Normal {
              vector [
-1 -0 0,1 0 0,0 -1 0,0 0 -1,0 -0.89155 0.45292,0 0.89155 0.45292,0 0.51659 -0.85623,0 -0.51659 -0.85623              ]
            }
            normalIndex [
0,0,0,-1,0,0,0,-1,0,0,0,-1,0,0,0,-1,1,1,1,-1,1,1,1,-1,1,1,1,-1,1,1,1,-1,2,2,2,-1,2,2,2,-1,3,3,3,-1,3,3,3,-1,4,4,4,-1,4,4,4,-1,5,5,5,-1,5,5,5,-1,6,6,6,-1,6,6,6,-1,7,7,7,-1,7,7,7            ]
          }
        }
        Shape {
          appearance USE M0
          geometry IndexedFaceSet {
            coord Coordinate {
              point [
46890.62629211 4707.17099373 14055.10789827,47012.37312066 4539.33479928 14055.10788908,47011.68971261 4539.33479941 14055.10788913,46603.86536619 4711.65566756 14055.10791992,47018.60344102 4886.89790717 14055.10788861,47018.60344038 4883.59620039 14055.10788861,46890.62629517 4707.17099373 14095.60888628,47018.60344343 4883.59620039 14095.60887662,47018.60344408 4886.89790717 14095.60887662,46603.86536924 4711.65566756 14095.60890793,47011.68971566 4539.33479941 14095.60887714,47012.37312372 4539.33479928 14095.60887709              ]
            }
            coordIndex [
0,1,2,-1,3,4,5,-1,0,2,3,-1,3,5,0,-1,6,7,8,-1,9,10,11,-1,6,8,9,-1,9,11,6,-1,2,1,11,-1,11,10,2,-1,8,7,5,-1,5,4,8,-1,10,9,3,-1,3,2,10,-1,3,9,8,-1,8,4,3,-1,6,11,1,-1,1,0,6,-1,6,0,5,-1,5,7,6            ]
            ccw TRUE
            normalPerVertex TRUE
            normal Normal {
              vector [
-1 -0 0,1 0 0,0 -1 0,0 0 -1,0 -0.89155 0.45292,0 0.89155 0.45292,0 0.51659 -0.85623,0 -0.51659 -0.85623              ]
            }
            normalIndex [
0,0,0,-1,0,0,0,-1,0,0,0,-1,0,0,0,-1,1,1,1,-1,1,1,1,-1,1,1,1,-1,1,1,1,-1,2,2,2,-1,2,2,2,-1,3,3,3,-1,3,3,3,-1,4,4,4,-1,4,4,4,-1,5,5,5,-1,5,5,5,-1,6,6,6,-1,6,6,6,-1,7,7,7,-1,7,7,7            ]
          }
        }
        Shape {
          appearance USE M0
          geometry IndexedFaceSet {
            coord Coordinate {
              point [
46890.62629211 3875.43222419 13057.02196077,47012.37312066 3707.59602975 13057.02195158,47011.68971261 3707.59602988 13057.02195163,46603.86536619 3879.91689803 13057.02198242,47018.60344102 4055.15913764 13057.02195111,47018.60344038 4051.85743086 13057.02195111,46890.62629517 3875.43222419 13097.52294878,47018.60344343 4051.85743086 13097.52293912,47018.60344408 4055.15913764 13097.52293912,46603.86536924 3879.91689803 13097.52297043,47011.68971566 3707.59602988 13097.52293964,47012.37312372 3707.59602975 13097.52293959              ]
            }
            coordIndex [
0,1,2,-1,3,4,5,-1,0,2,3,-1,3,5,0,-1,6,7,8,-1,9,10,11,-1,6,8,9,-1,9,11,6,-1,2,1,11,-1,11,10,2,-1,8,7,5,-1,5,4,8,-1,10,9,3,-1,3,2,10,-1,3,9,8,-1,8,4,3,-1,6,11,1,-1,1,0,6,-1,6,0,5,-1,5,7,6            ]
            ccw TRUE
            normalPerVertex TRUE
            normal Normal {
              vector [
-1 -0 0,1 0 0,0 -1 0,0 0 -1,0 -0.89155 0.45292,0 0.89155 0.45292,0 0.51659 -0.85623,0 -0.51659 -0.85623              ]
            }
            normalIndex [
0,0,0,-1,0,0,0,-1,0,0,0,-1,0,0,0,-1,1,1,1,-1,1,1,1,-1,1,1,1,-1,1,1,1,-1,2,2,2,-1,2,2,2,-1,3,3,3,-1,3,3,3,-1,4,4,4,-1,4,4,4,-1,5,5,5,-1,5,5,5,-1,6,6,6,-1,6,6,6,-1,7,7,7,-1,7,7,7            ]
          }
        }
        Shape {
          appearance USE M0
          geometry IndexedFaceSet {
            coord Coordinate {
              point [
22090.62629211 3043.69296638 14055.10789827,22212.37312066 2875.85677193 14055.10788908,22211.68971261 2875.85677207 14055.10788913,21803.86536619 3048.17764022 14055.10791992,22218.60344102 3223.41987983 14055.10788861,22218.60344038 3220.11817305 14055.10788861,22090.62629517 3043.69296638 14095.60888628,22218.60344343 3220.11817305 14095.60887662,22218.60344408 3223.41987983 14095.60887662,21803.86536924 3048.17764022 14095.60890793,22211.68971566 2875.85677207 14095.60887714,22212.37312372 2875.85677193 14095.60887709              ]
            }
            coordIndex [
0,1,2,-1,3,4,5,-1,0,2,3,-1,3,5,0,-1,6,7,8,-1,9,10,11,-1,6,8,9,-1,9,11,6,-1,2,1,11,-1,11,10,2,-1,8,7,5,-1,5,4,8,-1,10,9,3,-1,3,2,10,-1,3,9,8,-1,8,4,3,-1,6,11,1,-1,1,0,6,-1,6,0,5,-1,5,7,6            ]
            ccw TRUE
            normalPerVertex TRUE
            normal Normal {
              vector [
-1 -0 0,1 0 0,0 -1 0,0 0 -1,0 -0.89155 0.45292,0 0.89155 0.45292,0 0.51659 -0.85623,0 -0.51659 -0.85623              ]
            }
            normalIndex [
0,0,0,-1,0,0,0,-1,0,0,0,-1,0,0,0,-1,1,1,1,-1,1,1,1,-1,1,1,1,-1,1,1,1,-1,2,2,2,-1,2,2,2,-1,3,3,3,-1,3,3,3,-1,4,4,4,-1,4,4,4,-1,5,5,5,-1,5,5,5,-1,6,6,6,-1,6,6,6,-1,7,7,7,-1,7,7,7            ]
          }
        }
        Shape {
          appearance USE M0
          geometry IndexedFaceSet {
            coord Coordinate {
              point [
28190.62629211 3443.69272224 14554.15184359,28312.37312066 3275.85652779 14554.1518344,28311.68971261 3275.85652793 14554.15183445,27903.86536619 3448.17739608 14554.15186524,28318.60344102 3623.41963569 14554.15183393,28318.60344038 3620.11792891 14554.15183393,28190.62629517 3443.69272224 14594.65283159,28318.60344343 3620.11792891 14594.65282193,28318.60344408 3623.41963569 14594.65282193,27903.86536924 3448.17739608 14594.65285324,28311.68971566 3275.85652793 14594.65282245,28312.37312372 3275.85652779 14594.6528224              ]
            }
            coordIndex [
0,1,2,-1,3,4,5,-1,0,2,3,-1,3,5,0,-1,6,7,8,-1,9,10,11,-1,6,8,9,-1,9,11,6,-1,2,1,11,-1,11,10,2,-1,8,7,5,-1,5,4,8,-1,10,9,3,-1,3,2,10,-1,3,9,8,-1,8,4,3,-1,6,11,1,-1,1,0,6,-1,6,0,5,-1,5,7,6            ]
            ccw TRUE
            normalPerVertex TRUE
            normal Normal {
              vector [
-1 -0 0,1 0 0,0 -1 0,0 0 -1,0 -0.89155 0.45292,0 0.89155 0.45292,0 0.51659 -0.85623,0 -0.51659 -0.85623              ]
            }
            normalIndex [
0,0,0,-1,0,0,0,-1,0,0,0,-1,0,0,0,-1,1,1,1,-1,1,1,1,-1,1,1,1,-1,1,1,1,-1,2,2,2,-1,2,2,2,-1,3,3,3,-1,3,3,3,-1,4,4,4,-1,4,4,4,-1,5,5,5,-1,5,5,5,-1,6,6,6,-1,6,6,6,-1,7,7,7,-1,7,7,7            ]
          }
        }
        Shape {
          appearance USE M0
          geometry IndexedFaceSet {
            coord Coordinate {
              point [
44090.62629211 3443.69272224 14304.63035921,44212.37312066 3275.85652779 14304.63035002,44211.68971261 3275.85652793 14304.63035007,43803.86536619 3448.17739608 14304.63038086,44218.60344102 3623.41963569 14304.63034955,44218.60344038 3620.11792891 14304.63034955,44090.62629517 3443.69272224 14345.13134722,44218.60344343 3620.11792891 14345.13133756,44218.60344408 3623.41963569 14345.13133756,43803.86536924 3448.17739608 14345.13136887,44211.68971566 3275.85652793 14345.13133808,44212.37312372 3275.85652779 14345.13133803              ]
            }
            coordIndex [
0,1,2,-1,3,4,5,-1,0,2,3,-1,3,5,0,-1,6,7,8,-1,9,10,11,-1,6,8,9,-1,9,11,6,-1,2,1,11,-1,11,10,2,-1,8,7,5,-1,5,4,8,-1,10,9,3,-1,3,2,10,-1,3,9,8,-1,8,4,3,-1,6,11,1,-1,1,0,6,-1,6,0,5,-1,5,7,6            ]
            ccw TRUE
            normalPerVertex TRUE
            normal Normal {
              vector [
-1 -0 0,1 0 0,0 -1 0,0 0 -1,0 -0.89155 0.45292,0 0.89155 0.45292,0 0.51659 -0.85623,0 -0.51659 -0.85623              ]
            }
            normalIndex [
0,0,0,-1,0,0,0,-1,0,0,0,-1,0,0,0,-1,1,1,1,-1,1,1,1,-1,1,1,1,-1,1,1,1,-1,2,2,2,-1,2,2,2,-1,3,3,3,-1,3,3,3,-1,4,4,4,-1,4,4,4,-1,5,5,5,-1,5,5,5,-1,6,6,6,-1,6,6,6,-1,7,7,7,-1,7,7,7            ]
          }
        }
        Shape {
          appearance USE M0
          geometry IndexedFaceSet {
            coord Coordinate {
              point [
28190.62629211 4707.17099373 14554.15184359,28312.37312066 4539.33479928 14554.1518344,28311.68971261 4539.33479941 14554.15183445,27903.86536619 4711.65566756 14554.15186524,28318.60344102 4886.89790717 14554.15183393,28318.60344038 4883.59620039 14554.15183393,28190.62629517 4707.17099373 14594.65283159,28318.60344343 4883.59620039 14594.65282193,28318.60344408 4886.89790717 14594.65282193,27903.86536924 4711.65566756 14594.65285324,28311.68971566 4539.33479941 14594.65282245,28312.37312372 4539.33479928 14594.6528224              ]
            }
            coordIndex [
0,1,2,-1,3,4,5,-1,0,2,3,-1,3,5,0,-1,6,7,8,-1,9,10,11,-1,6,8,9,-1,9,11,6,-1,2,1,11,-1,11,10,2,-1,8,7,5,-1,5,4,8,-1,10,9,3,-1,3,2,10,-1,3,9,8,-1,8,4,3,-1,6,11,1,-1,1,0,6,-1,6,0,5,-1,5,7,6            ]
            ccw TRUE
            normalPerVertex TRUE
            normal Normal {
              vector [
-1 -0 0,1 0 0,0 -1 0,0 0 -1,0 -0.89155 0.45292,0 0.89155 0.45292,0 0.51659 -0.85623,0 -0.51659 -0.85623              ]
            }
            normalIndex [
0,0,0,-1,0,0,0,-1,0,0,0,-1,0,0,0,-1,1,1,1,-1,1,1,1,-1,1,1,1,-1,1,1,1,-1,2,2,2,-1,2,2,2,-1,3,3,3,-1,3,3,3,-1,4,4,4,-1,4,4,4,-1,5,5,5,-1,5,5,5,-1,6,6,6,-1,6,6,6,-1,7,7,7,-1,7,7,7            ]
          }
        }
        Shape {
          appearance USE M0
          geometry IndexedFaceSet {
            coord Coordinate {
              point [
-3009.37346375 3043.69296638 14554.15184359,-2887.6266352 2875.85677193 14554.1518344,-2888.31004325 2875.85677207 14554.15183445,-3296.13438967 3048.17764022 14554.15186524,-2881.39631484 3223.41987983 14554.15183393,-2881.39631548 3220.11817305 14554.15183393,-3009.37346069 3043.69296638 14594.65283159,-2881.39631242 3220.11817305 14594.65282193,-2881.39631178 3223.41987983 14594.65282193,-3296.13438662 3048.17764022 14594.65285324,-2888.3100402 2875.85677207 14594.65282245,-2887.62663214 2875.85677193 14594.6528224              ]
            }
            coordIndex [
0,1,2,-1,3,4,5,-1,0,2,3,-1,3,5,0,-1,6,7,8,-1,9,10,11,-1,6,8,9,-1,9,11,6,-1,2,1,11,-1,11,10,2,-1,8,7,5,-1,5,4,8,-1,10,9,3,-1,3,2,10,-1,3,9,8,-1,8,4,3,-1,6,11,1,-1,1,0,6,-1,6,0,5,-1,5,7,6            ]
            ccw TRUE
            normalPerVertex TRUE
            normal Normal {
              vector [
-1 -0 0,1 0 0,0 -1 0,0 0 -1,0 -0.89155 0.45292,0 0.89155 0.45292,0 0.51659 -0.85623,0 -0.51659 -0.85623              ]
            }
            normalIndex [
0,0,0,-1,0,0,0,-1,0,0,0,-1,0,0,0,-1,1,1,1,-1,1,1,1,-1,1,1,1,-1,1,1,1,-1,2,2,2,-1,2,2,2,-1,3,3,3,-1,3,3,3,-1,4,4,4,-1,4,4,4,-1,5,5,5,-1,5,5,5,-1,6,6,6,-1,6,6,6,-1,7,7,7,-1,7,7,7            ]
          }
        }
        Shape {
          appearance USE M0
          geometry IndexedFaceSet {
            coord Coordinate {
              point [
3390.62653625 4707.17099373 13556.06492952,3512.3733648 4539.33479928 13556.06492033,3511.68995675 4539.33479941 13556.06492038,3103.86561033 4711.65566756 13556.06495117,3518.60368516 4886.89790717 13556.06491986,3518.60368452 4883.59620039 13556.06491986,3390.62653931 4707.17099373 13596.56591753,3518.60368758 4883.59620039 13596.56590787,3518.60368822 4886.89790717 13596.56590787,3103.86561338 4711.65566756 13596.56593918,3511.6899598 4539.33479941 13596.56590839,3512.37336786 4539.33479928 13596.56590834              ]
            }
            coordIndex [
0,1,2,-1,3,4,5,-1,0,2,3,-1,3,5,0,-1,6,7,8,-1,9,10,11,-1,6,8,9,-1,9,11,6,-1,2,1,11,-1,11,10,2,-1,8,7,5,-1,5,4,8,-1,10,9,3,-1,3,2,10,-1,3,9,8,-1,8,4,3,-1,6,11,1,-1,1,0,6,-1,6,0,5,-1,5,7,6            ]
            ccw TRUE
            normalPerVertex TRUE
            normal Normal {
              vector [
-1 -0 0,1 0 0,0 -1 0,0 0 -1,0 -0.89155 0.45292,0 0.89155 0.45292,0 0.51659 -0.85623,0 -0.51659 -0.85623              ]
            }
            normalIndex [
0,0,0,-1,0,0,0,-1,0,0,0,-1,0,0,0,-1,1,1,1,-1,1,1,1,-1,1,1,1,-1,1,1,1,-1,2,2,2,-1,2,2,2,-1,3,3,3,-1,3,3,3,-1,4,4,4,-1,4,4,4,-1,5,5,5,-1,5,5,5,-1,6,6,6,-1,6,6,6,-1,7,7,7,-1,7,7,7            ]
          }
        }
        Shape {
          appearance USE M0
          geometry IndexedFaceSet {
            coord Coordinate {
              point [
9690.62531555 3875.43222419 13556.06492952,9812.3721441 3707.59602975 13556.06492033,9811.68873604 3707.59602988 13556.06492038,9403.86438962 3879.91689803 13556.06495117,9818.60246446 4055.15913764 13556.06491986,9818.60246381 4051.85743086 13556.06491986,9690.62531861 3875.43222419 13596.56591753,9818.60246687 4051.85743086 13596.56590787,9818.60246751 4055.15913764 13596.56590787,9403.86439268 3879.91689803 13596.56593918,9811.6887391 3707.59602988 13596.56590839,9812.37214715 3707.59602975 13596.56590834              ]
            }
            coordIndex [
0,1,2,-1,3,4,5,-1,0,2,3,-1,3,5,0,-1,6,7,8,-1,9,10,11,-1,6,8,9,-1,9,11,6,-1,2,1,11,-1,11,10,2,-1,8,7,5,-1,5,4,8,-1,10,9,3,-1,3,2,10,-1,3,9,8,-1,8,4,3,-1,6,11,1,-1,1,0,6,-1,6,0,5,-1,5,7,6            ]
            ccw TRUE
            normalPerVertex TRUE
            normal Normal {
              vector [
-1 -0 0,1 0 0,0 -1 0,0 0 -1,0 -0.89155 0.45292,0 0.89155 0.45292,0 0.51659 -0.85623,0 -0.51659 -0.85623              ]
            }
            normalIndex [
0,0,0,-1,0,0,0,-1,0,0,0,-1,0,0,0,-1,1,1,1,-1,1,1,1,-1,1,1,1,-1,1,1,1,-1,2,2,2,-1,2,2,2,-1,3,3,3,-1,3,3,3,-1,4,4,4,-1,4,4,4,-1,5,5,5,-1,5,5,5,-1,6,6,6,-1,6,6,6,-1,7,7,7,-1,7,7,7            ]
          }
        }
        Shape {
          appearance USE M0
          geometry IndexedFaceSet {
            coord Coordinate {
              point [
44090.62629211 3875.43222419 13805.58543734,44212.37312066 3707.59602975 13805.58542815,44211.68971261 3707.59602988 13805.5854282,43803.86536619 3879.91689803 13805.58545899,44218.60344102 4055.15913764 13805.58542768,44218.60344038 4051.85743086 13805.58542768,44090.62629517 3875.43222419 13846.08642534,44218.60344343 4051.85743086 13846.08641568,44218.60344408 4055.15913764 13846.08641568,43803.86536924 3879.91689803 13846.08644699,44211.68971566 3707.59602988 13846.0864162,44212.37312372 3707.59602975 13846.08641615              ]
            }
            coordIndex [
0,1,2,-1,3,4,5,-1,0,2,3,-1,3,5,0,-1,6,7,8,-1,9,10,11,-1,6,8,9,-1,9,11,6,-1,2,1,11,-1,11,10,2,-1,8,7,5,-1,5,4,8,-1,10,9,3,-1,3,2,10,-1,3,9,8,-1,8,4,3,-1,6,11,1,-1,1,0,6,-1,6,0,5,-1,5,7,6            ]
            ccw TRUE
            normalPerVertex TRUE
            normal Normal {
              vector [
-1 -0 0,1 0 0,0 -1 0,0 0 -1,0 -0.89155 0.45292,0 0.89155 0.45292,0 0.51659 -0.85623,0 -0.51659 -0.85623              ]
            }
            normalIndex [
0,0,0,-1,0,0,0,-1,0,0,0,-1,0,0,0,-1,1,1,1,-1,1,1,1,-1,1,1,1,-1,1,1,1,-1,2,2,2,-1,2,2,2,-1,3,3,3,-1,3,3,3,-1,4,4,4,-1,4,4,4,-1,5,5,5,-1,5,5,5,-1,6,6,6,-1,6,6,6,-1,7,7,7,-1,7,7,7            ]
          }
        }
        Shape {
          appearance USE M0
          geometry IndexedFaceSet {
            coord Coordinate {
              point [
19290.62629211 4707.17099373 14304.63035921,19412.37312066 4539.33479928 14304.63035002,19411.68971261 4539.33479941 14304.63035007,19003.86536619 4711.65566756 14304.63038086,19418.60344102 4886.89790717 14304.63034955,19418.60344038 4883.59620039 14304.63034955,19290.62629517 4707.17099373 14345.13134722,19418.60344343 4883.59620039 14345.13133756,19418.60344408 4886.89790717 14345.13133756,19003.86536924 4711.65566756 14345.13136887,19411.68971566 4539.33479941 14345.13133808,19412.37312372 4539.33479928 14345.13133803              ]
            }
            coordIndex [
0,1,2,-1,3,4,5,-1,0,2,3,-1,3,5,0,-1,6,7,8,-1,9,10,11,-1,6,8,9,-1,9,11,6,-1,2,1,11,-1,11,10,2,-1,8,7,5,-1,5,4,8,-1,10,9,3,-1,3,2,10,-1,3,9,8,-1,8,4,3,-1,6,11,1,-1,1,0,6,-1,6,0,5,-1,5,7,6            ]
            ccw TRUE
            normalPerVertex TRUE
            normal Normal {
              vector [
-1 -0 0,1 0 0,0 -1 0,0 0 -1,0 -0.89155 0.45292,0 0.89155 0.45292,0 0.51659 -0.85623,0 -0.51659 -0.85623              ]
            }
            normalIndex [
0,0,0,-1,0,0,0,-1,0,0,0,-1,0,0,0,-1,1,1,1,-1,1,1,1,-1,1,1,1,-1,1,1,1,-1,2,2,2,-1,2,2,2,-1,3,3,3,-1,3,3,3,-1,4,4,4,-1,4,4,4,-1,5,5,5,-1,5,5,5,-1,6,6,6,-1,6,6,6,-1,7,7,7,-1,7,7,7            ]
          }
        }
        Shape {
          appearance USE M0
          geometry IndexedFaceSet {
            coord Coordinate {
              point [
44090.62629211 3443.69272224 13805.58543734,44212.37312066 3275.85652779 13805.58542815,44211.68971261 3275.85652793 13805.5854282,43803.86536619 3448.17739608 13805.58545899,44218.60344102 3623.41963569 13805.58542768,44218.60344038 3620.11792891 13805.58542768,44090.62629517 3443.69272224 13846.08642534,44218.60344343 3620.11792891 13846.08641568,44218.60344408 3623.41963569 13846.08641568,43803.86536924 3448.17739608 13846.08644699,44211.68971566 3275.85652793 13846.0864162,44212.37312372 3275.85652779 13846.08641615              ]
            }
            coordIndex [
0,1,2,-1,3,4,5,-1,0,2,3,-1,3,5,0,-1,6,7,8,-1,9,10,11,-1,6,8,9,-1,9,11,6,-1,2,1,11,-1,11,10,2,-1,8,7,5,-1,5,4,8,-1,10,9,3,-1,3,2,10,-1,3,9,8,-1,8,4,3,-1,6,11,1,-1,1,0,6,-1,6,0,5,-1,5,7,6            ]
            ccw TRUE
            normalPerVertex TRUE
            normal Normal {
              vector [
-1 -0 0,1 0 0,0 -1 0,0 0 -1,0 -0.89155 0.45292,0 0.89155 0.45292,0 0.51659 -0.85623,0 -0.51659 -0.85623              ]
            }
            normalIndex [
0,0,0,-1,0,0,0,-1,0,0,0,-1,0,0,0,-1,1,1,1,-1,1,1,1,-1,1,1,1,-1,1,1,1,-1,2,2,2,-1,2,2,2,-1,3,3,3,-1,3,3,3,-1,4,4,4,-1,4,4,4,-1,5,5,5,-1,5,5,5,-1,6,6,6,-1,6,6,6,-1,7,7,7,-1,7,7,7            ]
          }
        }
        Shape {
          appearance USE M0
          geometry IndexedFaceSet {
            coord Coordinate {
              point [
37690.62629211 4707.17099373 14803.67332796,37812.37312066 4539.33479928 14803.67331877,37811.68971261 4539.33479941 14803.67331882,37403.86536619 4711.65566756 14803.67334961,37818.60344102 4886.89790717 14803.6733183,37818.60344038 4883.59620039 14803.6733183,37690.62629517 4707.17099373 14844.17431597,37818.60344343 4883.59620039 14844.17430631,37818.60344408 4886.89790717 14844.17430631,37403.86536924 4711.65566756 14844.17433762,37811.68971566 4539.33479941 14844.17430683,37812.37312372 4539.33479928 14844.17430678              ]
            }
            coordIndex [
0,1,2,-1,3,4,5,-1,0,2,3,-1,3,5,0,-1,6,7,8,-1,9,10,11,-1,6,8,9,-1,9,11,6,-1,2,1,11,-1,11,10,2,-1,8,7,5,-1,5,4,8,-1,10,9,3,-1,3,2,10,-1,3,9,8,-1,8,4,3,-1,6,11,1,-1,1,0,6,-1,6,0,5,-1,5,7,6            ]
            ccw TRUE
            normalPerVertex TRUE
            normal Normal {
              vector [
-1 -0 0,1 0 0,0 -1 0,0 0 -1,0 -0.89155 0.45292,0 0.89155 0.45292,0 0.51659 -0.85623,0 -0.51659 -0.85623              ]
            }
            normalIndex [
0,0,0,-1,0,0,0,-1,0,0,0,-1,0,0,0,-1,1,1,1,-1,1,1,1,-1,1,1,1,-1,1,1,1,-1,2,2,2,-1,2,2,2,-1,3,3,3,-1,3,3,3,-1,4,4,4,-1,4,4,4,-1,5,5,5,-1,5,5,5,-1,6,6,6,-1,6,6,6,-1,7,7,7,-1,7,7,7            ]
          }
        }
        Shape {
          appearance USE M0
          geometry IndexedFaceSet {
            coord Coordinate {
              point [
190.62653625 4243.69296638 13805.58543734,312.3733648 4075.85677193 13805.58542815,311.68995675 4075.85677207 13805.5854282,-96.13438967 4248.17764022 13805.58545899,318.60368516 4423.41987983 13805.58542768,318.60368452 4420.11817305 13805.58542768,190.62653931 4243.69296638 13846.08642534,318.60368758 4420.11817305 13846.08641568,318.60368822 4423.41987983 13846.08641568,-96.13438662 4248.17764022 13846.08644699,311.6899598 4075.85677207 13846.0864162,312.37336786 4075.85677193 13846.08641615              ]
            }
            coordIndex [
0,1,2,-1,3,4,5,-1,0,2,3,-1,3,5,0,-1,6,7,8,-1,9,10,11,-1,6,8,9,-1,9,11,6,-1,2,1,11,-1,11,10,2,-1,8,7,5,-1,5,4,8,-1,10,9,3,-1,3,2,10,-1,3,9,8,-1,8,4,3,-1,6,11,1,-1,1,0,6,-1,6,0,5,-1,5,7,6            ]
            ccw TRUE
            normalPerVertex TRUE
            normal Normal {
              vector [
-1 -0 0,1 0 0,0 -1 0,0 0 -1,0 -0.89155 0.45292,0 0.89155 0.45292,0 0.51659 -0.85623,0 -0.51659 -0.85623              ]
            }
            normalIndex [
0,0,0,-1,0,0,0,-1,0,0,0,-1,0,0,0,-1,1,1,1,-1,1,1,1,-1,1,1,1,-1,1,1,1,-1,2,2,2,-1,2,2,2,-1,3,3,3,-1,3,3,3,-1,4,4,4,-1,4,4,4,-1,5,5,5,-1,5,5,5,-1,6,6,6,-1,6,6,6,-1,7,7,7,-1,7,7,7            ]
          }
        }
        Shape {
          appearance USE M0
          geometry IndexedFaceSet {
            coord Coordinate {
              point [
3390.62653625 3443.69272224 14055.10789827,3512.3733648 3275.85652779 14055.10788908,3511.68995675 3275.85652793 14055.10788913,3103.86561033 3448.17739608 14055.10791992,3518.60368516 3623.41963569 14055.10788861,3518.60368452 3620.11792891 14055.10788861,3390.62653931 3443.69272224 14095.60888628,3518.60368758 3620.11792891 14095.60887662,3518.60368822 3623.41963569 14095.60887662,3103.86561338 3448.17739608 14095.60890793,3511.6899598 3275.85652793 14095.60887714,3512.37336786 3275.85652779 14095.60887709              ]
            }
            coordIndex [
0,1,2,-1,3,4,5,-1,0,2,3,-1,3,5,0,-1,6,7,8,-1,9,10,11,-1,6,8,9,-1,9,11,6,-1,2,1,11,-1,11,10,2,-1,8,7,5,-1,5,4,8,-1,10,9,3,-1,3,2,10,-1,3,9,8,-1,8,4,3,-1,6,11,1,-1,1,0,6,-1,6,0,5,-1,5,7,6            ]
            ccw TRUE
            normalPerVertex TRUE
            normal Normal {
              vector [
-1 -0 0,1 0 0,0 -1 0,0 0 -1,0 -0.89155 0.45292,0 0.89155 0.45292,0 0.51659 -0.85623,0 -0.51659 -0.85623              ]
            }
            normalIndex [
0,0,0,-1,0,0,0,-1,0,0,0,-1,0,0,0,-1,1,1,1,-1,1,1,1,-1,1,1,1,-1,1,1,1,-1,2,2,2,-1,2,2,2,-1,3,3,3,-1,3,3,3,-1,4,4,4,-1,4,4,4,-1,5,5,5,-1,5,5,5,-1,6,6,6,-1,6,6,6,-1,7,7,7,-1,7,7,7            ]
          }
        }
        Shape {
          appearance USE M0
          geometry IndexedFaceSet {
            coord Coordinate {
              point [
-3009.37346375 3443.69272224 14055.10789827,-2887.6266352 3275.85652779 14055.10788908,-2888.31004325 3275.85652793 14055.10788913,-3296.13438967 3448.17739608 14055.10791992,-2881.39631484 3623.41963569 14055.10788861,-2881.39631548 3620.11792891 14055.10788861,-3009.37346069 3443.69272224 14095.60888628,-2881.39631242 3620.11792891 14095.60887662,-2881.39631178 3623.41963569 14095.60887662,-3296.13438662 3448.17739608 14095.60890793,-2888.3100402 3275.85652793 14095.60887714,-2887.62663214 3275.85652779 14095.60887709              ]
            }
            coordIndex [
0,1,2,-1,3,4,5,-1,0,2,3,-1,3,5,0,-1,6,7,8,-1,9,10,11,-1,6,8,9,-1,9,11,6,-1,2,1,11,-1,11,10,2,-1,8,7,5,-1,5,4,8,-1,10,9,3,-1,3,2,10,-1,3,9,8,-1,8,4,3,-1,6,11,1,-1,1,0,6,-1,6,0,5,-1,5,7,6            ]
            ccw TRUE
            normalPerVertex TRUE
            normal Normal {
              vector [
-1 -0 0,1 0 0,0 -1 0,0 0 -1,0 -0.89155 0.45292,0 0.89155 0.45292,0 0.51659 -0.85623,0 -0.51659 -0.85623              ]
            }
            normalIndex [
0,0,0,-1,0,0,0,-1,0,0,0,-1,0,0,0,-1,1,1,1,-1,1,1,1,-1,1,1,1,-1,1,1,1,-1,2,2,2,-1,2,2,2,-1,3,3,3,-1,3,3,3,-1,4,4,4,-1,4,4,4,-1,5,5,5,-1,5,5,5,-1,6,6,6,-1,6,6,6,-1,7,7,7,-1,7,7,7            ]
          }
        }
        Shape {
          appearance USE M0
          geometry IndexedFaceSet {
            coord Coordinate {
              point [
34490.62629211 4243.69296638 13556.06492952,34612.37312066 4075.85677193 13556.06492033,34611.68971261 4075.85677207 13556.06492038,34203.86536619 4248.17764022 13556.06495117,34618.60344102 4423.41987983 13556.06491986,34618.60344038 4420.11817305 13556.06491986,34490.62629517 4243.69296638 13596.56591753,34618.60344343 4420.11817305 13596.56590787,34618.60344408 4423.41987983 13596.56590787,34203.86536924 4248.17764022 13596.56593918,34611.68971566 4075.85677207 13596.56590839,34612.37312372 4075.85677193 13596.56590834              ]
            }
            coordIndex [
0,1,2,-1,3,4,5,-1,0,2,3,-1,3,5,0,-1,6,7,8,-1,9,10,11,-1,6,8,9,-1,9,11,6,-1,2,1,11,-1,11,10,2,-1,8,7,5,-1,5,4,8,-1,10,9,3,-1,3,2,10,-1,3,9,8,-1,8,4,3,-1,6,11,1,-1,1,0,6,-1,6,0,5,-1,5,7,6            ]
            ccw TRUE
            normalPerVertex TRUE
            normal Normal {
              vector [
-1 -0 0,1 0 0,0 -1 0,0 0 -1,0 -0.89155 0.45292,0 0.89155 0.45292,0 0.51659 -0.85623,0 -0.51659 -0.85623              ]
            }
            normalIndex [
0,0,0,-1,0,0,0,-1,0,0,0,-1,0,0,0,-1,1,1,1,-1,1,1,1,-1,1,1,1,-1,1,1,1,-1,2,2,2,-1,2,2,2,-1,3,3,3,-1,3,3,3,-1,4,4,4,-1,4,4,4,-1,5,5,5,-1,5,5,5,-1,6,6,6,-1,6,6,6,-1,7,7,7,-1,7,7,7            ]
          }
        }
        Shape {
          appearance USE M0
          geometry IndexedFaceSet {
            coord Coordinate {
              point [
31390.62629211 3043.69296638 12807.49949984,31512.37312066 2875.85677193 12807.49949065,31511.68971261 2875.85677207 12807.4994907,31103.86536619 3048.17764022 12807.49952149,31518.60344102 3223.41987983 12807.49949018,31518.60344038 3220.11817305 12807.49949018,31390.62629517 3043.69296638 12848.00048784,31518.60344343 3220.11817305 12848.00047818,31518.60344408 3223.41987983 12848.00047818,31103.86536924 3048.17764022 12848.00050949,31511.68971566 2875.85677207 12848.0004787,31512.37312372 2875.85677193 12848.00047865              ]
            }
            coordIndex [
0,1,2,-1,3,4,5,-1,0,2,3,-1,3,5,0,-1,6,7,8,-1,9,10,11,-1,6,8,9,-1,9,11,6,-1,2,1,11,-1,11,10,2,-1,8,7,5,-1,5,4,8,-1,10,9,3,-1,3,2,10,-1,3,9,8,-1,8,4,3,-1,6,11,1,-1,1,0,6,-1,6,0,5,-1,5,7,6            ]
            ccw TRUE
            normalPerVertex TRUE
            normal Normal {
              vector [
-1 -0 0,1 0 0,0 -1 0,0 0 -1,0 -0.89155 0.45292,0 0.89155 0.45292,0 0.51659 -0.85623,0 -0.51659 -0.85623              ]
            }
            normalIndex [
0,0,0,-1,0,0,0,-1,0,0,0,-1,0,0,0,-1,1,1,1,-1,1,1,1,-1,1,1,1,-1,1,1,1,-1,2,2,2,-1,2,2,2,-1,3,3,3,-1,3,3,3,-1,4,4,4,-1,4,4,4,-1,5,5,5,-1,5,5,5,-1,6,6,6,-1,6,6,6,-1,7,7,7,-1,7,7,7            ]
          }
        }
        Shape {
          appearance USE M0
          geometry IndexedFaceSet {
            coord Coordinate {
              point [
24990.62629211 3043.69296638 14803.67332796,25112.37312066 2875.85677193 14803.67331877,25111.68971261 2875.85677207 14803.67331882,24703.86536619 3048.17764022 14803.67334961,25118.60344102 3223.41987983 14803.6733183,25118.60344038 3220.11817305 14803.6733183,24990.62629517 3043.69296638 14844.17431597,25118.60344343 3220.11817305 14844.17430631,25118.60344408 3223.41987983 14844.17430631,24703.86536924 3048.17764022 14844.17433762,25111.68971566 2875.85677207 14844.17430683,25112.37312372 2875.85677193 14844.17430678              ]
            }
            coordIndex [
0,1,2,-1,3,4,5,-1,0,2,3,-1,3,5,0,-1,6,7,8,-1,9,10,11,-1,6,8,9,-1,9,11,6,-1,2,1,11,-1,11,10,2,-1,8,7,5,-1,5,4,8,-1,10,9,3,-1,3,2,10,-1,3,9,8,-1,8,4,3,-1,6,11,1,-1,1,0,6,-1,6,0,5,-1,5,7,6            ]
            ccw TRUE
            normalPerVertex TRUE
            normal Normal {
              vector [
-1 -0 0,1 0 0,0 -1 0,0 0 -1,0 -0.89155 0.45292,0 0.89155 0.45292,0 0.51659 -0.85623,0 -0.51659 -0.85623              ]
            }
            normalIndex [
0,0,0,-1,0,0,0,-1,0,0,0,-1,0,0,0,-1,1,1,1,-1,1,1,1,-1,1,1,1,-1,1,1,1,-1,2,2,2,-1,2,2,2,-1,3,3,3,-1,3,3,3,-1,4,4,4,-1,4,4,4,-1,5,5,5,-1,5,5,5,-1,6,6,6,-1,6,6,6,-1,7,7,7,-1,7,7,7            ]
          }
        }
        Shape {
          appearance USE M0
          geometry IndexedFaceSet {
            coord Coordinate {
              point [
3390.62653625 3443.69272224 14554.15184359,3512.3733648 3275.85652779 14554.1518344,3511.68995675 3275.85652793 14554.15183445,3103.86561033 3448.17739608 14554.15186524,3518.60368516 3623.41963569 14554.15183393,3518.60368452 3620.11792891 14554.15183393,3390.62653931 3443.69272224 14594.65283159,3518.60368758 3620.11792891 14594.65282193,3518.60368822 3623.41963569 14594.65282193,3103.86561338 3448.17739608 14594.65285324,3511.6899598 3275.85652793 14594.65282245,3512.37336786 3275.85652779 14594.6528224              ]
            }
            coordIndex [
0,1,2,-1,3,4,5,-1,0,2,3,-1,3,5,0,-1,6,7,8,-1,9,10,11,-1,6,8,9,-1,9,11,6,-1,2,1,11,-1,11,10,2,-1,8,7,5,-1,5,4,8,-1,10,9,3,-1,3,2,10,-1,3,9,8,-1,8,4,3,-1,6,11,1,-1,1,0,6,-1,6,0,5,-1,5,7,6            ]
            ccw TRUE
            normalPerVertex TRUE
            normal Normal {
              vector [
-1 -0 0,1 0 0,0 -1 0,0 0 -1,0 -0.89155 0.45292,0 0.89155 0.45292,0 0.51659 -0.85623,0 -0.51659 -0.85623              ]
            }
            normalIndex [
0,0,0,-1,0,0,0,-1,0,0,0,-1,0,0,0,-1,1,1,1,-1,1,1,1,-1,1,1,1,-1,1,1,1,-1,2,2,2,-1,2,2,2,-1,3,3,3,-1,3,3,3,-1,4,4,4,-1,4,4,4,-1,5,5,5,-1,5,5,5,-1,6,6,6,-1,6,6,6,-1,7,7,7,-1,7,7,7            ]
          }
        }
        Shape {
          appearance USE M0
          geometry IndexedFaceSet {
            coord Coordinate {
              point [
44090.62629211 4707.17099373 13805.58543734,44212.37312066 4539.33479928 13805.58542815,44211.68971261 4539.33479941 13805.5854282,43803.86536619 4711.65566756 13805.58545899,44218.60344102 4886.89790717 13805.58542768,44218.60344038 4883.59620039 13805.58542768,44090.62629517 4707.17099373 13846.08642534,44218.60344343 4883.59620039 13846.08641568,44218.60344408 4886.89790717 13846.08641568,43803.86536924 4711.65566756 13846.08644699,44211.68971566 4539.33479941 13846.0864162,44212.37312372 4539.33479928 13846.08641615              ]
            }
            coordIndex [
0,1,2,-1,3,4,5,-1,0,2,3,-1,3,5,0,-1,6,7,8,-1,9,10,11,-1,6,8,9,-1,9,11,6,-1,2,1,11,-1,11,10,2,-1,8,7,5,-1,5,4,8,-1,10,9,3,-1,3,2,10,-1,3,9,8,-1,8,4,3,-1,6,11,1,-1,1,0,6,-1,6,0,5,-1,5,7,6            ]
            ccw TRUE
            normalPerVertex TRUE
            normal Normal {
              vector [
-1 -0 0,1 0 0,0 -1 0,0 0 -1,0 -0.89155 0.45292,0 0.89155 0.45292,0 0.51659 -0.85623,0 -0.51659 -0.85623              ]
            }
            normalIndex [
0,0,0,-1,0,0,0,-1,0,0,0,-1,0,0,0,-1,1,1,1,-1,1,1,1,-1,1,1,1,-1,1,1,1,-1,2,2,2,-1,2,2,2,-1,3,3,3,-1,3,3,3,-1,4,4,4,-1,4,4,4,-1,5,5,5,-1,5,5,5,-1,6,6,6,-1,6,6,6,-1,7,7,7,-1,7,7,7            ]
          }
        }
        Shape {
          appearance USE M0
          geometry IndexedFaceSet {
            coord Coordinate {
              point [
-3009.37346375 4707.17099373 14055.10789827,-2887.6266352 4539.33479928 14055.10788908,-2888.31004325 4539.33479941 14055.10788913,-3296.13438967 4711.65566756 14055.10791992,-2881.39631484 4886.89790717 14055.10788861,-2881.39631548 4883.59620039 14055.10788861,-3009.37346069 4707.17099373 14095.60888628,-2881.39631242 4883.59620039 14095.60887662,-2881.39631178 4886.89790717 14095.60887662,-3296.13438662 4711.65566756 14095.60890793,-2888.3100402 4539.33479941 14095.60887714,-2887.62663214 4539.33479928 14095.60887709              ]
            }
            coordIndex [
0,1,2,-1,3,4,5,-1,0,2,3,-1,3,5,0,-1,6,7,8,-1,9,10,11,-1,6,8,9,-1,9,11,6,-1,2,1,11,-1,11,10,2,-1,8,7,5,-1,5,4,8,-1,10,9,3,-1,3,2,10,-1,3,9,8,-1,8,4,3,-1,6,11,1,-1,1,0,6,-1,6,0,5,-1,5,7,6            ]
            ccw TRUE
            normalPerVertex TRUE
            normal Normal {
              vector [
-1 -0 0,1 0 0,0 -1 0,0 0 -1,0 -0.89155 0.45292,0 0.89155 0.45292,0 0.51659 -0.85623,0 -0.51659 -0.85623              ]
            }
            normalIndex [
0,0,0,-1,0,0,0,-1,0,0,0,-1,0,0,0,-1,1,1,1,-1,1,1,1,-1,1,1,1,-1,1,1,1,-1,2,2,2,-1,2,2,2,-1,3,3,3,-1,3,3,3,-1,4,4,4,-1,4,4,4,-1,5,5,5,-1,5,5,5,-1,6,6,6,-1,6,6,6,-1,7,7,7,-1,7,7,7            ]
          }
        }
        Shape {
          appearance USE M0
          geometry IndexedFaceSet {
            coord Coordinate {
              point [
12890.62629211 3443.69272224 13805.58543734,13012.37312066 3275.85652779 13805.58542815,13011.68971261 3275.85652793 13805.5854282,12603.86536619 3448.17739608 13805.58545899,13018.60344102 3623.41963569 13805.58542768,13018.60344038 3620.11792891 13805.58542768,12890.62629517 3443.69272224 13846.08642534,13018.60344343 3620.11792891 13846.08641568,13018.60344408 3623.41963569 13846.08641568,12603.86536924 3448.17739608 13846.08644699,13011.68971566 3275.85652793 13846.0864162,13012.37312372 3275.85652779 13846.08641615              ]
            }
            coordIndex [
0,1,2,-1,3,4,5,-1,0,2,3,-1,3,5,0,-1,6,7,8,-1,9,10,11,-1,6,8,9,-1,9,11,6,-1,2,1,11,-1,11,10,2,-1,8,7,5,-1,5,4,8,-1,10,9,3,-1,3,2,10,-1,3,9,8,-1,8,4,3,-1,6,11,1,-1,1,0,6,-1,6,0,5,-1,5,7,6            ]
            ccw TRUE
            normalPerVertex TRUE
            normal Normal {
              vector [
-1 -0 0,1 0 0,0 -1 0,0 0 -1,0 -0.89155 0.45292,0 0.89155 0.45292,0 0.51659 -0.85623,0 -0.51659 -0.85623              ]
            }
            normalIndex [
0,0,0,-1,0,0,0,-1,0,0,0,-1,0,0,0,-1,1,1,1,-1,1,1,1,-1,1,1,1,-1,1,1,1,-1,2,2,2,-1,2,2,2,-1,3,3,3,-1,3,3,3,-1,4,4,4,-1,4,4,4,-1,5,5,5,-1,5,5,5,-1,6,6,6,-1,6,6,6,-1,7,7,7,-1,7,7,7            ]
          }
        }
        Shape {
          appearance USE M0
          geometry IndexedFaceSet {
            coord Coordinate {
              point [
190.62653625 4707.17099373 14803.67332796,312.3733648 4539.33479928 14803.67331877,311.68995675 4539.33479941 14803.67331882,-96.13438967 4711.65566756 14803.67334961,318.60368516 4886.89790717 14803.6733183,318.60368452 4883.59620039 14803.6733183,190.62653931 4707.17099373 14844.17431597,318.60368758 4883.59620039 14844.17430631,318.60368822 4886.89790717 14844.17430631,-96.13438662 4711.65566756 14844.17433762,311.6899598 4539.33479941 14844.17430683,312.37336786 4539.33479928 14844.17430678              ]
            }
            coordIndex [
0,1,2,-1,3,4,5,-1,0,2,3,-1,3,5,0,-1,6,7,8,-1,9,10,11,-1,6,8,9,-1,9,11,6,-1,2,1,11,-1,11,10,2,-1,8,7,5,-1,5,4,8,-1,10,9,3,-1,3,2,10,-1,3,9,8,-1,8,4,3,-1,6,11,1,-1,1,0,6,-1,6,0,5,-1,5,7,6            ]
            ccw TRUE
            normalPerVertex TRUE
            normal Normal {
              vector [
-1 -0 0,1 0 0,0 -1 0,0 0 -1,0 -0.89155 0.45292,0 0.89155 0.45292,0 0.51659 -0.85623,0 -0.51659 -0.85623              ]
            }
            normalIndex [
0,0,0,-1,0,0,0,-1,0,0,0,-1,0,0,0,-1,1,1,1,-1,1,1,1,-1,1,1,1,-1,1,1,1,-1,2,2,2,-1,2,2,2,-1,3,3,3,-1,3,3,3,-1,4,4,4,-1,4,4,4,-1,5,5,5,-1,5,5,5,-1,6,6,6,-1,6,6,6,-1,7,7,7,-1,7,7,7            ]
          }
        }
        Shape {
          appearance USE M0
          geometry IndexedFaceSet {
            coord Coordinate {
              point [
6590.62580383 4243.69296638 13306.54246859,6712.37263238 4075.85677193 13306.5424594,6711.68922432 4075.85677207 13306.54245945,6303.86487791 4248.17764022 13306.54249024,6718.60295274 4423.41987983 13306.54245893,6718.6029521 4420.11817305 13306.54245893,6590.62580689 4243.69296638 13347.04345659,6718.60295515 4420.11817305 13347.04344693,6718.6029558 4423.41987983 13347.04344693,6303.86488096 4248.17764022 13347.04347824,6711.68922738 4075.85677207 13347.04344745,6712.37263543 4075.85677193 13347.0434474              ]
            }
            coordIndex [
0,1,2,-1,3,4,5,-1,0,2,3,-1,3,5,0,-1,6,7,8,-1,9,10,11,-1,6,8,9,-1,9,11,6,-1,2,1,11,-1,11,10,2,-1,8,7,5,-1,5,4,8,-1,10,9,3,-1,3,2,10,-1,3,9,8,-1,8,4,3,-1,6,11,1,-1,1,0,6,-1,6,0,5,-1,5,7,6            ]
            ccw TRUE
            normalPerVertex TRUE
            normal Normal {
              vector [
-1 -0 0,1 0 0,0 -1 0,0 0 -1,0 -0.89155 0.45292,0 0.89155 0.45292,0 0.51659 -0.85623,0 -0.51659 -0.85623              ]
            }
            normalIndex [
0,0,0,-1,0,0,0,-1,0,0,0,-1,0,0,0,-1,1,1,1,-1,1,1,1,-1,1,1,1,-1,1,1,1,-1,2,2,2,-1,2,2,2,-1,3,3,3,-1,3,3,3,-1,4,4,4,-1,4,4,4,-1,5,5,5,-1,5,5,5,-1,6,6,6,-1,6,6,6,-1,7,7,7,-1,7,7,7            ]
          }
        }
        Shape {
          appearance USE M0
          geometry IndexedFaceSet {
            coord Coordinate {
              point [
46890.62629211 3043.69296638 13556.06492952,47012.37312066 2875.85677193 13556.06492033,47011.68971261 2875.85677207 13556.06492038,46603.86536619 3048.17764022 13556.06495117,47018.60344102 3223.41987983 13556.06491986,47018.60344038 3220.11817305 13556.06491986,46890.62629517 3043.69296638 13596.56591753,47018.60344343 3220.11817305 13596.56590787,47018.60344408 3223.41987983 13596.56590787,46603.86536924 3048.17764022 13596.56593918,47011.68971566 2875.85677207 13596.56590839,47012.37312372 2875.85677193 13596.56590834              ]
            }
            coordIndex [
0,1,2,-1,3,4,5,-1,0,2,3,-1,3,5,0,-1,6,7,8,-1,9,10,11,-1,6,8,9,-1,9,11,6,-1,2,1,11,-1,11,10,2,-1,8,7,5,-1,5,4,8,-1,10,9,3,-1,3,2,10,-1,3,9,8,-1,8,4,3,-1,6,11,1,-1,1,0,6,-1,6,0,5,-1,5,7,6            ]
            ccw TRUE
            normalPerVertex TRUE
            normal Normal {
              vector [
-1 -0 0,1 0 0,0 -1 0,0 0 -1,0 -0.89155 0.45292,0 0.89155 0.45292,0 0.51659 -0.85623,0 -0.51659 -0.85623              ]
            }
            normalIndex [
0,0,0,-1,0,0,0,-1,0,0,0,-1,0,0,0,-1,1,1,1,-1,1,1,1,-1,1,1,1,-1,1,1,1,-1,2,2,2,-1,2,2,2,-1,3,3,3,-1,3,3,3,-1,4,4,4,-1,4,4,4,-1,5,5,5,-1,5,5,5,-1,6,6,6,-1,6,6,6,-1,7,7,7,-1,7,7,7            ]
          }
        }
        Shape {
          appearance USE M0
          geometry IndexedFaceSet {
            coord Coordinate {
              point [
22090.62629211 3043.69296638 13057.02196077,22212.37312066 2875.85677193 13057.02195158,22211.68971261 2875.85677207 13057.02195163,21803.86536619 3048.17764022 13057.02198242,22218.60344102 3223.41987983 13057.02195111,22218.60344038 3220.11817305 13057.02195111,22090.62629517 3043.69296638 13097.52294878,22218.60344343 3220.11817305 13097.52293912,22218.60344408 3223.41987983 13097.52293912,21803.86536924 3048.17764022 13097.52297043,22211.68971566 2875.85677207 13097.52293964,22212.37312372 2875.85677193 13097.52293959              ]
            }
            coordIndex [
0,1,2,-1,3,4,5,-1,0,2,3,-1,3,5,0,-1,6,7,8,-1,9,10,11,-1,6,8,9,-1,9,11,6,-1,2,1,11,-1,11,10,2,-1,8,7,5,-1,5,4,8,-1,10,9,3,-1,3,2,10,-1,3,9,8,-1,8,4,3,-1,6,11,1,-1,1,0,6,-1,6,0,5,-1,5,7,6            ]
            ccw TRUE
            normalPerVertex TRUE
            normal Normal {
              vector [
-1 -0 0,1 0 0,0 -1 0,0 0 -1,0 -0.89155 0.45292,0 0.89155 0.45292,0 0.51659 -0.85623,0 -0.51659 -0.85623              ]
            }
            normalIndex [
0,0,0,-1,0,0,0,-1,0,0,0,-1,0,0,0,-1,1,1,1,-1,1,1,1,-1,1,1,1,-1,1,1,1,-1,2,2,2,-1,2,2,2,-1,3,3,3,-1,3,3,3,-1,4,4,4,-1,4,4,4,-1,5,5,5,-1,5,5,5,-1,6,6,6,-1,6,6,6,-1,7,7,7,-1,7,7,7            ]
          }
        }
        Shape {
          appearance USE M0
          geometry IndexedFaceSet {
            coord Coordinate {
              point [
12890.62629211 3043.69296638 12807.49949984,13012.37312066 2875.85677193 12807.49949065,13011.68971261 2875.85677207 12807.4994907,12603.86536619 3048.17764022 12807.49952149,13018.60344102 3223.41987983 12807.49949018,13018.60344038 3220.11817305 12807.49949018,12890.62629517 3043.69296638 12848.00048784,13018.60344343 3220.11817305 12848.00047818,13018.60344408 3223.41987983 12848.00047818,12603.86536924 3048.17764022 12848.00050949,13011.68971566 2875.85677207 12848.0004787,13012.37312372 2875.85677193 12848.00047865              ]
            }
            coordIndex [
0,1,2,-1,3,4,5,-1,0,2,3,-1,3,5,0,-1,6,7,8,-1,9,10,11,-1,6,8,9,-1,9,11,6,-1,2,1,11,-1,11,10,2,-1,8,7,5,-1,5,4,8,-1,10,9,3,-1,3,2,10,-1,3,9,8,-1,8,4,3,-1,6,11,1,-1,1,0,6,-1,6,0,5,-1,5,7,6            ]
            ccw TRUE
            normalPerVertex TRUE
            normal Normal {
              vector [
-1 -0 0,1 0 0,0 -1 0,0 0 -1,0 -0.89155 0.45292,0 0.89155 0.45292,0 0.51659 -0.85623,0 -0.51659 -0.85623              ]
            }
            normalIndex [
0,0,0,-1,0,0,0,-1,0,0,0,-1,0,0,0,-1,1,1,1,-1,1,1,1,-1,1,1,1,-1,1,1,1,-1,2,2,2,-1,2,2,2,-1,3,3,3,-1,3,3,3,-1,4,4,4,-1,4,4,4,-1,5,5,5,-1,5,5,5,-1,6,6,6,-1,6,6,6,-1,7,7,7,-1,7,7,7            ]
          }
        }
        Shape {
          appearance USE M0
          geometry IndexedFaceSet {
            coord Coordinate {
              point [
12890.62629211 3443.69272224 14803.67332796,13012.37312066 3275.85652779 14803.67331877,13011.68971261 3275.85652793 14803.67331882,12603.86536619 3448.17739608 14803.67334961,13018.60344102 3623.41963569 14803.6733183,13018.60344038 3620.11792891 14803.6733183,12890.62629517 3443.69272224 14844.17431597,13018.60344343 3620.11792891 14844.17430631,13018.60344408 3623.41963569 14844.17430631,12603.86536924 3448.17739608 14844.17433762,13011.68971566 3275.85652793 14844.17430683,13012.37312372 3275.85652779 14844.17430678              ]
            }
            coordIndex [
0,1,2,-1,3,4,5,-1,0,2,3,-1,3,5,0,-1,6,7,8,-1,9,10,11,-1,6,8,9,-1,9,11,6,-1,2,1,11,-1,11,10,2,-1,8,7,5,-1,5,4,8,-1,10,9,3,-1,3,2,10,-1,3,9,8,-1,8,4,3,-1,6,11,1,-1,1,0,6,-1,6,0,5,-1,5,7,6            ]
            ccw TRUE
            normalPerVertex TRUE
            normal Normal {
              vector [
-1 -0 0,1 0 0,0 -1 0,0 0 -1,0 -0.89155 0.45292,0 0.89155 0.45292,0 0.51659 -0.85623,0 -0.51659 -0.85623              ]
            }
            normalIndex [
0,0,0,-1,0,0,0,-1,0,0,0,-1,0,0,0,-1,1,1,1,-1,1,1,1,-1,1,1,1,-1,1,1,1,-1,2,2,2,-1,2,2,2,-1,3,3,3,-1,3,3,3,-1,4,4,4,-1,4,4,4,-1,5,5,5,-1,5,5,5,-1,6,6,6,-1,6,6,6,-1,7,7,7,-1,7,7,7            ]
          }
        }
        Shape {
          appearance USE M0
          geometry IndexedFaceSet {
            coord Coordinate {
              point [
40890.62629211 3443.69272224 14554.15184359,41012.37312066 3275.85652779 14554.1518344,41011.68971261 3275.85652793 14554.15183445,40603.86536619 3448.17739608 14554.15186524,41018.60344102 3623.41963569 14554.15183393,41018.60344038 3620.11792891 14554.15183393,40890.62629517 3443.69272224 14594.65283159,41018.60344343 3620.11792891 14594.65282193,41018.60344408 3623.41963569 14594.65282193,40603.86536924 3448.17739608 14594.65285324,41011.68971566 3275.85652793 14594.65282245,41012.37312372 3275.85652779 14594.6528224              ]
            }
            coordIndex [
0,1,2,-1,3,4,5,-1,0,2,3,-1,3,5,0,-1,6,7,8,-1,9,10,11,-1,6,8,9,-1,9,11,6,-1,2,1,11,-1,11,10,2,-1,8,7,5,-1,5,4,8,-1,10,9,3,-1,3,2,10,-1,3,9,8,-1,8,4,3,-1,6,11,1,-1,1,0,6,-1,6,0,5,-1,5,7,6            ]
            ccw TRUE
            normalPerVertex TRUE
            normal Normal {
              vector [
-1 -0 0,1 0 0,0 -1 0,0 0 -1,0 -0.89155 0.45292,0 0.89155 0.45292,0 0.51659 -0.85623,0 -0.51659 -0.85623              ]
            }
            normalIndex [
0,0,0,-1,0,0,0,-1,0,0,0,-1,0,0,0,-1,1,1,1,-1,1,1,1,-1,1,1,1,-1,1,1,1,-1,2,2,2,-1,2,2,2,-1,3,3,3,-1,3,3,3,-1,4,4,4,-1,4,4,4,-1,5,5,5,-1,5,5,5,-1,6,6,6,-1,6,6,6,-1,7,7,7,-1,7,7,7            ]
          }
        }
        Shape {
          appearance USE M0
          geometry IndexedFaceSet {
            coord Coordinate {
              point [
28190.62629211 4707.17099373 13556.06492952,28312.37312066 4539.33479928 13556.06492033,28311.68971261 4539.33479941 13556.06492038,27903.86536619 4711.65566756 13556.06495117,28318.60344102 4886.89790717 13556.06491986,28318.60344038 4883.59620039 13556.06491986,28190.62629517 4707.17099373 13596.56591753,28318.60344343 4883.59620039 13596.56590787,28318.60344408 4886.89790717 13596.56590787,27903.86536924 4711.65566756 13596.56593918,28311.68971566 4539.33479941 13596.56590839,28312.37312372 4539.33479928 13596.56590834              ]
            }
            coordIndex [
0,1,2,-1,3,4,5,-1,0,2,3,-1,3,5,0,-1,6,7,8,-1,9,10,11,-1,6,8,9,-1,9,11,6,-1,2,1,11,-1,11,10,2,-1,8,7,5,-1,5,4,8,-1,10,9,3,-1,3,2,10,-1,3,9,8,-1,8,4,3,-1,6,11,1,-1,1,0,6,-1,6,0,5,-1,5,7,6            ]
            ccw TRUE
            normalPerVertex TRUE
            normal Normal {
              vector [
-1 -0 0,1 0 0,0 -1 0,0 0 -1,0 -0.89155 0.45292,0 0.89155 0.45292,0 0.51659 -0.85623,0 -0.51659 -0.85623              ]
            }
            normalIndex [
0,0,0,-1,0,0,0,-1,0,0,0,-1,0,0,0,-1,1,1,1,-1,1,1,1,-1,1,1,1,-1,1,1,1,-1,2,2,2,-1,2,2,2,-1,3,3,3,-1,3,3,3,-1,4,4,4,-1,4,4,4,-1,5,5,5,-1,5,5,5,-1,6,6,6,-1,6,6,6,-1,7,7,7,-1,7,7,7            ]
          }
        }
        Shape {
          appearance USE M0
          geometry IndexedFaceSet {
            coord Coordinate {
              point [
22090.62629211 3875.43222419 13556.06492952,22212.37312066 3707.59602975 13556.06492033,22211.68971261 3707.59602988 13556.06492038,21803.86536619 3879.91689803 13556.06495117,22218.60344102 4055.15913764 13556.06491986,22218.60344038 4051.85743086 13556.06491986,22090.62629517 3875.43222419 13596.56591753,22218.60344343 4051.85743086 13596.56590787,22218.60344408 4055.15913764 13596.56590787,21803.86536924 3879.91689803 13596.56593918,22211.68971566 3707.59602988 13596.56590839,22212.37312372 3707.59602975 13596.56590834              ]
            }
            coordIndex [
0,1,2,-1,3,4,5,-1,0,2,3,-1,3,5,0,-1,6,7,8,-1,9,10,11,-1,6,8,9,-1,9,11,6,-1,2,1,11,-1,11,10,2,-1,8,7,5,-1,5,4,8,-1,10,9,3,-1,3,2,10,-1,3,9,8,-1,8,4,3,-1,6,11,1,-1,1,0,6,-1,6,0,5,-1,5,7,6            ]
            ccw TRUE
            normalPerVertex TRUE
            normal Normal {
              vector [
-1 -0 0,1 0 0,0 -1 0,0 0 -1,0 -0.89155 0.45292,0 0.89155 0.45292,0 0.51659 -0.85623,0 -0.51659 -0.85623              ]
            }
            normalIndex [
0,0,0,-1,0,0,0,-1,0,0,0,-1,0,0,0,-1,1,1,1,-1,1,1,1,-1,1,1,1,-1,1,1,1,-1,2,2,2,-1,2,2,2,-1,3,3,3,-1,3,3,3,-1,4,4,4,-1,4,4,4,-1,5,5,5,-1,5,5,5,-1,6,6,6,-1,6,6,6,-1,7,7,7,-1,7,7,7            ]
          }
        }
        Shape {
          appearance USE M0
          geometry IndexedFaceSet {
            coord Coordinate {
              point [
31390.62629211 4243.69296638 14304.63035921,31512.37312066 4075.85677193 14304.63035002,31511.68971261 4075.85677207 14304.63035007,31103.86536619 4248.17764022 14304.63038086,31518.60344102 4423.41987983 14304.63034955,31518.60344038 4420.11817305 14304.63034955,31390.62629517 4243.69296638 14345.13134722,31518.60344343 4420.11817305 14345.13133756,31518.60344408 4423.41987983 14345.13133756,31103.86536924 4248.17764022 14345.13136887,31511.68971566 4075.85677207 14345.13133808,31512.37312372 4075.85677193 14345.13133803              ]
            }
            coordIndex [
0,1,2,-1,3,4,5,-1,0,2,3,-1,3,5,0,-1,6,7,8,-1,9,10,11,-1,6,8,9,-1,9,11,6,-1,2,1,11,-1,11,10,2,-1,8,7,5,-1,5,4,8,-1,10,9,3,-1,3,2,10,-1,3,9,8,-1,8,4,3,-1,6,11,1,-1,1,0,6,-1,6,0,5,-1,5,7,6            ]
            ccw TRUE
            normalPerVertex TRUE
            normal Normal {
              vector [
-1 -0 0,1 0 0,0 -1 0,0 0 -1,0 -0.89155 0.45292,0 0.89155 0.45292,0 0.51659 -0.85623,0 -0.51659 -0.85623              ]
            }
            normalIndex [
0,0,0,-1,0,0,0,-1,0,0,0,-1,0,0,0,-1,1,1,1,-1,1,1,1,-1,1,1,1,-1,1,1,1,-1,2,2,2,-1,2,2,2,-1,3,3,3,-1,3,3,3,-1,4,4,4,-1,4,4,4,-1,5,5,5,-1,5,5,5,-1,6,6,6,-1,6,6,6,-1,7,7,7,-1,7,7,7            ]
          }
        }
        Shape {
          appearance USE M0
          geometry IndexedFaceSet {
            coord Coordinate {
              point [
6590.62580383 4707.17099373 14304.63035921,6712.37263238 4539.33479928 14304.63035002,6711.68922432 4539.33479941 14304.63035007,6303.86487791 4711.65566756 14304.63038086,6718.60295274 4886.89790717 14304.63034955,6718.6029521 4883.59620039 14304.63034955,6590.62580689 4707.17099373 14345.13134722,6718.60295515 4883.59620039 14345.13133756,6718.6029558 4886.89790717 14345.13133756,6303.86488096 4711.65566756 14345.13136887,6711.68922738 4539.33479941 14345.13133808,6712.37263543 4539.33479928 14345.13133803              ]
            }
            coordIndex [
0,1,2,-1,3,4,5,-1,0,2,3,-1,3,5,0,-1,6,7,8,-1,9,10,11,-1,6,8,9,-1,9,11,6,-1,2,1,11,-1,11,10,2,-1,8,7,5,-1,5,4,8,-1,10,9,3,-1,3,2,10,-1,3,9,8,-1,8,4,3,-1,6,11,1,-1,1,0,6,-1,6,0,5,-1,5,7,6            ]
            ccw TRUE
            normalPerVertex TRUE
            normal Normal {
              vector [
-1 -0 0,1 0 0,0 -1 0,0 0 -1,0 -0.89155 0.45292,0 0.89155 0.45292,0 0.51659 -0.85623,0 -0.51659 -0.85623              ]
            }
            normalIndex [
0,0,0,-1,0,0,0,-1,0,0,0,-1,0,0,0,-1,1,1,1,-1,1,1,1,-1,1,1,1,-1,1,1,1,-1,2,2,2,-1,2,2,2,-1,3,3,3,-1,3,3,3,-1,4,4,4,-1,4,4,4,-1,5,5,5,-1,5,5,5,-1,6,6,6,-1,6,6,6,-1,7,7,7,-1,7,7,7            ]
          }
        }
        Shape {
          appearance USE M0
          geometry IndexedFaceSet {
            coord Coordinate {
              point [
24990.62629211 4243.69296638 13805.58543734,25112.37312066 4075.85677193 13805.58542815,25111.68971261 4075.85677207 13805.5854282,24703.86536619 4248.17764022 13805.58545899,25118.60344102 4423.41987983 13805.58542768,25118.60344038 4420.11817305 13805.58542768,24990.62629517 4243.69296638 13846.08642534,25118.60344343 4420.11817305 13846.08641568,25118.60344408 4423.41987983 13846.08641568,24703.86536924 4248.17764022 13846.08644699,25111.68971566 4075.85677207 13846.0864162,25112.37312372 4075.85677193 13846.08641615              ]
            }
            coordIndex [
0,1,2,-1,3,4,5,-1,0,2,3,-1,3,5,0,-1,6,7,8,-1,9,10,11,-1,6,8,9,-1,9,11,6,-1,2,1,11,-1,11,10,2,-1,8,7,5,-1,5,4,8,-1,10,9,3,-1,3,2,10,-1,3,9,8,-1,8,4,3,-1,6,11,1,-1,1,0,6,-1,6,0,5,-1,5,7,6            ]
            ccw TRUE
            normalPerVertex TRUE
            normal Normal {
              vector [
-1 -0 0,1 0 0,0 -1 0,0 0 -1,0 -0.89155 0.45292,0 0.89155 0.45292,0 0.51659 -0.85623,0 -0.51659 -0.85623              ]
            }
            normalIndex [
0,0,0,-1,0,0,0,-1,0,0,0,-1,0,0,0,-1,1,1,1,-1,1,1,1,-1,1,1,1,-1,1,1,1,-1,2,2,2,-1,2,2,2,-1,3,3,3,-1,3,3,3,-1,4,4,4,-1,4,4,4,-1,5,5,5,-1,5,5,5,-1,6,6,6,-1,6,6,6,-1,7,7,7,-1,7,7,7            ]
          }
        }
        Shape {
          appearance USE M0
          geometry IndexedFaceSet {
            coord Coordinate {
              point [
6590.62580383 3875.43222419 14304.63035921,6712.37263238 3707.59602975 14304.63035002,6711.68922432 3707.59602988 14304.63035007,6303.86487791 3879.91689803 14304.63038086,6718.60295274 4055.15913764 14304.63034955,6718.6029521 4051.85743086 14304.63034955,6590.62580689 3875.43222419 14345.13134722,6718.60295515 4051.85743086 14345.13133756,6718.6029558 4055.15913764 14345.13133756,6303.86488096 3879.91689803 14345.13136887,6711.68922738 3707.59602988 14345.13133808,6712.37263543 3707.59602975 14345.13133803              ]
            }
            coordIndex [
0,1,2,-1,3,4,5,-1,0,2,3,-1,3,5,0,-1,6,7,8,-1,9,10,11,-1,6,8,9,-1,9,11,6,-1,2,1,11,-1,11,10,2,-1,8,7,5,-1,5,4,8,-1,10,9,3,-1,3,2,10,-1,3,9,8,-1,8,4,3,-1,6,11,1,-1,1,0,6,-1,6,0,5,-1,5,7,6            ]
            ccw TRUE
            normalPerVertex TRUE
            normal Normal {
              vector [
-1 -0 0,1 0 0,0 -1 0,0 0 -1,0 -0.89155 0.45292,0 0.89155 0.45292,0 0.51659 -0.85623,0 -0.51659 -0.85623              ]
            }
            normalIndex [
0,0,0,-1,0,0,0,-1,0,0,0,-1,0,0,0,-1,1,1,1,-1,1,1,1,-1,1,1,1,-1,1,1,1,-1,2,2,2,-1,2,2,2,-1,3,3,3,-1,3,3,3,-1,4,4,4,-1,4,4,4,-1,5,5,5,-1,5,5,5,-1,6,6,6,-1,6,6,6,-1,7,7,7,-1,7,7,7            ]
          }
        }
        Shape {
          appearance USE M0
          geometry IndexedFaceSet {
            coord Coordinate {
              point [
190.62653625 3043.69296638 13805.58543734,312.3733648 2875.85677193 13805.58542815,311.68995675 2875.85677207 13805.5854282,-96.13438967 3048.17764022 13805.58545899,318.60368516 3223.41987983 13805.58542768,318.60368452 3220.11817305 13805.58542768,190.62653931 3043.69296638 13846.08642534,318.60368758 3220.11817305 13846.08641568,318.60368822 3223.41987983 13846.08641568,-96.13438662 3048.17764022 13846.08644699,311.6899598 2875.85677207 13846.0864162,312.37336786 2875.85677193 13846.08641615              ]
            }
            coordIndex [
0,1,2,-1,3,4,5,-1,0,2,3,-1,3,5,0,-1,6,7,8,-1,9,10,11,-1,6,8,9,-1,9,11,6,-1,2,1,11,-1,11,10,2,-1,8,7,5,-1,5,4,8,-1,10,9,3,-1,3,2,10,-1,3,9,8,-1,8,4,3,-1,6,11,1,-1,1,0,6,-1,6,0,5,-1,5,7,6            ]
            ccw TRUE
            normalPerVertex TRUE
            normal Normal {
              vector [
-1 -0 0,1 0 0,0 -1 0,0 0 -1,0 -0.89155 0.45292,0 0.89155 0.45292,0 0.51659 -0.85623,0 -0.51659 -0.85623              ]
            }
            normalIndex [
0,0,0,-1,0,0,0,-1,0,0,0,-1,0,0,0,-1,1,1,1,-1,1,1,1,-1,1,1,1,-1,1,1,1,-1,2,2,2,-1,2,2,2,-1,3,3,3,-1,3,3,3,-1,4,4,4,-1,4,4,4,-1,5,5,5,-1,5,5,5,-1,6,6,6,-1,6,6,6,-1,7,7,7,-1,7,7,7            ]
          }
        }
        Shape {
          appearance USE M0
          geometry IndexedFaceSet {
            coord Coordinate {
              point [
44090.62629211 3443.69272224 13306.54246859,44212.37312066 3275.85652779 13306.5424594,44211.68971261 3275.85652793 13306.54245945,43803.86536619 3448.17739608 13306.54249024,44218.60344102 3623.41963569 13306.54245893,44218.60344038 3620.11792891 13306.54245893,44090.62629517 3443.69272224 13347.04345659,44218.60344343 3620.11792891 13347.04344693,44218.60344408 3623.41963569 13347.04344693,43803.86536924 3448.17739608 13347.04347824,44211.68971566 3275.85652793 13347.04344745,44212.37312372 3275.85652779 13347.0434474              ]
            }
            coordIndex [
0,1,2,-1,3,4,5,-1,0,2,3,-1,3,5,0,-1,6,7,8,-1,9,10,11,-1,6,8,9,-1,9,11,6,-1,2,1,11,-1,11,10,2,-1,8,7,5,-1,5,4,8,-1,10,9,3,-1,3,2,10,-1,3,9,8,-1,8,4,3,-1,6,11,1,-1,1,0,6,-1,6,0,5,-1,5,7,6            ]
            ccw TRUE
            normalPerVertex TRUE
            normal Normal {
              vector [
-1 -0 0,1 0 0,0 -1 0,0 0 -1,0 -0.89155 0.45292,0 0.89155 0.45292,0 0.51659 -0.85623,0 -0.51659 -0.85623              ]
            }
            normalIndex [
0,0,0,-1,0,0,0,-1,0,0,0,-1,0,0,0,-1,1,1,1,-1,1,1,1,-1,1,1,1,-1,1,1,1,-1,2,2,2,-1,2,2,2,-1,3,3,3,-1,3,3,3,-1,4,4,4,-1,4,4,4,-1,5,5,5,-1,5,5,5,-1,6,6,6,-1,6,6,6,-1,7,7,7,-1,7,7,7            ]
          }
        }
        Shape {
          appearance USE M0
          geometry IndexedFaceSet {
            coord Coordinate {
              point [
6590.62580383 4243.69296638 12807.49949984,6712.37263238 4075.85677193 12807.49949065,6711.68922432 4075.85677207 12807.4994907,6303.86487791 4248.17764022 12807.49952149,6718.60295274 4423.41987983 12807.49949018,6718.6029521 4420.11817305 12807.49949018,6590.62580689 4243.69296638 12848.00048784,6718.60295515 4420.11817305 12848.00047818,6718.6029558 4423.41987983 12848.00047818,6303.86488096 4248.17764022 12848.00050949,6711.68922738 4075.85677207 12848.0004787,6712.37263543 4075.85677193 12848.00047865              ]
            }
            coordIndex [
0,1,2,-1,3,4,5,-1,0,2,3,-1,3,5,0,-1,6,7,8,-1,9,10,11,-1,6,8,9,-1,9,11,6,-1,2,1,11,-1,11,10,2,-1,8,7,5,-1,5,4,8,-1,10,9,3,-1,3,2,10,-1,3,9,8,-1,8,4,3,-1,6,11,1,-1,1,0,6,-1,6,0,5,-1,5,7,6            ]
            ccw TRUE
            normalPerVertex TRUE
            normal Normal {
              vector [
-1 -0 0,1 0 0,0 -1 0,0 0 -1,0 -0.89155 0.45292,0 0.89155 0.45292,0 0.51659 -0.85623,0 -0.51659 -0.85623              ]
            }
            normalIndex [
0,0,0,-1,0,0,0,-1,0,0,0,-1,0,0,0,-1,1,1,1,-1,1,1,1,-1,1,1,1,-1,1,1,1,-1,2,2,2,-1,2,2,2,-1,3,3,3,-1,3,3,3,-1,4,4,4,-1,4,4,4,-1,5,5,5,-1,5,5,5,-1,6,6,6,-1,6,6,6,-1,7,7,7,-1,7,7,7            ]
          }
        }
        Shape {
          appearance USE M0
          geometry IndexedFaceSet {
            coord Coordinate {
              point [
190.62653625 4707.17099373 13805.58543734,312.3733648 4539.33479928 13805.58542815,311.68995675 4539.33479941 13805.5854282,-96.13438967 4711.65566756 13805.58545899,318.60368516 4886.89790717 13805.58542768,318.60368452 4883.59620039 13805.58542768,190.62653931 4707.17099373 13846.08642534,318.60368758 4883.59620039 13846.08641568,318.60368822 4886.89790717 13846.08641568,-96.13438662 4711.65566756 13846.08644699,311.6899598 4539.33479941 13846.0864162,312.37336786 4539.33479928 13846.08641615              ]
            }
            coordIndex [
0,1,2,-1,3,4,5,-1,0,2,3,-1,3,5,0,-1,6,7,8,-1,9,10,11,-1,6,8,9,-1,9,11,6,-1,2,1,11,-1,11,10,2,-1,8,7,5,-1,5,4,8,-1,10,9,3,-1,3,2,10,-1,3,9,8,-1,8,4,3,-1,6,11,1,-1,1,0,6,-1,6,0,5,-1,5,7,6            ]
            ccw TRUE
            normalPerVertex TRUE
            normal Normal {
              vector [
-1 -0 0,1 0 0,0 -1 0,0 0 -1,0 -0.89155 0.45292,0 0.89155 0.45292,0 0.51659 -0.85623,0 -0.51659 -0.85623              ]
            }
            normalIndex [
0,0,0,-1,0,0,0,-1,0,0,0,-1,0,0,0,-1,1,1,1,-1,1,1,1,-1,1,1,1,-1,1,1,1,-1,2,2,2,-1,2,2,2,-1,3,3,3,-1,3,3,3,-1,4,4,4,-1,4,4,4,-1,5,5,5,-1,5,5,5,-1,6,6,6,-1,6,6,6,-1,7,7,7,-1,7,7,7            ]
          }
        }
        Shape {
          appearance USE M0
          geometry IndexedFaceSet {
            coord Coordinate {
              point [
46890.62629211 3443.69272224 14055.10789827,47012.37312066 3275.85652779 14055.10788908,47011.68971261 3275.85652793 14055.10788913,46603.86536619 3448.17739608 14055.10791992,47018.60344102 3623.41963569 14055.10788861,47018.60344038 3620.11792891 14055.10788861,46890.62629517 3443.69272224 14095.60888628,47018.60344343 3620.11792891 14095.60887662,47018.60344408 3623.41963569 14095.60887662,46603.86536924 3448.17739608 14095.60890793,47011.68971566 3275.85652793 14095.60887714,47012.37312372 3275.85652779 14095.60887709              ]
            }
            coordIndex [
0,1,2,-1,3,4,5,-1,0,2,3,-1,3,5,0,-1,6,7,8,-1,9,10,11,-1,6,8,9,-1,9,11,6,-1,2,1,11,-1,11,10,2,-1,8,7,5,-1,5,4,8,-1,10,9,3,-1,3,2,10,-1,3,9,8,-1,8,4,3,-1,6,11,1,-1,1,0,6,-1,6,0,5,-1,5,7,6            ]
            ccw TRUE
            normalPerVertex TRUE
            normal Normal {
              vector [
-1 -0 0,1 0 0,0 -1 0,0 0 -1,0 -0.89155 0.45292,0 0.89155 0.45292,0 0.51659 -0.85623,0 -0.51659 -0.85623              ]
            }
            normalIndex [
0,0,0,-1,0,0,0,-1,0,0,0,-1,0,0,0,-1,1,1,1,-1,1,1,1,-1,1,1,1,-1,1,1,1,-1,2,2,2,-1,2,2,2,-1,3,3,3,-1,3,3,3,-1,4,4,4,-1,4,4,4,-1,5,5,5,-1,5,5,5,-1,6,6,6,-1,6,6,6,-1,7,7,7,-1,7,7,7            ]
          }
        }
        Shape {
          appearance USE M0
          geometry IndexedFaceSet {
            coord Coordinate {
              point [
19290.62629211 4243.69296638 13306.54246859,19412.37312066 4075.85677193 13306.5424594,19411.68971261 4075.85677207 13306.54245945,19003.86536619 4248.17764022 13306.54249024,19418.60344102 4423.41987983 13306.54245893,19418.60344038 4420.11817305 13306.54245893,19290.62629517 4243.69296638 13347.04345659,19418.60344343 4420.11817305 13347.04344693,19418.60344408 4423.41987983 13347.04344693,19003.86536924 4248.17764022 13347.04347824,19411.68971566 4075.85677207 13347.04344745,19412.37312372 4075.85677193 13347.0434474              ]
            }
            coordIndex [
0,1,2,-1,3,4,5,-1,0,2,3,-1,3,5,0,-1,6,7,8,-1,9,10,11,-1,6,8,9,-1,9,11,6,-1,2,1,11,-1,11,10,2,-1,8,7,5,-1,5,4,8,-1,10,9,3,-1,3,2,10,-1,3,9,8,-1,8,4,3,-1,6,11,1,-1,1,0,6,-1,6,0,5,-1,5,7,6            ]
            ccw TRUE
            normalPerVertex TRUE
            normal Normal {
              vector [
-1 -0 0,1 0 0,0 -1 0,0 0 -1,0 -0.89155 0.45292,0 0.89155 0.45292,0 0.51659 -0.85623,0 -0.51659 -0.85623              ]
            }
            normalIndex [
0,0,0,-1,0,0,0,-1,0,0,0,-1,0,0,0,-1,1,1,1,-1,1,1,1,-1,1,1,1,-1,1,1,1,-1,2,2,2,-1,2,2,2,-1,3,3,3,-1,3,3,3,-1,4,4,4,-1,4,4,4,-1,5,5,5,-1,5,5,5,-1,6,6,6,-1,6,6,6,-1,7,7,7,-1,7,7,7            ]
          }
        }
        Shape {
          appearance USE M0
          geometry IndexedFaceSet {
            coord Coordinate {
              point [
3390.62653625 3875.43222419 13057.02196077,3512.3733648 3707.59602975 13057.02195158,3511.68995675 3707.59602988 13057.02195163,3103.86561033 3879.91689803 13057.02198242,3518.60368516 4055.15913764 13057.02195111,3518.60368452 4051.85743086 13057.02195111,3390.62653931 3875.43222419 13097.52294878,3518.60368758 4051.85743086 13097.52293912,3518.60368822 4055.15913764 13097.52293912,3103.86561338 3879.91689803 13097.52297043,3511.6899598 3707.59602988 13097.52293964,3512.37336786 3707.59602975 13097.52293959              ]
            }
            coordIndex [
0,1,2,-1,3,4,5,-1,0,2,3,-1,3,5,0,-1,6,7,8,-1,9,10,11,-1,6,8,9,-1,9,11,6,-1,2,1,11,-1,11,10,2,-1,8,7,5,-1,5,4,8,-1,10,9,3,-1,3,2,10,-1,3,9,8,-1,8,4,3,-1,6,11,1,-1,1,0,6,-1,6,0,5,-1,5,7,6            ]
            ccw TRUE
            normalPerVertex TRUE
            normal Normal {
              vector [
-1 -0 0,1 0 0,0 -1 0,0 0 -1,0 -0.89155 0.45292,0 0.89155 0.45292,0 0.51659 -0.85623,0 -0.51659 -0.85623              ]
            }
            normalIndex [
0,0,0,-1,0,0,0,-1,0,0,0,-1,0,0,0,-1,1,1,1,-1,1,1,1,-1,1,1,1,-1,1,1,1,-1,2,2,2,-1,2,2,2,-1,3,3,3,-1,3,3,3,-1,4,4,4,-1,4,4,4,-1,5,5,5,-1,5,5,5,-1,6,6,6,-1,6,6,6,-1,7,7,7,-1,7,7,7            ]
          }
        }
        Shape {
          appearance USE M0
          geometry IndexedFaceSet {
            coord Coordinate {
              point [
19290.62629211 3443.69272224 14803.67332796,19412.37312066 3275.85652779 14803.67331877,19411.68971261 3275.85652793 14803.67331882,19003.86536619 3448.17739608 14803.67334961,19418.60344102 3623.41963569 14803.6733183,19418.60344038 3620.11792891 14803.6733183,19290.62629517 3443.69272224 14844.17431597,19418.60344343 3620.11792891 14844.17430631,19418.60344408 3623.41963569 14844.17430631,19003.86536924 3448.17739608 14844.17433762,19411.68971566 3275.85652793 14844.17430683,19412.37312372 3275.85652779 14844.17430678              ]
            }
            coordIndex [
0,1,2,-1,3,4,5,-1,0,2,3,-1,3,5,0,-1,6,7,8,-1,9,10,11,-1,6,8,9,-1,9,11,6,-1,2,1,11,-1,11,10,2,-1,8,7,5,-1,5,4,8,-1,10,9,3,-1,3,2,10,-1,3,9,8,-1,8,4,3,-1,6,11,1,-1,1,0,6,-1,6,0,5,-1,5,7,6            ]
            ccw TRUE
            normalPerVertex TRUE
            normal Normal {
              vector [
-1 -0 0,1 0 0,0 -1 0,0 0 -1,0 -0.89155 0.45292,0 0.89155 0.45292,0 0.51659 -0.85623,0 -0.51659 -0.85623              ]
            }
            normalIndex [
0,0,0,-1,0,0,0,-1,0,0,0,-1,0,0,0,-1,1,1,1,-1,1,1,1,-1,1,1,1,-1,1,1,1,-1,2,2,2,-1,2,2,2,-1,3,3,3,-1,3,3,3,-1,4,4,4,-1,4,4,4,-1,5,5,5,-1,5,5,5,-1,6,6,6,-1,6,6,6,-1,7,7,7,-1,7,7,7            ]
          }
        }
        Shape {
          appearance USE M0
          geometry IndexedFaceSet {
            coord Coordinate {
              point [
28190.62629211 4243.69296638 13556.06492952,28312.37312066 4075.85677193 13556.06492033,28311.68971261 4075.85677207 13556.06492038,27903.86536619 4248.17764022 13556.06495117,28318.60344102 4423.41987983 13556.06491986,28318.60344038 4420.11817305 13556.06491986,28190.62629517 4243.69296638 13596.56591753,28318.60344343 4420.11817305 13596.56590787,28318.60344408 4423.41987983 13596.56590787,27903.86536924 4248.17764022 13596.56593918,28311.68971566 4075.85677207 13596.56590839,28312.37312372 4075.85677193 13596.56590834              ]
            }
            coordIndex [
0,1,2,-1,3,4,5,-1,0,2,3,-1,3,5,0,-1,6,7,8,-1,9,10,11,-1,6,8,9,-1,9,11,6,-1,2,1,11,-1,11,10,2,-1,8,7,5,-1,5,4,8,-1,10,9,3,-1,3,2,10,-1,3,9,8,-1,8,4,3,-1,6,11,1,-1,1,0,6,-1,6,0,5,-1,5,7,6            ]
            ccw TRUE
            normalPerVertex TRUE
            normal Normal {
              vector [
-1 -0 0,1 0 0,0 -1 0,0 0 -1,0 -0.89155 0.45292,0 0.89155 0.45292,0 0.51659 -0.85623,0 -0.51659 -0.85623              ]
            }
            normalIndex [
0,0,0,-1,0,0,0,-1,0,0,0,-1,0,0,0,-1,1,1,1,-1,1,1,1,-1,1,1,1,-1,1,1,1,-1,2,2,2,-1,2,2,2,-1,3,3,3,-1,3,3,3,-1,4,4,4,-1,4,4,4,-1,5,5,5,-1,5,5,5,-1,6,6,6,-1,6,6,6,-1,7,7,7,-1,7,7,7            ]
          }
        }
        Shape {
          appearance USE M0
          geometry IndexedFaceSet {
            coord Coordinate {
              point [
16090.62629211 3043.69296638 14055.10789827,16212.37312066 2875.85677193 14055.10788908,16211.68971261 2875.85677207 14055.10788913,15803.86536619 3048.17764022 14055.10791992,16218.60344102 3223.41987983 14055.10788861,16218.60344038 3220.11817305 14055.10788861,16090.62629517 3043.69296638 14095.60888628,16218.60344343 3220.11817305 14095.60887662,16218.60344408 3223.41987983 14095.60887662,15803.86536924 3048.17764022 14095.60890793,16211.68971566 2875.85677207 14095.60887714,16212.37312372 2875.85677193 14095.60887709              ]
            }
            coordIndex [
0,1,2,-1,3,4,5,-1,0,2,3,-1,3,5,0,-1,6,7,8,-1,9,10,11,-1,6,8,9,-1,9,11,6,-1,2,1,11,-1,11,10,2,-1,8,7,5,-1,5,4,8,-1,10,9,3,-1,3,2,10,-1,3,9,8,-1,8,4,3,-1,6,11,1,-1,1,0,6,-1,6,0,5,-1,5,7,6            ]
            ccw TRUE
            normalPerVertex TRUE
            normal Normal {
              vector [
-1 -0 0,1 0 0,0 -1 0,0 0 -1,0 -0.89155 0.45292,0 0.89155 0.45292,0 0.51659 -0.85623,0 -0.51659 -0.85623              ]
            }
            normalIndex [
0,0,0,-1,0,0,0,-1,0,0,0,-1,0,0,0,-1,1,1,1,-1,1,1,1,-1,1,1,1,-1,1,1,1,-1,2,2,2,-1,2,2,2,-1,3,3,3,-1,3,3,3,-1,4,4,4,-1,4,4,4,-1,5,5,5,-1,5,5,5,-1,6,6,6,-1,6,6,6,-1,7,7,7,-1,7,7,7            ]
          }
        }
        Shape {
          appearance USE M0
          geometry IndexedFaceSet {
            coord Coordinate {
              point [
190.62653625 3443.69272224 13306.54246859,312.3733648 3275.85652779 13306.5424594,311.68995675 3275.85652793 13306.54245945,-96.13438967 3448.17739608 13306.54249024,318.60368516 3623.41963569 13306.54245893,318.60368452 3620.11792891 13306.54245893,190.62653931 3443.69272224 13347.04345659,318.60368758 3620.11792891 13347.04344693,318.60368822 3623.41963569 13347.04344693,-96.13438662 3448.17739608 13347.04347824,311.6899598 3275.85652793 13347.04344745,312.37336786 3275.85652779 13347.0434474              ]
            }
            coordIndex [
0,1,2,-1,3,4,5,-1,0,2,3,-1,3,5,0,-1,6,7,8,-1,9,10,11,-1,6,8,9,-1,9,11,6,-1,2,1,11,-1,11,10,2,-1,8,7,5,-1,5,4,8,-1,10,9,3,-1,3,2,10,-1,3,9,8,-1,8,4,3,-1,6,11,1,-1,1,0,6,-1,6,0,5,-1,5,7,6            ]
            ccw TRUE
            normalPerVertex TRUE
            normal Normal {
              vector [
-1 -0 0,1 0 0,0 -1 0,0 0 -1,0 -0.89155 0.45292,0 0.89155 0.45292,0 0.51659 -0.85623,0 -0.51659 -0.85623              ]
            }
            normalIndex [
0,0,0,-1,0,0,0,-1,0,0,0,-1,0,0,0,-1,1,1,1,-1,1,1,1,-1,1,1,1,-1,1,1,1,-1,2,2,2,-1,2,2,2,-1,3,3,3,-1,3,3,3,-1,4,4,4,-1,4,4,4,-1,5,5,5,-1,5,5,5,-1,6,6,6,-1,6,6,6,-1,7,7,7,-1,7,7,7            ]
          }
        }
        Shape {
          appearance USE M0
          geometry IndexedFaceSet {
            coord Coordinate {
              point [
31390.62629211 4243.69296638 12807.49949984,31512.37312066 4075.85677193 12807.49949065,31511.68971261 4075.85677207 12807.4994907,31103.86536619 4248.17764022 12807.49952149,31518.60344102 4423.41987983 12807.49949018,31518.60344038 4420.11817305 12807.49949018,31390.62629517 4243.69296638 12848.00048784,31518.60344343 4420.11817305 12848.00047818,31518.60344408 4423.41987983 12848.00047818,31103.86536924 4248.17764022 12848.00050949,31511.68971566 4075.85677207 12848.0004787,31512.37312372 4075.85677193 12848.00047865              ]
            }
            coordIndex [
0,1,2,-1,3,4,5,-1,0,2,3,-1,3,5,0,-1,6,7,8,-1,9,10,11,-1,6,8,9,-1,9,11,6,-1,2,1,11,-1,11,10,2,-1,8,7,5,-1,5,4,8,-1,10,9,3,-1,3,2,10,-1,3,9,8,-1,8,4,3,-1,6,11,1,-1,1,0,6,-1,6,0,5,-1,5,7,6            ]
            ccw TRUE
            normalPerVertex TRUE
            normal Normal {
              vector [
-1 -0 0,1 0 0,0 -1 0,0 0 -1,0 -0.89155 0.45292,0 0.89155 0.45292,0 0.51659 -0.85623,0 -0.51659 -0.85623              ]
            }
            normalIndex [
0,0,0,-1,0,0,0,-1,0,0,0,-1,0,0,0,-1,1,1,1,-1,1,1,1,-1,1,1,1,-1,1,1,1,-1,2,2,2,-1,2,2,2,-1,3,3,3,-1,3,3,3,-1,4,4,4,-1,4,4,4,-1,5,5,5,-1,5,5,5,-1,6,6,6,-1,6,6,6,-1,7,7,7,-1,7,7,7            ]
          }
        }
        Shape {
          appearance USE M0
          geometry IndexedFaceSet {
            coord Coordinate {
              point [
31390.62629211 3043.69296638 14803.67332796,31512.37312066 2875.85677193 14803.67331877,31511.68971261 2875.85677207 14803.67331882,31103.86536619 3048.17764022 14803.67334961,31518.60344102 3223.41987983 14803.6733183,31518.60344038 3220.11817305 14803.6733183,31390.62629517 3043.69296638 14844.17431597,31518.60344343 3220.11817305 14844.17430631,31518.60344408 3223.41987983 14844.17430631,31103.86536924 3048.17764022 14844.17433762,31511.68971566 2875.85677207 14844.17430683,31512.37312372 2875.85677193 14844.17430678              ]
            }
            coordIndex [
0,1,2,-1,3,4,5,-1,0,2,3,-1,3,5,0,-1,6,7,8,-1,9,10,11,-1,6,8,9,-1,9,11,6,-1,2,1,11,-1,11,10,2,-1,8,7,5,-1,5,4,8,-1,10,9,3,-1,3,2,10,-1,3,9,8,-1,8,4,3,-1,6,11,1,-1,1,0,6,-1,6,0,5,-1,5,7,6            ]
            ccw TRUE
            normalPerVertex TRUE
            normal Normal {
              vector [
-1 -0 0,1 0 0,0 -1 0,0 0 -1,0 -0.89155 0.45292,0 0.89155 0.45292,0 0.51659 -0.85623,0 -0.51659 -0.85623              ]
            }
            normalIndex [
0,0,0,-1,0,0,0,-1,0,0,0,-1,0,0,0,-1,1,1,1,-1,1,1,1,-1,1,1,1,-1,1,1,1,-1,2,2,2,-1,2,2,2,-1,3,3,3,-1,3,3,3,-1,4,4,4,-1,4,4,4,-1,5,5,5,-1,5,5,5,-1,6,6,6,-1,6,6,6,-1,7,7,7,-1,7,7,7            ]
          }
        }
        Shape {
          appearance USE M0
          geometry IndexedFaceSet {
            coord Coordinate {
              point [
22090.62629211 3443.69272224 13057.02196077,22212.37312066 3275.85652779 13057.02195158,22211.68971261 3275.85652793 13057.02195163,21803.86536619 3448.17739608 13057.02198242,22218.60344102 3623.41963569 13057.02195111,22218.60344038 3620.11792891 13057.02195111,22090.62629517 3443.69272224 13097.52294878,22218.60344343 3620.11792891 13097.52293912,22218.60344408 3623.41963569 13097.52293912,21803.86536924 3448.17739608 13097.52297043,22211.68971566 3275.85652793 13097.52293964,22212.37312372 3275.85652779 13097.52293959              ]
            }
            coordIndex [
0,1,2,-1,3,4,5,-1,0,2,3,-1,3,5,0,-1,6,7,8,-1,9,10,11,-1,6,8,9,-1,9,11,6,-1,2,1,11,-1,11,10,2,-1,8,7,5,-1,5,4,8,-1,10,9,3,-1,3,2,10,-1,3,9,8,-1,8,4,3,-1,6,11,1,-1,1,0,6,-1,6,0,5,-1,5,7,6            ]
            ccw TRUE
            normalPerVertex TRUE
            normal Normal {
              vector [
-1 -0 0,1 0 0,0 -1 0,0 0 -1,0 -0.89155 0.45292,0 0.89155 0.45292,0 0.51659 -0.85623,0 -0.51659 -0.85623              ]
            }
            normalIndex [
0,0,0,-1,0,0,0,-1,0,0,0,-1,0,0,0,-1,1,1,1,-1,1,1,1,-1,1,1,1,-1,1,1,1,-1,2,2,2,-1,2,2,2,-1,3,3,3,-1,3,3,3,-1,4,4,4,-1,4,4,4,-1,5,5,5,-1,5,5,5,-1,6,6,6,-1,6,6,6,-1,7,7,7,-1,7,7,7            ]
          }
        }
        Shape {
          appearance USE M0
          geometry IndexedFaceSet {
            coord Coordinate {
              point [
37690.62629211 3875.43222419 14304.63035921,37812.37312066 3707.59602975 14304.63035002,37811.68971261 3707.59602988 14304.63035007,37403.86536619 3879.91689803 14304.63038086,37818.60344102 4055.15913764 14304.63034955,37818.60344038 4051.85743086 14304.63034955,37690.62629517 3875.43222419 14345.13134722,37818.60344343 4051.85743086 14345.13133756,37818.60344408 4055.15913764 14345.13133756,37403.86536924 3879.91689803 14345.13136887,37811.68971566 3707.59602988 14345.13133808,37812.37312372 3707.59602975 14345.13133803              ]
            }
            coordIndex [
0,1,2,-1,3,4,5,-1,0,2,3,-1,3,5,0,-1,6,7,8,-1,9,10,11,-1,6,8,9,-1,9,11,6,-1,2,1,11,-1,11,10,2,-1,8,7,5,-1,5,4,8,-1,10,9,3,-1,3,2,10,-1,3,9,8,-1,8,4,3,-1,6,11,1,-1,1,0,6,-1,6,0,5,-1,5,7,6            ]
            ccw TRUE
            normalPerVertex TRUE
            normal Normal {
              vector [
-1 -0 0,1 0 0,0 -1 0,0 0 -1,0 -0.89155 0.45292,0 0.89155 0.45292,0 0.51659 -0.85623,0 -0.51659 -0.85623              ]
            }
            normalIndex [
0,0,0,-1,0,0,0,-1,0,0,0,-1,0,0,0,-1,1,1,1,-1,1,1,1,-1,1,1,1,-1,1,1,1,-1,2,2,2,-1,2,2,2,-1,3,3,3,-1,3,3,3,-1,4,4,4,-1,4,4,4,-1,5,5,5,-1,5,5,5,-1,6,6,6,-1,6,6,6,-1,7,7,7,-1,7,7,7            ]
          }
        }
        Shape {
          appearance USE M0
          geometry IndexedFaceSet {
            coord Coordinate {
              point [
46890.62629211 4243.69296638 13556.06492952,47012.37312066 4075.85677193 13556.06492033,47011.68971261 4075.85677207 13556.06492038,46603.86536619 4248.17764022 13556.06495117,47018.60344102 4423.41987983 13556.06491986,47018.60344038 4420.11817305 13556.06491986,46890.62629517 4243.69296638 13596.56591753,47018.60344343 4420.11817305 13596.56590787,47018.60344408 4423.41987983 13596.56590787,46603.86536924 4248.17764022 13596.56593918,47011.68971566 4075.85677207 13596.56590839,47012.37312372 4075.85677193 13596.56590834              ]
            }
            coordIndex [
0,1,2,-1,3,4,5,-1,0,2,3,-1,3,5,0,-1,6,7,8,-1,9,10,11,-1,6,8,9,-1,9,11,6,-1,2,1,11,-1,11,10,2,-1,8,7,5,-1,5,4,8,-1,10,9,3,-1,3,2,10,-1,3,9,8,-1,8,4,3,-1,6,11,1,-1,1,0,6,-1,6,0,5,-1,5,7,6            ]
            ccw TRUE
            normalPerVertex TRUE
            normal Normal {
              vector [
-1 -0 0,1 0 0,0 -1 0,0 0 -1,0 -0.89155 0.45292,0 0.89155 0.45292,0 0.51659 -0.85623,0 -0.51659 -0.85623              ]
            }
            normalIndex [
0,0,0,-1,0,0,0,-1,0,0,0,-1,0,0,0,-1,1,1,1,-1,1,1,1,-1,1,1,1,-1,1,1,1,-1,2,2,2,-1,2,2,2,-1,3,3,3,-1,3,3,3,-1,4,4,4,-1,4,4,4,-1,5,5,5,-1,5,5,5,-1,6,6,6,-1,6,6,6,-1,7,7,7,-1,7,7,7            ]
          }
        }
        Shape {
          appearance USE M0
          geometry IndexedFaceSet {
            coord Coordinate {
              point [
46890.62629211 3443.69272224 14554.15184359,47012.37312066 3275.85652779 14554.1518344,47011.68971261 3275.85652793 14554.15183445,46603.86536619 3448.17739608 14554.15186524,47018.60344102 3623.41963569 14554.15183393,47018.60344038 3620.11792891 14554.15183393,46890.62629517 3443.69272224 14594.65283159,47018.60344343 3620.11792891 14594.65282193,47018.60344408 3623.41963569 14594.65282193,46603.86536924 3448.17739608 14594.65285324,47011.68971566 3275.85652793 14594.65282245,47012.37312372 3275.85652779 14594.6528224              ]
            }
            coordIndex [
0,1,2,-1,3,4,5,-1,0,2,3,-1,3,5,0,-1,6,7,8,-1,9,10,11,-1,6,8,9,-1,9,11,6,-1,2,1,11,-1,11,10,2,-1,8,7,5,-1,5,4,8,-1,10,9,3,-1,3,2,10,-1,3,9,8,-1,8,4,3,-1,6,11,1,-1,1,0,6,-1,6,0,5,-1,5,7,6            ]
            ccw TRUE
            normalPerVertex TRUE
            normal Normal {
              vector [
-1 -0 0,1 0 0,0 -1 0,0 0 -1,0 -0.89155 0.45292,0 0.89155 0.45292,0 0.51659 -0.85623,0 -0.51659 -0.85623              ]
            }
            normalIndex [
0,0,0,-1,0,0,0,-1,0,0,0,-1,0,0,0,-1,1,1,1,-1,1,1,1,-1,1,1,1,-1,1,1,1,-1,2,2,2,-1,2,2,2,-1,3,3,3,-1,3,3,3,-1,4,4,4,-1,4,4,4,-1,5,5,5,-1,5,5,5,-1,6,6,6,-1,6,6,6,-1,7,7,7,-1,7,7,7            ]
          }
        }
        Shape {
          appearance USE M0
          geometry IndexedFaceSet {
            coord Coordinate {
              point [
28190.62629211 4243.69296638 13057.02196077,28312.37312066 4075.85677193 13057.02195158,28311.68971261 4075.85677207 13057.02195163,27903.86536619 4248.17764022 13057.02198242,28318.60344102 4423.41987983 13057.02195111,28318.60344038 4420.11817305 13057.02195111,28190.62629517 4243.69296638 13097.52294878,28318.60344343 4420.11817305 13097.52293912,28318.60344408 4423.41987983 13097.52293912,27903.86536924 4248.17764022 13097.52297043,28311.68971566 4075.85677207 13097.52293964,28312.37312372 4075.85677193 13097.52293959              ]
            }
            coordIndex [
0,1,2,-1,3,4,5,-1,0,2,3,-1,3,5,0,-1,6,7,8,-1,9,10,11,-1,6,8,9,-1,9,11,6,-1,2,1,11,-1,11,10,2,-1,8,7,5,-1,5,4,8,-1,10,9,3,-1,3,2,10,-1,3,9,8,-1,8,4,3,-1,6,11,1,-1,1,0,6,-1,6,0,5,-1,5,7,6            ]
            ccw TRUE
            normalPerVertex TRUE
            normal Normal {
              vector [
-1 -0 0,1 0 0,0 -1 0,0 0 -1,0 -0.89155 0.45292,0 0.89155 0.45292,0 0.51659 -0.85623,0 -0.51659 -0.85623              ]
            }
            normalIndex [
0,0,0,-1,0,0,0,-1,0,0,0,-1,0,0,0,-1,1,1,1,-1,1,1,1,-1,1,1,1,-1,1,1,1,-1,2,2,2,-1,2,2,2,-1,3,3,3,-1,3,3,3,-1,4,4,4,-1,4,4,4,-1,5,5,5,-1,5,5,5,-1,6,6,6,-1,6,6,6,-1,7,7,7,-1,7,7,7            ]
          }
        }
        Shape {
          appearance USE M0
          geometry IndexedFaceSet {
            coord Coordinate {
              point [
44090.62629211 4243.69296638 13805.58543734,44212.37312066 4075.85677193 13805.58542815,44211.68971261 4075.85677207 13805.5854282,43803.86536619 4248.17764022 13805.58545899,44218.60344102 4423.41987983 13805.58542768,44218.60344038 4420.11817305 13805.58542768,44090.62629517 4243.69296638 13846.08642534,44218.60344343 4420.11817305 13846.08641568,44218.60344408 4423.41987983 13846.08641568,43803.86536924 4248.17764022 13846.08644699,44211.68971566 4075.85677207 13846.0864162,44212.37312372 4075.85677193 13846.08641615              ]
            }
            coordIndex [
0,1,2,-1,3,4,5,-1,0,2,3,-1,3,5,0,-1,6,7,8,-1,9,10,11,-1,6,8,9,-1,9,11,6,-1,2,1,11,-1,11,10,2,-1,8,7,5,-1,5,4,8,-1,10,9,3,-1,3,2,10,-1,3,9,8,-1,8,4,3,-1,6,11,1,-1,1,0,6,-1,6,0,5,-1,5,7,6            ]
            ccw TRUE
            normalPerVertex TRUE
            normal Normal {
              vector [
-1 -0 0,1 0 0,0 -1 0,0 0 -1,0 -0.89155 0.45292,0 0.89155 0.45292,0 0.51659 -0.85623,0 -0.51659 -0.85623              ]
            }
            normalIndex [
0,0,0,-1,0,0,0,-1,0,0,0,-1,0,0,0,-1,1,1,1,-1,1,1,1,-1,1,1,1,-1,1,1,1,-1,2,2,2,-1,2,2,2,-1,3,3,3,-1,3,3,3,-1,4,4,4,-1,4,4,4,-1,5,5,5,-1,5,5,5,-1,6,6,6,-1,6,6,6,-1,7,7,7,-1,7,7,7            ]
          }
        }
        Shape {
          appearance USE M0
          geometry IndexedFaceSet {
            coord Coordinate {
              point [
37690.62629211 3443.69272224 13306.54246859,37812.37312066 3275.85652779 13306.5424594,37811.68971261 3275.85652793 13306.54245945,37403.86536619 3448.17739608 13306.54249024,37818.60344102 3623.41963569 13306.54245893,37818.60344038 3620.11792891 13306.54245893,37690.62629517 3443.69272224 13347.04345659,37818.60344343 3620.11792891 13347.04344693,37818.60344408 3623.41963569 13347.04344693,37403.86536924 3448.17739608 13347.04347824,37811.68971566 3275.85652793 13347.04344745,37812.37312372 3275.85652779 13347.0434474              ]
            }
            coordIndex [
0,1,2,-1,3,4,5,-1,0,2,3,-1,3,5,0,-1,6,7,8,-1,9,10,11,-1,6,8,9,-1,9,11,6,-1,2,1,11,-1,11,10,2,-1,8,7,5,-1,5,4,8,-1,10,9,3,-1,3,2,10,-1,3,9,8,-1,8,4,3,-1,6,11,1,-1,1,0,6,-1,6,0,5,-1,5,7,6            ]
            ccw TRUE
            normalPerVertex TRUE
            normal Normal {
              vector [
-1 -0 0,1 0 0,0 -1 0,0 0 -1,0 -0.89155 0.45292,0 0.89155 0.45292,0 0.51659 -0.85623,0 -0.51659 -0.85623              ]
            }
            normalIndex [
0,0,0,-1,0,0,0,-1,0,0,0,-1,0,0,0,-1,1,1,1,-1,1,1,1,-1,1,1,1,-1,1,1,1,-1,2,2,2,-1,2,2,2,-1,3,3,3,-1,3,3,3,-1,4,4,4,-1,4,4,4,-1,5,5,5,-1,5,5,5,-1,6,6,6,-1,6,6,6,-1,7,7,7,-1,7,7,7            ]
          }
        }
        Shape {
          appearance USE M0
          geometry IndexedFaceSet {
            coord Coordinate {
              point [
12890.62629211 4243.69296638 13306.54246859,13012.37312066 4075.85677193 13306.5424594,13011.68971261 4075.85677207 13306.54245945,12603.86536619 4248.17764022 13306.54249024,13018.60344102 4423.41987983 13306.54245893,13018.60344038 4420.11817305 13306.54245893,12890.62629517 4243.69296638 13347.04345659,13018.60344343 4420.11817305 13347.04344693,13018.60344408 4423.41987983 13347.04344693,12603.86536924 4248.17764022 13347.04347824,13011.68971566 4075.85677207 13347.04344745,13012.37312372 4075.85677193 13347.0434474              ]
            }
            coordIndex [
0,1,2,-1,3,4,5,-1,0,2,3,-1,3,5,0,-1,6,7,8,-1,9,10,11,-1,6,8,9,-1,9,11,6,-1,2,1,11,-1,11,10,2,-1,8,7,5,-1,5,4,8,-1,10,9,3,-1,3,2,10,-1,3,9,8,-1,8,4,3,-1,6,11,1,-1,1,0,6,-1,6,0,5,-1,5,7,6            ]
            ccw TRUE
            normalPerVertex TRUE
            normal Normal {
              vector [
-1 -0 0,1 0 0,0 -1 0,0 0 -1,0 -0.89155 0.45292,0 0.89155 0.45292,0 0.51659 -0.85623,0 -0.51659 -0.85623              ]
            }
            normalIndex [
0,0,0,-1,0,0,0,-1,0,0,0,-1,0,0,0,-1,1,1,1,-1,1,1,1,-1,1,1,1,-1,1,1,1,-1,2,2,2,-1,2,2,2,-1,3,3,3,-1,3,3,3,-1,4,4,4,-1,4,4,4,-1,5,5,5,-1,5,5,5,-1,6,6,6,-1,6,6,6,-1,7,7,7,-1,7,7,7            ]
          }
        }
        Shape {
          appearance USE M0
          geometry IndexedFaceSet {
            coord Coordinate {
              point [
22090.62629211 4243.69296638 13556.06492952,22212.37312066 4075.85677193 13556.06492033,22211.68971261 4075.85677207 13556.06492038,21803.86536619 4248.17764022 13556.06495117,22218.60344102 4423.41987983 13556.06491986,22218.60344038 4420.11817305 13556.06491986,22090.62629517 4243.69296638 13596.56591753,22218.60344343 4420.11817305 13596.56590787,22218.60344408 4423.41987983 13596.56590787,21803.86536924 4248.17764022 13596.56593918,22211.68971566 4075.85677207 13596.56590839,22212.37312372 4075.85677193 13596.56590834              ]
            }
            coordIndex [
0,1,2,-1,3,4,5,-1,0,2,3,-1,3,5,0,-1,6,7,8,-1,9,10,11,-1,6,8,9,-1,9,11,6,-1,2,1,11,-1,11,10,2,-1,8,7,5,-1,5,4,8,-1,10,9,3,-1,3,2,10,-1,3,9,8,-1,8,4,3,-1,6,11,1,-1,1,0,6,-1,6,0,5,-1,5,7,6            ]
            ccw TRUE
            normalPerVertex TRUE
            normal Normal {
              vector [
-1 -0 0,1 0 0,0 -1 0,0 0 -1,0 -0.89155 0.45292,0 0.89155 0.45292,0 0.51659 -0.85623,0 -0.51659 -0.85623              ]
            }
            normalIndex [
0,0,0,-1,0,0,0,-1,0,0,0,-1,0,0,0,-1,1,1,1,-1,1,1,1,-1,1,1,1,-1,1,1,1,-1,2,2,2,-1,2,2,2,-1,3,3,3,-1,3,3,3,-1,4,4,4,-1,4,4,4,-1,5,5,5,-1,5,5,5,-1,6,6,6,-1,6,6,6,-1,7,7,7,-1,7,7,7            ]
          }
        }
        Shape {
          appearance USE M0
          geometry IndexedFaceSet {
            coord Coordinate {
              point [
31390.62629211 4707.17099373 14803.67332796,31512.37312066 4539.33479928 14803.67331877,31511.68971261 4539.33479941 14803.67331882,31103.86536619 4711.65566756 14803.67334961,31518.60344102 4886.89790717 14803.6733183,31518.60344038 4883.59620039 14803.6733183,31390.62629517 4707.17099373 14844.17431597,31518.60344343 4883.59620039 14844.17430631,31518.60344408 4886.89790717 14844.17430631,31103.86536924 4711.65566756 14844.17433762,31511.68971566 4539.33479941 14844.17430683,31512.37312372 4539.33479928 14844.17430678              ]
            }
            coordIndex [
0,1,2,-1,3,4,5,-1,0,2,3,-1,3,5,0,-1,6,7,8,-1,9,10,11,-1,6,8,9,-1,9,11,6,-1,2,1,11,-1,11,10,2,-1,8,7,5,-1,5,4,8,-1,10,9,3,-1,3,2,10,-1,3,9,8,-1,8,4,3,-1,6,11,1,-1,1,0,6,-1,6,0,5,-1,5,7,6            ]
            ccw TRUE
            normalPerVertex TRUE
            normal Normal {
              vector [
-1 -0 0,1 0 0,0 -1 0,0 0 -1,0 -0.89155 0.45292,0 0.89155 0.45292,0 0.51659 -0.85623,0 -0.51659 -0.85623              ]
            }
            normalIndex [
0,0,0,-1,0,0,0,-1,0,0,0,-1,0,0,0,-1,1,1,1,-1,1,1,1,-1,1,1,1,-1,1,1,1,-1,2,2,2,-1,2,2,2,-1,3,3,3,-1,3,3,3,-1,4,4,4,-1,4,4,4,-1,5,5,5,-1,5,5,5,-1,6,6,6,-1,6,6,6,-1,7,7,7,-1,7,7,7            ]
          }
        }
        Shape {
          appearance USE M0
          geometry IndexedFaceSet {
            coord Coordinate {
              point [
3390.62653625 4707.17099373 13057.02196077,3512.3733648 4539.33479928 13057.02195158,3511.68995675 4539.33479941 13057.02195163,3103.86561033 4711.65566756 13057.02198242,3518.60368516 4886.89790717 13057.02195111,3518.60368452 4883.59620039 13057.02195111,3390.62653931 4707.17099373 13097.52294878,3518.60368758 4883.59620039 13097.52293912,3518.60368822 4886.89790717 13097.52293912,3103.86561338 4711.65566756 13097.52297043,3511.6899598 4539.33479941 13097.52293964,3512.37336786 4539.33479928 13097.52293959              ]
            }
            coordIndex [
0,1,2,-1,3,4,5,-1,0,2,3,-1,3,5,0,-1,6,7,8,-1,9,10,11,-1,6,8,9,-1,9,11,6,-1,2,1,11,-1,11,10,2,-1,8,7,5,-1,5,4,8,-1,10,9,3,-1,3,2,10,-1,3,9,8,-1,8,4,3,-1,6,11,1,-1,1,0,6,-1,6,0,5,-1,5,7,6            ]
            ccw TRUE
            normalPerVertex TRUE
            normal Normal {
              vector [
-1 -0 0,1 0 0,0 -1 0,0 0 -1,0 -0.89155 0.45292,0 0.89155 0.45292,0 0.51659 -0.85623,0 -0.51659 -0.85623              ]
            }
            normalIndex [
0,0,0,-1,0,0,0,-1,0,0,0,-1,0,0,0,-1,1,1,1,-1,1,1,1,-1,1,1,1,-1,1,1,1,-1,2,2,2,-1,2,2,2,-1,3,3,3,-1,3,3,3,-1,4,4,4,-1,4,4,4,-1,5,5,5,-1,5,5,5,-1,6,6,6,-1,6,6,6,-1,7,7,7,-1,7,7,7            ]
          }
        }
        Shape {
          appearance USE M0
          geometry IndexedFaceSet {
            coord Coordinate {
              point [
46890.62629211 4243.69296638 14055.10789827,47012.37312066 4075.85677193 14055.10788908,47011.68971261 4075.85677207 14055.10788913,46603.86536619 4248.17764022 14055.10791992,47018.60344102 4423.41987983 14055.10788861,47018.60344038 4420.11817305 14055.10788861,46890.62629517 4243.69296638 14095.60888628,47018.60344343 4420.11817305 14095.60887662,47018.60344408 4423.41987983 14095.60887662,46603.86536924 4248.17764022 14095.60890793,47011.68971566 4075.85677207 14095.60887714,47012.37312372 4075.85677193 14095.60887709              ]
            }
            coordIndex [
0,1,2,-1,3,4,5,-1,0,2,3,-1,3,5,0,-1,6,7,8,-1,9,10,11,-1,6,8,9,-1,9,11,6,-1,2,1,11,-1,11,10,2,-1,8,7,5,-1,5,4,8,-1,10,9,3,-1,3,2,10,-1,3,9,8,-1,8,4,3,-1,6,11,1,-1,1,0,6,-1,6,0,5,-1,5,7,6            ]
            ccw TRUE
            normalPerVertex TRUE
            normal Normal {
              vector [
-1 -0 0,1 0 0,0 -1 0,0 0 -1,0 -0.89155 0.45292,0 0.89155 0.45292,0 0.51659 -0.85623,0 -0.51659 -0.85623              ]
            }
            normalIndex [
0,0,0,-1,0,0,0,-1,0,0,0,-1,0,0,0,-1,1,1,1,-1,1,1,1,-1,1,1,1,-1,1,1,1,-1,2,2,2,-1,2,2,2,-1,3,3,3,-1,3,3,3,-1,4,4,4,-1,4,4,4,-1,5,5,5,-1,5,5,5,-1,6,6,6,-1,6,6,6,-1,7,7,7,-1,7,7,7            ]
          }
        }
        Shape {
          appearance USE M0
          geometry IndexedFaceSet {
            coord Coordinate {
              point [
16090.62629211 3043.69296638 13057.02196077,16212.37312066 2875.85677193 13057.02195158,16211.68971261 2875.85677207 13057.02195163,15803.86536619 3048.17764022 13057.02198242,16218.60344102 3223.41987983 13057.02195111,16218.60344038 3220.11817305 13057.02195111,16090.62629517 3043.69296638 13097.52294878,16218.60344343 3220.11817305 13097.52293912,16218.60344408 3223.41987983 13097.52293912,15803.86536924 3048.17764022 13097.52297043,16211.68971566 2875.85677207 13097.52293964,16212.37312372 2875.85677193 13097.52293959              ]
            }
            coordIndex [
0,1,2,-1,3,4,5,-1,0,2,3,-1,3,5,0,-1,6,7,8,-1,9,10,11,-1,6,8,9,-1,9,11,6,-1,2,1,11,-1,11,10,2,-1,8,7,5,-1,5,4,8,-1,10,9,3,-1,3,2,10,-1,3,9,8,-1,8,4,3,-1,6,11,1,-1,1,0,6,-1,6,0,5,-1,5,7,6            ]
            ccw TRUE
            normalPerVertex TRUE
            normal Normal {
              vector [
-1 -0 0,1 0 0,0 -1 0,0 0 -1,0 -0.89155 0.45292,0 0.89155 0.45292,0 0.51659 -0.85623,0 -0.51659 -0.85623              ]
            }
            normalIndex [
0,0,0,-1,0,0,0,-1,0,0,0,-1,0,0,0,-1,1,1,1,-1,1,1,1,-1,1,1,1,-1,1,1,1,-1,2,2,2,-1,2,2,2,-1,3,3,3,-1,3,3,3,-1,4,4,4,-1,4,4,4,-1,5,5,5,-1,5,5,5,-1,6,6,6,-1,6,6,6,-1,7,7,7,-1,7,7,7            ]
          }
        }
        Shape {
          appearance USE M0
          geometry IndexedFaceSet {
            coord Coordinate {
              point [
6590.62580383 3043.69296638 14803.67332796,6712.37263238 2875.85677193 14803.67331877,6711.68922432 2875.85677207 14803.67331882,6303.86487791 3048.17764022 14803.67334961,6718.60295274 3223.41987983 14803.6733183,6718.6029521 3220.11817305 14803.6733183,6590.62580689 3043.69296638 14844.17431597,6718.60295515 3220.11817305 14844.17430631,6718.6029558 3223.41987983 14844.17430631,6303.86488096 3048.17764022 14844.17433762,6711.68922738 2875.85677207 14844.17430683,6712.37263543 2875.85677193 14844.17430678              ]
            }
            coordIndex [
0,1,2,-1,3,4,5,-1,0,2,3,-1,3,5,0,-1,6,7,8,-1,9,10,11,-1,6,8,9,-1,9,11,6,-1,2,1,11,-1,11,10,2,-1,8,7,5,-1,5,4,8,-1,10,9,3,-1,3,2,10,-1,3,9,8,-1,8,4,3,-1,6,11,1,-1,1,0,6,-1,6,0,5,-1,5,7,6            ]
            ccw TRUE
            normalPerVertex TRUE
            normal Normal {
              vector [
-1 -0 0,1 0 0,0 -1 0,0 0 -1,0 -0.89155 0.45292,0 0.89155 0.45292,0 0.51659 -0.85623,0 -0.51659 -0.85623              ]
            }
            normalIndex [
0,0,0,-1,0,0,0,-1,0,0,0,-1,0,0,0,-1,1,1,1,-1,1,1,1,-1,1,1,1,-1,1,1,1,-1,2,2,2,-1,2,2,2,-1,3,3,3,-1,3,3,3,-1,4,4,4,-1,4,4,4,-1,5,5,5,-1,5,5,5,-1,6,6,6,-1,6,6,6,-1,7,7,7,-1,7,7,7            ]
          }
        }
        Shape {
          appearance USE M0
          geometry IndexedFaceSet {
            coord Coordinate {
              point [
37690.62629211 3875.43222419 12807.49949984,37812.37312066 3707.59602975 12807.49949065,37811.68971261 3707.59602988 12807.4994907,37403.86536619 3879.91689803 12807.49952149,37818.60344102 4055.15913764 12807.49949018,37818.60344038 4051.85743086 12807.49949018,37690.62629517 3875.43222419 12848.00048784,37818.60344343 4051.85743086 12848.00047818,37818.60344408 4055.15913764 12848.00047818,37403.86536924 3879.91689803 12848.00050949,37811.68971566 3707.59602988 12848.0004787,37812.37312372 3707.59602975 12848.00047865              ]
            }
            coordIndex [
0,1,2,-1,3,4,5,-1,0,2,3,-1,3,5,0,-1,6,7,8,-1,9,10,11,-1,6,8,9,-1,9,11,6,-1,2,1,11,-1,11,10,2,-1,8,7,5,-1,5,4,8,-1,10,9,3,-1,3,2,10,-1,3,9,8,-1,8,4,3,-1,6,11,1,-1,1,0,6,-1,6,0,5,-1,5,7,6            ]
            ccw TRUE
            normalPerVertex TRUE
            normal Normal {
              vector [
-1 -0 0,1 0 0,0 -1 0,0 0 -1,0 -0.89155 0.45292,0 0.89155 0.45292,0 0.51659 -0.85623,0 -0.51659 -0.85623              ]
            }
            normalIndex [
0,0,0,-1,0,0,0,-1,0,0,0,-1,0,0,0,-1,1,1,1,-1,1,1,1,-1,1,1,1,-1,1,1,1,-1,2,2,2,-1,2,2,2,-1,3,3,3,-1,3,3,3,-1,4,4,4,-1,4,4,4,-1,5,5,5,-1,5,5,5,-1,6,6,6,-1,6,6,6,-1,7,7,7,-1,7,7,7            ]
          }
        }
        Shape {
          appearance USE M0
          geometry IndexedFaceSet {
            coord Coordinate {
              point [
31390.62629211 3875.43222419 13805.58543734,31512.37312066 3707.59602975 13805.58542815,31511.68971261 3707.59602988 13805.5854282,31103.86536619 3879.91689803 13805.58545899,31518.60344102 4055.15913764 13805.58542768,31518.60344038 4051.85743086 13805.58542768,31390.62629517 3875.43222419 13846.08642534,31518.60344343 4051.85743086 13846.08641568,31518.60344408 4055.15913764 13846.08641568,31103.86536924 3879.91689803 13846.08644699,31511.68971566 3707.59602988 13846.0864162,31512.37312372 3707.59602975 13846.08641615              ]
            }
            coordIndex [
0,1,2,-1,3,4,5,-1,0,2,3,-1,3,5,0,-1,6,7,8,-1,9,10,11,-1,6,8,9,-1,9,11,6,-1,2,1,11,-1,11,10,2,-1,8,7,5,-1,5,4,8,-1,10,9,3,-1,3,2,10,-1,3,9,8,-1,8,4,3,-1,6,11,1,-1,1,0,6,-1,6,0,5,-1,5,7,6            ]
            ccw TRUE
            normalPerVertex TRUE
            normal Normal {
              vector [
-1 -0 0,1 0 0,0 -1 0,0 0 -1,0 -0.89155 0.45292,0 0.89155 0.45292,0 0.51659 -0.85623,0 -0.51659 -0.85623              ]
            }
            normalIndex [
0,0,0,-1,0,0,0,-1,0,0,0,-1,0,0,0,-1,1,1,1,-1,1,1,1,-1,1,1,1,-1,1,1,1,-1,2,2,2,-1,2,2,2,-1,3,3,3,-1,3,3,3,-1,4,4,4,-1,4,4,4,-1,5,5,5,-1,5,5,5,-1,6,6,6,-1,6,6,6,-1,7,7,7,-1,7,7,7            ]
          }
        }
        Shape {
          appearance USE M0
          geometry IndexedFaceSet {
            coord Coordinate {
              point [
40890.62629211 3443.69272224 14055.10789827,41012.37312066 3275.85652779 14055.10788908,41011.68971261 3275.85652793 14055.10788913,40603.86536619 3448.17739608 14055.10791992,41018.60344102 3623.41963569 14055.10788861,41018.60344038 3620.11792891 14055.10788861,40890.62629517 3443.69272224 14095.60888628,41018.60344343 3620.11792891 14095.60887662,41018.60344408 3623.41963569 14095.60887662,40603.86536924 3448.17739608 14095.60890793,41011.68971566 3275.85652793 14095.60887714,41012.37312372 3275.85652779 14095.60887709              ]
            }
            coordIndex [
0,1,2,-1,3,4,5,-1,0,2,3,-1,3,5,0,-1,6,7,8,-1,9,10,11,-1,6,8,9,-1,9,11,6,-1,2,1,11,-1,11,10,2,-1,8,7,5,-1,5,4,8,-1,10,9,3,-1,3,2,10,-1,3,9,8,-1,8,4,3,-1,6,11,1,-1,1,0,6,-1,6,0,5,-1,5,7,6            ]
            ccw TRUE
            normalPerVertex TRUE
            normal Normal {
              vector [
-1 -0 0,1 0 0,0 -1 0,0 0 -1,0 -0.89155 0.45292,0 0.89155 0.45292,0 0.51659 -0.85623,0 -0.51659 -0.85623              ]
            }
            normalIndex [
0,0,0,-1,0,0,0,-1,0,0,0,-1,0,0,0,-1,1,1,1,-1,1,1,1,-1,1,1,1,-1,1,1,1,-1,2,2,2,-1,2,2,2,-1,3,3,3,-1,3,3,3,-1,4,4,4,-1,4,4,4,-1,5,5,5,-1,5,5,5,-1,6,6,6,-1,6,6,6,-1,7,7,7,-1,7,7,7            ]
          }
        }
        Shape {
          appearance USE M0
          geometry IndexedFaceSet {
            coord Coordinate {
              point [
40890.62629211 3875.43222419 14554.15184359,41012.37312066 3707.59602975 14554.1518344,41011.68971261 3707.59602988 14554.15183445,40603.86536619 3879.91689803 14554.15186524,41018.60344102 4055.15913764 14554.15183393,41018.60344038 4051.85743086 14554.15183393,40890.62629517 3875.43222419 14594.65283159,41018.60344343 4051.85743086 14594.65282193,41018.60344408 4055.15913764 14594.65282193,40603.86536924 3879.91689803 14594.65285324,41011.68971566 3707.59602988 14594.65282245,41012.37312372 3707.59602975 14594.6528224              ]
            }
            coordIndex [
0,1,2,-1,3,4,5,-1,0,2,3,-1,3,5,0,-1,6,7,8,-1,9,10,11,-1,6,8,9,-1,9,11,6,-1,2,1,11,-1,11,10,2,-1,8,7,5,-1,5,4,8,-1,10,9,3,-1,3,2,10,-1,3,9,8,-1,8,4,3,-1,6,11,1,-1,1,0,6,-1,6,0,5,-1,5,7,6            ]
            ccw TRUE
            normalPerVertex TRUE
            normal Normal {
              vector [
-1 -0 0,1 0 0,0 -1 0,0 0 -1,0 -0.89155 0.45292,0 0.89155 0.45292,0 0.51659 -0.85623,0 -0.51659 -0.85623              ]
            }
            normalIndex [
0,0,0,-1,0,0,0,-1,0,0,0,-1,0,0,0,-1,1,1,1,-1,1,1,1,-1,1,1,1,-1,1,1,1,-1,2,2,2,-1,2,2,2,-1,3,3,3,-1,3,3,3,-1,4,4,4,-1,4,4,4,-1,5,5,5,-1,5,5,5,-1,6,6,6,-1,6,6,6,-1,7,7,7,-1,7,7,7            ]
          }
        }
        Shape {
          appearance USE M0
          geometry IndexedFaceSet {
            coord Coordinate {
              point [
28190.62629211 4243.69296638 14055.10789827,28312.37312066 4075.85677193 14055.10788908,28311.68971261 4075.85677207 14055.10788913,27903.86536619 4248.17764022 14055.10791992,28318.60344102 4423.41987983 14055.10788861,28318.60344038 4420.11817305 14055.10788861,28190.62629517 4243.69296638 14095.60888628,28318.60344343 4420.11817305 14095.60887662,28318.60344408 4423.41987983 14095.60887662,27903.86536924 4248.17764022 14095.60890793,28311.68971566 4075.85677207 14095.60887714,28312.37312372 4075.85677193 14095.60887709              ]
            }
            coordIndex [
0,1,2,-1,3,4,5,-1,0,2,3,-1,3,5,0,-1,6,7,8,-1,9,10,11,-1,6,8,9,-1,9,11,6,-1,2,1,11,-1,11,10,2,-1,8,7,5,-1,5,4,8,-1,10,9,3,-1,3,2,10,-1,3,9,8,-1,8,4,3,-1,6,11,1,-1,1,0,6,-1,6,0,5,-1,5,7,6            ]
            ccw TRUE
            normalPerVertex TRUE
            normal Normal {
              vector [
-1 -0 0,1 0 0,0 -1 0,0 0 -1,0 -0.89155 0.45292,0 0.89155 0.45292,0 0.51659 -0.85623,0 -0.51659 -0.85623              ]
            }
            normalIndex [
0,0,0,-1,0,0,0,-1,0,0,0,-1,0,0,0,-1,1,1,1,-1,1,1,1,-1,1,1,1,-1,1,1,1,-1,2,2,2,-1,2,2,2,-1,3,3,3,-1,3,3,3,-1,4,4,4,-1,4,4,4,-1,5,5,5,-1,5,5,5,-1,6,6,6,-1,6,6,6,-1,7,7,7,-1,7,7,7            ]
          }
        }
        Shape {
          appearance USE M0
          geometry IndexedFaceSet {
            coord Coordinate {
              point [
12890.62629211 3043.69296638 13805.58543734,13012.37312066 2875.85677193 13805.58542815,13011.68971261 2875.85677207 13805.5854282,12603.86536619 3048.17764022 13805.58545899,13018.60344102 3223.41987983 13805.58542768,13018.60344038 3220.11817305 13805.58542768,12890.62629517 3043.69296638 13846.08642534,13018.60344343 3220.11817305 13846.08641568,13018.60344408 3223.41987983 13846.08641568,12603.86536924 3048.17764022 13846.08644699,13011.68971566 2875.85677207 13846.0864162,13012.37312372 2875.85677193 13846.08641615              ]
            }
            coordIndex [
0,1,2,-1,3,4,5,-1,0,2,3,-1,3,5,0,-1,6,7,8,-1,9,10,11,-1,6,8,9,-1,9,11,6,-1,2,1,11,-1,11,10,2,-1,8,7,5,-1,5,4,8,-1,10,9,3,-1,3,2,10,-1,3,9,8,-1,8,4,3,-1,6,11,1,-1,1,0,6,-1,6,0,5,-1,5,7,6            ]
            ccw TRUE
            normalPerVertex TRUE
            normal Normal {
              vector [
-1 -0 0,1 0 0,0 -1 0,0 0 -1,0 -0.89155 0.45292,0 0.89155 0.45292,0 0.51659 -0.85623,0 -0.51659 -0.85623              ]
            }
            normalIndex [
0,0,0,-1,0,0,0,-1,0,0,0,-1,0,0,0,-1,1,1,1,-1,1,1,1,-1,1,1,1,-1,1,1,1,-1,2,2,2,-1,2,2,2,-1,3,3,3,-1,3,3,3,-1,4,4,4,-1,4,4,4,-1,5,5,5,-1,5,5,5,-1,6,6,6,-1,6,6,6,-1,7,7,7,-1,7,7,7            ]
          }
        }
        Shape {
          appearance USE M0
          geometry IndexedFaceSet {
            coord Coordinate {
              point [
46890.62629211 3043.69296638 13057.02196077,47012.37312066 2875.85677193 13057.02195158,47011.68971261 2875.85677207 13057.02195163,46603.86536619 3048.17764022 13057.02198242,47018.60344102 3223.41987983 13057.02195111,47018.60344038 3220.11817305 13057.02195111,46890.62629517 3043.69296638 13097.52294878,47018.60344343 3220.11817305 13097.52293912,47018.60344408 3223.41987983 13097.52293912,46603.86536924 3048.17764022 13097.52297043,47011.68971566 2875.85677207 13097.52293964,47012.37312372 2875.85677193 13097.52293959              ]
            }
            coordIndex [
0,1,2,-1,3,4,5,-1,0,2,3,-1,3,5,0,-1,6,7,8,-1,9,10,11,-1,6,8,9,-1,9,11,6,-1,2,1,11,-1,11,10,2,-1,8,7,5,-1,5,4,8,-1,10,9,3,-1,3,2,10,-1,3,9,8,-1,8,4,3,-1,6,11,1,-1,1,0,6,-1,6,0,5,-1,5,7,6            ]
            ccw TRUE
            normalPerVertex TRUE
            normal Normal {
              vector [
-1 -0 0,1 0 0,0 -1 0,0 0 -1,0 -0.89155 0.45292,0 0.89155 0.45292,0 0.51659 -0.85623,0 -0.51659 -0.85623              ]
            }
            normalIndex [
0,0,0,-1,0,0,0,-1,0,0,0,-1,0,0,0,-1,1,1,1,-1,1,1,1,-1,1,1,1,-1,1,1,1,-1,2,2,2,-1,2,2,2,-1,3,3,3,-1,3,3,3,-1,4,4,4,-1,4,4,4,-1,5,5,5,-1,5,5,5,-1,6,6,6,-1,6,6,6,-1,7,7,7,-1,7,7,7            ]
          }
        }
        Shape {
          appearance USE M0
          geometry IndexedFaceSet {
            coord Coordinate {
              point [
190.62653625 3043.69296638 12807.49949984,312.3733648 2875.85677193 12807.49949065,311.68995675 2875.85677207 12807.4994907,-96.13438967 3048.17764022 12807.49952149,318.60368516 3223.41987983 12807.49949018,318.60368452 3220.11817305 12807.49949018,190.62653931 3043.69296638 12848.00048784,318.60368758 3220.11817305 12848.00047818,318.60368822 3223.41987983 12848.00047818,-96.13438662 3048.17764022 12848.00050949,311.6899598 2875.85677207 12848.0004787,312.37336786 2875.85677193 12848.00047865              ]
            }
            coordIndex [
0,1,2,-1,3,4,5,-1,0,2,3,-1,3,5,0,-1,6,7,8,-1,9,10,11,-1,6,8,9,-1,9,11,6,-1,2,1,11,-1,11,10,2,-1,8,7,5,-1,5,4,8,-1,10,9,3,-1,3,2,10,-1,3,9,8,-1,8,4,3,-1,6,11,1,-1,1,0,6,-1,6,0,5,-1,5,7,6            ]
            ccw TRUE
            normalPerVertex TRUE
            normal Normal {
              vector [
-1 -0 0,1 0 0,0 -1 0,0 0 -1,0 -0.89155 0.45292,0 0.89155 0.45292,0 0.51659 -0.85623,0 -0.51659 -0.85623              ]
            }
            normalIndex [
0,0,0,-1,0,0,0,-1,0,0,0,-1,0,0,0,-1,1,1,1,-1,1,1,1,-1,1,1,1,-1,1,1,1,-1,2,2,2,-1,2,2,2,-1,3,3,3,-1,3,3,3,-1,4,4,4,-1,4,4,4,-1,5,5,5,-1,5,5,5,-1,6,6,6,-1,6,6,6,-1,7,7,7,-1,7,7,7            ]
          }
        }
        Shape {
          appearance USE M0
          geometry IndexedFaceSet {
            coord Coordinate {
              point [
40890.62629211 3875.43222419 14055.10789827,41012.37312066 3707.59602975 14055.10788908,41011.68971261 3707.59602988 14055.10788913,40603.86536619 3879.91689803 14055.10791992,41018.60344102 4055.15913764 14055.10788861,41018.60344038 4051.85743086 14055.10788861,40890.62629517 3875.43222419 14095.60888628,41018.60344343 4051.85743086 14095.60887662,41018.60344408 4055.15913764 14095.60887662,40603.86536924 3879.91689803 14095.60890793,41011.68971566 3707.59602988 14095.60887714,41012.37312372 3707.59602975 14095.60887709              ]
            }
            coordIndex [
0,1,2,-1,3,4,5,-1,0,2,3,-1,3,5,0,-1,6,7,8,-1,9,10,11,-1,6,8,9,-1,9,11,6,-1,2,1,11,-1,11,10,2,-1,8,7,5,-1,5,4,8,-1,10,9,3,-1,3,2,10,-1,3,9,8,-1,8,4,3,-1,6,11,1,-1,1,0,6,-1,6,0,5,-1,5,7,6            ]
            ccw TRUE
            normalPerVertex TRUE
            normal Normal {
              vector [
-1 -0 0,1 0 0,0 -1 0,0 0 -1,0 -0.89155 0.45292,0 0.89155 0.45292,0 0.51659 -0.85623,0 -0.51659 -0.85623              ]
            }
            normalIndex [
0,0,0,-1,0,0,0,-1,0,0,0,-1,0,0,0,-1,1,1,1,-1,1,1,1,-1,1,1,1,-1,1,1,1,-1,2,2,2,-1,2,2,2,-1,3,3,3,-1,3,3,3,-1,4,4,4,-1,4,4,4,-1,5,5,5,-1,5,5,5,-1,6,6,6,-1,6,6,6,-1,7,7,7,-1,7,7,7            ]
          }
        }
        Shape {
          appearance USE M0
          geometry IndexedFaceSet {
            coord Coordinate {
              point [
28190.62629211 3043.69296638 14055.10789827,28312.37312066 2875.85677193 14055.10788908,28311.68971261 2875.85677207 14055.10788913,27903.86536619 3048.17764022 14055.10791992,28318.60344102 3223.41987983 14055.10788861,28318.60344038 3220.11817305 14055.10788861,28190.62629517 3043.69296638 14095.60888628,28318.60344343 3220.11817305 14095.60887662,28318.60344408 3223.41987983 14095.60887662,27903.86536924 3048.17764022 14095.60890793,28311.68971566 2875.85677207 14095.60887714,28312.37312372 2875.85677193 14095.60887709              ]
            }
            coordIndex [
0,1,2,-1,3,4,5,-1,0,2,3,-1,3,5,0,-1,6,7,8,-1,9,10,11,-1,6,8,9,-1,9,11,6,-1,2,1,11,-1,11,10,2,-1,8,7,5,-1,5,4,8,-1,10,9,3,-1,3,2,10,-1,3,9,8,-1,8,4,3,-1,6,11,1,-1,1,0,6,-1,6,0,5,-1,5,7,6            ]
            ccw TRUE
            normalPerVertex TRUE
            normal Normal {
              vector [
-1 -0 0,1 0 0,0 -1 0,0 0 -1,0 -0.89155 0.45292,0 0.89155 0.45292,0 0.51659 -0.85623,0 -0.51659 -0.85623              ]
            }
            normalIndex [
0,0,0,-1,0,0,0,-1,0,0,0,-1,0,0,0,-1,1,1,1,-1,1,1,1,-1,1,1,1,-1,1,1,1,-1,2,2,2,-1,2,2,2,-1,3,3,3,-1,3,3,3,-1,4,4,4,-1,4,4,4,-1,5,5,5,-1,5,5,5,-1,6,6,6,-1,6,6,6,-1,7,7,7,-1,7,7,7            ]
          }
        }
        Shape {
          appearance USE M0
          geometry IndexedFaceSet {
            coord Coordinate {
              point [
40890.62629211 4707.17099373 14554.15184359,41012.37312066 4539.33479928 14554.1518344,41011.68971261 4539.33479941 14554.15183445,40603.86536619 4711.65566756 14554.15186524,41018.60344102 4886.89790717 14554.15183393,41018.60344038 4883.59620039 14554.15183393,40890.62629517 4707.17099373 14594.65283159,41018.60344343 4883.59620039 14594.65282193,41018.60344408 4886.89790717 14594.65282193,40603.86536924 4711.65566756 14594.65285324,41011.68971566 4539.33479941 14594.65282245,41012.37312372 4539.33479928 14594.6528224              ]
            }
            coordIndex [
0,1,2,-1,3,4,5,-1,0,2,3,-1,3,5,0,-1,6,7,8,-1,9,10,11,-1,6,8,9,-1,9,11,6,-1,2,1,11,-1,11,10,2,-1,8,7,5,-1,5,4,8,-1,10,9,3,-1,3,2,10,-1,3,9,8,-1,8,4,3,-1,6,11,1,-1,1,0,6,-1,6,0,5,-1,5,7,6            ]
            ccw TRUE
            normalPerVertex TRUE
            normal Normal {
              vector [
-1 -0 0,1 0 0,0 -1 0,0 0 -1,0 -0.89155 0.45292,0 0.89155 0.45292,0 0.51659 -0.85623,0 -0.51659 -0.85623              ]
            }
            normalIndex [
0,0,0,-1,0,0,0,-1,0,0,0,-1,0,0,0,-1,1,1,1,-1,1,1,1,-1,1,1,1,-1,1,1,1,-1,2,2,2,-1,2,2,2,-1,3,3,3,-1,3,3,3,-1,4,4,4,-1,4,4,4,-1,5,5,5,-1,5,5,5,-1,6,6,6,-1,6,6,6,-1,7,7,7,-1,7,7,7            ]
          }
        }
        Shape {
          appearance USE M0
          geometry IndexedFaceSet {
            coord Coordinate {
              point [
31390.62629211 4243.69296638 13805.58543734,31512.37312066 4075.85677193 13805.58542815,31511.68971261 4075.85677207 13805.5854282,31103.86536619 4248.17764022 13805.58545899,31518.60344102 4423.41987983 13805.58542768,31518.60344038 4420.11817305 13805.58542768,31390.62629517 4243.69296638 13846.08642534,31518.60344343 4420.11817305 13846.08641568,31518.60344408 4423.41987983 13846.08641568,31103.86536924 4248.17764022 13846.08644699,31511.68971566 4075.85677207 13846.0864162,31512.37312372 4075.85677193 13846.08641615              ]
            }
            coordIndex [
0,1,2,-1,3,4,5,-1,0,2,3,-1,3,5,0,-1,6,7,8,-1,9,10,11,-1,6,8,9,-1,9,11,6,-1,2,1,11,-1,11,10,2,-1,8,7,5,-1,5,4,8,-1,10,9,3,-1,3,2,10,-1,3,9,8,-1,8,4,3,-1,6,11,1,-1,1,0,6,-1,6,0,5,-1,5,7,6            ]
            ccw TRUE
            normalPerVertex TRUE
            normal Normal {
              vector [
-1 -0 0,1 0 0,0 -1 0,0 0 -1,0 -0.89155 0.45292,0 0.89155 0.45292,0 0.51659 -0.85623,0 -0.51659 -0.85623              ]
            }
            normalIndex [
0,0,0,-1,0,0,0,-1,0,0,0,-1,0,0,0,-1,1,1,1,-1,1,1,1,-1,1,1,1,-1,1,1,1,-1,2,2,2,-1,2,2,2,-1,3,3,3,-1,3,3,3,-1,4,4,4,-1,4,4,4,-1,5,5,5,-1,5,5,5,-1,6,6,6,-1,6,6,6,-1,7,7,7,-1,7,7,7            ]
          }
        }
        Shape {
          appearance USE M0
          geometry IndexedFaceSet {
            coord Coordinate {
              point [
22090.62629211 4243.69296638 14554.15184359,22212.37312066 4075.85677193 14554.1518344,22211.68971261 4075.85677207 14554.15183445,21803.86536619 4248.17764022 14554.15186524,22218.60344102 4423.41987983 14554.15183393,22218.60344038 4420.11817305 14554.15183393,22090.62629517 4243.69296638 14594.65283159,22218.60344343 4420.11817305 14594.65282193,22218.60344408 4423.41987983 14594.65282193,21803.86536924 4248.17764022 14594.65285324,22211.68971566 4075.85677207 14594.65282245,22212.37312372 4075.85677193 14594.6528224              ]
            }
            coordIndex [
0,1,2,-1,3,4,5,-1,0,2,3,-1,3,5,0,-1,6,7,8,-1,9,10,11,-1,6,8,9,-1,9,11,6,-1,2,1,11,-1,11,10,2,-1,8,7,5,-1,5,4,8,-1,10,9,3,-1,3,2,10,-1,3,9,8,-1,8,4,3,-1,6,11,1,-1,1,0,6,-1,6,0,5,-1,5,7,6            ]
            ccw TRUE
            normalPerVertex TRUE
            normal Normal {
              vector [
-1 -0 0,1 0 0,0 -1 0,0 0 -1,0 -0.89155 0.45292,0 0.89155 0.45292,0 0.51659 -0.85623,0 -0.51659 -0.85623              ]
            }
            normalIndex [
0,0,0,-1,0,0,0,-1,0,0,0,-1,0,0,0,-1,1,1,1,-1,1,1,1,-1,1,1,1,-1,1,1,1,-1,2,2,2,-1,2,2,2,-1,3,3,3,-1,3,3,3,-1,4,4,4,-1,4,4,4,-1,5,5,5,-1,5,5,5,-1,6,6,6,-1,6,6,6,-1,7,7,7,-1,7,7,7            ]
          }
        }
        Shape {
          appearance USE M0
          geometry IndexedFaceSet {
            coord Coordinate {
              point [
-3009.37346375 4707.17099373 13556.06492952,-2887.6266352 4539.33479928 13556.06492033,-2888.31004325 4539.33479941 13556.06492038,-3296.13438967 4711.65566756 13556.06495117,-2881.39631484 4886.89790717 13556.06491986,-2881.39631548 4883.59620039 13556.06491986,-3009.37346069 4707.17099373 13596.56591753,-2881.39631242 4883.59620039 13596.56590787,-2881.39631178 4886.89790717 13596.56590787,-3296.13438662 4711.65566756 13596.56593918,-2888.3100402 4539.33479941 13596.56590839,-2887.62663214 4539.33479928 13596.56590834              ]
            }
            coordIndex [
0,1,2,-1,3,4,5,-1,0,2,3,-1,3,5,0,-1,6,7,8,-1,9,10,11,-1,6,8,9,-1,9,11,6,-1,2,1,11,-1,11,10,2,-1,8,7,5,-1,5,4,8,-1,10,9,3,-1,3,2,10,-1,3,9,8,-1,8,4,3,-1,6,11,1,-1,1,0,6,-1,6,0,5,-1,5,7,6            ]
            ccw TRUE
            normalPerVertex TRUE
            normal Normal {
              vector [
-1 -0 0,1 0 0,0 -1 0,0 0 -1,0 -0.89155 0.45292,0 0.89155 0.45292,0 0.51659 -0.85623,0 -0.51659 -0.85623              ]
            }
            normalIndex [
0,0,0,-1,0,0,0,-1,0,0,0,-1,0,0,0,-1,1,1,1,-1,1,1,1,-1,1,1,1,-1,1,1,1,-1,2,2,2,-1,2,2,2,-1,3,3,3,-1,3,3,3,-1,4,4,4,-1,4,4,4,-1,5,5,5,-1,5,5,5,-1,6,6,6,-1,6,6,6,-1,7,7,7,-1,7,7,7            ]
          }
        }
        Shape {
          appearance USE M0
          geometry IndexedFaceSet {
            coord Coordinate {
              point [
40890.62629211 3043.69296638 14055.10789827,41012.37312066 2875.85677193 14055.10788908,41011.68971261 2875.85677207 14055.10788913,40603.86536619 3048.17764022 14055.10791992,41018.60344102 3223.41987983 14055.10788861,41018.60344038 3220.11817305 14055.10788861,40890.62629517 3043.69296638 14095.60888628,41018.60344343 3220.11817305 14095.60887662,41018.60344408 3223.41987983 14095.60887662,40603.86536924 3048.17764022 14095.60890793,41011.68971566 2875.85677207 14095.60887714,41012.37312372 2875.85677193 14095.60887709              ]
            }
            coordIndex [
0,1,2,-1,3,4,5,-1,0,2,3,-1,3,5,0,-1,6,7,8,-1,9,10,11,-1,6,8,9,-1,9,11,6,-1,2,1,11,-1,11,10,2,-1,8,7,5,-1,5,4,8,-1,10,9,3,-1,3,2,10,-1,3,9,8,-1,8,4,3,-1,6,11,1,-1,1,0,6,-1,6,0,5,-1,5,7,6            ]
            ccw TRUE
            normalPerVertex TRUE
            normal Normal {
              vector [
-1 -0 0,1 0 0,0 -1 0,0 0 -1,0 -0.89155 0.45292,0 0.89155 0.45292,0 0.51659 -0.85623,0 -0.51659 -0.85623              ]
            }
            normalIndex [
0,0,0,-1,0,0,0,-1,0,0,0,-1,0,0,0,-1,1,1,1,-1,1,1,1,-1,1,1,1,-1,1,1,1,-1,2,2,2,-1,2,2,2,-1,3,3,3,-1,3,3,3,-1,4,4,4,-1,4,4,4,-1,5,5,5,-1,5,5,5,-1,6,6,6,-1,6,6,6,-1,7,7,7,-1,7,7,7            ]
          }
        }
        Shape {
          appearance USE M0
          geometry IndexedFaceSet {
            coord Coordinate {
              point [
37690.62629211 3443.69272224 12807.49949984,37812.37312066 3275.85652779 12807.49949065,37811.68971261 3275.85652793 12807.4994907,37403.86536619 3448.17739608 12807.49952149,37818.60344102 3623.41963569 12807.49949018,37818.60344038 3620.11792891 12807.49949018,37690.62629517 3443.69272224 12848.00048784,37818.60344343 3620.11792891 12848.00047818,37818.60344408 3623.41963569 12848.00047818,37403.86536924 3448.17739608 12848.00050949,37811.68971566 3275.85652793 12848.0004787,37812.37312372 3275.85652779 12848.00047865              ]
            }
            coordIndex [
0,1,2,-1,3,4,5,-1,0,2,3,-1,3,5,0,-1,6,7,8,-1,9,10,11,-1,6,8,9,-1,9,11,6,-1,2,1,11,-1,11,10,2,-1,8,7,5,-1,5,4,8,-1,10,9,3,-1,3,2,10,-1,3,9,8,-1,8,4,3,-1,6,11,1,-1,1,0,6,-1,6,0,5,-1,5,7,6            ]
            ccw TRUE
            normalPerVertex TRUE
            normal Normal {
              vector [
-1 -0 0,1 0 0,0 -1 0,0 0 -1,0 -0.89155 0.45292,0 0.89155 0.45292,0 0.51659 -0.85623,0 -0.51659 -0.85623              ]
            }
            normalIndex [
0,0,0,-1,0,0,0,-1,0,0,0,-1,0,0,0,-1,1,1,1,-1,1,1,1,-1,1,1,1,-1,1,1,1,-1,2,2,2,-1,2,2,2,-1,3,3,3,-1,3,3,3,-1,4,4,4,-1,4,4,4,-1,5,5,5,-1,5,5,5,-1,6,6,6,-1,6,6,6,-1,7,7,7,-1,7,7,7            ]
          }
        }
        Shape {
          appearance USE M0
          geometry IndexedFaceSet {
            coord Coordinate {
              point [
24990.62629211 3043.69296638 12807.49949984,25112.37312066 2875.85677193 12807.49949065,25111.68971261 2875.85677207 12807.4994907,24703.86536619 3048.17764022 12807.49952149,25118.60344102 3223.41987983 12807.49949018,25118.60344038 3220.11817305 12807.49949018,24990.62629517 3043.69296638 12848.00048784,25118.60344343 3220.11817305 12848.00047818,25118.60344408 3223.41987983 12848.00047818,24703.86536924 3048.17764022 12848.00050949,25111.68971566 2875.85677207 12848.0004787,25112.37312372 2875.85677193 12848.00047865              ]
            }
            coordIndex [
0,1,2,-1,3,4,5,-1,0,2,3,-1,3,5,0,-1,6,7,8,-1,9,10,11,-1,6,8,9,-1,9,11,6,-1,2,1,11,-1,11,10,2,-1,8,7,5,-1,5,4,8,-1,10,9,3,-1,3,2,10,-1,3,9,8,-1,8,4,3,-1,6,11,1,-1,1,0,6,-1,6,0,5,-1,5,7,6            ]
            ccw TRUE
            normalPerVertex TRUE
            normal Normal {
              vector [
-1 -0 0,1 0 0,0 -1 0,0 0 -1,0 -0.89155 0.45292,0 0.89155 0.45292,0 0.51659 -0.85623,0 -0.51659 -0.85623              ]
            }
            normalIndex [
0,0,0,-1,0,0,0,-1,0,0,0,-1,0,0,0,-1,1,1,1,-1,1,1,1,-1,1,1,1,-1,1,1,1,-1,2,2,2,-1,2,2,2,-1,3,3,3,-1,3,3,3,-1,4,4,4,-1,4,4,4,-1,5,5,5,-1,5,5,5,-1,6,6,6,-1,6,6,6,-1,7,7,7,-1,7,7,7            ]
          }
        }
        Shape {
          appearance USE M0
          geometry IndexedFaceSet {
            coord Coordinate {
              point [
24990.62629211 4707.17099373 13306.54246859,25112.37312066 4539.33479928 13306.5424594,25111.68971261 4539.33479941 13306.54245945,24703.86536619 4711.65566756 13306.54249024,25118.60344102 4886.89790717 13306.54245893,25118.60344038 4883.59620039 13306.54245893,24990.62629517 4707.17099373 13347.04345659,25118.60344343 4883.59620039 13347.04344693,25118.60344408 4886.89790717 13347.04344693,24703.86536924 4711.65566756 13347.04347824,25111.68971566 4539.33479941 13347.04344745,25112.37312372 4539.33479928 13347.0434474              ]
            }
            coordIndex [
0,1,2,-1,3,4,5,-1,0,2,3,-1,3,5,0,-1,6,7,8,-1,9,10,11,-1,6,8,9,-1,9,11,6,-1,2,1,11,-1,11,10,2,-1,8,7,5,-1,5,4,8,-1,10,9,3,-1,3,2,10,-1,3,9,8,-1,8,4,3,-1,6,11,1,-1,1,0,6,-1,6,0,5,-1,5,7,6            ]
            ccw TRUE
            normalPerVertex TRUE
            normal Normal {
              vector [
-1 -0 0,1 0 0,0 -1 0,0 0 -1,0 -0.89155 0.45292,0 0.89155 0.45292,0 0.51659 -0.85623,0 -0.51659 -0.85623              ]
            }
            normalIndex [
0,0,0,-1,0,0,0,-1,0,0,0,-1,0,0,0,-1,1,1,1,-1,1,1,1,-1,1,1,1,-1,1,1,1,-1,2,2,2,-1,2,2,2,-1,3,3,3,-1,3,3,3,-1,4,4,4,-1,4,4,4,-1,5,5,5,-1,5,5,5,-1,6,6,6,-1,6,6,6,-1,7,7,7,-1,7,7,7            ]
          }
        }
        Shape {
          appearance USE M0
          geometry IndexedFaceSet {
            coord Coordinate {
              point [
6590.62580383 3875.43222419 14803.67332796,6712.37263238 3707.59602975 14803.67331877,6711.68922432 3707.59602988 14803.67331882,6303.86487791 3879.91689803 14803.67334961,6718.60295274 4055.15913764 14803.6733183,6718.6029521 4051.85743086 14803.6733183,6590.62580689 3875.43222419 14844.17431597,6718.60295515 4051.85743086 14844.17430631,6718.6029558 4055.15913764 14844.17430631,6303.86488096 3879.91689803 14844.17433762,6711.68922738 3707.59602988 14844.17430683,6712.37263543 3707.59602975 14844.17430678              ]
            }
            coordIndex [
0,1,2,-1,3,4,5,-1,0,2,3,-1,3,5,0,-1,6,7,8,-1,9,10,11,-1,6,8,9,-1,9,11,6,-1,2,1,11,-1,11,10,2,-1,8,7,5,-1,5,4,8,-1,10,9,3,-1,3,2,10,-1,3,9,8,-1,8,4,3,-1,6,11,1,-1,1,0,6,-1,6,0,5,-1,5,7,6            ]
            ccw TRUE
            normalPerVertex TRUE
            normal Normal {
              vector [
-1 -0 0,1 0 0,0 -1 0,0 0 -1,0 -0.89155 0.45292,0 0.89155 0.45292,0 0.51659 -0.85623,0 -0.51659 -0.85623              ]
            }
            normalIndex [
0,0,0,-1,0,0,0,-1,0,0,0,-1,0,0,0,-1,1,1,1,-1,1,1,1,-1,1,1,1,-1,1,1,1,-1,2,2,2,-1,2,2,2,-1,3,3,3,-1,3,3,3,-1,4,4,4,-1,4,4,4,-1,5,5,5,-1,5,5,5,-1,6,6,6,-1,6,6,6,-1,7,7,7,-1,7,7,7            ]
          }
        }
        Shape {
          appearance USE M0
          geometry IndexedFaceSet {
            coord Coordinate {
              point [
9690.62531555 3443.69272224 13556.06492952,9812.3721441 3275.85652779 13556.06492033,9811.68873604 3275.85652793 13556.06492038,9403.86438962 3448.17739608 13556.06495117,9818.60246446 3623.41963569 13556.06491986,9818.60246381 3620.11792891 13556.06491986,9690.62531861 3443.69272224 13596.56591753,9818.60246687 3620.11792891 13596.56590787,9818.60246751 3623.41963569 13596.56590787,9403.86439268 3448.17739608 13596.56593918,9811.6887391 3275.85652793 13596.56590839,9812.37214715 3275.85652779 13596.56590834              ]
            }
            coordIndex [
0,1,2,-1,3,4,5,-1,0,2,3,-1,3,5,0,-1,6,7,8,-1,9,10,11,-1,6,8,9,-1,9,11,6,-1,2,1,11,-1,11,10,2,-1,8,7,5,-1,5,4,8,-1,10,9,3,-1,3,2,10,-1,3,9,8,-1,8,4,3,-1,6,11,1,-1,1,0,6,-1,6,0,5,-1,5,7,6            ]
            ccw TRUE
            normalPerVertex TRUE
            normal Normal {
              vector [
-1 -0 0,1 0 0,0 -1 0,0 0 -1,0 -0.89155 0.45292,0 0.89155 0.45292,0 0.51659 -0.85623,0 -0.51659 -0.85623              ]
            }
            normalIndex [
0,0,0,-1,0,0,0,-1,0,0,0,-1,0,0,0,-1,1,1,1,-1,1,1,1,-1,1,1,1,-1,1,1,1,-1,2,2,2,-1,2,2,2,-1,3,3,3,-1,3,3,3,-1,4,4,4,-1,4,4,4,-1,5,5,5,-1,5,5,5,-1,6,6,6,-1,6,6,6,-1,7,7,7,-1,7,7,7            ]
          }
        }
        Shape {
          appearance USE M0
          geometry IndexedFaceSet {
            coord Coordinate {
              point [
19290.62629211 3443.69272224 13306.54246859,19412.37312066 3275.85652779 13306.5424594,19411.68971261 3275.85652793 13306.54245945,19003.86536619 3448.17739608 13306.54249024,19418.60344102 3623.41963569 13306.54245893,19418.60344038 3620.11792891 13306.54245893,19290.62629517 3443.69272224 13347.04345659,19418.60344343 3620.11792891 13347.04344693,19418.60344408 3623.41963569 13347.04344693,19003.86536924 3448.17739608 13347.04347824,19411.68971566 3275.85652793 13347.04344745,19412.37312372 3275.85652779 13347.0434474              ]
            }
            coordIndex [
0,1,2,-1,3,4,5,-1,0,2,3,-1,3,5,0,-1,6,7,8,-1,9,10,11,-1,6,8,9,-1,9,11,6,-1,2,1,11,-1,11,10,2,-1,8,7,5,-1,5,4,8,-1,10,9,3,-1,3,2,10,-1,3,9,8,-1,8,4,3,-1,6,11,1,-1,1,0,6,-1,6,0,5,-1,5,7,6            ]
            ccw TRUE
            normalPerVertex TRUE
            normal Normal {
              vector [
-1 -0 0,1 0 0,0 -1 0,0 0 -1,0 -0.89155 0.45292,0 0.89155 0.45292,0 0.51659 -0.85623,0 -0.51659 -0.85623              ]
            }
            normalIndex [
0,0,0,-1,0,0,0,-1,0,0,0,-1,0,0,0,-1,1,1,1,-1,1,1,1,-1,1,1,1,-1,1,1,1,-1,2,2,2,-1,2,2,2,-1,3,3,3,-1,3,3,3,-1,4,4,4,-1,4,4,4,-1,5,5,5,-1,5,5,5,-1,6,6,6,-1,6,6,6,-1,7,7,7,-1,7,7,7            ]
          }
        }
        Shape {
          appearance USE M0
          geometry IndexedFaceSet {
            coord Coordinate {
              point [
24990.62629211 3875.43222419 13306.54246859,25112.37312066 3707.59602975 13306.5424594,25111.68971261 3707.59602988 13306.54245945,24703.86536619 3879.91689803 13306.54249024,25118.60344102 4055.15913764 13306.54245893,25118.60344038 4051.85743086 13306.54245893,24990.62629517 3875.43222419 13347.04345659,25118.60344343 4051.85743086 13347.04344693,25118.60344408 4055.15913764 13347.04344693,24703.86536924 3879.91689803 13347.04347824,25111.68971566 3707.59602988 13347.04344745,25112.37312372 3707.59602975 13347.0434474              ]
            }
            coordIndex [
0,1,2,-1,3,4,5,-1,0,2,3,-1,3,5,0,-1,6,7,8,-1,9,10,11,-1,6,8,9,-1,9,11,6,-1,2,1,11,-1,11,10,2,-1,8,7,5,-1,5,4,8,-1,10,9,3,-1,3,2,10,-1,3,9,8,-1,8,4,3,-1,6,11,1,-1,1,0,6,-1,6,0,5,-1,5,7,6            ]
            ccw TRUE
            normalPerVertex TRUE
            normal Normal {
              vector [
-1 -0 0,1 0 0,0 -1 0,0 0 -1,0 -0.89155 0.45292,0 0.89155 0.45292,0 0.51659 -0.85623,0 -0.51659 -0.85623              ]
            }
            normalIndex [
0,0,0,-1,0,0,0,-1,0,0,0,-1,0,0,0,-1,1,1,1,-1,1,1,1,-1,1,1,1,-1,1,1,1,-1,2,2,2,-1,2,2,2,-1,3,3,3,-1,3,3,3,-1,4,4,4,-1,4,4,4,-1,5,5,5,-1,5,5,5,-1,6,6,6,-1,6,6,6,-1,7,7,7,-1,7,7,7            ]
          }
        }
        Shape {
          appearance USE M0
          geometry IndexedFaceSet {
            coord Coordinate {
              point [
9690.62531555 3043.69296638 14554.15184359,9812.3721441 2875.85677193 14554.1518344,9811.68873604 2875.85677207 14554.15183445,9403.86438962 3048.17764022 14554.15186524,9818.60246446 3223.41987983 14554.15183393,9818.60246381 3220.11817305 14554.15183393,9690.62531861 3043.69296638 14594.65283159,9818.60246687 3220.11817305 14594.65282193,9818.60246751 3223.41987983 14594.65282193,9403.86439268 3048.17764022 14594.65285324,9811.6887391 2875.85677207 14594.65282245,9812.37214715 2875.85677193 14594.6528224              ]
            }
            coordIndex [
0,1,2,-1,3,4,5,-1,0,2,3,-1,3,5,0,-1,6,7,8,-1,9,10,11,-1,6,8,9,-1,9,11,6,-1,2,1,11,-1,11,10,2,-1,8,7,5,-1,5,4,8,-1,10,9,3,-1,3,2,10,-1,3,9,8,-1,8,4,3,-1,6,11,1,-1,1,0,6,-1,6,0,5,-1,5,7,6            ]
            ccw TRUE
            normalPerVertex TRUE
            normal Normal {
              vector [
-1 -0 0,1 0 0,0 -1 0,0 0 -1,0 -0.89155 0.45292,0 0.89155 0.45292,0 0.51659 -0.85623,0 -0.51659 -0.85623              ]
            }
            normalIndex [
0,0,0,-1,0,0,0,-1,0,0,0,-1,0,0,0,-1,1,1,1,-1,1,1,1,-1,1,1,1,-1,1,1,1,-1,2,2,2,-1,2,2,2,-1,3,3,3,-1,3,3,3,-1,4,4,4,-1,4,4,4,-1,5,5,5,-1,5,5,5,-1,6,6,6,-1,6,6,6,-1,7,7,7,-1,7,7,7            ]
          }
        }
        Shape {
          appearance USE M0
          geometry IndexedFaceSet {
            coord Coordinate {
              point [
16090.62629211 4707.17099373 14055.10789827,16212.37312066 4539.33479928 14055.10788908,16211.68971261 4539.33479941 14055.10788913,15803.86536619 4711.65566756 14055.10791992,16218.60344102 4886.89790717 14055.10788861,16218.60344038 4883.59620039 14055.10788861,16090.62629517 4707.17099373 14095.60888628,16218.60344343 4883.59620039 14095.60887662,16218.60344408 4886.89790717 14095.60887662,15803.86536924 4711.65566756 14095.60890793,16211.68971566 4539.33479941 14095.60887714,16212.37312372 4539.33479928 14095.60887709              ]
            }
            coordIndex [
0,1,2,-1,3,4,5,-1,0,2,3,-1,3,5,0,-1,6,7,8,-1,9,10,11,-1,6,8,9,-1,9,11,6,-1,2,1,11,-1,11,10,2,-1,8,7,5,-1,5,4,8,-1,10,9,3,-1,3,2,10,-1,3,9,8,-1,8,4,3,-1,6,11,1,-1,1,0,6,-1,6,0,5,-1,5,7,6            ]
            ccw TRUE
            normalPerVertex TRUE
            normal Normal {
              vector [
-1 -0 0,1 0 0,0 -1 0,0 0 -1,0 -0.89155 0.45292,0 0.89155 0.45292,0 0.51659 -0.85623,0 -0.51659 -0.85623              ]
            }
            normalIndex [
0,0,0,-1,0,0,0,-1,0,0,0,-1,0,0,0,-1,1,1,1,-1,1,1,1,-1,1,1,1,-1,1,1,1,-1,2,2,2,-1,2,2,2,-1,3,3,3,-1,3,3,3,-1,4,4,4,-1,4,4,4,-1,5,5,5,-1,5,5,5,-1,6,6,6,-1,6,6,6,-1,7,7,7,-1,7,7,7            ]
          }
        }
        Shape {
          appearance USE M0
          geometry IndexedFaceSet {
            coord Coordinate {
              point [
24990.62629211 3875.43222419 12807.49949984,25112.37312066 3707.59602975 12807.49949065,25111.68971261 3707.59602988 12807.4994907,24703.86536619 3879.91689803 12807.49952149,25118.60344102 4055.15913764 12807.49949018,25118.60344038 4051.85743086 12807.49949018,24990.62629517 3875.43222419 12848.00048784,25118.60344343 4051.85743086 12848.00047818,25118.60344408 4055.15913764 12848.00047818,24703.86536924 3879.91689803 12848.00050949,25111.68971566 3707.59602988 12848.0004787,25112.37312372 3707.59602975 12848.00047865              ]
            }
            coordIndex [
0,1,2,-1,3,4,5,-1,0,2,3,-1,3,5,0,-1,6,7,8,-1,9,10,11,-1,6,8,9,-1,9,11,6,-1,2,1,11,-1,11,10,2,-1,8,7,5,-1,5,4,8,-1,10,9,3,-1,3,2,10,-1,3,9,8,-1,8,4,3,-1,6,11,1,-1,1,0,6,-1,6,0,5,-1,5,7,6            ]
            ccw TRUE
            normalPerVertex TRUE
            normal Normal {
              vector [
-1 -0 0,1 0 0,0 -1 0,0 0 -1,0 -0.89155 0.45292,0 0.89155 0.45292,0 0.51659 -0.85623,0 -0.51659 -0.85623              ]
            }
            normalIndex [
0,0,0,-1,0,0,0,-1,0,0,0,-1,0,0,0,-1,1,1,1,-1,1,1,1,-1,1,1,1,-1,1,1,1,-1,2,2,2,-1,2,2,2,-1,3,3,3,-1,3,3,3,-1,4,4,4,-1,4,4,4,-1,5,5,5,-1,5,5,5,-1,6,6,6,-1,6,6,6,-1,7,7,7,-1,7,7,7            ]
          }
        }
        Shape {
          appearance USE M0
          geometry IndexedFaceSet {
            coord Coordinate {
              point [
24990.62629211 4707.17099373 13805.58543734,25112.37312066 4539.33479928 13805.58542815,25111.68971261 4539.33479941 13805.5854282,24703.86536619 4711.65566756 13805.58545899,25118.60344102 4886.89790717 13805.58542768,25118.60344038 4883.59620039 13805.58542768,24990.62629517 4707.17099373 13846.08642534,25118.60344343 4883.59620039 13846.08641568,25118.60344408 4886.89790717 13846.08641568,24703.86536924 4711.65566756 13846.08644699,25111.68971566 4539.33479941 13846.0864162,25112.37312372 4539.33479928 13846.08641615              ]
            }
            coordIndex [
0,1,2,-1,3,4,5,-1,0,2,3,-1,3,5,0,-1,6,7,8,-1,9,10,11,-1,6,8,9,-1,9,11,6,-1,2,1,11,-1,11,10,2,-1,8,7,5,-1,5,4,8,-1,10,9,3,-1,3,2,10,-1,3,9,8,-1,8,4,3,-1,6,11,1,-1,1,0,6,-1,6,0,5,-1,5,7,6            ]
            ccw TRUE
            normalPerVertex TRUE
            normal Normal {
              vector [
-1 -0 0,1 0 0,0 -1 0,0 0 -1,0 -0.89155 0.45292,0 0.89155 0.45292,0 0.51659 -0.85623,0 -0.51659 -0.85623              ]
            }
            normalIndex [
0,0,0,-1,0,0,0,-1,0,0,0,-1,0,0,0,-1,1,1,1,-1,1,1,1,-1,1,1,1,-1,1,1,1,-1,2,2,2,-1,2,2,2,-1,3,3,3,-1,3,3,3,-1,4,4,4,-1,4,4,4,-1,5,5,5,-1,5,5,5,-1,6,6,6,-1,6,6,6,-1,7,7,7,-1,7,7,7            ]
          }
        }
        Shape {
          appearance USE M0
          geometry IndexedFaceSet {
            coord Coordinate {
              point [
12890.62629211 3875.43222419 12807.49949984,13012.37312066 3707.59602975 12807.49949065,13011.68971261 3707.59602988 12807.4994907,12603.86536619 3879.91689803 12807.49952149,13018.60344102 4055.15913764 12807.49949018,13018.60344038 4051.85743086 12807.49949018,12890.62629517 3875.43222419 12848.00048784,13018.60344343 4051.85743086 12848.00047818,13018.60344408 4055.15913764 12848.00047818,12603.86536924 3879.91689803 12848.00050949,13011.68971566 3707.59602988 12848.0004787,13012.37312372 3707.59602975 12848.00047865              ]
            }
            coordIndex [
0,1,2,-1,3,4,5,-1,0,2,3,-1,3,5,0,-1,6,7,8,-1,9,10,11,-1,6,8,9,-1,9,11,6,-1,2,1,11,-1,11,10,2,-1,8,7,5,-1,5,4,8,-1,10,9,3,-1,3,2,10,-1,3,9,8,-1,8,4,3,-1,6,11,1,-1,1,0,6,-1,6,0,5,-1,5,7,6            ]
            ccw TRUE
            normalPerVertex TRUE
            normal Normal {
              vector [
-1 -0 0,1 0 0,0 -1 0,0 0 -1,0 -0.89155 0.45292,0 0.89155 0.45292,0 0.51659 -0.85623,0 -0.51659 -0.85623              ]
            }
            normalIndex [
0,0,0,-1,0,0,0,-1,0,0,0,-1,0,0,0,-1,1,1,1,-1,1,1,1,-1,1,1,1,-1,1,1,1,-1,2,2,2,-1,2,2,2,-1,3,3,3,-1,3,3,3,-1,4,4,4,-1,4,4,4,-1,5,5,5,-1,5,5,5,-1,6,6,6,-1,6,6,6,-1,7,7,7,-1,7,7,7            ]
          }
        }
        Shape {
          appearance USE M0
          geometry IndexedFaceSet {
            coord Coordinate {
              point [
12890.62629211 4707.17099373 12807.49949984,13012.37312066 4539.33479928 12807.49949065,13011.68971261 4539.33479941 12807.4994907,12603.86536619 4711.65566756 12807.49952149,13018.60344102 4886.89790717 12807.49949018,13018.60344038 4883.59620039 12807.49949018,12890.62629517 4707.17099373 12848.00048784,13018.60344343 4883.59620039 12848.00047818,13018.60344408 4886.89790717 12848.00047818,12603.86536924 4711.65566756 12848.00050949,13011.68971566 4539.33479941 12848.0004787,13012.37312372 4539.33479928 12848.00047865              ]
            }
            coordIndex [
0,1,2,-1,3,4,5,-1,0,2,3,-1,3,5,0,-1,6,7,8,-1,9,10,11,-1,6,8,9,-1,9,11,6,-1,2,1,11,-1,11,10,2,-1,8,7,5,-1,5,4,8,-1,10,9,3,-1,3,2,10,-1,3,9,8,-1,8,4,3,-1,6,11,1,-1,1,0,6,-1,6,0,5,-1,5,7,6            ]
            ccw TRUE
            normalPerVertex TRUE
            normal Normal {
              vector [
-1 -0 0,1 0 0,0 -1 0,0 0 -1,0 -0.89155 0.45292,0 0.89155 0.45292,0 0.51659 -0.85623,0 -0.51659 -0.85623              ]
            }
            normalIndex [
0,0,0,-1,0,0,0,-1,0,0,0,-1,0,0,0,-1,1,1,1,-1,1,1,1,-1,1,1,1,-1,1,1,1,-1,2,2,2,-1,2,2,2,-1,3,3,3,-1,3,3,3,-1,4,4,4,-1,4,4,4,-1,5,5,5,-1,5,5,5,-1,6,6,6,-1,6,6,6,-1,7,7,7,-1,7,7,7            ]
          }
        }
        Shape {
          appearance USE M0
          geometry IndexedFaceSet {
            coord Coordinate {
              point [
24990.62629211 3443.69272224 14803.67332796,25112.37312066 3275.85652779 14803.67331877,25111.68971261 3275.85652793 14803.67331882,24703.86536619 3448.17739608 14803.67334961,25118.60344102 3623.41963569 14803.6733183,25118.60344038 3620.11792891 14803.6733183,24990.62629517 3443.69272224 14844.17431597,25118.60344343 3620.11792891 14844.17430631,25118.60344408 3623.41963569 14844.17430631,24703.86536924 3448.17739608 14844.17433762,25111.68971566 3275.85652793 14844.17430683,25112.37312372 3275.85652779 14844.17430678              ]
            }
            coordIndex [
0,1,2,-1,3,4,5,-1,0,2,3,-1,3,5,0,-1,6,7,8,-1,9,10,11,-1,6,8,9,-1,9,11,6,-1,2,1,11,-1,11,10,2,-1,8,7,5,-1,5,4,8,-1,10,9,3,-1,3,2,10,-1,3,9,8,-1,8,4,3,-1,6,11,1,-1,1,0,6,-1,6,0,5,-1,5,7,6            ]
            ccw TRUE
            normalPerVertex TRUE
            normal Normal {
              vector [
-1 -0 0,1 0 0,0 -1 0,0 0 -1,0 -0.89155 0.45292,0 0.89155 0.45292,0 0.51659 -0.85623,0 -0.51659 -0.85623              ]
            }
            normalIndex [
0,0,0,-1,0,0,0,-1,0,0,0,-1,0,0,0,-1,1,1,1,-1,1,1,1,-1,1,1,1,-1,1,1,1,-1,2,2,2,-1,2,2,2,-1,3,3,3,-1,3,3,3,-1,4,4,4,-1,4,4,4,-1,5,5,5,-1,5,5,5,-1,6,6,6,-1,6,6,6,-1,7,7,7,-1,7,7,7            ]
          }
        }
        Shape {
          appearance USE M0
          geometry IndexedFaceSet {
            coord Coordinate {
              point [
-3009.37346375 3875.43222419 14554.15184359,-2887.6266352 3707.59602975 14554.1518344,-2888.31004325 3707.59602988 14554.15183445,-3296.13438967 3879.91689803 14554.15186524,-2881.39631484 4055.15913764 14554.15183393,-2881.39631548 4051.85743086 14554.15183393,-3009.37346069 3875.43222419 14594.65283159,-2881.39631242 4051.85743086 14594.65282193,-2881.39631178 4055.15913764 14594.65282193,-3296.13438662 3879.91689803 14594.65285324,-2888.3100402 3707.59602988 14594.65282245,-2887.62663214 3707.59602975 14594.6528224              ]
            }
            coordIndex [
0,1,2,-1,3,4,5,-1,0,2,3,-1,3,5,0,-1,6,7,8,-1,9,10,11,-1,6,8,9,-1,9,11,6,-1,2,1,11,-1,11,10,2,-1,8,7,5,-1,5,4,8,-1,10,9,3,-1,3,2,10,-1,3,9,8,-1,8,4,3,-1,6,11,1,-1,1,0,6,-1,6,0,5,-1,5,7,6            ]
            ccw TRUE
            normalPerVertex TRUE
            normal Normal {
              vector [
-1 -0 0,1 0 0,0 -1 0,0 0 -1,0 -0.89155 0.45292,0 0.89155 0.45292,0 0.51659 -0.85623,0 -0.51659 -0.85623              ]
            }
            normalIndex [
0,0,0,-1,0,0,0,-1,0,0,0,-1,0,0,0,-1,1,1,1,-1,1,1,1,-1,1,1,1,-1,1,1,1,-1,2,2,2,-1,2,2,2,-1,3,3,3,-1,3,3,3,-1,4,4,4,-1,4,4,4,-1,5,5,5,-1,5,5,5,-1,6,6,6,-1,6,6,6,-1,7,7,7,-1,7,7,7            ]
          }
        }
        Shape {
          appearance USE M0
          geometry IndexedFaceSet {
            coord Coordinate {
              point [
16090.62629211 3043.69296638 14554.15184359,16212.37312066 2875.85677193 14554.1518344,16211.68971261 2875.85677207 14554.15183445,15803.86536619 3048.17764022 14554.15186524,16218.60344102 3223.41987983 14554.15183393,16218.60344038 3220.11817305 14554.15183393,16090.62629517 3043.69296638 14594.65283159,16218.60344343 3220.11817305 14594.65282193,16218.60344408 3223.41987983 14594.65282193,15803.86536924 3048.17764022 14594.65285324,16211.68971566 2875.85677207 14594.65282245,16212.37312372 2875.85677193 14594.6528224              ]
            }
            coordIndex [
0,1,2,-1,3,4,5,-1,0,2,3,-1,3,5,0,-1,6,7,8,-1,9,10,11,-1,6,8,9,-1,9,11,6,-1,2,1,11,-1,11,10,2,-1,8,7,5,-1,5,4,8,-1,10,9,3,-1,3,2,10,-1,3,9,8,-1,8,4,3,-1,6,11,1,-1,1,0,6,-1,6,0,5,-1,5,7,6            ]
            ccw TRUE
            normalPerVertex TRUE
            normal Normal {
              vector [
-1 -0 0,1 0 0,0 -1 0,0 0 -1,0 -0.89155 0.45292,0 0.89155 0.45292,0 0.51659 -0.85623,0 -0.51659 -0.85623              ]
            }
            normalIndex [
0,0,0,-1,0,0,0,-1,0,0,0,-1,0,0,0,-1,1,1,1,-1,1,1,1,-1,1,1,1,-1,1,1,1,-1,2,2,2,-1,2,2,2,-1,3,3,3,-1,3,3,3,-1,4,4,4,-1,4,4,4,-1,5,5,5,-1,5,5,5,-1,6,6,6,-1,6,6,6,-1,7,7,7,-1,7,7,7            ]
          }
        }
        Shape {
          appearance USE M0
          geometry IndexedFaceSet {
            coord Coordinate {
              point [
22090.62629211 3043.69296638 13556.06492952,22212.37312066 2875.85677193 13556.06492033,22211.68971261 2875.85677207 13556.06492038,21803.86536619 3048.17764022 13556.06495117,22218.60344102 3223.41987983 13556.06491986,22218.60344038 3220.11817305 13556.06491986,22090.62629517 3043.69296638 13596.56591753,22218.60344343 3220.11817305 13596.56590787,22218.60344408 3223.41987983 13596.56590787,21803.86536924 3048.17764022 13596.56593918,22211.68971566 2875.85677207 13596.56590839,22212.37312372 2875.85677193 13596.56590834              ]
            }
            coordIndex [
0,1,2,-1,3,4,5,-1,0,2,3,-1,3,5,0,-1,6,7,8,-1,9,10,11,-1,6,8,9,-1,9,11,6,-1,2,1,11,-1,11,10,2,-1,8,7,5,-1,5,4,8,-1,10,9,3,-1,3,2,10,-1,3,9,8,-1,8,4,3,-1,6,11,1,-1,1,0,6,-1,6,0,5,-1,5,7,6            ]
            ccw TRUE
            normalPerVertex TRUE
            normal Normal {
              vector [
-1 -0 0,1 0 0,0 -1 0,0 0 -1,0 -0.89155 0.45292,0 0.89155 0.45292,0 0.51659 -0.85623,0 -0.51659 -0.85623              ]
            }
            normalIndex [
0,0,0,-1,0,0,0,-1,0,0,0,-1,0,0,0,-1,1,1,1,-1,1,1,1,-1,1,1,1,-1,1,1,1,-1,2,2,2,-1,2,2,2,-1,3,3,3,-1,3,3,3,-1,4,4,4,-1,4,4,4,-1,5,5,5,-1,5,5,5,-1,6,6,6,-1,6,6,6,-1,7,7,7,-1,7,7,7            ]
          }
        }
        Shape {
          appearance USE M0
          geometry IndexedFaceSet {
            coord Coordinate {
              point [
28190.62629211 3443.69272224 14055.10789827,28312.37312066 3275.85652779 14055.10788908,28311.68971261 3275.85652793 14055.10788913,27903.86536619 3448.17739608 14055.10791992,28318.60344102 3623.41963569 14055.10788861,28318.60344038 3620.11792891 14055.10788861,28190.62629517 3443.69272224 14095.60888628,28318.60344343 3620.11792891 14095.60887662,28318.60344408 3623.41963569 14095.60887662,27903.86536924 3448.17739608 14095.60890793,28311.68971566 3275.85652793 14095.60887714,28312.37312372 3275.85652779 14095.60887709              ]
            }
            coordIndex [
0,1,2,-1,3,4,5,-1,0,2,3,-1,3,5,0,-1,6,7,8,-1,9,10,11,-1,6,8,9,-1,9,11,6,-1,2,1,11,-1,11,10,2,-1,8,7,5,-1,5,4,8,-1,10,9,3,-1,3,2,10,-1,3,9,8,-1,8,4,3,-1,6,11,1,-1,1,0,6,-1,6,0,5,-1,5,7,6            ]
            ccw TRUE
            normalPerVertex TRUE
            normal Normal {
              vector [
-1 -0 0,1 0 0,0 -1 0,0 0 -1,0 -0.89155 0.45292,0 0.89155 0.45292,0 0.51659 -0.85623,0 -0.51659 -0.85623              ]
            }
            normalIndex [
0,0,0,-1,0,0,0,-1,0,0,0,-1,0,0,0,-1,1,1,1,-1,1,1,1,-1,1,1,1,-1,1,1,1,-1,2,2,2,-1,2,2,2,-1,3,3,3,-1,3,3,3,-1,4,4,4,-1,4,4,4,-1,5,5,5,-1,5,5,5,-1,6,6,6,-1,6,6,6,-1,7,7,7,-1,7,7,7            ]
          }
        }
        Shape {
          appearance USE M0
          geometry IndexedFaceSet {
            coord Coordinate {
              point [
19290.62629211 3875.43222419 13306.54246859,19412.37312066 3707.59602975 13306.5424594,19411.68971261 3707.59602988 13306.54245945,19003.86536619 3879.91689803 13306.54249024,19418.60344102 4055.15913764 13306.54245893,19418.60344038 4051.85743086 13306.54245893,19290.62629517 3875.43222419 13347.04345659,19418.60344343 4051.85743086 13347.04344693,19418.60344408 4055.15913764 13347.04344693,19003.86536924 3879.91689803 13347.04347824,19411.68971566 3707.59602988 13347.04344745,19412.37312372 3707.59602975 13347.0434474              ]
            }
            coordIndex [
0,1,2,-1,3,4,5,-1,0,2,3,-1,3,5,0,-1,6,7,8,-1,9,10,11,-1,6,8,9,-1,9,11,6,-1,2,1,11,-1,11,10,2,-1,8,7,5,-1,5,4,8,-1,10,9,3,-1,3,2,10,-1,3,9,8,-1,8,4,3,-1,6,11,1,-1,1,0,6,-1,6,0,5,-1,5,7,6            ]
            ccw TRUE
            normalPerVertex TRUE
            normal Normal {
              vector [
-1 -0 0,1 0 0,0 -1 0,0 0 -1,0 -0.89155 0.45292,0 0.89155 0.45292,0 0.51659 -0.85623,0 -0.51659 -0.85623              ]
            }
            normalIndex [
0,0,0,-1,0,0,0,-1,0,0,0,-1,0,0,0,-1,1,1,1,-1,1,1,1,-1,1,1,1,-1,1,1,1,-1,2,2,2,-1,2,2,2,-1,3,3,3,-1,3,3,3,-1,4,4,4,-1,4,4,4,-1,5,5,5,-1,5,5,5,-1,6,6,6,-1,6,6,6,-1,7,7,7,-1,7,7,7            ]
          }
        }
        Shape {
          appearance USE M0
          geometry IndexedFaceSet {
            coord Coordinate {
              point [
190.62653625 3875.43222419 13306.54246859,312.3733648 3707.59602975 13306.5424594,311.68995675 3707.59602988 13306.54245945,-96.13438967 3879.91689803 13306.54249024,318.60368516 4055.15913764 13306.54245893,318.60368452 4051.85743086 13306.54245893,190.62653931 3875.43222419 13347.04345659,318.60368758 4051.85743086 13347.04344693,318.60368822 4055.15913764 13347.04344693,-96.13438662 3879.91689803 13347.04347824,311.6899598 3707.59602988 13347.04344745,312.37336786 3707.59602975 13347.0434474              ]
            }
            coordIndex [
0,1,2,-1,3,4,5,-1,0,2,3,-1,3,5,0,-1,6,7,8,-1,9,10,11,-1,6,8,9,-1,9,11,6,-1,2,1,11,-1,11,10,2,-1,8,7,5,-1,5,4,8,-1,10,9,3,-1,3,2,10,-1,3,9,8,-1,8,4,3,-1,6,11,1,-1,1,0,6,-1,6,0,5,-1,5,7,6            ]
            ccw TRUE
            normalPerVertex TRUE
            normal Normal {
              vector [
-1 -0 0,1 0 0,0 -1 0,0 0 -1,0 -0.89155 0.45292,0 0.89155 0.45292,0 0.51659 -0.85623,0 -0.51659 -0.85623              ]
            }
            normalIndex [
0,0,0,-1,0,0,0,-1,0,0,0,-1,0,0,0,-1,1,1,1,-1,1,1,1,-1,1,1,1,-1,1,1,1,-1,2,2,2,-1,2,2,2,-1,3,3,3,-1,3,3,3,-1,4,4,4,-1,4,4,4,-1,5,5,5,-1,5,5,5,-1,6,6,6,-1,6,6,6,-1,7,7,7,-1,7,7,7            ]
          }
        }
        Shape {
          appearance USE M0
          geometry IndexedFaceSet {
            coord Coordinate {
              point [
6590.62580383 3443.69272224 14803.67332796,6712.37263238 3275.85652779 14803.67331877,6711.68922432 3275.85652793 14803.67331882,6303.86487791 3448.17739608 14803.67334961,6718.60295274 3623.41963569 14803.6733183,6718.6029521 3620.11792891 14803.6733183,6590.62580689 3443.69272224 14844.17431597,6718.60295515 3620.11792891 14844.17430631,6718.6029558 3623.41963569 14844.17430631,6303.86488096 3448.17739608 14844.17433762,6711.68922738 3275.85652793 14844.17430683,6712.37263543 3275.85652779 14844.17430678              ]
            }
            coordIndex [
0,1,2,-1,3,4,5,-1,0,2,3,-1,3,5,0,-1,6,7,8,-1,9,10,11,-1,6,8,9,-1,9,11,6,-1,2,1,11,-1,11,10,2,-1,8,7,5,-1,5,4,8,-1,10,9,3,-1,3,2,10,-1,3,9,8,-1,8,4,3,-1,6,11,1,-1,1,0,6,-1,6,0,5,-1,5,7,6            ]
            ccw TRUE
            normalPerVertex TRUE
            normal Normal {
              vector [
-1 -0 0,1 0 0,0 -1 0,0 0 -1,0 -0.89155 0.45292,0 0.89155 0.45292,0 0.51659 -0.85623,0 -0.51659 -0.85623              ]
            }
            normalIndex [
0,0,0,-1,0,0,0,-1,0,0,0,-1,0,0,0,-1,1,1,1,-1,1,1,1,-1,1,1,1,-1,1,1,1,-1,2,2,2,-1,2,2,2,-1,3,3,3,-1,3,3,3,-1,4,4,4,-1,4,4,4,-1,5,5,5,-1,5,5,5,-1,6,6,6,-1,6,6,6,-1,7,7,7,-1,7,7,7            ]
          }
        }
        Shape {
          appearance USE M0
          geometry IndexedFaceSet {
            coord Coordinate {
              point [
46890.62629211 4243.69296638 13057.02196077,47012.37312066 4075.85677193 13057.02195158,47011.68971261 4075.85677207 13057.02195163,46603.86536619 4248.17764022 13057.02198242,47018.60344102 4423.41987983 13057.02195111,47018.60344038 4420.11817305 13057.02195111,46890.62629517 4243.69296638 13097.52294878,47018.60344343 4420.11817305 13097.52293912,47018.60344408 4423.41987983 13097.52293912,46603.86536924 4248.17764022 13097.52297043,47011.68971566 4075.85677207 13097.52293964,47012.37312372 4075.85677193 13097.52293959              ]
            }
            coordIndex [
0,1,2,-1,3,4,5,-1,0,2,3,-1,3,5,0,-1,6,7,8,-1,9,10,11,-1,6,8,9,-1,9,11,6,-1,2,1,11,-1,11,10,2,-1,8,7,5,-1,5,4,8,-1,10,9,3,-1,3,2,10,-1,3,9,8,-1,8,4,3,-1,6,11,1,-1,1,0,6,-1,6,0,5,-1,5,7,6            ]
            ccw TRUE
            normalPerVertex TRUE
            normal Normal {
              vector [
-1 -0 0,1 0 0,0 -1 0,0 0 -1,0 -0.89155 0.45292,0 0.89155 0.45292,0 0.51659 -0.85623,0 -0.51659 -0.85623              ]
            }
            normalIndex [
0,0,0,-1,0,0,0,-1,0,0,0,-1,0,0,0,-1,1,1,1,-1,1,1,1,-1,1,1,1,-1,1,1,1,-1,2,2,2,-1,2,2,2,-1,3,3,3,-1,3,3,3,-1,4,4,4,-1,4,4,4,-1,5,5,5,-1,5,5,5,-1,6,6,6,-1,6,6,6,-1,7,7,7,-1,7,7,7            ]
          }
        }
        Shape {
          appearance USE M0
          geometry IndexedFaceSet {
            coord Coordinate {
              point [
24990.62629211 3043.69296638 13306.54246859,25112.37312066 2875.85677193 13306.5424594,25111.68971261 2875.85677207 13306.54245945,24703.86536619 3048.17764022 13306.54249024,25118.60344102 3223.41987983 13306.54245893,25118.60344038 3220.11817305 13306.54245893,24990.62629517 3043.69296638 13347.04345659,25118.60344343 3220.11817305 13347.04344693,25118.60344408 3223.41987983 13347.04344693,24703.86536924 3048.17764022 13347.04347824,25111.68971566 2875.85677207 13347.04344745,25112.37312372 2875.85677193 13347.0434474              ]
            }
            coordIndex [
0,1,2,-1,3,4,5,-1,0,2,3,-1,3,5,0,-1,6,7,8,-1,9,10,11,-1,6,8,9,-1,9,11,6,-1,2,1,11,-1,11,10,2,-1,8,7,5,-1,5,4,8,-1,10,9,3,-1,3,2,10,-1,3,9,8,-1,8,4,3,-1,6,11,1,-1,1,0,6,-1,6,0,5,-1,5,7,6            ]
            ccw TRUE
            normalPerVertex TRUE
            normal Normal {
              vector [
-1 -0 0,1 0 0,0 -1 0,0 0 -1,0 -0.89155 0.45292,0 0.89155 0.45292,0 0.51659 -0.85623,0 -0.51659 -0.85623              ]
            }
            normalIndex [
0,0,0,-1,0,0,0,-1,0,0,0,-1,0,0,0,-1,1,1,1,-1,1,1,1,-1,1,1,1,-1,1,1,1,-1,2,2,2,-1,2,2,2,-1,3,3,3,-1,3,3,3,-1,4,4,4,-1,4,4,4,-1,5,5,5,-1,5,5,5,-1,6,6,6,-1,6,6,6,-1,7,7,7,-1,7,7,7            ]
          }
        }
        Shape {
          appearance USE M0
          geometry IndexedFaceSet {
            coord Coordinate {
              point [
37690.62629211 3875.43222419 14803.67332796,37812.37312066 3707.59602975 14803.67331877,37811.68971261 3707.59602988 14803.67331882,37403.86536619 3879.91689803 14803.67334961,37818.60344102 4055.15913764 14803.6733183,37818.60344038 4051.85743086 14803.6733183,37690.62629517 3875.43222419 14844.17431597,37818.60344343 4051.85743086 14844.17430631,37818.60344408 4055.15913764 14844.17430631,37403.86536924 3879.91689803 14844.17433762,37811.68971566 3707.59602988 14844.17430683,37812.37312372 3707.59602975 14844.17430678              ]
            }
            coordIndex [
0,1,2,-1,3,4,5,-1,0,2,3,-1,3,5,0,-1,6,7,8,-1,9,10,11,-1,6,8,9,-1,9,11,6,-1,2,1,11,-1,11,10,2,-1,8,7,5,-1,5,4,8,-1,10,9,3,-1,3,2,10,-1,3,9,8,-1,8,4,3,-1,6,11,1,-1,1,0,6,-1,6,0,5,-1,5,7,6            ]
            ccw TRUE
            normalPerVertex TRUE
            normal Normal {
              vector [
-1 -0 0,1 0 0,0 -1 0,0 0 -1,0 -0.89155 0.45292,0 0.89155 0.45292,0 0.51659 -0.85623,0 -0.51659 -0.85623              ]
            }
            normalIndex [
0,0,0,-1,0,0,0,-1,0,0,0,-1,0,0,0,-1,1,1,1,-1,1,1,1,-1,1,1,1,-1,1,1,1,-1,2,2,2,-1,2,2,2,-1,3,3,3,-1,3,3,3,-1,4,4,4,-1,4,4,4,-1,5,5,5,-1,5,5,5,-1,6,6,6,-1,6,6,6,-1,7,7,7,-1,7,7,7            ]
          }
        }
        Shape {
          appearance USE M0
          geometry IndexedFaceSet {
            coord Coordinate {
              point [
6590.62580383 3043.69296638 13805.58543734,6712.37263238 2875.85677193 13805.58542815,6711.68922432 2875.85677207 13805.5854282,6303.86487791 3048.17764022 13805.58545899,6718.60295274 3223.41987983 13805.58542768,6718.6029521 3220.11817305 13805.58542768,6590.62580689 3043.69296638 13846.08642534,6718.60295515 3220.11817305 13846.08641568,6718.6029558 3223.41987983 13846.08641568,6303.86488096 3048.17764022 13846.08644699,6711.68922738 2875.85677207 13846.0864162,6712.37263543 2875.85677193 13846.08641615              ]
            }
            coordIndex [
0,1,2,-1,3,4,5,-1,0,2,3,-1,3,5,0,-1,6,7,8,-1,9,10,11,-1,6,8,9,-1,9,11,6,-1,2,1,11,-1,11,10,2,-1,8,7,5,-1,5,4,8,-1,10,9,3,-1,3,2,10,-1,3,9,8,-1,8,4,3,-1,6,11,1,-1,1,0,6,-1,6,0,5,-1,5,7,6            ]
            ccw TRUE
            normalPerVertex TRUE
            normal Normal {
              vector [
-1 -0 0,1 0 0,0 -1 0,0 0 -1,0 -0.89155 0.45292,0 0.89155 0.45292,0 0.51659 -0.85623,0 -0.51659 -0.85623              ]
            }
            normalIndex [
0,0,0,-1,0,0,0,-1,0,0,0,-1,0,0,0,-1,1,1,1,-1,1,1,1,-1,1,1,1,-1,1,1,1,-1,2,2,2,-1,2,2,2,-1,3,3,3,-1,3,3,3,-1,4,4,4,-1,4,4,4,-1,5,5,5,-1,5,5,5,-1,6,6,6,-1,6,6,6,-1,7,7,7,-1,7,7,7            ]
          }
        }
        Shape {
          appearance USE M0
          geometry IndexedFaceSet {
            coord Coordinate {
              point [
19290.62629211 3043.69296638 13805.58543734,19412.37312066 2875.85677193 13805.58542815,19411.68971261 2875.85677207 13805.5854282,19003.86536619 3048.17764022 13805.58545899,19418.60344102 3223.41987983 13805.58542768,19418.60344038 3220.11817305 13805.58542768,19290.62629517 3043.69296638 13846.08642534,19418.60344343 3220.11817305 13846.08641568,19418.60344408 3223.41987983 13846.08641568,19003.86536924 3048.17764022 13846.08644699,19411.68971566 2875.85677207 13846.0864162,19412.37312372 2875.85677193 13846.08641615              ]
            }
            coordIndex [
0,1,2,-1,3,4,5,-1,0,2,3,-1,3,5,0,-1,6,7,8,-1,9,10,11,-1,6,8,9,-1,9,11,6,-1,2,1,11,-1,11,10,2,-1,8,7,5,-1,5,4,8,-1,10,9,3,-1,3,2,10,-1,3,9,8,-1,8,4,3,-1,6,11,1,-1,1,0,6,-1,6,0,5,-1,5,7,6            ]
            ccw TRUE
            normalPerVertex TRUE
            normal Normal {
              vector [
-1 -0 0,1 0 0,0 -1 0,0 0 -1,0 -0.89155 0.45292,0 0.89155 0.45292,0 0.51659 -0.85623,0 -0.51659 -0.85623              ]
            }
            normalIndex [
0,0,0,-1,0,0,0,-1,0,0,0,-1,0,0,0,-1,1,1,1,-1,1,1,1,-1,1,1,1,-1,1,1,1,-1,2,2,2,-1,2,2,2,-1,3,3,3,-1,3,3,3,-1,4,4,4,-1,4,4,4,-1,5,5,5,-1,5,5,5,-1,6,6,6,-1,6,6,6,-1,7,7,7,-1,7,7,7            ]
          }
        }
        Shape {
          appearance USE M0
          geometry IndexedFaceSet {
            coord Coordinate {
              point [
12890.62629211 3875.43222419 14304.63035921,13012.37312066 3707.59602975 14304.63035002,13011.68971261 3707.59602988 14304.63035007,12603.86536619 3879.91689803 14304.63038086,13018.60344102 4055.15913764 14304.63034955,13018.60344038 4051.85743086 14304.63034955,12890.62629517 3875.43222419 14345.13134722,13018.60344343 4051.85743086 14345.13133756,13018.60344408 4055.15913764 14345.13133756,12603.86536924 3879.91689803 14345.13136887,13011.68971566 3707.59602988 14345.13133808,13012.37312372 3707.59602975 14345.13133803              ]
            }
            coordIndex [
0,1,2,-1,3,4,5,-1,0,2,3,-1,3,5,0,-1,6,7,8,-1,9,10,11,-1,6,8,9,-1,9,11,6,-1,2,1,11,-1,11,10,2,-1,8,7,5,-1,5,4,8,-1,10,9,3,-1,3,2,10,-1,3,9,8,-1,8,4,3,-1,6,11,1,-1,1,0,6,-1,6,0,5,-1,5,7,6            ]
            ccw TRUE
            normalPerVertex TRUE
            normal Normal {
              vector [
-1 -0 0,1 0 0,0 -1 0,0 0 -1,0 -0.89155 0.45292,0 0.89155 0.45292,0 0.51659 -0.85623,0 -0.51659 -0.85623              ]
            }
            normalIndex [
0,0,0,-1,0,0,0,-1,0,0,0,-1,0,0,0,-1,1,1,1,-1,1,1,1,-1,1,1,1,-1,1,1,1,-1,2,2,2,-1,2,2,2,-1,3,3,3,-1,3,3,3,-1,4,4,4,-1,4,4,4,-1,5,5,5,-1,5,5,5,-1,6,6,6,-1,6,6,6,-1,7,7,7,-1,7,7,7            ]
          }
        }
        Shape {
          appearance USE M0
          geometry IndexedFaceSet {
            coord Coordinate {
              point [
9690.62531555 3043.69296638 13057.02196077,9812.3721441 2875.85677193 13057.02195158,9811.68873604 2875.85677207 13057.02195163,9403.86438962 3048.17764022 13057.02198242,9818.60246446 3223.41987983 13057.02195111,9818.60246381 3220.11817305 13057.02195111,9690.62531861 3043.69296638 13097.52294878,9818.60246687 3220.11817305 13097.52293912,9818.60246751 3223.41987983 13097.52293912,9403.86439268 3048.17764022 13097.52297043,9811.6887391 2875.85677207 13097.52293964,9812.37214715 2875.85677193 13097.52293959              ]
            }
            coordIndex [
0,1,2,-1,3,4,5,-1,0,2,3,-1,3,5,0,-1,6,7,8,-1,9,10,11,-1,6,8,9,-1,9,11,6,-1,2,1,11,-1,11,10,2,-1,8,7,5,-1,5,4,8,-1,10,9,3,-1,3,2,10,-1,3,9,8,-1,8,4,3,-1,6,11,1,-1,1,0,6,-1,6,0,5,-1,5,7,6            ]
            ccw TRUE
            normalPerVertex TRUE
            normal Normal {
              vector [
-1 -0 0,1 0 0,0 -1 0,0 0 -1,0 -0.89155 0.45292,0 0.89155 0.45292,0 0.51659 -0.85623,0 -0.51659 -0.85623              ]
            }
            normalIndex [
0,0,0,-1,0,0,0,-1,0,0,0,-1,0,0,0,-1,1,1,1,-1,1,1,1,-1,1,1,1,-1,1,1,1,-1,2,2,2,-1,2,2,2,-1,3,3,3,-1,3,3,3,-1,4,4,4,-1,4,4,4,-1,5,5,5,-1,5,5,5,-1,6,6,6,-1,6,6,6,-1,7,7,7,-1,7,7,7            ]
          }
        }
        Shape {
          appearance USE M0
          geometry IndexedFaceSet {
            coord Coordinate {
              point [
44090.62629211 3043.69296638 14304.63035921,44212.37312066 2875.85677193 14304.63035002,44211.68971261 2875.85677207 14304.63035007,43803.86536619 3048.17764022 14304.63038086,44218.60344102 3223.41987983 14304.63034955,44218.60344038 3220.11817305 14304.63034955,44090.62629517 3043.69296638 14345.13134722,44218.60344343 3220.11817305 14345.13133756,44218.60344408 3223.41987983 14345.13133756,43803.86536924 3048.17764022 14345.13136887,44211.68971566 2875.85677207 14345.13133808,44212.37312372 2875.85677193 14345.13133803              ]
            }
            coordIndex [
0,1,2,-1,3,4,5,-1,0,2,3,-1,3,5,0,-1,6,7,8,-1,9,10,11,-1,6,8,9,-1,9,11,6,-1,2,1,11,-1,11,10,2,-1,8,7,5,-1,5,4,8,-1,10,9,3,-1,3,2,10,-1,3,9,8,-1,8,4,3,-1,6,11,1,-1,1,0,6,-1,6,0,5,-1,5,7,6            ]
            ccw TRUE
            normalPerVertex TRUE
            normal Normal {
              vector [
-1 -0 0,1 0 0,0 -1 0,0 0 -1,0 -0.89155 0.45292,0 0.89155 0.45292,0 0.51659 -0.85623,0 -0.51659 -0.85623              ]
            }
            normalIndex [
0,0,0,-1,0,0,0,-1,0,0,0,-1,0,0,0,-1,1,1,1,-1,1,1,1,-1,1,1,1,-1,1,1,1,-1,2,2,2,-1,2,2,2,-1,3,3,3,-1,3,3,3,-1,4,4,4,-1,4,4,4,-1,5,5,5,-1,5,5,5,-1,6,6,6,-1,6,6,6,-1,7,7,7,-1,7,7,7            ]
          }
        }
        Shape {
          appearance USE M0
          geometry IndexedFaceSet {
            coord Coordinate {
              point [
37690.62629211 3443.69272224 13805.58543734,37812.37312066 3275.85652779 13805.58542815,37811.68971261 3275.85652793 13805.5854282,37403.86536619 3448.17739608 13805.58545899,37818.60344102 3623.41963569 13805.58542768,37818.60344038 3620.11792891 13805.58542768,37690.62629517 3443.69272224 13846.08642534,37818.60344343 3620.11792891 13846.08641568,37818.60344408 3623.41963569 13846.08641568,37403.86536924 3448.17739608 13846.08644699,37811.68971566 3275.85652793 13846.0864162,37812.37312372 3275.85652779 13846.08641615              ]
            }
            coordIndex [
0,1,2,-1,3,4,5,-1,0,2,3,-1,3,5,0,-1,6,7,8,-1,9,10,11,-1,6,8,9,-1,9,11,6,-1,2,1,11,-1,11,10,2,-1,8,7,5,-1,5,4,8,-1,10,9,3,-1,3,2,10,-1,3,9,8,-1,8,4,3,-1,6,11,1,-1,1,0,6,-1,6,0,5,-1,5,7,6            ]
            ccw TRUE
            normalPerVertex TRUE
            normal Normal {
              vector [
-1 -0 0,1 0 0,0 -1 0,0 0 -1,0 -0.89155 0.45292,0 0.89155 0.45292,0 0.51659 -0.85623,0 -0.51659 -0.85623              ]
            }
            normalIndex [
0,0,0,-1,0,0,0,-1,0,0,0,-1,0,0,0,-1,1,1,1,-1,1,1,1,-1,1,1,1,-1,1,1,1,-1,2,2,2,-1,2,2,2,-1,3,3,3,-1,3,3,3,-1,4,4,4,-1,4,4,4,-1,5,5,5,-1,5,5,5,-1,6,6,6,-1,6,6,6,-1,7,7,7,-1,7,7,7            ]
          }
        }
        Shape {
          appearance USE M0
          geometry IndexedFaceSet {
            coord Coordinate {
              point [
190.62653625 3043.69296638 13306.54246859,312.3733648 2875.85677193 13306.5424594,311.68995675 2875.85677207 13306.54245945,-96.13438967 3048.17764022 13306.54249024,318.60368516 3223.41987983 13306.54245893,318.60368452 3220.11817305 13306.54245893,190.62653931 3043.69296638 13347.04345659,318.60368758 3220.11817305 13347.04344693,318.60368822 3223.41987983 13347.04344693,-96.13438662 3048.17764022 13347.04347824,311.6899598 2875.85677207 13347.04344745,312.37336786 2875.85677193 13347.0434474              ]
            }
            coordIndex [
0,1,2,-1,3,4,5,-1,0,2,3,-1,3,5,0,-1,6,7,8,-1,9,10,11,-1,6,8,9,-1,9,11,6,-1,2,1,11,-1,11,10,2,-1,8,7,5,-1,5,4,8,-1,10,9,3,-1,3,2,10,-1,3,9,8,-1,8,4,3,-1,6,11,1,-1,1,0,6,-1,6,0,5,-1,5,7,6            ]
            ccw TRUE
            normalPerVertex TRUE
            normal Normal {
              vector [
-1 -0 0,1 0 0,0 -1 0,0 0 -1,0 -0.89155 0.45292,0 0.89155 0.45292,0 0.51659 -0.85623,0 -0.51659 -0.85623              ]
            }
            normalIndex [
0,0,0,-1,0,0,0,-1,0,0,0,-1,0,0,0,-1,1,1,1,-1,1,1,1,-1,1,1,1,-1,1,1,1,-1,2,2,2,-1,2,2,2,-1,3,3,3,-1,3,3,3,-1,4,4,4,-1,4,4,4,-1,5,5,5,-1,5,5,5,-1,6,6,6,-1,6,6,6,-1,7,7,7,-1,7,7,7            ]
          }
        }
        Shape {
          appearance USE M0
          geometry IndexedFaceSet {
            coord Coordinate {
              point [
12890.62629211 3875.43222419 13306.54246859,13012.37312066 3707.59602975 13306.5424594,13011.68971261 3707.59602988 13306.54245945,12603.86536619 3879.91689803 13306.54249024,13018.60344102 4055.15913764 13306.54245893,13018.60344038 4051.85743086 13306.54245893,12890.62629517 3875.43222419 13347.04345659,13018.60344343 4051.85743086 13347.04344693,13018.60344408 4055.15913764 13347.04344693,12603.86536924 3879.91689803 13347.04347824,13011.68971566 3707.59602988 13347.04344745,13012.37312372 3707.59602975 13347.0434474              ]
            }
            coordIndex [
0,1,2,-1,3,4,5,-1,0,2,3,-1,3,5,0,-1,6,7,8,-1,9,10,11,-1,6,8,9,-1,9,11,6,-1,2,1,11,-1,11,10,2,-1,8,7,5,-1,5,4,8,-1,10,9,3,-1,3,2,10,-1,3,9,8,-1,8,4,3,-1,6,11,1,-1,1,0,6,-1,6,0,5,-1,5,7,6            ]
            ccw TRUE
            normalPerVertex TRUE
            normal Normal {
              vector [
-1 -0 0,1 0 0,0 -1 0,0 0 -1,0 -0.89155 0.45292,0 0.89155 0.45292,0 0.51659 -0.85623,0 -0.51659 -0.85623              ]
            }
            normalIndex [
0,0,0,-1,0,0,0,-1,0,0,0,-1,0,0,0,-1,1,1,1,-1,1,1,1,-1,1,1,1,-1,1,1,1,-1,2,2,2,-1,2,2,2,-1,3,3,3,-1,3,3,3,-1,4,4,4,-1,4,4,4,-1,5,5,5,-1,5,5,5,-1,6,6,6,-1,6,6,6,-1,7,7,7,-1,7,7,7            ]
          }
        }
        Shape {
          appearance USE M0
          geometry IndexedFaceSet {
            coord Coordinate {
              point [
-3009.37346375 3443.69272224 13556.06492952,-2887.6266352 3275.85652779 13556.06492033,-2888.31004325 3275.85652793 13556.06492038,-3296.13438967 3448.17739608 13556.06495117,-2881.39631484 3623.41963569 13556.06491986,-2881.39631548 3620.11792891 13556.06491986,-3009.37346069 3443.69272224 13596.56591753,-2881.39631242 3620.11792891 13596.56590787,-2881.39631178 3623.41963569 13596.56590787,-3296.13438662 3448.17739608 13596.56593918,-2888.3100402 3275.85652793 13596.56590839,-2887.62663214 3275.85652779 13596.56590834              ]
            }
            coordIndex [
0,1,2,-1,3,4,5,-1,0,2,3,-1,3,5,0,-1,6,7,8,-1,9,10,11,-1,6,8,9,-1,9,11,6,-1,2,1,11,-1,11,10,2,-1,8,7,5,-1,5,4,8,-1,10,9,3,-1,3,2,10,-1,3,9,8,-1,8,4,3,-1,6,11,1,-1,1,0,6,-1,6,0,5,-1,5,7,6            ]
            ccw TRUE
            normalPerVertex TRUE
            normal Normal {
              vector [
-1 -0 0,1 0 0,0 -1 0,0 0 -1,0 -0.89155 0.45292,0 0.89155 0.45292,0 0.51659 -0.85623,0 -0.51659 -0.85623              ]
            }
            normalIndex [
0,0,0,-1,0,0,0,-1,0,0,0,-1,0,0,0,-1,1,1,1,-1,1,1,1,-1,1,1,1,-1,1,1,1,-1,2,2,2,-1,2,2,2,-1,3,3,3,-1,3,3,3,-1,4,4,4,-1,4,4,4,-1,5,5,5,-1,5,5,5,-1,6,6,6,-1,6,6,6,-1,7,7,7,-1,7,7,7            ]
          }
        }
        Shape {
          appearance USE M0
          geometry IndexedFaceSet {
            coord Coordinate {
              point [
-3009.37346375 3875.43222419 14055.10789827,-2887.6266352 3707.59602975 14055.10788908,-2888.31004325 3707.59602988 14055.10788913,-3296.13438967 3879.91689803 14055.10791992,-2881.39631484 4055.15913764 14055.10788861,-2881.39631548 4051.85743086 14055.10788861,-3009.37346069 3875.43222419 14095.60888628,-2881.39631242 4051.85743086 14095.60887662,-2881.39631178 4055.15913764 14095.60887662,-3296.13438662 3879.91689803 14095.60890793,-2888.3100402 3707.59602988 14095.60887714,-2887.62663214 3707.59602975 14095.60887709              ]
            }
            coordIndex [
0,1,2,-1,3,4,5,-1,0,2,3,-1,3,5,0,-1,6,7,8,-1,9,10,11,-1,6,8,9,-1,9,11,6,-1,2,1,11,-1,11,10,2,-1,8,7,5,-1,5,4,8,-1,10,9,3,-1,3,2,10,-1,3,9,8,-1,8,4,3,-1,6,11,1,-1,1,0,6,-1,6,0,5,-1,5,7,6            ]
            ccw TRUE
            normalPerVertex TRUE
            normal Normal {
              vector [
-1 -0 0,1 0 0,0 -1 0,0 0 -1,0 -0.89155 0.45292,0 0.89155 0.45292,0 0.51659 -0.85623,0 -0.51659 -0.85623              ]
            }
            normalIndex [
0,0,0,-1,0,0,0,-1,0,0,0,-1,0,0,0,-1,1,1,1,-1,1,1,1,-1,1,1,1,-1,1,1,1,-1,2,2,2,-1,2,2,2,-1,3,3,3,-1,3,3,3,-1,4,4,4,-1,4,4,4,-1,5,5,5,-1,5,5,5,-1,6,6,6,-1,6,6,6,-1,7,7,7,-1,7,7,7            ]
          }
        }
        Shape {
          appearance USE M0
          geometry IndexedFaceSet {
            coord Coordinate {
              point [
190.62653625 4707.17099373 14304.63035921,312.3733648 4539.33479928 14304.63035002,311.68995675 4539.33479941 14304.63035007,-96.13438967 4711.65566756 14304.63038086,318.60368516 4886.89790717 14304.63034955,318.60368452 4883.59620039 14304.63034955,190.62653931 4707.17099373 14345.13134722,318.60368758 4883.59620039 14345.13133756,318.60368822 4886.89790717 14345.13133756,-96.13438662 4711.65566756 14345.13136887,311.6899598 4539.33479941 14345.13133808,312.37336786 4539.33479928 14345.13133803              ]
            }
            coordIndex [
0,1,2,-1,3,4,5,-1,0,2,3,-1,3,5,0,-1,6,7,8,-1,9,10,11,-1,6,8,9,-1,9,11,6,-1,2,1,11,-1,11,10,2,-1,8,7,5,-1,5,4,8,-1,10,9,3,-1,3,2,10,-1,3,9,8,-1,8,4,3,-1,6,11,1,-1,1,0,6,-1,6,0,5,-1,5,7,6            ]
            ccw TRUE
            normalPerVertex TRUE
            normal Normal {
              vector [
-1 -0 0,1 0 0,0 -1 0,0 0 -1,0 -0.89155 0.45292,0 0.89155 0.45292,0 0.51659 -0.85623,0 -0.51659 -0.85623              ]
            }
            normalIndex [
0,0,0,-1,0,0,0,-1,0,0,0,-1,0,0,0,-1,1,1,1,-1,1,1,1,-1,1,1,1,-1,1,1,1,-1,2,2,2,-1,2,2,2,-1,3,3,3,-1,3,3,3,-1,4,4,4,-1,4,4,4,-1,5,5,5,-1,5,5,5,-1,6,6,6,-1,6,6,6,-1,7,7,7,-1,7,7,7            ]
          }
        }
        Shape {
          appearance USE M0
          geometry IndexedFaceSet {
            coord Coordinate {
              point [
34490.62629211 4243.69296638 14055.10789827,34612.37312066 4075.85677193 14055.10788908,34611.68971261 4075.85677207 14055.10788913,34203.86536619 4248.17764022 14055.10791992,34618.60344102 4423.41987983 14055.10788861,34618.60344038 4420.11817305 14055.10788861,34490.62629517 4243.69296638 14095.60888628,34618.60344343 4420.11817305 14095.60887662,34618.60344408 4423.41987983 14095.60887662,34203.86536924 4248.17764022 14095.60890793,34611.68971566 4075.85677207 14095.60887714,34612.37312372 4075.85677193 14095.60887709              ]
            }
            coordIndex [
0,1,2,-1,3,4,5,-1,0,2,3,-1,3,5,0,-1,6,7,8,-1,9,10,11,-1,6,8,9,-1,9,11,6,-1,2,1,11,-1,11,10,2,-1,8,7,5,-1,5,4,8,-1,10,9,3,-1,3,2,10,-1,3,9,8,-1,8,4,3,-1,6,11,1,-1,1,0,6,-1,6,0,5,-1,5,7,6            ]
            ccw TRUE
            normalPerVertex TRUE
            normal Normal {
              vector [
-1 -0 0,1 0 0,0 -1 0,0 0 -1,0 -0.89155 0.45292,0 0.89155 0.45292,0 0.51659 -0.85623,0 -0.51659 -0.85623              ]
            }
            normalIndex [
0,0,0,-1,0,0,0,-1,0,0,0,-1,0,0,0,-1,1,1,1,-1,1,1,1,-1,1,1,1,-1,1,1,1,-1,2,2,2,-1,2,2,2,-1,3,3,3,-1,3,3,3,-1,4,4,4,-1,4,4,4,-1,5,5,5,-1,5,5,5,-1,6,6,6,-1,6,6,6,-1,7,7,7,-1,7,7,7            ]
          }
        }
        Shape {
          appearance USE M0
          geometry IndexedFaceSet {
            coord Coordinate {
              point [
190.62653625 3875.43222419 12807.49949984,312.3733648 3707.59602975 12807.49949065,311.68995675 3707.59602988 12807.4994907,-96.13438967 3879.91689803 12807.49952149,318.60368516 4055.15913764 12807.49949018,318.60368452 4051.85743086 12807.49949018,190.62653931 3875.43222419 12848.00048784,318.60368758 4051.85743086 12848.00047818,318.60368822 4055.15913764 12848.00047818,-96.13438662 3879.91689803 12848.00050949,311.6899598 3707.59602988 12848.0004787,312.37336786 3707.59602975 12848.00047865              ]
            }
            coordIndex [
0,1,2,-1,3,4,5,-1,0,2,3,-1,3,5,0,-1,6,7,8,-1,9,10,11,-1,6,8,9,-1,9,11,6,-1,2,1,11,-1,11,10,2,-1,8,7,5,-1,5,4,8,-1,10,9,3,-1,3,2,10,-1,3,9,8,-1,8,4,3,-1,6,11,1,-1,1,0,6,-1,6,0,5,-1,5,7,6            ]
            ccw TRUE
            normalPerVertex TRUE
            normal Normal {
              vector [
-1 -0 0,1 0 0,0 -1 0,0 0 -1,0 -0.89155 0.45292,0 0.89155 0.45292,0 0.51659 -0.85623,0 -0.51659 -0.85623              ]
            }
            normalIndex [
0,0,0,-1,0,0,0,-1,0,0,0,-1,0,0,0,-1,1,1,1,-1,1,1,1,-1,1,1,1,-1,1,1,1,-1,2,2,2,-1,2,2,2,-1,3,3,3,-1,3,3,3,-1,4,4,4,-1,4,4,4,-1,5,5,5,-1,5,5,5,-1,6,6,6,-1,6,6,6,-1,7,7,7,-1,7,7,7            ]
          }
        }
        Shape {
          appearance USE M0
          geometry IndexedFaceSet {
            coord Coordinate {
              point [
16090.62629211 4243.69296638 13057.02196077,16212.37312066 4075.85677193 13057.02195158,16211.68971261 4075.85677207 13057.02195163,15803.86536619 4248.17764022 13057.02198242,16218.60344102 4423.41987983 13057.02195111,16218.60344038 4420.11817305 13057.02195111,16090.62629517 4243.69296638 13097.52294878,16218.60344343 4420.11817305 13097.52293912,16218.60344408 4423.41987983 13097.52293912,15803.86536924 4248.17764022 13097.52297043,16211.68971566 4075.85677207 13097.52293964,16212.37312372 4075.85677193 13097.52293959              ]
            }
            coordIndex [
0,1,2,-1,3,4,5,-1,0,2,3,-1,3,5,0,-1,6,7,8,-1,9,10,11,-1,6,8,9,-1,9,11,6,-1,2,1,11,-1,11,10,2,-1,8,7,5,-1,5,4,8,-1,10,9,3,-1,3,2,10,-1,3,9,8,-1,8,4,3,-1,6,11,1,-1,1,0,6,-1,6,0,5,-1,5,7,6            ]
            ccw TRUE
            normalPerVertex TRUE
            normal Normal {
              vector [
-1 -0 0,1 0 0,0 -1 0,0 0 -1,0 -0.89155 0.45292,0 0.89155 0.45292,0 0.51659 -0.85623,0 -0.51659 -0.85623              ]
            }
            normalIndex [
0,0,0,-1,0,0,0,-1,0,0,0,-1,0,0,0,-1,1,1,1,-1,1,1,1,-1,1,1,1,-1,1,1,1,-1,2,2,2,-1,2,2,2,-1,3,3,3,-1,3,3,3,-1,4,4,4,-1,4,4,4,-1,5,5,5,-1,5,5,5,-1,6,6,6,-1,6,6,6,-1,7,7,7,-1,7,7,7            ]
          }
        }
        Shape {
          appearance DEF M5 Appearance {
            material Material {
              diffuseColor 0.78354 0.78354 0.78354
              emissiveColor 0 0 0
              shininess 0
            }
          }
          geometry IndexedFaceSet {
            coord Coordinate {
              point [
16886.19995117 3978.9818143 11911.59908319,16886.19995117 3979.0020322 11911.59908318,16887.39929199 3979.74208345 11911.49913799,16886.19995117 3979.80197422 11911.59908305,16888.49945068 3980.46191683 11911.49913788,16886.19995117 3980.59199802 11911.59908292,16889.1998291 3981.12185944 11911.3991927,16886.19995117 3981.32213108 11911.59908281,16889.50042725 3981.7119931 11911.39919261,16892.79937744 3981.4720486 11911.09935744,16889.1998291 3982.19188202 11911.39919253,16886.19995117 3982.48179904 11911.59908262,16886.19995117 3981.96185581 11911.5990827,16886.19995117 3982.87204257 11911.59908255,16888.49945068 3982.56190767 11911.49913754,16892.1005249 3981.92180142 11911.19930243,16890.49987793 3982.29182707 11911.29924744,16894.70062256 3981.71199304 11910.99941233,16895.89996338 3981.27177696 11910.89946734,16894.70062256 3980.78196985 11910.99941248,16899.20043945 3981.11194109 11910.59963216,16892.1005249 3980.94180569 11911.19930259,16894.70062256 3980.84186059 11910.99941247,16895.89996338 3980.7117794 11910.89946743,16894.70062256 3980.44208032 11910.99941254,16894.70062256 3981.30191308 11910.9994124,16895.89996338 3981.08180503 11910.89946737,16894.70062256 3981.6620205 11910.99941234,16895.89996338 3981.42207603 11910.89946731,16895.89996338 3981.61204795 11910.89946728,16892.1005249 3981.96185574 11911.19930243,16890.49987793 3982.00191008 11911.29924749,16892.1005249 3981.79210171 11911.19930246,16888.40026855 3982.06180086 11911.49913762,16889.1998291 3981.91188324 11911.39919257,16892.70019531 3981.61204799 11911.09935742,16889.50042725 3981.78180206 11911.39919259,16889.1998291 3981.66202057 11911.39919261,16892.1005249 3981.49188504 11911.1993025,16888.40026855 3981.57199373 11911.4991377,16890.49987793 3981.41177641 11911.29924759,16887.39929199 3981.48196687 11911.49913771,16888.40026855 3981.3518857 11911.49913773,16892.1005249 3981.25194058 11911.19930254,16889.1998291 3981.2218045 11911.39919269,16892.70019531 3981.07188685 11911.0993575,16889.50042725 3981.08180512 11911.39919271,16889.1998291 3980.94180573 11911.39919273,16892.1005249 3980.89183316 11911.1993026,16888.40026855 3980.80180635 11911.49913782,16890.49987793 3980.71177946 11911.2992477,16887.39929199 3980.65188875 11911.49913785,16888.40026855 3980.53210726 11911.49913787,16892.1005249 3980.60191617 11911.19930265,16889.1998291 3980.39210785 11911.39919282,16892.79937744 3980.46191676 11911.0993576,16889.50042725 3980.25210846 11911.39919284,16889.1998291 3980.10180939 11911.39919287,16892.1005249 3980.26202664 11911.19930271,16888.49945068 3979.9518918 11911.49913796,16890.49987793 3980.0220822 11911.29924781,16887.39929199 3979.81189241 11911.49913798,16888.49945068 3979.76191988 11911.49913799,16892.1005249 3980.09189114 11911.19930273,16889.1998291 3979.73178375 11911.39919293,16892.70019531 3980.17199977 11911.09935765,16895.89996338 3980.62175254 11910.89946744,16892.1005249 3980.25210843 11911.19930271,16889.1998291 3979.70202911 11911.39919293,16888.49945068 3979.71194734 11911.499138,16890.49987793 3980.35205351 11911.29924776,16886.19995117 3979.05200473 11911.59908318,16886.19995117 3979.13211338 11911.59908316,16889.50042725 3979.70202911 11911.39919293,16886.19995117 3979.23205844 11911.59908315,16886.19995117 3979.36175815 11911.59908313,16886.19995117 3979.50175754 11911.5990831,16886.19995117 3979.66197483 11911.59908308,16886.19995117 3979.83211032 11911.59908305,16886.19995117 3979.84202854 11911.59908305,16886.19995117 3979.89200107 11911.59908304,16886.19995117 3979.97210971 11911.59908303,16886.19995117 3980.07205478 11911.59908301,16886.19995117 3980.20175449 11911.59908299,16886.19995117 3980.34175388 11911.59908297,16886.19995117 3980.50197116 11911.59908294,16886.19995117 3980.67210666 11911.59908291,16886.19995117 3980.77205173 11911.5990829,16886.19995117 3980.88191501 11911.59908288,16886.19995117 3980.98186008 11911.59908286,16886.19995117 3981.09210483 11911.59908284,16886.19995117 3981.1920499 11911.59908283,16886.19995117 3981.30191318 11911.59908281,16886.19995117 3981.40185825 11911.59908279,16886.19995117 3981.512103 11911.59908277,16886.19995117 3981.61204807 11911.59908276,16886.19995117 3981.72191135 11911.59908274,16886.19995117 3981.82185642 11911.59908272,16886.19995117 3981.93210117 11911.59908271,16886.19995117 3982.04196445 11911.59908269,16886.19995117 3982.14190952 11911.59908267,16886.19995117 3982.2517728 11911.59908265,16887.39929199 3982.22201814 11911.49913759,16886.19995117 3982.35209934 11911.59908264,16886.19995117 3982.37193576 11911.59908263,16888.49945068 3982.20180025 11911.49913759,16886.19995117 3982.4219083 11911.59908263,16889.1998291 3982.23193634 11911.39919252,16886.19995117 3982.49209873 11911.59908262,16889.50042725 3982.30212677 11911.39919251,16892.70019531 3981.98207362 11911.09935736,16889.1998291 3982.42190826 11911.39919249,16892.1005249 3982.09193692 11911.19930241,16888.49945068 3982.60196199 11911.49913753,16886.19995117 3982.73204318 11911.59908258,16886.19995117 3982.60196201 11911.5990826,16887.39929199 3982.83198824 11911.49913749,16886.19995117 3983.03187839 11911.59908253,16886.19995117 3983.19209568 11911.5990825,16886.19995117 3983.11198703 11911.59908251              ]
            }
            coordIndex [
0,1,2,-1,0,2,3,-1,3,2,4,-1,3,4,5,-1,5,4,6,-1,5,6,7,-1,7,6,8,-1,6,9,8,-1,10,8,9,-1,11,12,8,-1,13,10,14,-1,14,10,15,-1,10,9,15,-1,14,15,16,-1,16,15,17,-1,15,9,18,-1,15,18,17,-1,19,20,18,-1,21,19,18,-1,21,18,9,-1,17,18,20,-1,22,20,23,-1,24,23,20,-1,25,20,26,-1,22,26,20,-1,27,20,28,-1,25,28,20,-1,17,20,29,-1,27,29,20,-1,30,29,27,-1,31,30,27,-1,31,27,32,-1,32,27,28,-1,33,31,32,-1,33,32,34,-1,34,32,35,-1,32,28,35,-1,34,35,36,-1,37,36,35,-1,37,35,38,-1,38,35,28,-1,39,37,38,-1,39,38,40,-1,40,38,25,-1,38,28,25,-1,41,39,40,-1,41,40,42,-1,42,40,43,-1,40,25,43,-1,42,43,44,-1,44,43,45,-1,43,25,26,-1,43,26,45,-1,44,45,46,-1,47,46,45,-1,47,45,48,-1,48,45,26,-1,49,47,48,-1,49,48,50,-1,50,48,22,-1,48,26,22,-1,51,49,50,-1,51,50,52,-1,52,50,53,-1,50,22,53,-1,52,53,54,-1,54,53,55,-1,53,22,23,-1,53,23,55,-1,54,55,56,-1,57,56,55,-1,57,55,58,-1,58,55,23,-1,59,58,60,-1,60,58,24,-1,58,23,24,-1,61,59,60,-1,61,60,62,-1,62,60,63,-1,60,24,63,-1,62,63,64,-1,64,63,65,-1,63,24,66,-1,63,66,65,-1,67,65,66,-1,67,66,19,-1,68,65,67,-1,69,68,67,-1,69,67,70,-1,70,67,19,-1,2,69,70,-1,2,70,4,-1,4,70,21,-1,70,19,21,-1,71,68,69,-1,1,71,69,-1,1,69,2,-1,71,72,68,-1,72,73,68,-1,72,74,73,-1,75,73,74,-1,68,73,65,-1,64,65,73,-1,75,64,73,-1,76,64,75,-1,76,62,64,-1,77,62,76,-1,77,61,62,-1,78,61,77,-1,78,79,61,-1,79,59,61,-1,79,80,59,-1,80,81,57,-1,81,56,57,-1,81,82,56,-1,83,56,82,-1,83,54,56,-1,84,54,83,-1,84,52,54,-1,85,52,84,-1,85,51,52,-1,86,51,85,-1,86,87,51,-1,87,49,51,-1,87,88,49,-1,88,47,49,-1,88,89,47,-1,89,46,47,-1,89,90,46,-1,91,46,90,-1,91,44,46,-1,92,44,91,-1,92,42,44,-1,93,42,92,-1,93,41,42,-1,94,41,93,-1,94,95,41,-1,95,39,41,-1,95,96,39,-1,96,37,39,-1,96,97,37,-1,97,36,37,-1,97,98,36,-1,99,36,98,-1,99,34,36,-1,100,34,99,-1,100,33,34,-1,101,33,100,-1,101,102,33,-1,103,102,101,-1,103,104,102,-1,104,105,102,-1,104,106,105,-1,106,107,105,-1,102,105,31,-1,105,107,30,-1,105,30,31,-1,108,109,107,-1,106,108,107,-1,107,109,110,-1,107,110,30,-1,111,110,109,-1,30,110,29,-1,112,29,110,-1,111,112,110,-1,113,112,111,-1,13,113,111,-1,13,111,114,-1,114,111,109,-1,114,109,115,-1,108,115,109,-1,116,16,113,-1,117,116,113,-1,117,113,13,-1,113,16,112,-1,118,116,117,-1,118,119,116,-1,119,14,116,-1,119,13,14,-1,116,14,16,-1,16,17,112,-1,112,17,29,-1,102,31,33,-1,4,21,6,-1,6,21,9            ]
            ccw TRUE
            normalPerVertex TRUE
            normal Normal {
              vector [
-0.08098 0.99672 0,0.08311 -0.99654 0,0.07686 -0.99044 -0.11457,0.04339 -0.99906 0,0.0488 -0.99391 0.0988,0.06654 -0.99778 0,0.06429 -0.99738 -0.03316,0.08717 -0.9953 -0.04227,0.09434 -0.99394 0.05637,0.06035 -0.99818 0,0.0089 -0.96956 -0.24467,0.05248 -0.98581 -0.15943,0.05599 -0.99016 -0.12828,0.05583 -0.98981 -0.13102,0.05552 -0.98909 -0.13645,0.14112 -0.92828 0.34407,0.08375 -0.99087 0.10569,0.05536 -0.98872 -0.13916,0.07478 -0.99707 -0.01595,0.08969 -0.99588 -0.01313,0.07763 -0.99693 0.00974,0.07081 -0.99291 0.09544,0.06986 -0.99272 0.09811,0.07317 -0.99336 0.08884,0.09187 -0.99559 0.01882,-0.08675 0.99589 -0.02614,-0.09827 0.99349 0.05759,-0.08981 0.99547 -0.0311,-0.091 0.99536 0.03138,-0.09642 0.99375 -0.0563,-0.08716 0.99571 0.03092,0.07253 -0.99348 -0.08792,-0.08032 0.99527 0.05469,-0.08566 0.9944 -0.06183,-0.05773 0.98292 0.17474,-0.08341 0.97753 -0.1936,-0.0745 0.99676 0.03044,-0.09887 0.95209 -0.28941,-0.05036 0.93783 0.34343,-0.05024 0.9382 0.34242,-0.05007 0.93873 0.34101,-0.04993 0.93913 0.33992,-0.03359 0.91349 0.40547,-0.10401 0.96814 -0.2278,-0.08015 0.97789 0.19316,-0.08575 0.93676 -0.33929,-0.07912 0.92187 -0.37933,-0.08355 0.95119 -0.29707,-0.07304 0.96823 0.23917,-0.06766 0.98933 0.12899,-0.07956 0.99648 -0.02638,-0.04474 0.86664 0.49692,-0.06693 0.85516 -0.51402,-0.08508 0.96818 -0.23536,-0.0731 0.9884 -0.13313,-0.06904 0.95313 0.29458,-0.06902 0.95367 0.29284,-0.06899 0.95446 0.29025,-0.06897 0.95499 0.2885,-0.07727 0.99676 0.02255,-0.06003 0.94146 0.33174,-0.09205 0.97771 -0.1887,-0.0908 0.97832 0.18613,-0.07107 0.95656 -0.28274,-0.05744 0.93947 -0.33779,-0.07098 0.96101 -0.26723,-0.08429 0.97688 0.19649,-0.07394 0.98996 0.12045,-0.07741 0.99678 -0.02087,-0.06618 0.8943 0.44254,-0.05068 0.90591 -0.42042,-0.07525 0.9773 -0.19805,-0.06817 0.99277 -0.09884,-0.08269 0.97411 0.2104,-0.08515 0.96416 0.25129,-0.07941 0.99658 0.02279,-0.08343 0.9571 0.27748,-0.07873 0.98384 -0.16081,-0.10168 0.97586 0.19329,-0.04905 0.95426 -0.29493,-0.03141 0.92921 -0.3682,-0.10557 0.94937 0.29591,-0.08778 0.97693 0.19469,-0.07333 0.99687 -0.02939,-0.09223 0.66866 0.73783,-0.02235 0.86472 -0.50175,-0.04047 0.92355 -0.38134,-0.05434 0.98348 -0.17265,-0.11286 0.91575 0.38558,-0.12121 -0.09913 0.98767,0.02367 -0.95853 0.28401,-0.14144 0.06318 0.98793,0.10811 -0.92591 -0.36195,0.08047 -0.99667 -0.01355,0.12049 -0.95333 -0.27685,0.12902 -0.93867 -0.31977,0.12966 -0.94055 -0.31394,0.12864 -0.93752 -0.32328,0.06812 -0.99335 0.09276,0.06533 -0.99606 0.05998,0.00768 -0.95943 0.28183,0.09074 -0.98578 -0.14142,0.09428 -0.99202 -0.08376,0.07466 -0.99652 -0.03717,0.13003 -0.94165 -0.31046,-0.04269 0.99909 0,0.00347 -0.99216 0.12494,-0.06607 0.99782 0,0 -0.94335 0.3318,-0.06036 0.99818 0,-0.06034 0.99818 0,-0.06033 0.99818 0,-0.06031 0.99818 0,0 -0.85558 0.51766,-0.03542 0.93975 -0.34001,-0.02842 0.95664 -0.28987,-0.06697 0.99776 0,-0.09642 0.83986 0.53416,-0.04345 0.99906 0,-0.02003 0.90235 -0.43054,-0.07929 0.99685 0,-0.07751 0.99699 -0,-0.08341 0.99652 0,-0.07526 0.99716 0,-0.06179 0.88009 0.47077,-0.04335 0.99906 0,-0.06615 0.99781 0,-0.07221 0.98667 0.14586,-0.06037 0.99818 0,-0.06038 0.99818 0,-0.06039 0.99817 0,-0.05787 0.99031 -0.12626,-0.06687 0.99776 0,-0.0683 0.95274 0.296,-0.04543 0.99897 0,-0.03841 0.94575 -0.32261,-0.08291 0.99656 0,-0.08305 0.99655 0,-0.08243 0.9966 0,-0.04732 0.94743 0.31644,-0.04558 0.99896 0,-0.05474 0.93185 -0.35869,-0.06695 0.99776 0,-0.06372 0.98824 0.13903,-0.06089 0.99814 0,-0.06041 0.99817 0,-0.06043 0.99817 0,-0.05992 0.9982 0,-0.06459 0.98802 -0.14016,-0.06682 0.99777 0,-0.05033 0.91471 0.40097,-0.04568 0.99896 0,-0.05044 0.91959 -0.38964,-0.08307 0.99654 0,-0.08304 0.99655 0,-0.08267 0.99658 0,-0.08345 0.99651 0,-0.03484 0.92142 0.387,-0.04532 0.99897 0,-0.06885 0.90981 -0.40928,-0.06596 0.99782 0,-0.0585 0.98735 0.14734,-0.06004 0.9982 0,-0.0604 0.99817 0,-0.06039 0.99817 0,-0.06074 0.99815 0,-0.0727 0.98268 -0.17046,-0.02245 0.88038 0.47374,-0.08377 0.84781 -0.52365,-0.08206 0.99663 0,-0.08144 0.99668 -0,-0.0833 0.99652 0,0.01135 0.79584 0.6054,-0.04271 0.99909 0,-0.091 0.80902 -0.5807,0.01403 0.62362 0.7816,-0.10518 0.88329 -0.45687,-0.04511 0.90155 0.43032,-0.04732 0.97754 0.20537,-0.06643 0.99779 0,-0.06295 0.96432 0.25715,-0.11267 0.7989 -0.59082,-0.11888 0.95103 -0.28531,-0.11605 0.80732 -0.57858,0.06127 0.53428 0.84308,0.05417 0.59442 0.80233,-0.00919 0.89731 0.4413,0.03295 0.8146 0.57908,-0.06661 0.99778 0,-0.08773 0.97102 -0.22232,-0.06042 0.99817 0,-0.06042 0.99817 0,-0.06054 0.99817 0,-0.17809 0.4657 -0.86684,-0.18768 0.44702 -0.87461,-0.04331 0.99906 0,-0.0593 -0.64834 -0.75904,-0.08292 0.99656 0,0.08228 -0.99661 0,0.24225 -0.13347 0.96099,0.04333 -0.99906 0,0.16057 -0.72744 0.66712,-0.01751 -0.79728 -0.60335,0.09159 -0.99314 0.07267,-0.09341 0.8064 -0.58395,0.0731 -0.99488 0.06976,0.07411 -0.99352 0.08618              ]
            }
            normalIndex [
0,0,0,-1,1,1,1,-1,2,2,2,-1,3,3,3,-1,4,4,4,-1,5,5,5,-1,6,6,6,-1,7,7,7,-1,8,8,8,-1,9,9,9,-1,10,10,10,-1,11,11,11,-1,12,13,14,-1,15,15,15,-1,16,16,16,-1,14,13,17,-1,18,18,18,-1,19,19,19,-1,20,20,20,-1,21,22,23,-1,24,24,24,-1,25,25,25,-1,26,26,26,-1,27,27,27,-1,28,28,28,-1,29,29,29,-1,30,30,30,-1,31,31,31,-1,32,32,32,-1,33,33,33,-1,34,34,34,-1,35,35,35,-1,36,36,36,-1,37,37,37,-1,38,39,40,-1,40,39,41,-1,42,42,42,-1,43,43,43,-1,44,44,44,-1,45,45,45,-1,46,46,46,-1,47,47,47,-1,48,48,48,-1,49,49,49,-1,50,50,50,-1,51,51,51,-1,52,52,52,-1,53,53,53,-1,54,54,54,-1,55,56,57,-1,57,56,58,-1,59,59,59,-1,60,60,60,-1,61,61,61,-1,62,62,62,-1,63,63,63,-1,64,64,64,-1,65,65,65,-1,66,66,66,-1,67,67,67,-1,68,68,68,-1,69,69,69,-1,70,70,70,-1,71,71,71,-1,72,72,72,-1,73,73,73,-1,74,74,74,-1,75,75,75,-1,76,76,76,-1,77,77,77,-1,78,78,78,-1,79,79,79,-1,80,80,80,-1,81,81,81,-1,82,82,82,-1,83,83,83,-1,84,84,84,-1,85,85,85,-1,86,86,86,-1,87,87,87,-1,88,88,88,-1,89,89,89,-1,90,90,90,-1,91,91,91,-1,92,92,92,-1,93,93,93,-1,94,94,94,-1,95,96,97,-1,98,98,98,-1,99,99,99,-1,100,100,100,-1,101,101,101,-1,102,102,102,-1,103,103,103,-1,104,96,95,-1,105,105,105,-1,106,106,106,-1,107,107,107,-1,108,108,108,-1,109,110,111,-1,112,111,110,-1,113,113,113,-1,114,114,114,-1,115,115,115,-1,116,116,116,-1,117,117,117,-1,118,118,118,-1,119,119,119,-1,120,121,122,-1,120,123,121,-1,124,124,124,-1,125,125,125,-1,126,126,126,-1,127,127,127,-1,109,128,129,-1,130,129,128,-1,131,131,131,-1,132,132,132,-1,133,133,133,-1,134,134,134,-1,135,135,135,-1,136,137,122,-1,136,138,137,-1,139,139,139,-1,140,140,140,-1,141,141,141,-1,142,142,142,-1,143,143,143,-1,144,145,146,-1,147,146,145,-1,148,148,148,-1,149,149,149,-1,150,150,150,-1,151,151,151,-1,152,152,152,-1,153,154,155,-1,153,156,154,-1,157,157,157,-1,158,158,158,-1,159,159,159,-1,160,160,160,-1,161,161,161,-1,162,163,164,-1,165,164,163,-1,166,166,166,-1,142,142,142,-1,167,167,167,-1,140,140,140,-1,168,168,168,-1,169,170,171,-1,169,0,170,-1,172,172,172,-1,173,173,173,-1,174,174,174,-1,175,175,175,-1,176,176,176,-1,177,177,177,-1,178,178,178,-1,179,179,179,-1,180,180,180,-1,181,181,181,-1,182,182,182,-1,183,183,183,-1,184,184,184,-1,185,185,185,-1,186,186,186,-1,187,187,187,-1,188,188,188,-1,189,189,189,-1,112,190,191,-1,192,191,190,-1,193,193,193,-1,194,194,194,-1,195,195,195,-1,196,196,196,-1,197,197,197,-1,198,198,198,-1,199,199,199,-1,200,200,200,-1,201,201,201,-1,202,202,202,-1,203,203,203,-1,204,204,204,-1,205,205,205,-1,206,21,23            ]
          }
        }
        Shape {
          appearance USE M0
          geometry IndexedFaceSet {
            coord Coordinate {
              point [
28190.62629211 3875.43222419 13057.02196077,28312.37312066 3707.59602975 13057.02195158,28311.68971261 3707.59602988 13057.02195163,27903.86536619 3879.91689803 13057.02198242,28318.60344102 4055.15913764 13057.02195111,28318.60344038 4051.85743086 13057.02195111,28190.62629517 3875.43222419 13097.52294878,28318.60344343 4051.85743086 13097.52293912,28318.60344408 4055.15913764 13097.52293912,27903.86536924 3879.91689803 13097.52297043,28311.68971566 3707.59602988 13097.52293964,28312.37312372 3707.59602975 13097.52293959              ]
            }
            coordIndex [
0,1,2,-1,3,4,5,-1,0,2,3,-1,3,5,0,-1,6,7,8,-1,9,10,11,-1,6,8,9,-1,9,11,6,-1,2,1,11,-1,11,10,2,-1,8,7,5,-1,5,4,8,-1,10,9,3,-1,3,2,10,-1,3,9,8,-1,8,4,3,-1,6,11,1,-1,1,0,6,-1,6,0,5,-1,5,7,6            ]
            ccw TRUE
            normalPerVertex TRUE
            normal Normal {
              vector [
-1 -0 0,1 0 0,0 -1 0,0 0 -1,0 -0.89155 0.45292,0 0.89155 0.45292,0 0.51659 -0.85623,0 -0.51659 -0.85623              ]
            }
            normalIndex [
0,0,0,-1,0,0,0,-1,0,0,0,-1,0,0,0,-1,1,1,1,-1,1,1,1,-1,1,1,1,-1,1,1,1,-1,2,2,2,-1,2,2,2,-1,3,3,3,-1,3,3,3,-1,4,4,4,-1,4,4,4,-1,5,5,5,-1,5,5,5,-1,6,6,6,-1,6,6,6,-1,7,7,7,-1,7,7,7            ]
          }
        }
        Shape {
          appearance USE M0
          geometry IndexedFaceSet {
            coord Coordinate {
              point [
6590.62580383 3043.69296638 14304.63035921,6712.37263238 2875.85677193 14304.63035002,6711.68922432 2875.85677207 14304.63035007,6303.86487791 3048.17764022 14304.63038086,6718.60295274 3223.41987983 14304.63034955,6718.6029521 3220.11817305 14304.63034955,6590.62580689 3043.69296638 14345.13134722,6718.60295515 3220.11817305 14345.13133756,6718.6029558 3223.41987983 14345.13133756,6303.86488096 3048.17764022 14345.13136887,6711.68922738 2875.85677207 14345.13133808,6712.37263543 2875.85677193 14345.13133803              ]
            }
            coordIndex [
0,1,2,-1,3,4,5,-1,0,2,3,-1,3,5,0,-1,6,7,8,-1,9,10,11,-1,6,8,9,-1,9,11,6,-1,2,1,11,-1,11,10,2,-1,8,7,5,-1,5,4,8,-1,10,9,3,-1,3,2,10,-1,3,9,8,-1,8,4,3,-1,6,11,1,-1,1,0,6,-1,6,0,5,-1,5,7,6            ]
            ccw TRUE
            normalPerVertex TRUE
            normal Normal {
              vector [
-1 -0 0,1 0 0,0 -1 0,0 0 -1,0 -0.89155 0.45292,0 0.89155 0.45292,0 0.51659 -0.85623,0 -0.51659 -0.85623              ]
            }
            normalIndex [
0,0,0,-1,0,0,0,-1,0,0,0,-1,0,0,0,-1,1,1,1,-1,1,1,1,-1,1,1,1,-1,1,1,1,-1,2,2,2,-1,2,2,2,-1,3,3,3,-1,3,3,3,-1,4,4,4,-1,4,4,4,-1,5,5,5,-1,5,5,5,-1,6,6,6,-1,6,6,6,-1,7,7,7,-1,7,7,7            ]
          }
        }
        Shape {
          appearance USE M0
          geometry IndexedFaceSet {
            coord Coordinate {
              point [
19290.62629211 4243.69296638 13805.58543734,19412.37312066 4075.85677193 13805.58542815,19411.68971261 4075.85677207 13805.5854282,19003.86536619 4248.17764022 13805.58545899,19418.60344102 4423.41987983 13805.58542768,19418.60344038 4420.11817305 13805.58542768,19290.62629517 4243.69296638 13846.08642534,19418.60344343 4420.11817305 13846.08641568,19418.60344408 4423.41987983 13846.08641568,19003.86536924 4248.17764022 13846.08644699,19411.68971566 4075.85677207 13846.0864162,19412.37312372 4075.85677193 13846.08641615              ]
            }
            coordIndex [
0,1,2,-1,3,4,5,-1,0,2,3,-1,3,5,0,-1,6,7,8,-1,9,10,11,-1,6,8,9,-1,9,11,6,-1,2,1,11,-1,11,10,2,-1,8,7,5,-1,5,4,8,-1,10,9,3,-1,3,2,10,-1,3,9,8,-1,8,4,3,-1,6,11,1,-1,1,0,6,-1,6,0,5,-1,5,7,6            ]
            ccw TRUE
            normalPerVertex TRUE
            normal Normal {
              vector [
-1 -0 0,1 0 0,0 -1 0,0 0 -1,0 -0.89155 0.45292,0 0.89155 0.45292,0 0.51659 -0.85623,0 -0.51659 -0.85623              ]
            }
            normalIndex [
0,0,0,-1,0,0,0,-1,0,0,0,-1,0,0,0,-1,1,1,1,-1,1,1,1,-1,1,1,1,-1,1,1,1,-1,2,2,2,-1,2,2,2,-1,3,3,3,-1,3,3,3,-1,4,4,4,-1,4,4,4,-1,5,5,5,-1,5,5,5,-1,6,6,6,-1,6,6,6,-1,7,7,7,-1,7,7,7            ]
          }
        }
        Shape {
          appearance USE M0
          geometry IndexedFaceSet {
            coord Coordinate {
              point [
37690.62629211 3875.43222419 13306.54246859,37812.37312066 3707.59602975 13306.5424594,37811.68971261 3707.59602988 13306.54245945,37403.86536619 3879.91689803 13306.54249024,37818.60344102 4055.15913764 13306.54245893,37818.60344038 4051.85743086 13306.54245893,37690.62629517 3875.43222419 13347.04345659,37818.60344343 4051.85743086 13347.04344693,37818.60344408 4055.15913764 13347.04344693,37403.86536924 3879.91689803 13347.04347824,37811.68971566 3707.59602988 13347.04344745,37812.37312372 3707.59602975 13347.0434474              ]
            }
            coordIndex [
0,1,2,-1,3,4,5,-1,0,2,3,-1,3,5,0,-1,6,7,8,-1,9,10,11,-1,6,8,9,-1,9,11,6,-1,2,1,11,-1,11,10,2,-1,8,7,5,-1,5,4,8,-1,10,9,3,-1,3,2,10,-1,3,9,8,-1,8,4,3,-1,6,11,1,-1,1,0,6,-1,6,0,5,-1,5,7,6            ]
            ccw TRUE
            normalPerVertex TRUE
            normal Normal {
              vector [
-1 -0 0,1 0 0,0 -1 0,0 0 -1,0 -0.89155 0.45292,0 0.89155 0.45292,0 0.51659 -0.85623,0 -0.51659 -0.85623              ]
            }
            normalIndex [
0,0,0,-1,0,0,0,-1,0,0,0,-1,0,0,0,-1,1,1,1,-1,1,1,1,-1,1,1,1,-1,1,1,1,-1,2,2,2,-1,2,2,2,-1,3,3,3,-1,3,3,3,-1,4,4,4,-1,4,4,4,-1,5,5,5,-1,5,5,5,-1,6,6,6,-1,6,6,6,-1,7,7,7,-1,7,7,7            ]
          }
        }
        Shape {
          appearance USE M0
          geometry IndexedFaceSet {
            coord Coordinate {
              point [
16090.62629211 4707.17099373 13556.06492952,16212.37312066 4539.33479928 13556.06492033,16211.68971261 4539.33479941 13556.06492038,15803.86536619 4711.65566756 13556.06495117,16218.60344102 4886.89790717 13556.06491986,16218.60344038 4883.59620039 13556.06491986,16090.62629517 4707.17099373 13596.56591753,16218.60344343 4883.59620039 13596.56590787,16218.60344408 4886.89790717 13596.56590787,15803.86536924 4711.65566756 13596.56593918,16211.68971566 4539.33479941 13596.56590839,16212.37312372 4539.33479928 13596.56590834              ]
            }
            coordIndex [
0,1,2,-1,3,4,5,-1,0,2,3,-1,3,5,0,-1,6,7,8,-1,9,10,11,-1,6,8,9,-1,9,11,6,-1,2,1,11,-1,11,10,2,-1,8,7,5,-1,5,4,8,-1,10,9,3,-1,3,2,10,-1,3,9,8,-1,8,4,3,-1,6,11,1,-1,1,0,6,-1,6,0,5,-1,5,7,6            ]
            ccw TRUE
            normalPerVertex TRUE
            normal Normal {
              vector [
-1 -0 0,1 0 0,0 -1 0,0 0 -1,0 -0.89155 0.45292,0 0.89155 0.45292,0 0.51659 -0.85623,0 -0.51659 -0.85623              ]
            }
            normalIndex [
0,0,0,-1,0,0,0,-1,0,0,0,-1,0,0,0,-1,1,1,1,-1,1,1,1,-1,1,1,1,-1,1,1,1,-1,2,2,2,-1,2,2,2,-1,3,3,3,-1,3,3,3,-1,4,4,4,-1,4,4,4,-1,5,5,5,-1,5,5,5,-1,6,6,6,-1,6,6,6,-1,7,7,7,-1,7,7,7            ]
          }
        }
        Shape {
          appearance USE M0
          geometry IndexedFaceSet {
            coord Coordinate {
              point [
37690.62629211 4243.69296638 12807.49949984,37812.37312066 4075.85677193 12807.49949065,37811.68971261 4075.85677207 12807.4994907,37403.86536619 4248.17764022 12807.49952149,37818.60344102 4423.41987983 12807.49949018,37818.60344038 4420.11817305 12807.49949018,37690.62629517 4243.69296638 12848.00048784,37818.60344343 4420.11817305 12848.00047818,37818.60344408 4423.41987983 12848.00047818,37403.86536924 4248.17764022 12848.00050949,37811.68971566 4075.85677207 12848.0004787,37812.37312372 4075.85677193 12848.00047865              ]
            }
            coordIndex [
0,1,2,-1,3,4,5,-1,0,2,3,-1,3,5,0,-1,6,7,8,-1,9,10,11,-1,6,8,9,-1,9,11,6,-1,2,1,11,-1,11,10,2,-1,8,7,5,-1,5,4,8,-1,10,9,3,-1,3,2,10,-1,3,9,8,-1,8,4,3,-1,6,11,1,-1,1,0,6,-1,6,0,5,-1,5,7,6            ]
            ccw TRUE
            normalPerVertex TRUE
            normal Normal {
              vector [
-1 -0 0,1 0 0,0 -1 0,0 0 -1,0 -0.89155 0.45292,0 0.89155 0.45292,0 0.51659 -0.85623,0 -0.51659 -0.85623              ]
            }
            normalIndex [
0,0,0,-1,0,0,0,-1,0,0,0,-1,0,0,0,-1,1,1,1,-1,1,1,1,-1,1,1,1,-1,1,1,1,-1,2,2,2,-1,2,2,2,-1,3,3,3,-1,3,3,3,-1,4,4,4,-1,4,4,4,-1,5,5,5,-1,5,5,5,-1,6,6,6,-1,6,6,6,-1,7,7,7,-1,7,7,7            ]
          }
        }
        Shape {
          appearance USE M0
          geometry IndexedFaceSet {
            coord Coordinate {
              point [
19290.62629211 3875.43222419 13805.58543734,19412.37312066 3707.59602975 13805.58542815,19411.68971261 3707.59602988 13805.5854282,19003.86536619 3879.91689803 13805.58545899,19418.60344102 4055.15913764 13805.58542768,19418.60344038 4051.85743086 13805.58542768,19290.62629517 3875.43222419 13846.08642534,19418.60344343 4051.85743086 13846.08641568,19418.60344408 4055.15913764 13846.08641568,19003.86536924 3879.91689803 13846.08644699,19411.68971566 3707.59602988 13846.0864162,19412.37312372 3707.59602975 13846.08641615              ]
            }
            coordIndex [
0,1,2,-1,3,4,5,-1,0,2,3,-1,3,5,0,-1,6,7,8,-1,9,10,11,-1,6,8,9,-1,9,11,6,-1,2,1,11,-1,11,10,2,-1,8,7,5,-1,5,4,8,-1,10,9,3,-1,3,2,10,-1,3,9,8,-1,8,4,3,-1,6,11,1,-1,1,0,6,-1,6,0,5,-1,5,7,6            ]
            ccw TRUE
            normalPerVertex TRUE
            normal Normal {
              vector [
-1 -0 0,1 0 0,0 -1 0,0 0 -1,0 -0.89155 0.45292,0 0.89155 0.45292,0 0.51659 -0.85623,0 -0.51659 -0.85623              ]
            }
            normalIndex [
0,0,0,-1,0,0,0,-1,0,0,0,-1,0,0,0,-1,1,1,1,-1,1,1,1,-1,1,1,1,-1,1,1,1,-1,2,2,2,-1,2,2,2,-1,3,3,3,-1,3,3,3,-1,4,4,4,-1,4,4,4,-1,5,5,5,-1,5,5,5,-1,6,6,6,-1,6,6,6,-1,7,7,7,-1,7,7,7            ]
          }
        }
        Shape {
          appearance USE M0
          geometry IndexedFaceSet {
            coord Coordinate {
              point [
28190.62629211 3875.43222419 14055.10789827,28312.37312066 3707.59602975 14055.10788908,28311.68971261 3707.59602988 14055.10788913,27903.86536619 3879.91689803 14055.10791992,28318.60344102 4055.15913764 14055.10788861,28318.60344038 4051.85743086 14055.10788861,28190.62629517 3875.43222419 14095.60888628,28318.60344343 4051.85743086 14095.60887662,28318.60344408 4055.15913764 14095.60887662,27903.86536924 3879.91689803 14095.60890793,28311.68971566 3707.59602988 14095.60887714,28312.37312372 3707.59602975 14095.60887709              ]
            }
            coordIndex [
0,1,2,-1,3,4,5,-1,0,2,3,-1,3,5,0,-1,6,7,8,-1,9,10,11,-1,6,8,9,-1,9,11,6,-1,2,1,11,-1,11,10,2,-1,8,7,5,-1,5,4,8,-1,10,9,3,-1,3,2,10,-1,3,9,8,-1,8,4,3,-1,6,11,1,-1,1,0,6,-1,6,0,5,-1,5,7,6            ]
            ccw TRUE
            normalPerVertex TRUE
            normal Normal {
              vector [
-1 -0 0,1 0 0,0 -1 0,0 0 -1,0 -0.89155 0.45292,0 0.89155 0.45292,0 0.51659 -0.85623,0 -0.51659 -0.85623              ]
            }
            normalIndex [
0,0,0,-1,0,0,0,-1,0,0,0,-1,0,0,0,-1,1,1,1,-1,1,1,1,-1,1,1,1,-1,1,1,1,-1,2,2,2,-1,2,2,2,-1,3,3,3,-1,3,3,3,-1,4,4,4,-1,4,4,4,-1,5,5,5,-1,5,5,5,-1,6,6,6,-1,6,6,6,-1,7,7,7,-1,7,7,7            ]
          }
        }
        Shape {
          appearance DEF M6 Appearance {
            material Material {
              diffuseColor 0.78354 0.78354 0.78354
              emissiveColor 0 0 0
              shininess 0
            }
          }
          geometry IndexedFaceSet {
            coord Coordinate {
              point [
16886.19995117 3956.92352546 12216.24538251,16886.19995117 3956.94034148 12216.24538251,16887.39929199 3957.55587104 12216.16225411,16886.19995117 3957.60568454 12216.24538232,16888.49945068 3958.15458462 12216.16225394,16886.19995117 3958.26277825 12216.24538213,16889.1998291 3958.7034847 12216.07912556,16886.19995117 3958.87005847 12216.24538196,16889.50042725 3959.19432196 12216.07912542,16892.79937744 3958.99475069 12215.82974081,16889.1998291 3959.59346434 12216.07912531,16886.19995117 3959.83459969 12216.24538169,16886.19995117 3959.40214256 12216.24538181,16886.19995117 3960.1591805 12216.2453816,16888.49945068 3959.90122916 12216.16225345,16892.1005249 3959.36882772 12215.91286893,16890.49987793 3959.67659254 12215.99599707,16894.70062256 3959.19432186 12215.74661253,16895.89996338 3958.82817692 12215.66348441,16894.70062256 3958.42078519 12215.74661275,16899.20043945 3958.69523514 12215.41409978,16892.1005249 3958.55372694 12215.91286916,16894.70062256 3958.47059867 12215.74661274,16895.89996338 3958.36240504 12215.66348454,16894.70062256 3958.13808577 12215.74661283,16894.70062256 3958.85324232 12215.74661263,16895.89996338 3958.67016983 12215.66348446,16894.70062256 3959.15275775 12215.74661254,16895.89996338 3958.95318653 12215.66348438,16895.89996338 3959.11119361 12215.66348433,16892.1005249 3959.40214247 12215.91286892,16890.49987793 3959.43545724 12215.99599713,16892.1005249 3959.2609514 12215.91286896,16888.40026855 3959.48527076 12216.16225357,16889.1998291 3959.3605784 12216.07912538,16892.70019531 3959.11119366 12215.82974078,16889.50042725 3959.2523848 12216.07912541,16889.1998291 3959.15275784 12216.07912544,16892.1005249 3959.01124945 12215.91286903,16888.40026855 3959.07787901 12216.16225368,16890.49987793 3958.94461998 12215.99599727,16887.39929199 3959.00300015 12216.1622537,16888.40026855 3958.89480655 12216.16225373,16892.1005249 3958.81167825 12215.91286909,16889.1998291 3958.78661292 12216.07912554,16892.70019531 3958.66192052 12215.82974091,16889.50042725 3958.67016995 12216.07912557,16889.1998291 3958.55372698 12216.07912561,16892.1005249 3958.51216282 12215.91286917,16888.40026855 3958.43728404 12216.16225386,16890.49987793 3958.36240513 12215.99599744,16887.39929199 3958.3125917 12216.1622539,16888.40026855 3958.21296475 12216.16225392,16892.1005249 3958.27102752 12215.91286924,16889.1998291 3958.09652176 12216.07912573,16892.79937744 3958.15458453 12215.82974105,16889.50042725 3957.98007879 12216.07912577,16889.1998291 3957.85506917 12216.0791258,16892.1005249 3957.9883281 12215.91286932,16888.49945068 3957.73037686 12216.16225406,16890.49987793 3957.78875694 12215.9959976,16887.39929199 3957.61393389 12216.16225409,16888.49945068 3957.57236978 12216.16225411,16892.1005249 3957.84681976 12215.91286936,16889.1998291 3957.54730437 12216.07912589,16892.70019531 3957.91344922 12215.82974112,16895.89996338 3958.28752618 12215.66348456,16892.1005249 3957.98007874 12215.91286932,16889.1998291 3957.52255627 12216.0791259,16888.49945068 3957.53080566 12216.16225412,16890.49987793 3958.06320699 12215.99599752,16886.19995117 3956.98190559 12216.2453825,16886.19995117 3957.04853508 12216.24538248,16889.50042725 3957.52255627 12216.0791259,16886.19995117 3957.1316633 12216.24538245,16886.19995117 3957.23953962 12216.24538242,16886.19995117 3957.35598259 12216.24538239,16886.19995117 3957.48924158 12216.24538235,16886.19995117 3957.63074993 12216.24538231,16886.19995117 3957.63899929 12216.24538231,16886.19995117 3957.6805634 12216.2453823,16886.19995117 3957.74719289 12216.24538228,16886.19995117 3957.83032112 12216.24538226,16886.19995117 3957.93819744 12216.24538223,16886.19995117 3958.05464041 12216.24538219,16886.19995117 3958.18789939 12216.24538216,16886.19995117 3958.32940774 12216.24538212,16886.19995117 3958.41253596 12216.24538209,16886.19995117 3958.50391355 12216.24538207,16886.19995117 3958.58704178 12216.24538204,16886.19995117 3958.67873665 12216.24538202,16886.19995117 3958.76186487 12216.24538199,16886.19995117 3958.85324246 12216.24538197,16886.19995117 3958.93637068 12216.24538194,16886.19995117 3959.02806556 12216.24538192,16886.19995117 3959.11119378 12216.24538189,16886.19995117 3959.20257137 12216.24538187,16886.19995117 3959.28569959 12216.24538185,16886.19995117 3959.37739446 12216.24538182,16886.19995117 3959.46877205 12216.24538179,16886.19995117 3959.55190028 12216.24538177,16886.19995117 3959.64327786 12216.24538174,16887.39929199 3959.61852974 12216.16225353,16886.19995117 3959.72672337 12216.24538172,16886.19995117 3959.7432221 12216.24538172,16888.49945068 3959.60171373 12216.16225353,16886.19995117 3959.78478621 12216.2453817,16889.1998291 3959.62677909 12216.0791253,16886.19995117 3959.84316634 12216.24538169,16889.50042725 3959.68515921 12216.07912529,16892.70019531 3959.41895846 12215.82974069,16889.1998291 3959.78478617 12216.07912526,16892.1005249 3959.51033607 12215.91286889,16888.49945068 3959.93454391 12216.16225344,16886.19995117 3960.04273753 12216.24538163,16886.19995117 3959.93454393 12216.24538166,16887.39929199 3960.12586573 12216.16225339,16886.19995117 3960.2921222 12216.24538156,16886.19995117 3960.42538119 12216.24538152,16886.19995117 3960.35875169 12216.24538154              ]
            }
            coordIndex [
0,1,2,-1,0,2,3,-1,3,2,4,-1,3,4,5,-1,5,4,6,-1,5,6,7,-1,7,6,8,-1,6,9,8,-1,10,8,9,-1,11,12,8,-1,13,10,14,-1,14,10,15,-1,10,9,15,-1,14,15,16,-1,16,15,17,-1,15,9,18,-1,15,18,17,-1,19,20,18,-1,21,19,18,-1,21,18,9,-1,17,18,20,-1,22,20,23,-1,24,23,20,-1,25,20,26,-1,22,26,20,-1,27,20,28,-1,25,28,20,-1,17,20,29,-1,27,29,20,-1,30,29,27,-1,31,30,27,-1,31,27,32,-1,32,27,28,-1,33,31,32,-1,33,32,34,-1,34,32,35,-1,32,28,35,-1,34,35,36,-1,37,36,35,-1,37,35,38,-1,38,35,28,-1,39,37,38,-1,39,38,40,-1,40,38,25,-1,38,28,25,-1,41,39,40,-1,41,40,42,-1,42,40,43,-1,40,25,43,-1,42,43,44,-1,44,43,45,-1,43,25,26,-1,43,26,45,-1,44,45,46,-1,47,46,45,-1,47,45,48,-1,48,45,26,-1,49,47,48,-1,49,48,50,-1,50,48,22,-1,48,26,22,-1,51,49,50,-1,51,50,52,-1,52,50,53,-1,50,22,53,-1,52,53,54,-1,54,53,55,-1,53,22,23,-1,53,23,55,-1,54,55,56,-1,57,56,55,-1,57,55,58,-1,58,55,23,-1,59,58,60,-1,60,58,24,-1,58,23,24,-1,61,59,60,-1,61,60,62,-1,62,60,63,-1,60,24,63,-1,62,63,64,-1,64,63,65,-1,63,24,66,-1,63,66,65,-1,67,65,66,-1,67,66,19,-1,68,65,67,-1,69,68,67,-1,69,67,70,-1,70,67,19,-1,2,69,70,-1,2,70,4,-1,4,70,21,-1,70,19,21,-1,71,68,69,-1,1,71,69,-1,1,69,2,-1,71,72,68,-1,72,73,68,-1,72,74,73,-1,75,73,74,-1,68,73,65,-1,64,65,73,-1,75,64,73,-1,76,64,75,-1,76,62,64,-1,77,62,76,-1,77,61,62,-1,78,61,77,-1,78,79,61,-1,79,59,61,-1,79,80,59,-1,80,81,57,-1,81,56,57,-1,81,82,56,-1,83,56,82,-1,83,54,56,-1,84,54,83,-1,84,52,54,-1,85,52,84,-1,85,51,52,-1,86,51,85,-1,86,87,51,-1,87,49,51,-1,87,88,49,-1,88,47,49,-1,88,89,47,-1,89,46,47,-1,89,90,46,-1,91,46,90,-1,91,44,46,-1,92,44,91,-1,92,42,44,-1,93,42,92,-1,93,41,42,-1,94,41,93,-1,94,95,41,-1,95,39,41,-1,95,96,39,-1,96,37,39,-1,96,97,37,-1,97,36,37,-1,97,98,36,-1,99,36,98,-1,99,34,36,-1,100,34,99,-1,100,33,34,-1,101,33,100,-1,101,102,33,-1,103,102,101,-1,103,104,102,-1,104,105,102,-1,104,106,105,-1,106,107,105,-1,102,105,31,-1,105,107,30,-1,105,30,31,-1,108,109,107,-1,106,108,107,-1,107,109,110,-1,107,110,30,-1,111,110,109,-1,30,110,29,-1,112,29,110,-1,111,112,110,-1,113,112,111,-1,13,113,111,-1,13,111,114,-1,114,111,109,-1,114,109,115,-1,108,115,109,-1,116,16,113,-1,117,116,113,-1,117,113,13,-1,113,16,112,-1,118,116,117,-1,118,119,116,-1,119,14,116,-1,119,13,14,-1,116,14,16,-1,16,17,112,-1,112,17,29,-1,102,31,33,-1,4,21,6,-1,6,21,9            ]
            ccw TRUE
            normalPerVertex TRUE
            normal Normal {
              vector [
-0.08098 0.99672 0,0.08311 -0.99654 0,0.07686 -0.99044 -0.11457,0.04339 -0.99906 0,0.0488 -0.99391 0.0988,0.06654 -0.99778 0,0.06429 -0.99738 -0.03316,0.08717 -0.9953 -0.04227,0.09434 -0.99394 0.05637,0.06035 -0.99818 0,0.0089 -0.96956 -0.24467,0.05248 -0.98581 -0.15943,0.05599 -0.99016 -0.12828,0.05583 -0.98981 -0.13102,0.05552 -0.98909 -0.13645,0.14112 -0.92828 0.34407,0.08375 -0.99087 0.10569,0.05536 -0.98872 -0.13916,0.07478 -0.99707 -0.01595,0.08969 -0.99588 -0.01313,0.07763 -0.99693 0.00974,0.07083 -0.99292 0.0954,0.06986 -0.99272 0.09811,0.07317 -0.99336 0.08884,0.09187 -0.99559 0.01882,-0.08675 0.99589 -0.02614,-0.09827 0.99349 0.05759,-0.08981 0.99547 -0.0311,-0.091 0.99536 0.03138,-0.09642 0.99375 -0.0563,-0.08716 0.99571 0.03092,0.07253 -0.99348 -0.08792,-0.08032 0.99527 0.05469,-0.08566 0.9944 -0.06183,-0.05773 0.98292 0.17474,-0.08341 0.97753 -0.1936,-0.0745 0.99676 0.03044,-0.09887 0.95209 -0.28941,-0.05036 0.93783 0.34343,-0.05023 0.93822 0.34237,-0.05007 0.93871 0.34105,-0.04993 0.93913 0.33992,-0.03359 0.91349 0.40547,-0.10401 0.96814 -0.2278,-0.08015 0.97789 0.19316,-0.08575 0.93676 -0.33929,-0.07912 0.92187 -0.37933,-0.08355 0.95119 -0.29707,-0.07304 0.96823 0.23917,-0.06766 0.98933 0.12899,-0.07956 0.99648 -0.02638,-0.04474 0.86664 0.49692,-0.06693 0.85516 -0.51402,-0.08508 0.96818 -0.23536,-0.0731 0.9884 -0.13313,-0.06904 0.95313 0.29458,-0.06902 0.95367 0.29284,-0.06899 0.95446 0.29025,-0.06897 0.95499 0.2885,-0.07727 0.99676 0.02255,-0.06003 0.94146 0.33174,-0.09205 0.97771 -0.1887,-0.0908 0.97832 0.18613,-0.07107 0.95656 -0.28274,-0.05744 0.93947 -0.33779,-0.07098 0.96101 -0.26723,-0.08429 0.97688 0.19649,-0.07394 0.98996 0.12045,-0.07741 0.99678 -0.02087,-0.06618 0.8943 0.44254,-0.05068 0.90591 -0.42042,-0.07525 0.9773 -0.19805,-0.06817 0.99277 -0.09884,-0.08269 0.97411 0.2104,-0.08515 0.96416 0.25129,-0.07941 0.99658 0.02279,-0.08343 0.9571 0.27748,-0.07873 0.98384 -0.16081,-0.10168 0.97586 0.19329,-0.04905 0.95426 -0.29493,-0.03141 0.92921 -0.3682,-0.10557 0.94937 0.29591,-0.08778 0.97693 0.19469,-0.07333 0.99687 -0.02939,-0.09223 0.66866 0.73783,-0.02235 0.86472 -0.50175,-0.04047 0.92355 -0.38134,-0.05434 0.98348 -0.17265,-0.11286 0.91575 0.38558,-0.12121 -0.09913 0.98767,0.02367 -0.95853 0.28401,-0.14144 0.06318 0.98793,0.10811 -0.92591 -0.36195,0.08047 -0.99667 -0.01355,0.12049 -0.95333 -0.27685,0.12902 -0.93867 -0.31977,0.12966 -0.94055 -0.31394,0.12864 -0.93752 -0.32328,0.06812 -0.99335 0.09276,0.06533 -0.99606 0.05998,0.00768 -0.95943 0.28183,0.09074 -0.98578 -0.14142,0.09428 -0.99202 -0.08376,0.07466 -0.99652 -0.03717,0.13003 -0.94165 -0.31046,-0.04269 0.99909 0,0.00347 -0.99216 0.12494,-0.06607 0.99782 0,0 -0.94335 0.3318,-0.06036 0.99818 0,-0.06034 0.99818 0,-0.06033 0.99818 0,-0.06031 0.99818 0,0 -0.85558 0.51766,-0.03542 0.93975 -0.34001,-0.02842 0.95664 -0.28987,-0.06697 0.99776 0,-0.09642 0.83986 0.53416,-0.04345 0.99906 0,-0.02003 0.90235 -0.43054,-0.07929 0.99685 0,-0.07751 0.99699 -0,-0.08341 0.99652 0,-0.07526 0.99716 0,-0.06179 0.88009 0.47077,-0.04335 0.99906 0,-0.06615 0.99781 0,-0.07221 0.98667 0.14586,-0.06037 0.99818 0,-0.06038 0.99818 0,-0.06039 0.99817 0,-0.05787 0.99031 -0.12626,-0.06687 0.99776 0,-0.0683 0.95274 0.296,-0.04543 0.99897 0,-0.03841 0.94575 -0.32261,-0.08291 0.99656 0,-0.08305 0.99655 0,-0.08243 0.9966 0,-0.04732 0.94743 0.31644,-0.04558 0.99896 0,-0.05474 0.93185 -0.35869,-0.06695 0.99776 0,-0.06372 0.98824 0.13903,-0.06089 0.99814 0,-0.06041 0.99817 0,-0.06043 0.99817 0,-0.05992 0.9982 0,-0.06459 0.98802 -0.14016,-0.06682 0.99777 0,-0.05033 0.91471 0.40097,-0.04568 0.99896 0,-0.05044 0.91959 -0.38964,-0.08307 0.99654 0,-0.08304 0.99655 0,-0.08267 0.99658 0,-0.08345 0.99651 0,-0.03484 0.92142 0.387,-0.04532 0.99897 0,-0.06885 0.90981 -0.40928,-0.06596 0.99782 0,-0.0585 0.98735 0.14734,-0.06004 0.9982 0,-0.0604 0.99817 0,-0.06039 0.99817 0,-0.06074 0.99815 0,-0.0727 0.98268 -0.17046,-0.02245 0.88038 0.47374,-0.08377 0.84781 -0.52365,-0.08206 0.99663 0,-0.08144 0.99668 -0,-0.0833 0.99652 0,0.01135 0.79584 0.6054,-0.04271 0.99909 0,-0.091 0.80902 -0.5807,0.01403 0.62362 0.7816,-0.10518 0.88329 -0.45687,-0.04511 0.90155 0.43032,-0.04732 0.97754 0.20537,-0.06643 0.99779 0,-0.06295 0.96432 0.25715,-0.11267 0.7989 -0.59082,-0.11888 0.95103 -0.28531,-0.11605 0.80732 -0.57858,0.06127 0.53428 0.84308,0.05417 0.59442 0.80233,-0.00919 0.89731 0.4413,0.03295 0.8146 0.57908,-0.06661 0.99778 0,-0.08773 0.97102 -0.22232,-0.06042 0.99817 0,-0.06042 0.99817 0,-0.06054 0.99817 0,-0.17809 0.4657 -0.86684,-0.18768 0.44702 -0.87461,-0.04331 0.99906 0,-0.0593 -0.64834 -0.75904,-0.08292 0.99656 0,0.08228 -0.99661 0,0.24225 -0.13347 0.96099,0.04333 -0.99906 0,0.16057 -0.72744 0.66712,-0.01751 -0.79728 -0.60335,0.09159 -0.99314 0.07267,-0.09341 0.8064 -0.58395,0.0731 -0.99488 0.06976,0.07411 -0.99352 0.08618              ]
            }
            normalIndex [
0,0,0,-1,1,1,1,-1,2,2,2,-1,3,3,3,-1,4,4,4,-1,5,5,5,-1,6,6,6,-1,7,7,7,-1,8,8,8,-1,9,9,9,-1,10,10,10,-1,11,11,11,-1,12,13,14,-1,15,15,15,-1,16,16,16,-1,14,13,17,-1,18,18,18,-1,19,19,19,-1,20,20,20,-1,21,22,23,-1,24,24,24,-1,25,25,25,-1,26,26,26,-1,27,27,27,-1,28,28,28,-1,29,29,29,-1,30,30,30,-1,31,31,31,-1,32,32,32,-1,33,33,33,-1,34,34,34,-1,35,35,35,-1,36,36,36,-1,37,37,37,-1,38,39,40,-1,40,39,41,-1,42,42,42,-1,43,43,43,-1,44,44,44,-1,45,45,45,-1,46,46,46,-1,47,47,47,-1,48,48,48,-1,49,49,49,-1,50,50,50,-1,51,51,51,-1,52,52,52,-1,53,53,53,-1,54,54,54,-1,55,56,57,-1,57,56,58,-1,59,59,59,-1,60,60,60,-1,61,61,61,-1,62,62,62,-1,63,63,63,-1,64,64,64,-1,65,65,65,-1,66,66,66,-1,67,67,67,-1,68,68,68,-1,69,69,69,-1,70,70,70,-1,71,71,71,-1,72,72,72,-1,73,73,73,-1,74,74,74,-1,75,75,75,-1,76,76,76,-1,77,77,77,-1,78,78,78,-1,79,79,79,-1,80,80,80,-1,81,81,81,-1,82,82,82,-1,83,83,83,-1,84,84,84,-1,85,85,85,-1,86,86,86,-1,87,87,87,-1,88,88,88,-1,89,89,89,-1,90,90,90,-1,91,91,91,-1,92,92,92,-1,93,93,93,-1,94,94,94,-1,95,96,97,-1,98,98,98,-1,99,99,99,-1,100,100,100,-1,101,101,101,-1,102,102,102,-1,103,103,103,-1,104,96,95,-1,105,105,105,-1,106,106,106,-1,107,107,107,-1,108,108,108,-1,109,110,111,-1,112,111,110,-1,113,113,113,-1,114,114,114,-1,115,115,115,-1,116,116,116,-1,117,117,117,-1,118,118,118,-1,119,119,119,-1,120,121,122,-1,120,123,121,-1,124,124,124,-1,125,125,125,-1,126,126,126,-1,127,127,127,-1,109,128,129,-1,130,129,128,-1,131,131,131,-1,132,132,132,-1,133,133,133,-1,134,134,134,-1,135,135,135,-1,136,137,122,-1,136,138,137,-1,139,139,139,-1,140,140,140,-1,141,141,141,-1,142,142,142,-1,143,143,143,-1,144,145,146,-1,147,146,145,-1,148,148,148,-1,149,149,149,-1,150,150,150,-1,151,151,151,-1,152,152,152,-1,153,154,155,-1,153,156,154,-1,157,157,157,-1,158,158,158,-1,159,159,159,-1,160,160,160,-1,161,161,161,-1,162,163,164,-1,165,164,163,-1,166,166,166,-1,142,142,142,-1,167,167,167,-1,140,140,140,-1,168,168,168,-1,169,170,171,-1,169,0,170,-1,172,172,172,-1,173,173,173,-1,174,174,174,-1,175,175,175,-1,176,176,176,-1,177,177,177,-1,178,178,178,-1,179,179,179,-1,180,180,180,-1,181,181,181,-1,182,182,182,-1,183,183,183,-1,184,184,184,-1,185,185,185,-1,186,186,186,-1,187,187,187,-1,188,188,188,-1,189,189,189,-1,112,190,191,-1,192,191,190,-1,193,193,193,-1,194,194,194,-1,195,195,195,-1,196,196,196,-1,197,197,197,-1,198,198,198,-1,199,199,199,-1,200,200,200,-1,201,201,201,-1,202,202,202,-1,203,203,203,-1,204,204,204,-1,205,205,205,-1,206,21,23            ]
          }
        }
        Shape {
          appearance USE M0
          geometry IndexedFaceSet {
            coord Coordinate {
              point [
24990.62629211 4243.69296638 14304.63035921,25112.37312066 4075.85677193 14304.63035002,25111.68971261 4075.85677207 14304.63035007,24703.86536619 4248.17764022 14304.63038086,25118.60344102 4423.41987983 14304.63034955,25118.60344038 4420.11817305 14304.63034955,24990.62629517 4243.69296638 14345.13134722,25118.60344343 4420.11817305 14345.13133756,25118.60344408 4423.41987983 14345.13133756,24703.86536924 4248.17764022 14345.13136887,25111.68971566 4075.85677207 14345.13133808,25112.37312372 4075.85677193 14345.13133803              ]
            }
            coordIndex [
0,1,2,-1,3,4,5,-1,0,2,3,-1,3,5,0,-1,6,7,8,-1,9,10,11,-1,6,8,9,-1,9,11,6,-1,2,1,11,-1,11,10,2,-1,8,7,5,-1,5,4,8,-1,10,9,3,-1,3,2,10,-1,3,9,8,-1,8,4,3,-1,6,11,1,-1,1,0,6,-1,6,0,5,-1,5,7,6            ]
            ccw TRUE
            normalPerVertex TRUE
            normal Normal {
              vector [
-1 -0 0,1 0 0,0 -1 0,0 0 -1,0 -0.89155 0.45292,0 0.89155 0.45292,0 0.51659 -0.85623,0 -0.51659 -0.85623              ]
            }
            normalIndex [
0,0,0,-1,0,0,0,-1,0,0,0,-1,0,0,0,-1,1,1,1,-1,1,1,1,-1,1,1,1,-1,1,1,1,-1,2,2,2,-1,2,2,2,-1,3,3,3,-1,3,3,3,-1,4,4,4,-1,4,4,4,-1,5,5,5,-1,5,5,5,-1,6,6,6,-1,6,6,6,-1,7,7,7,-1,7,7,7            ]
          }
        }
        Shape {
          appearance USE M0
          geometry IndexedFaceSet {
            coord Coordinate {
              point [
6590.62580383 3875.43222419 13805.58543734,6712.37263238 3707.59602975 13805.58542815,6711.68922432 3707.59602988 13805.5854282,6303.86487791 3879.91689803 13805.58545899,6718.60295274 4055.15913764 13805.58542768,6718.6029521 4051.85743086 13805.58542768,6590.62580689 3875.43222419 13846.08642534,6718.60295515 4051.85743086 13846.08641568,6718.6029558 4055.15913764 13846.08641568,6303.86488096 3879.91689803 13846.08644699,6711.68922738 3707.59602988 13846.0864162,6712.37263543 3707.59602975 13846.08641615              ]
            }
            coordIndex [
0,1,2,-1,3,4,5,-1,0,2,3,-1,3,5,0,-1,6,7,8,-1,9,10,11,-1,6,8,9,-1,9,11,6,-1,2,1,11,-1,11,10,2,-1,8,7,5,-1,5,4,8,-1,10,9,3,-1,3,2,10,-1,3,9,8,-1,8,4,3,-1,6,11,1,-1,1,0,6,-1,6,0,5,-1,5,7,6            ]
            ccw TRUE
            normalPerVertex TRUE
            normal Normal {
              vector [
-1 -0 0,1 0 0,0 -1 0,0 0 -1,0 -0.89155 0.45292,0 0.89155 0.45292,0 0.51659 -0.85623,0 -0.51659 -0.85623              ]
            }
            normalIndex [
0,0,0,-1,0,0,0,-1,0,0,0,-1,0,0,0,-1,1,1,1,-1,1,1,1,-1,1,1,1,-1,1,1,1,-1,2,2,2,-1,2,2,2,-1,3,3,3,-1,3,3,3,-1,4,4,4,-1,4,4,4,-1,5,5,5,-1,5,5,5,-1,6,6,6,-1,6,6,6,-1,7,7,7,-1,7,7,7            ]
          }
        }
        Shape {
          appearance USE M0
          geometry IndexedFaceSet {
            coord Coordinate {
              point [
24990.62629211 3443.69272224 13306.54246859,25112.37312066 3275.85652779 13306.5424594,25111.68971261 3275.85652793 13306.54245945,24703.86536619 3448.17739608 13306.54249024,25118.60344102 3623.41963569 13306.54245893,25118.60344038 3620.11792891 13306.54245893,24990.62629517 3443.69272224 13347.04345659,25118.60344343 3620.11792891 13347.04344693,25118.60344408 3623.41963569 13347.04344693,24703.86536924 3448.17739608 13347.04347824,25111.68971566 3275.85652793 13347.04344745,25112.37312372 3275.85652779 13347.0434474              ]
            }
            coordIndex [
0,1,2,-1,3,4,5,-1,0,2,3,-1,3,5,0,-1,6,7,8,-1,9,10,11,-1,6,8,9,-1,9,11,6,-1,2,1,11,-1,11,10,2,-1,8,7,5,-1,5,4,8,-1,10,9,3,-1,3,2,10,-1,3,9,8,-1,8,4,3,-1,6,11,1,-1,1,0,6,-1,6,0,5,-1,5,7,6            ]
            ccw TRUE
            normalPerVertex TRUE
            normal Normal {
              vector [
-1 -0 0,1 0 0,0 -1 0,0 0 -1,0 -0.89155 0.45292,0 0.89155 0.45292,0 0.51659 -0.85623,0 -0.51659 -0.85623              ]
            }
            normalIndex [
0,0,0,-1,0,0,0,-1,0,0,0,-1,0,0,0,-1,1,1,1,-1,1,1,1,-1,1,1,1,-1,1,1,1,-1,2,2,2,-1,2,2,2,-1,3,3,3,-1,3,3,3,-1,4,4,4,-1,4,4,4,-1,5,5,5,-1,5,5,5,-1,6,6,6,-1,6,6,6,-1,7,7,7,-1,7,7,7            ]
          }
        }
        Shape {
          appearance USE M0
          geometry IndexedFaceSet {
            coord Coordinate {
              point [
6590.62580383 4707.17099373 12807.49949984,6712.37263238 4539.33479928 12807.49949065,6711.68922432 4539.33479941 12807.4994907,6303.86487791 4711.65566756 12807.49952149,6718.60295274 4886.89790717 12807.49949018,6718.6029521 4883.59620039 12807.49949018,6590.62580689 4707.17099373 12848.00048784,6718.60295515 4883.59620039 12848.00047818,6718.6029558 4886.89790717 12848.00047818,6303.86488096 4711.65566756 12848.00050949,6711.68922738 4539.33479941 12848.0004787,6712.37263543 4539.33479928 12848.00047865              ]
            }
            coordIndex [
0,1,2,-1,3,4,5,-1,0,2,3,-1,3,5,0,-1,6,7,8,-1,9,10,11,-1,6,8,9,-1,9,11,6,-1,2,1,11,-1,11,10,2,-1,8,7,5,-1,5,4,8,-1,10,9,3,-1,3,2,10,-1,3,9,8,-1,8,4,3,-1,6,11,1,-1,1,0,6,-1,6,0,5,-1,5,7,6            ]
            ccw TRUE
            normalPerVertex TRUE
            normal Normal {
              vector [
-1 -0 0,1 0 0,0 -1 0,0 0 -1,0 -0.89155 0.45292,0 0.89155 0.45292,0 0.51659 -0.85623,0 -0.51659 -0.85623              ]
            }
            normalIndex [
0,0,0,-1,0,0,0,-1,0,0,0,-1,0,0,0,-1,1,1,1,-1,1,1,1,-1,1,1,1,-1,1,1,1,-1,2,2,2,-1,2,2,2,-1,3,3,3,-1,3,3,3,-1,4,4,4,-1,4,4,4,-1,5,5,5,-1,5,5,5,-1,6,6,6,-1,6,6,6,-1,7,7,7,-1,7,7,7            ]
          }
        }
        Shape {
          appearance USE M0
          geometry IndexedFaceSet {
            coord Coordinate {
              point [
16090.62629211 4243.69296638 14055.10789827,16212.37312066 4075.85677193 14055.10788908,16211.68971261 4075.85677207 14055.10788913,15803.86536619 4248.17764022 14055.10791992,16218.60344102 4423.41987983 14055.10788861,16218.60344038 4420.11817305 14055.10788861,16090.62629517 4243.69296638 14095.60888628,16218.60344343 4420.11817305 14095.60887662,16218.60344408 4423.41987983 14095.60887662,15803.86536924 4248.17764022 14095.60890793,16211.68971566 4075.85677207 14095.60887714,16212.37312372 4075.85677193 14095.60887709              ]
            }
            coordIndex [
0,1,2,-1,3,4,5,-1,0,2,3,-1,3,5,0,-1,6,7,8,-1,9,10,11,-1,6,8,9,-1,9,11,6,-1,2,1,11,-1,11,10,2,-1,8,7,5,-1,5,4,8,-1,10,9,3,-1,3,2,10,-1,3,9,8,-1,8,4,3,-1,6,11,1,-1,1,0,6,-1,6,0,5,-1,5,7,6            ]
            ccw TRUE
            normalPerVertex TRUE
            normal Normal {
              vector [
-1 -0 0,1 0 0,0 -1 0,0 0 -1,0 -0.89155 0.45292,0 0.89155 0.45292,0 0.51659 -0.85623,0 -0.51659 -0.85623              ]
            }
            normalIndex [
0,0,0,-1,0,0,0,-1,0,0,0,-1,0,0,0,-1,1,1,1,-1,1,1,1,-1,1,1,1,-1,1,1,1,-1,2,2,2,-1,2,2,2,-1,3,3,3,-1,3,3,3,-1,4,4,4,-1,4,4,4,-1,5,5,5,-1,5,5,5,-1,6,6,6,-1,6,6,6,-1,7,7,7,-1,7,7,7            ]
          }
        }
        Shape {
          appearance USE M0
          geometry IndexedFaceSet {
            coord Coordinate {
              point [
3390.62653625 3875.43222419 13556.06492952,3512.3733648 3707.59602975 13556.06492033,3511.68995675 3707.59602988 13556.06492038,3103.86561033 3879.91689803 13556.06495117,3518.60368516 4055.15913764 13556.06491986,3518.60368452 4051.85743086 13556.06491986,3390.62653931 3875.43222419 13596.56591753,3518.60368758 4051.85743086 13596.56590787,3518.60368822 4055.15913764 13596.56590787,3103.86561338 3879.91689803 13596.56593918,3511.6899598 3707.59602988 13596.56590839,3512.37336786 3707.59602975 13596.56590834              ]
            }
            coordIndex [
0,1,2,-1,3,4,5,-1,0,2,3,-1,3,5,0,-1,6,7,8,-1,9,10,11,-1,6,8,9,-1,9,11,6,-1,2,1,11,-1,11,10,2,-1,8,7,5,-1,5,4,8,-1,10,9,3,-1,3,2,10,-1,3,9,8,-1,8,4,3,-1,6,11,1,-1,1,0,6,-1,6,0,5,-1,5,7,6            ]
            ccw TRUE
            normalPerVertex TRUE
            normal Normal {
              vector [
-1 -0 0,1 0 0,0 -1 0,0 0 -1,0 -0.89155 0.45292,0 0.89155 0.45292,0 0.51659 -0.85623,0 -0.51659 -0.85623              ]
            }
            normalIndex [
0,0,0,-1,0,0,0,-1,0,0,0,-1,0,0,0,-1,1,1,1,-1,1,1,1,-1,1,1,1,-1,1,1,1,-1,2,2,2,-1,2,2,2,-1,3,3,3,-1,3,3,3,-1,4,4,4,-1,4,4,4,-1,5,5,5,-1,5,5,5,-1,6,6,6,-1,6,6,6,-1,7,7,7,-1,7,7,7            ]
          }
        }
        Shape {
          appearance USE M0
          geometry IndexedFaceSet {
            coord Coordinate {
              point [
37690.62629211 4243.69296638 14304.63035921,37812.37312066 4075.85677193 14304.63035002,37811.68971261 4075.85677207 14304.63035007,37403.86536619 4248.17764022 14304.63038086,37818.60344102 4423.41987983 14304.63034955,37818.60344038 4420.11817305 14304.63034955,37690.62629517 4243.69296638 14345.13134722,37818.60344343 4420.11817305 14345.13133756,37818.60344408 4423.41987983 14345.13133756,37403.86536924 4248.17764022 14345.13136887,37811.68971566 4075.85677207 14345.13133808,37812.37312372 4075.85677193 14345.13133803              ]
            }
            coordIndex [
0,1,2,-1,3,4,5,-1,0,2,3,-1,3,5,0,-1,6,7,8,-1,9,10,11,-1,6,8,9,-1,9,11,6,-1,2,1,11,-1,11,10,2,-1,8,7,5,-1,5,4,8,-1,10,9,3,-1,3,2,10,-1,3,9,8,-1,8,4,3,-1,6,11,1,-1,1,0,6,-1,6,0,5,-1,5,7,6            ]
            ccw TRUE
            normalPerVertex TRUE
            normal Normal {
              vector [
-1 -0 0,1 0 0,0 -1 0,0 0 -1,0 -0.89155 0.45292,0 0.89155 0.45292,0 0.51659 -0.85623,0 -0.51659 -0.85623              ]
            }
            normalIndex [
0,0,0,-1,0,0,0,-1,0,0,0,-1,0,0,0,-1,1,1,1,-1,1,1,1,-1,1,1,1,-1,1,1,1,-1,2,2,2,-1,2,2,2,-1,3,3,3,-1,3,3,3,-1,4,4,4,-1,4,4,4,-1,5,5,5,-1,5,5,5,-1,6,6,6,-1,6,6,6,-1,7,7,7,-1,7,7,7            ]
          }
        }
        Shape {
          appearance USE M0
          geometry IndexedFaceSet {
            coord Coordinate {
              point [
3390.62653625 3875.43222419 14554.15184359,3512.3733648 3707.59602975 14554.1518344,3511.68995675 3707.59602988 14554.15183445,3103.86561033 3879.91689803 14554.15186524,3518.60368516 4055.15913764 14554.15183393,3518.60368452 4051.85743086 14554.15183393,3390.62653931 3875.43222419 14594.65283159,3518.60368758 4051.85743086 14594.65282193,3518.60368822 4055.15913764 14594.65282193,3103.86561338 3879.91689803 14594.65285324,3511.6899598 3707.59602988 14594.65282245,3512.37336786 3707.59602975 14594.6528224              ]
            }
            coordIndex [
0,1,2,-1,3,4,5,-1,0,2,3,-1,3,5,0,-1,6,7,8,-1,9,10,11,-1,6,8,9,-1,9,11,6,-1,2,1,11,-1,11,10,2,-1,8,7,5,-1,5,4,8,-1,10,9,3,-1,3,2,10,-1,3,9,8,-1,8,4,3,-1,6,11,1,-1,1,0,6,-1,6,0,5,-1,5,7,6            ]
            ccw TRUE
            normalPerVertex TRUE
            normal Normal {
              vector [
-1 -0 0,1 0 0,0 -1 0,0 0 -1,0 -0.89155 0.45292,0 0.89155 0.45292,0 0.51659 -0.85623,0 -0.51659 -0.85623              ]
            }
            normalIndex [
0,0,0,-1,0,0,0,-1,0,0,0,-1,0,0,0,-1,1,1,1,-1,1,1,1,-1,1,1,1,-1,1,1,1,-1,2,2,2,-1,2,2,2,-1,3,3,3,-1,3,3,3,-1,4,4,4,-1,4,4,4,-1,5,5,5,-1,5,5,5,-1,6,6,6,-1,6,6,6,-1,7,7,7,-1,7,7,7            ]
          }
        }
        Shape {
          appearance USE M0
          geometry IndexedFaceSet {
            coord Coordinate {
              point [
9690.62531555 3443.69272224 14554.15184359,9812.3721441 3275.85652779 14554.1518344,9811.68873604 3275.85652793 14554.15183445,9403.86438962 3448.17739608 14554.15186524,9818.60246446 3623.41963569 14554.15183393,9818.60246381 3620.11792891 14554.15183393,9690.62531861 3443.69272224 14594.65283159,9818.60246687 3620.11792891 14594.65282193,9818.60246751 3623.41963569 14594.65282193,9403.86439268 3448.17739608 14594.65285324,9811.6887391 3275.85652793 14594.65282245,9812.37214715 3275.85652779 14594.6528224              ]
            }
            coordIndex [
0,1,2,-1,3,4,5,-1,0,2,3,-1,3,5,0,-1,6,7,8,-1,9,10,11,-1,6,8,9,-1,9,11,6,-1,2,1,11,-1,11,10,2,-1,8,7,5,-1,5,4,8,-1,10,9,3,-1,3,2,10,-1,3,9,8,-1,8,4,3,-1,6,11,1,-1,1,0,6,-1,6,0,5,-1,5,7,6            ]
            ccw TRUE
            normalPerVertex TRUE
            normal Normal {
              vector [
-1 -0 0,1 0 0,0 -1 0,0 0 -1,0 -0.89155 0.45292,0 0.89155 0.45292,0 0.51659 -0.85623,0 -0.51659 -0.85623              ]
            }
            normalIndex [
0,0,0,-1,0,0,0,-1,0,0,0,-1,0,0,0,-1,1,1,1,-1,1,1,1,-1,1,1,1,-1,1,1,1,-1,2,2,2,-1,2,2,2,-1,3,3,3,-1,3,3,3,-1,4,4,4,-1,4,4,4,-1,5,5,5,-1,5,5,5,-1,6,6,6,-1,6,6,6,-1,7,7,7,-1,7,7,7            ]
          }
        }
        Shape {
          appearance USE M0
          geometry IndexedFaceSet {
            coord Coordinate {
              point [
-3009.37346375 3043.69296638 14055.10789827,-2887.6266352 2875.85677193 14055.10788908,-2888.31004325 2875.85677207 14055.10788913,-3296.13438967 3048.17764022 14055.10791992,-2881.39631484 3223.41987983 14055.10788861,-2881.39631548 3220.11817305 14055.10788861,-3009.37346069 3043.69296638 14095.60888628,-2881.39631242 3220.11817305 14095.60887662,-2881.39631178 3223.41987983 14095.60887662,-3296.13438662 3048.17764022 14095.60890793,-2888.3100402 2875.85677207 14095.60887714,-2887.62663214 2875.85677193 14095.60887709              ]
            }
            coordIndex [
0,1,2,-1,3,4,5,-1,0,2,3,-1,3,5,0,-1,6,7,8,-1,9,10,11,-1,6,8,9,-1,9,11,6,-1,2,1,11,-1,11,10,2,-1,8,7,5,-1,5,4,8,-1,10,9,3,-1,3,2,10,-1,3,9,8,-1,8,4,3,-1,6,11,1,-1,1,0,6,-1,6,0,5,-1,5,7,6            ]
            ccw TRUE
            normalPerVertex TRUE
            normal Normal {
              vector [
-1 -0 0,1 0 0,0 -1 0,0 0 -1,0 -0.89155 0.45292,0 0.89155 0.45292,0 0.51659 -0.85623,0 -0.51659 -0.85623              ]
            }
            normalIndex [
0,0,0,-1,0,0,0,-1,0,0,0,-1,0,0,0,-1,1,1,1,-1,1,1,1,-1,1,1,1,-1,1,1,1,-1,2,2,2,-1,2,2,2,-1,3,3,3,-1,3,3,3,-1,4,4,4,-1,4,4,4,-1,5,5,5,-1,5,5,5,-1,6,6,6,-1,6,6,6,-1,7,7,7,-1,7,7,7            ]
          }
        }
        Shape {
          appearance USE M0
          geometry IndexedFaceSet {
            coord Coordinate {
              point [
34490.62629211 4707.17099373 13556.06492952,34612.37312066 4539.33479928 13556.06492033,34611.68971261 4539.33479941 13556.06492038,34203.86536619 4711.65566756 13556.06495117,34618.60344102 4886.89790717 13556.06491986,34618.60344038 4883.59620039 13556.06491986,34490.62629517 4707.17099373 13596.56591753,34618.60344343 4883.59620039 13596.56590787,34618.60344408 4886.89790717 13596.56590787,34203.86536924 4711.65566756 13596.56593918,34611.68971566 4539.33479941 13596.56590839,34612.37312372 4539.33479928 13596.56590834              ]
            }
            coordIndex [
0,1,2,-1,3,4,5,-1,0,2,3,-1,3,5,0,-1,6,7,8,-1,9,10,11,-1,6,8,9,-1,9,11,6,-1,2,1,11,-1,11,10,2,-1,8,7,5,-1,5,4,8,-1,10,9,3,-1,3,2,10,-1,3,9,8,-1,8,4,3,-1,6,11,1,-1,1,0,6,-1,6,0,5,-1,5,7,6            ]
            ccw TRUE
            normalPerVertex TRUE
            normal Normal {
              vector [
-1 -0 0,1 0 0,0 -1 0,0 0 -1,0 -0.89155 0.45292,0 0.89155 0.45292,0 0.51659 -0.85623,0 -0.51659 -0.85623              ]
            }
            normalIndex [
0,0,0,-1,0,0,0,-1,0,0,0,-1,0,0,0,-1,1,1,1,-1,1,1,1,-1,1,1,1,-1,1,1,1,-1,2,2,2,-1,2,2,2,-1,3,3,3,-1,3,3,3,-1,4,4,4,-1,4,4,4,-1,5,5,5,-1,5,5,5,-1,6,6,6,-1,6,6,6,-1,7,7,7,-1,7,7,7            ]
          }
        }
        Shape {
          appearance USE M0
          geometry IndexedFaceSet {
            coord Coordinate {
              point [
31390.62629211 3875.43222419 14304.63035921,31512.37312066 3707.59602975 14304.63035002,31511.68971261 3707.59602988 14304.63035007,31103.86536619 3879.91689803 14304.63038086,31518.60344102 4055.15913764 14304.63034955,31518.60344038 4051.85743086 14304.63034955,31390.62629517 3875.43222419 14345.13134722,31518.60344343 4051.85743086 14345.13133756,31518.60344408 4055.15913764 14345.13133756,31103.86536924 3879.91689803 14345.13136887,31511.68971566 3707.59602988 14345.13133808,31512.37312372 3707.59602975 14345.13133803              ]
            }
            coordIndex [
0,1,2,-1,3,4,5,-1,0,2,3,-1,3,5,0,-1,6,7,8,-1,9,10,11,-1,6,8,9,-1,9,11,6,-1,2,1,11,-1,11,10,2,-1,8,7,5,-1,5,4,8,-1,10,9,3,-1,3,2,10,-1,3,9,8,-1,8,4,3,-1,6,11,1,-1,1,0,6,-1,6,0,5,-1,5,7,6            ]
            ccw TRUE
            normalPerVertex TRUE
            normal Normal {
              vector [
-1 -0 0,1 0 0,0 -1 0,0 0 -1,0 -0.89155 0.45292,0 0.89155 0.45292,0 0.51659 -0.85623,0 -0.51659 -0.85623              ]
            }
            normalIndex [
0,0,0,-1,0,0,0,-1,0,0,0,-1,0,0,0,-1,1,1,1,-1,1,1,1,-1,1,1,1,-1,1,1,1,-1,2,2,2,-1,2,2,2,-1,3,3,3,-1,3,3,3,-1,4,4,4,-1,4,4,4,-1,5,5,5,-1,5,5,5,-1,6,6,6,-1,6,6,6,-1,7,7,7,-1,7,7,7            ]
          }
        }
        Shape {
          appearance USE M0
          geometry IndexedFaceSet {
            coord Coordinate {
              point [
19290.62629211 3043.69296638 14803.67332796,19412.37312066 2875.85677193 14803.67331877,19411.68971261 2875.85677207 14803.67331882,19003.86536619 3048.17764022 14803.67334961,19418.60344102 3223.41987983 14803.6733183,19418.60344038 3220.11817305 14803.6733183,19290.62629517 3043.69296638 14844.17431597,19418.60344343 3220.11817305 14844.17430631,19418.60344408 3223.41987983 14844.17430631,19003.86536924 3048.17764022 14844.17433762,19411.68971566 2875.85677207 14844.17430683,19412.37312372 2875.85677193 14844.17430678              ]
            }
            coordIndex [
0,1,2,-1,3,4,5,-1,0,2,3,-1,3,5,0,-1,6,7,8,-1,9,10,11,-1,6,8,9,-1,9,11,6,-1,2,1,11,-1,11,10,2,-1,8,7,5,-1,5,4,8,-1,10,9,3,-1,3,2,10,-1,3,9,8,-1,8,4,3,-1,6,11,1,-1,1,0,6,-1,6,0,5,-1,5,7,6            ]
            ccw TRUE
            normalPerVertex TRUE
            normal Normal {
              vector [
-1 -0 0,1 0 0,0 -1 0,0 0 -1,0 -0.89155 0.45292,0 0.89155 0.45292,0 0.51659 -0.85623,0 -0.51659 -0.85623              ]
            }
            normalIndex [
0,0,0,-1,0,0,0,-1,0,0,0,-1,0,0,0,-1,1,1,1,-1,1,1,1,-1,1,1,1,-1,1,1,1,-1,2,2,2,-1,2,2,2,-1,3,3,3,-1,3,3,3,-1,4,4,4,-1,4,4,4,-1,5,5,5,-1,5,5,5,-1,6,6,6,-1,6,6,6,-1,7,7,7,-1,7,7,7            ]
          }
        }
        Shape {
          appearance USE M0
          geometry IndexedFaceSet {
            coord Coordinate {
              point [
9690.62531555 4243.69296638 14554.15184359,9812.3721441 4075.85677193 14554.1518344,9811.68873604 4075.85677207 14554.15183445,9403.86438962 4248.17764022 14554.15186524,9818.60246446 4423.41987983 14554.15183393,9818.60246381 4420.11817305 14554.15183393,9690.62531861 4243.69296638 14594.65283159,9818.60246687 4420.11817305 14594.65282193,9818.60246751 4423.41987983 14594.65282193,9403.86439268 4248.17764022 14594.65285324,9811.6887391 4075.85677207 14594.65282245,9812.37214715 4075.85677193 14594.6528224              ]
            }
            coordIndex [
0,1,2,-1,3,4,5,-1,0,2,3,-1,3,5,0,-1,6,7,8,-1,9,10,11,-1,6,8,9,-1,9,11,6,-1,2,1,11,-1,11,10,2,-1,8,7,5,-1,5,4,8,-1,10,9,3,-1,3,2,10,-1,3,9,8,-1,8,4,3,-1,6,11,1,-1,1,0,6,-1,6,0,5,-1,5,7,6            ]
            ccw TRUE
            normalPerVertex TRUE
            normal Normal {
              vector [
-1 -0 0,1 0 0,0 -1 0,0 0 -1,0 -0.89155 0.45292,0 0.89155 0.45292,0 0.51659 -0.85623,0 -0.51659 -0.85623              ]
            }
            normalIndex [
0,0,0,-1,0,0,0,-1,0,0,0,-1,0,0,0,-1,1,1,1,-1,1,1,1,-1,1,1,1,-1,1,1,1,-1,2,2,2,-1,2,2,2,-1,3,3,3,-1,3,3,3,-1,4,4,4,-1,4,4,4,-1,5,5,5,-1,5,5,5,-1,6,6,6,-1,6,6,6,-1,7,7,7,-1,7,7,7            ]
          }
        }
        Shape {
          appearance USE M0
          geometry IndexedFaceSet {
            coord Coordinate {
              point [
19290.62629211 4243.69296638 12807.49949984,19412.37312066 4075.85677193 12807.49949065,19411.68971261 4075.85677207 12807.4994907,19003.86536619 4248.17764022 12807.49952149,19418.60344102 4423.41987983 12807.49949018,19418.60344038 4420.11817305 12807.49949018,19290.62629517 4243.69296638 12848.00048784,19418.60344343 4420.11817305 12848.00047818,19418.60344408 4423.41987983 12848.00047818,19003.86536924 4248.17764022 12848.00050949,19411.68971566 4075.85677207 12848.0004787,19412.37312372 4075.85677193 12848.00047865              ]
            }
            coordIndex [
0,1,2,-1,3,4,5,-1,0,2,3,-1,3,5,0,-1,6,7,8,-1,9,10,11,-1,6,8,9,-1,9,11,6,-1,2,1,11,-1,11,10,2,-1,8,7,5,-1,5,4,8,-1,10,9,3,-1,3,2,10,-1,3,9,8,-1,8,4,3,-1,6,11,1,-1,1,0,6,-1,6,0,5,-1,5,7,6            ]
            ccw TRUE
            normalPerVertex TRUE
            normal Normal {
              vector [
-1 -0 0,1 0 0,0 -1 0,0 0 -1,0 -0.89155 0.45292,0 0.89155 0.45292,0 0.51659 -0.85623,0 -0.51659 -0.85623              ]
            }
            normalIndex [
0,0,0,-1,0,0,0,-1,0,0,0,-1,0,0,0,-1,1,1,1,-1,1,1,1,-1,1,1,1,-1,1,1,1,-1,2,2,2,-1,2,2,2,-1,3,3,3,-1,3,3,3,-1,4,4,4,-1,4,4,4,-1,5,5,5,-1,5,5,5,-1,6,6,6,-1,6,6,6,-1,7,7,7,-1,7,7,7            ]
          }
        }
        Shape {
          appearance USE M0
          geometry IndexedFaceSet {
            coord Coordinate {
              point [
34490.62629211 4243.69296638 13057.02196077,34612.37312066 4075.85677193 13057.02195158,34611.68971261 4075.85677207 13057.02195163,34203.86536619 4248.17764022 13057.02198242,34618.60344102 4423.41987983 13057.02195111,34618.60344038 4420.11817305 13057.02195111,34490.62629517 4243.69296638 13097.52294878,34618.60344343 4420.11817305 13097.52293912,34618.60344408 4423.41987983 13097.52293912,34203.86536924 4248.17764022 13097.52297043,34611.68971566 4075.85677207 13097.52293964,34612.37312372 4075.85677193 13097.52293959              ]
            }
            coordIndex [
0,1,2,-1,3,4,5,-1,0,2,3,-1,3,5,0,-1,6,7,8,-1,9,10,11,-1,6,8,9,-1,9,11,6,-1,2,1,11,-1,11,10,2,-1,8,7,5,-1,5,4,8,-1,10,9,3,-1,3,2,10,-1,3,9,8,-1,8,4,3,-1,6,11,1,-1,1,0,6,-1,6,0,5,-1,5,7,6            ]
            ccw TRUE
            normalPerVertex TRUE
            normal Normal {
              vector [
-1 -0 0,1 0 0,0 -1 0,0 0 -1,0 -0.89155 0.45292,0 0.89155 0.45292,0 0.51659 -0.85623,0 -0.51659 -0.85623              ]
            }
            normalIndex [
0,0,0,-1,0,0,0,-1,0,0,0,-1,0,0,0,-1,1,1,1,-1,1,1,1,-1,1,1,1,-1,1,1,1,-1,2,2,2,-1,2,2,2,-1,3,3,3,-1,3,3,3,-1,4,4,4,-1,4,4,4,-1,5,5,5,-1,5,5,5,-1,6,6,6,-1,6,6,6,-1,7,7,7,-1,7,7,7            ]
          }
        }
        Shape {
          appearance USE M0
          geometry IndexedFaceSet {
            coord Coordinate {
              point [
190.62653625 3443.69272224 13805.58543734,312.3733648 3275.85652779 13805.58542815,311.68995675 3275.85652793 13805.5854282,-96.13438967 3448.17739608 13805.58545899,318.60368516 3623.41963569 13805.58542768,318.60368452 3620.11792891 13805.58542768,190.62653931 3443.69272224 13846.08642534,318.60368758 3620.11792891 13846.08641568,318.60368822 3623.41963569 13846.08641568,-96.13438662 3448.17739608 13846.08644699,311.6899598 3275.85652793 13846.0864162,312.37336786 3275.85652779 13846.08641615              ]
            }
            coordIndex [
0,1,2,-1,3,4,5,-1,0,2,3,-1,3,5,0,-1,6,7,8,-1,9,10,11,-1,6,8,9,-1,9,11,6,-1,2,1,11,-1,11,10,2,-1,8,7,5,-1,5,4,8,-1,10,9,3,-1,3,2,10,-1,3,9,8,-1,8,4,3,-1,6,11,1,-1,1,0,6,-1,6,0,5,-1,5,7,6            ]
            ccw TRUE
            normalPerVertex TRUE
            normal Normal {
              vector [
-1 -0 0,1 0 0,0 -1 0,0 0 -1,0 -0.89155 0.45292,0 0.89155 0.45292,0 0.51659 -0.85623,0 -0.51659 -0.85623              ]
            }
            normalIndex [
0,0,0,-1,0,0,0,-1,0,0,0,-1,0,0,0,-1,1,1,1,-1,1,1,1,-1,1,1,1,-1,1,1,1,-1,2,2,2,-1,2,2,2,-1,3,3,3,-1,3,3,3,-1,4,4,4,-1,4,4,4,-1,5,5,5,-1,5,5,5,-1,6,6,6,-1,6,6,6,-1,7,7,7,-1,7,7,7            ]
          }
        }
        Shape {
          appearance USE M0
          geometry IndexedFaceSet {
            coord Coordinate {
              point [
44090.62629211 3875.43222419 12807.49949984,44212.37312066 3707.59602975 12807.49949065,44211.68971261 3707.59602988 12807.4994907,43803.86536619 3879.91689803 12807.49952149,44218.60344102 4055.15913764 12807.49949018,44218.60344038 4051.85743086 12807.49949018,44090.62629517 3875.43222419 12848.00048784,44218.60344343 4051.85743086 12848.00047818,44218.60344408 4055.15913764 12848.00047818,43803.86536924 3879.91689803 12848.00050949,44211.68971566 3707.59602988 12848.0004787,44212.37312372 3707.59602975 12848.00047865              ]
            }
            coordIndex [
0,1,2,-1,3,4,5,-1,0,2,3,-1,3,5,0,-1,6,7,8,-1,9,10,11,-1,6,8,9,-1,9,11,6,-1,2,1,11,-1,11,10,2,-1,8,7,5,-1,5,4,8,-1,10,9,3,-1,3,2,10,-1,3,9,8,-1,8,4,3,-1,6,11,1,-1,1,0,6,-1,6,0,5,-1,5,7,6            ]
            ccw TRUE
            normalPerVertex TRUE
            normal Normal {
              vector [
-1 -0 0,1 0 0,0 -1 0,0 0 -1,0 -0.89155 0.45292,0 0.89155 0.45292,0 0.51659 -0.85623,0 -0.51659 -0.85623              ]
            }
            normalIndex [
0,0,0,-1,0,0,0,-1,0,0,0,-1,0,0,0,-1,1,1,1,-1,1,1,1,-1,1,1,1,-1,1,1,1,-1,2,2,2,-1,2,2,2,-1,3,3,3,-1,3,3,3,-1,4,4,4,-1,4,4,4,-1,5,5,5,-1,5,5,5,-1,6,6,6,-1,6,6,6,-1,7,7,7,-1,7,7,7            ]
          }
        }
        Shape {
          appearance USE M0
          geometry IndexedFaceSet {
            coord Coordinate {
              point [
22090.62629211 4707.17099373 14554.15184359,22212.37312066 4539.33479928 14554.1518344,22211.68971261 4539.33479941 14554.15183445,21803.86536619 4711.65566756 14554.15186524,22218.60344102 4886.89790717 14554.15183393,22218.60344038 4883.59620039 14554.15183393,22090.62629517 4707.17099373 14594.65283159,22218.60344343 4883.59620039 14594.65282193,22218.60344408 4886.89790717 14594.65282193,21803.86536924 4711.65566756 14594.65285324,22211.68971566 4539.33479941 14594.65282245,22212.37312372 4539.33479928 14594.6528224              ]
            }
            coordIndex [
0,1,2,-1,3,4,5,-1,0,2,3,-1,3,5,0,-1,6,7,8,-1,9,10,11,-1,6,8,9,-1,9,11,6,-1,2,1,11,-1,11,10,2,-1,8,7,5,-1,5,4,8,-1,10,9,3,-1,3,2,10,-1,3,9,8,-1,8,4,3,-1,6,11,1,-1,1,0,6,-1,6,0,5,-1,5,7,6            ]
            ccw TRUE
            normalPerVertex TRUE
            normal Normal {
              vector [
-1 -0 0,1 0 0,0 -1 0,0 0 -1,0 -0.89155 0.45292,0 0.89155 0.45292,0 0.51659 -0.85623,0 -0.51659 -0.85623              ]
            }
            normalIndex [
0,0,0,-1,0,0,0,-1,0,0,0,-1,0,0,0,-1,1,1,1,-1,1,1,1,-1,1,1,1,-1,1,1,1,-1,2,2,2,-1,2,2,2,-1,3,3,3,-1,3,3,3,-1,4,4,4,-1,4,4,4,-1,5,5,5,-1,5,5,5,-1,6,6,6,-1,6,6,6,-1,7,7,7,-1,7,7,7            ]
          }
        }
        Shape {
          appearance USE M0
          geometry IndexedFaceSet {
            coord Coordinate {
              point [
12890.62629211 3443.69272224 13306.54246859,13012.37312066 3275.85652779 13306.5424594,13011.68971261 3275.85652793 13306.54245945,12603.86536619 3448.17739608 13306.54249024,13018.60344102 3623.41963569 13306.54245893,13018.60344038 3620.11792891 13306.54245893,12890.62629517 3443.69272224 13347.04345659,13018.60344343 3620.11792891 13347.04344693,13018.60344408 3623.41963569 13347.04344693,12603.86536924 3448.17739608 13347.04347824,13011.68971566 3275.85652793 13347.04344745,13012.37312372 3275.85652779 13347.0434474              ]
            }
            coordIndex [
0,1,2,-1,3,4,5,-1,0,2,3,-1,3,5,0,-1,6,7,8,-1,9,10,11,-1,6,8,9,-1,9,11,6,-1,2,1,11,-1,11,10,2,-1,8,7,5,-1,5,4,8,-1,10,9,3,-1,3,2,10,-1,3,9,8,-1,8,4,3,-1,6,11,1,-1,1,0,6,-1,6,0,5,-1,5,7,6            ]
            ccw TRUE
            normalPerVertex TRUE
            normal Normal {
              vector [
-1 -0 0,1 0 0,0 -1 0,0 0 -1,0 -0.89155 0.45292,0 0.89155 0.45292,0 0.51659 -0.85623,0 -0.51659 -0.85623              ]
            }
            normalIndex [
0,0,0,-1,0,0,0,-1,0,0,0,-1,0,0,0,-1,1,1,1,-1,1,1,1,-1,1,1,1,-1,1,1,1,-1,2,2,2,-1,2,2,2,-1,3,3,3,-1,3,3,3,-1,4,4,4,-1,4,4,4,-1,5,5,5,-1,5,5,5,-1,6,6,6,-1,6,6,6,-1,7,7,7,-1,7,7,7            ]
          }
        }
        Shape {
          appearance USE M0
          geometry IndexedFaceSet {
            coord Coordinate {
              point [
19290.62629211 4243.69296638 14803.67332796,19412.37312066 4075.85677193 14803.67331877,19411.68971261 4075.85677207 14803.67331882,19003.86536619 4248.17764022 14803.67334961,19418.60344102 4423.41987983 14803.6733183,19418.60344038 4420.11817305 14803.6733183,19290.62629517 4243.69296638 14844.17431597,19418.60344343 4420.11817305 14844.17430631,19418.60344408 4423.41987983 14844.17430631,19003.86536924 4248.17764022 14844.17433762,19411.68971566 4075.85677207 14844.17430683,19412.37312372 4075.85677193 14844.17430678              ]
            }
            coordIndex [
0,1,2,-1,3,4,5,-1,0,2,3,-1,3,5,0,-1,6,7,8,-1,9,10,11,-1,6,8,9,-1,9,11,6,-1,2,1,11,-1,11,10,2,-1,8,7,5,-1,5,4,8,-1,10,9,3,-1,3,2,10,-1,3,9,8,-1,8,4,3,-1,6,11,1,-1,1,0,6,-1,6,0,5,-1,5,7,6            ]
            ccw TRUE
            normalPerVertex TRUE
            normal Normal {
              vector [
-1 -0 0,1 0 0,0 -1 0,0 0 -1,0 -0.89155 0.45292,0 0.89155 0.45292,0 0.51659 -0.85623,0 -0.51659 -0.85623              ]
            }
            normalIndex [
0,0,0,-1,0,0,0,-1,0,0,0,-1,0,0,0,-1,1,1,1,-1,1,1,1,-1,1,1,1,-1,1,1,1,-1,2,2,2,-1,2,2,2,-1,3,3,3,-1,3,3,3,-1,4,4,4,-1,4,4,4,-1,5,5,5,-1,5,5,5,-1,6,6,6,-1,6,6,6,-1,7,7,7,-1,7,7,7            ]
          }
        }
        Shape {
          appearance USE M0
          geometry IndexedFaceSet {
            coord Coordinate {
              point [
9690.62531555 4707.17099373 14554.15184359,9812.3721441 4539.33479928 14554.1518344,9811.68873604 4539.33479941 14554.15183445,9403.86438962 4711.65566756 14554.15186524,9818.60246446 4886.89790717 14554.15183393,9818.60246381 4883.59620039 14554.15183393,9690.62531861 4707.17099373 14594.65283159,9818.60246687 4883.59620039 14594.65282193,9818.60246751 4886.89790717 14594.65282193,9403.86439268 4711.65566756 14594.65285324,9811.6887391 4539.33479941 14594.65282245,9812.37214715 4539.33479928 14594.6528224              ]
            }
            coordIndex [
0,1,2,-1,3,4,5,-1,0,2,3,-1,3,5,0,-1,6,7,8,-1,9,10,11,-1,6,8,9,-1,9,11,6,-1,2,1,11,-1,11,10,2,-1,8,7,5,-1,5,4,8,-1,10,9,3,-1,3,2,10,-1,3,9,8,-1,8,4,3,-1,6,11,1,-1,1,0,6,-1,6,0,5,-1,5,7,6            ]
            ccw TRUE
            normalPerVertex TRUE
            normal Normal {
              vector [
-1 -0 0,1 0 0,0 -1 0,0 0 -1,0 -0.89155 0.45292,0 0.89155 0.45292,0 0.51659 -0.85623,0 -0.51659 -0.85623              ]
            }
            normalIndex [
0,0,0,-1,0,0,0,-1,0,0,0,-1,0,0,0,-1,1,1,1,-1,1,1,1,-1,1,1,1,-1,1,1,1,-1,2,2,2,-1,2,2,2,-1,3,3,3,-1,3,3,3,-1,4,4,4,-1,4,4,4,-1,5,5,5,-1,5,5,5,-1,6,6,6,-1,6,6,6,-1,7,7,7,-1,7,7,7            ]
          }
        }
        Shape {
          appearance USE M0
          geometry IndexedFaceSet {
            coord Coordinate {
              point [
44090.62629211 4707.17099373 14304.63035921,44212.37312066 4539.33479928 14304.63035002,44211.68971261 4539.33479941 14304.63035007,43803.86536619 4711.65566756 14304.63038086,44218.60344102 4886.89790717 14304.63034955,44218.60344038 4883.59620039 14304.63034955,44090.62629517 4707.17099373 14345.13134722,44218.60344343 4883.59620039 14345.13133756,44218.60344408 4886.89790717 14345.13133756,43803.86536924 4711.65566756 14345.13136887,44211.68971566 4539.33479941 14345.13133808,44212.37312372 4539.33479928 14345.13133803              ]
            }
            coordIndex [
0,1,2,-1,3,4,5,-1,0,2,3,-1,3,5,0,-1,6,7,8,-1,9,10,11,-1,6,8,9,-1,9,11,6,-1,2,1,11,-1,11,10,2,-1,8,7,5,-1,5,4,8,-1,10,9,3,-1,3,2,10,-1,3,9,8,-1,8,4,3,-1,6,11,1,-1,1,0,6,-1,6,0,5,-1,5,7,6            ]
            ccw TRUE
            normalPerVertex TRUE
            normal Normal {
              vector [
-1 -0 0,1 0 0,0 -1 0,0 0 -1,0 -0.89155 0.45292,0 0.89155 0.45292,0 0.51659 -0.85623,0 -0.51659 -0.85623              ]
            }
            normalIndex [
0,0,0,-1,0,0,0,-1,0,0,0,-1,0,0,0,-1,1,1,1,-1,1,1,1,-1,1,1,1,-1,1,1,1,-1,2,2,2,-1,2,2,2,-1,3,3,3,-1,3,3,3,-1,4,4,4,-1,4,4,4,-1,5,5,5,-1,5,5,5,-1,6,6,6,-1,6,6,6,-1,7,7,7,-1,7,7,7            ]
          }
        }
        Shape {
          appearance USE M0
          geometry IndexedFaceSet {
            coord Coordinate {
              point [
19290.62629211 4707.17099373 13805.58543734,19412.37312066 4539.33479928 13805.58542815,19411.68971261 4539.33479941 13805.5854282,19003.86536619 4711.65566756 13805.58545899,19418.60344102 4886.89790717 13805.58542768,19418.60344038 4883.59620039 13805.58542768,19290.62629517 4707.17099373 13846.08642534,19418.60344343 4883.59620039 13846.08641568,19418.60344408 4886.89790717 13846.08641568,19003.86536924 4711.65566756 13846.08644699,19411.68971566 4539.33479941 13846.0864162,19412.37312372 4539.33479928 13846.08641615              ]
            }
            coordIndex [
0,1,2,-1,3,4,5,-1,0,2,3,-1,3,5,0,-1,6,7,8,-1,9,10,11,-1,6,8,9,-1,9,11,6,-1,2,1,11,-1,11,10,2,-1,8,7,5,-1,5,4,8,-1,10,9,3,-1,3,2,10,-1,3,9,8,-1,8,4,3,-1,6,11,1,-1,1,0,6,-1,6,0,5,-1,5,7,6            ]
            ccw TRUE
            normalPerVertex TRUE
            normal Normal {
              vector [
-1 -0 0,1 0 0,0 -1 0,0 0 -1,0 -0.89155 0.45292,0 0.89155 0.45292,0 0.51659 -0.85623,0 -0.51659 -0.85623              ]
            }
            normalIndex [
0,0,0,-1,0,0,0,-1,0,0,0,-1,0,0,0,-1,1,1,1,-1,1,1,1,-1,1,1,1,-1,1,1,1,-1,2,2,2,-1,2,2,2,-1,3,3,3,-1,3,3,3,-1,4,4,4,-1,4,4,4,-1,5,5,5,-1,5,5,5,-1,6,6,6,-1,6,6,6,-1,7,7,7,-1,7,7,7            ]
          }
        }
        Shape {
          appearance USE M0
          geometry IndexedFaceSet {
            coord Coordinate {
              point [
46890.62629211 3875.43222419 14554.15184359,47012.37312066 3707.59602975 14554.1518344,47011.68971261 3707.59602988 14554.15183445,46603.86536619 3879.91689803 14554.15186524,47018.60344102 4055.15913764 14554.15183393,47018.60344038 4051.85743086 14554.15183393,46890.62629517 3875.43222419 14594.65283159,47018.60344343 4051.85743086 14594.65282193,47018.60344408 4055.15913764 14594.65282193,46603.86536924 3879.91689803 14594.65285324,47011.68971566 3707.59602988 14594.65282245,47012.37312372 3707.59602975 14594.6528224              ]
            }
            coordIndex [
0,1,2,-1,3,4,5,-1,0,2,3,-1,3,5,0,-1,6,7,8,-1,9,10,11,-1,6,8,9,-1,9,11,6,-1,2,1,11,-1,11,10,2,-1,8,7,5,-1,5,4,8,-1,10,9,3,-1,3,2,10,-1,3,9,8,-1,8,4,3,-1,6,11,1,-1,1,0,6,-1,6,0,5,-1,5,7,6            ]
            ccw TRUE
            normalPerVertex TRUE
            normal Normal {
              vector [
-1 -0 0,1 0 0,0 -1 0,0 0 -1,0 -0.89155 0.45292,0 0.89155 0.45292,0 0.51659 -0.85623,0 -0.51659 -0.85623              ]
            }
            normalIndex [
0,0,0,-1,0,0,0,-1,0,0,0,-1,0,0,0,-1,1,1,1,-1,1,1,1,-1,1,1,1,-1,1,1,1,-1,2,2,2,-1,2,2,2,-1,3,3,3,-1,3,3,3,-1,4,4,4,-1,4,4,4,-1,5,5,5,-1,5,5,5,-1,6,6,6,-1,6,6,6,-1,7,7,7,-1,7,7,7            ]
          }
        }
        Shape {
          appearance USE M0
          geometry IndexedFaceSet {
            coord Coordinate {
              point [
-3009.37346375 3443.69272224 14554.15184359,-2887.6266352 3275.85652779 14554.1518344,-2888.31004325 3275.85652793 14554.15183445,-3296.13438967 3448.17739608 14554.15186524,-2881.39631484 3623.41963569 14554.15183393,-2881.39631548 3620.11792891 14554.15183393,-3009.37346069 3443.69272224 14594.65283159,-2881.39631242 3620.11792891 14594.65282193,-2881.39631178 3623.41963569 14594.65282193,-3296.13438662 3448.17739608 14594.65285324,-2888.3100402 3275.85652793 14594.65282245,-2887.62663214 3275.85652779 14594.6528224              ]
            }
            coordIndex [
0,1,2,-1,3,4,5,-1,0,2,3,-1,3,5,0,-1,6,7,8,-1,9,10,11,-1,6,8,9,-1,9,11,6,-1,2,1,11,-1,11,10,2,-1,8,7,5,-1,5,4,8,-1,10,9,3,-1,3,2,10,-1,3,9,8,-1,8,4,3,-1,6,11,1,-1,1,0,6,-1,6,0,5,-1,5,7,6            ]
            ccw TRUE
            normalPerVertex TRUE
            normal Normal {
              vector [
-1 -0 0,1 0 0,0 -1 0,0 0 -1,0 -0.89155 0.45292,0 0.89155 0.45292,0 0.51659 -0.85623,0 -0.51659 -0.85623              ]
            }
            normalIndex [
0,0,0,-1,0,0,0,-1,0,0,0,-1,0,0,0,-1,1,1,1,-1,1,1,1,-1,1,1,1,-1,1,1,1,-1,2,2,2,-1,2,2,2,-1,3,3,3,-1,3,3,3,-1,4,4,4,-1,4,4,4,-1,5,5,5,-1,5,5,5,-1,6,6,6,-1,6,6,6,-1,7,7,7,-1,7,7,7            ]
          }
        }
        Shape {
          appearance USE M0
          geometry IndexedFaceSet {
            coord Coordinate {
              point [
6590.62580383 3043.69296638 12807.49949984,6712.37263238 2875.85677193 12807.49949065,6711.68922432 2875.85677207 12807.4994907,6303.86487791 3048.17764022 12807.49952149,6718.60295274 3223.41987983 12807.49949018,6718.6029521 3220.11817305 12807.49949018,6590.62580689 3043.69296638 12848.00048784,6718.60295515 3220.11817305 12848.00047818,6718.6029558 3223.41987983 12848.00047818,6303.86488096 3048.17764022 12848.00050949,6711.68922738 2875.85677207 12848.0004787,6712.37263543 2875.85677193 12848.00047865              ]
            }
            coordIndex [
0,1,2,-1,3,4,5,-1,0,2,3,-1,3,5,0,-1,6,7,8,-1,9,10,11,-1,6,8,9,-1,9,11,6,-1,2,1,11,-1,11,10,2,-1,8,7,5,-1,5,4,8,-1,10,9,3,-1,3,2,10,-1,3,9,8,-1,8,4,3,-1,6,11,1,-1,1,0,6,-1,6,0,5,-1,5,7,6            ]
            ccw TRUE
            normalPerVertex TRUE
            normal Normal {
              vector [
-1 -0 0,1 0 0,0 -1 0,0 0 -1,0 -0.89155 0.45292,0 0.89155 0.45292,0 0.51659 -0.85623,0 -0.51659 -0.85623              ]
            }
            normalIndex [
0,0,0,-1,0,0,0,-1,0,0,0,-1,0,0,0,-1,1,1,1,-1,1,1,1,-1,1,1,1,-1,1,1,1,-1,2,2,2,-1,2,2,2,-1,3,3,3,-1,3,3,3,-1,4,4,4,-1,4,4,4,-1,5,5,5,-1,5,5,5,-1,6,6,6,-1,6,6,6,-1,7,7,7,-1,7,7,7            ]
          }
        }
        Shape {
          appearance USE M0
          geometry IndexedFaceSet {
            coord Coordinate {
              point [
6590.62580383 4707.17099373 14803.67332796,6712.37263238 4539.33479928 14803.67331877,6711.68922432 4539.33479941 14803.67331882,6303.86487791 4711.65566756 14803.67334961,6718.60295274 4886.89790717 14803.6733183,6718.6029521 4883.59620039 14803.6733183,6590.62580689 4707.17099373 14844.17431597,6718.60295515 4883.59620039 14844.17430631,6718.6029558 4886.89790717 14844.17430631,6303.86488096 4711.65566756 14844.17433762,6711.68922738 4539.33479941 14844.17430683,6712.37263543 4539.33479928 14844.17430678              ]
            }
            coordIndex [
0,1,2,-1,3,4,5,-1,0,2,3,-1,3,5,0,-1,6,7,8,-1,9,10,11,-1,6,8,9,-1,9,11,6,-1,2,1,11,-1,11,10,2,-1,8,7,5,-1,5,4,8,-1,10,9,3,-1,3,2,10,-1,3,9,8,-1,8,4,3,-1,6,11,1,-1,1,0,6,-1,6,0,5,-1,5,7,6            ]
            ccw TRUE
            normalPerVertex TRUE
            normal Normal {
              vector [
-1 -0 0,1 0 0,0 -1 0,0 0 -1,0 -0.89155 0.45292,0 0.89155 0.45292,0 0.51659 -0.85623,0 -0.51659 -0.85623              ]
            }
            normalIndex [
0,0,0,-1,0,0,0,-1,0,0,0,-1,0,0,0,-1,1,1,1,-1,1,1,1,-1,1,1,1,-1,1,1,1,-1,2,2,2,-1,2,2,2,-1,3,3,3,-1,3,3,3,-1,4,4,4,-1,4,4,4,-1,5,5,5,-1,5,5,5,-1,6,6,6,-1,6,6,6,-1,7,7,7,-1,7,7,7            ]
          }
        }
        Shape {
          appearance USE M0
          geometry IndexedFaceSet {
            coord Coordinate {
              point [
12890.62629211 3443.69272224 14304.63035921,13012.37312066 3275.85652779 14304.63035002,13011.68971261 3275.85652793 14304.63035007,12603.86536619 3448.17739608 14304.63038086,13018.60344102 3623.41963569 14304.63034955,13018.60344038 3620.11792891 14304.63034955,12890.62629517 3443.69272224 14345.13134722,13018.60344343 3620.11792891 14345.13133756,13018.60344408 3623.41963569 14345.13133756,12603.86536924 3448.17739608 14345.13136887,13011.68971566 3275.85652793 14345.13133808,13012.37312372 3275.85652779 14345.13133803              ]
            }
            coordIndex [
0,1,2,-1,3,4,5,-1,0,2,3,-1,3,5,0,-1,6,7,8,-1,9,10,11,-1,6,8,9,-1,9,11,6,-1,2,1,11,-1,11,10,2,-1,8,7,5,-1,5,4,8,-1,10,9,3,-1,3,2,10,-1,3,9,8,-1,8,4,3,-1,6,11,1,-1,1,0,6,-1,6,0,5,-1,5,7,6            ]
            ccw TRUE
            normalPerVertex TRUE
            normal Normal {
              vector [
-1 -0 0,1 0 0,0 -1 0,0 0 -1,0 -0.89155 0.45292,0 0.89155 0.45292,0 0.51659 -0.85623,0 -0.51659 -0.85623              ]
            }
            normalIndex [
0,0,0,-1,0,0,0,-1,0,0,0,-1,0,0,0,-1,1,1,1,-1,1,1,1,-1,1,1,1,-1,1,1,1,-1,2,2,2,-1,2,2,2,-1,3,3,3,-1,3,3,3,-1,4,4,4,-1,4,4,4,-1,5,5,5,-1,5,5,5,-1,6,6,6,-1,6,6,6,-1,7,7,7,-1,7,7,7            ]
          }
        }
        Shape {
          appearance USE M0
          geometry IndexedFaceSet {
            coord Coordinate {
              point [
40890.62629211 3043.69296638 13556.06492952,41012.37312066 2875.85677193 13556.06492033,41011.68971261 2875.85677207 13556.06492038,40603.86536619 3048.17764022 13556.06495117,41018.60344102 3223.41987983 13556.06491986,41018.60344038 3220.11817305 13556.06491986,40890.62629517 3043.69296638 13596.56591753,41018.60344343 3220.11817305 13596.56590787,41018.60344408 3223.41987983 13596.56590787,40603.86536924 3048.17764022 13596.56593918,41011.68971566 2875.85677207 13596.56590839,41012.37312372 2875.85677193 13596.56590834              ]
            }
            coordIndex [
0,1,2,-1,3,4,5,-1,0,2,3,-1,3,5,0,-1,6,7,8,-1,9,10,11,-1,6,8,9,-1,9,11,6,-1,2,1,11,-1,11,10,2,-1,8,7,5,-1,5,4,8,-1,10,9,3,-1,3,2,10,-1,3,9,8,-1,8,4,3,-1,6,11,1,-1,1,0,6,-1,6,0,5,-1,5,7,6            ]
            ccw TRUE
            normalPerVertex TRUE
            normal Normal {
              vector [
-1 -0 0,1 0 0,0 -1 0,0 0 -1,0 -0.89155 0.45292,0 0.89155 0.45292,0 0.51659 -0.85623,0 -0.51659 -0.85623              ]
            }
            normalIndex [
0,0,0,-1,0,0,0,-1,0,0,0,-1,0,0,0,-1,1,1,1,-1,1,1,1,-1,1,1,1,-1,1,1,1,-1,2,2,2,-1,2,2,2,-1,3,3,3,-1,3,3,3,-1,4,4,4,-1,4,4,4,-1,5,5,5,-1,5,5,5,-1,6,6,6,-1,6,6,6,-1,7,7,7,-1,7,7,7            ]
          }
        }
        Shape {
          appearance USE M0
          geometry IndexedFaceSet {
            coord Coordinate {
              point [
31390.62629211 3443.69272224 13805.58543734,31512.37312066 3275.85652779 13805.58542815,31511.68971261 3275.85652793 13805.5854282,31103.86536619 3448.17739608 13805.58545899,31518.60344102 3623.41963569 13805.58542768,31518.60344038 3620.11792891 13805.58542768,31390.62629517 3443.69272224 13846.08642534,31518.60344343 3620.11792891 13846.08641568,31518.60344408 3623.41963569 13846.08641568,31103.86536924 3448.17739608 13846.08644699,31511.68971566 3275.85652793 13846.0864162,31512.37312372 3275.85652779 13846.08641615              ]
            }
            coordIndex [
0,1,2,-1,3,4,5,-1,0,2,3,-1,3,5,0,-1,6,7,8,-1,9,10,11,-1,6,8,9,-1,9,11,6,-1,2,1,11,-1,11,10,2,-1,8,7,5,-1,5,4,8,-1,10,9,3,-1,3,2,10,-1,3,9,8,-1,8,4,3,-1,6,11,1,-1,1,0,6,-1,6,0,5,-1,5,7,6            ]
            ccw TRUE
            normalPerVertex TRUE
            normal Normal {
              vector [
-1 -0 0,1 0 0,0 -1 0,0 0 -1,0 -0.89155 0.45292,0 0.89155 0.45292,0 0.51659 -0.85623,0 -0.51659 -0.85623              ]
            }
            normalIndex [
0,0,0,-1,0,0,0,-1,0,0,0,-1,0,0,0,-1,1,1,1,-1,1,1,1,-1,1,1,1,-1,1,1,1,-1,2,2,2,-1,2,2,2,-1,3,3,3,-1,3,3,3,-1,4,4,4,-1,4,4,4,-1,5,5,5,-1,5,5,5,-1,6,6,6,-1,6,6,6,-1,7,7,7,-1,7,7,7            ]
          }
        }
        Shape {
          appearance USE M0
          geometry IndexedFaceSet {
            coord Coordinate {
              point [
34490.62629211 3043.69296638 13057.02196077,34612.37312066 2875.85677193 13057.02195158,34611.68971261 2875.85677207 13057.02195163,34203.86536619 3048.17764022 13057.02198242,34618.60344102 3223.41987983 13057.02195111,34618.60344038 3220.11817305 13057.02195111,34490.62629517 3043.69296638 13097.52294878,34618.60344343 3220.11817305 13097.52293912,34618.60344408 3223.41987983 13097.52293912,34203.86536924 3048.17764022 13097.52297043,34611.68971566 2875.85677207 13097.52293964,34612.37312372 2875.85677193 13097.52293959              ]
            }
            coordIndex [
0,1,2,-1,3,4,5,-1,0,2,3,-1,3,5,0,-1,6,7,8,-1,9,10,11,-1,6,8,9,-1,9,11,6,-1,2,1,11,-1,11,10,2,-1,8,7,5,-1,5,4,8,-1,10,9,3,-1,3,2,10,-1,3,9,8,-1,8,4,3,-1,6,11,1,-1,1,0,6,-1,6,0,5,-1,5,7,6            ]
            ccw TRUE
            normalPerVertex TRUE
            normal Normal {
              vector [
-1 -0 0,1 0 0,0 -1 0,0 0 -1,0 -0.89155 0.45292,0 0.89155 0.45292,0 0.51659 -0.85623,0 -0.51659 -0.85623              ]
            }
            normalIndex [
0,0,0,-1,0,0,0,-1,0,0,0,-1,0,0,0,-1,1,1,1,-1,1,1,1,-1,1,1,1,-1,1,1,1,-1,2,2,2,-1,2,2,2,-1,3,3,3,-1,3,3,3,-1,4,4,4,-1,4,4,4,-1,5,5,5,-1,5,5,5,-1,6,6,6,-1,6,6,6,-1,7,7,7,-1,7,7,7            ]
          }
        }
        Shape {
          appearance USE M0
          geometry IndexedFaceSet {
            coord Coordinate {
              point [
44090.62629211 3875.43222419 14803.67332796,44212.37312066 3707.59602975 14803.67331877,44211.68971261 3707.59602988 14803.67331882,43803.86536619 3879.91689803 14803.67334961,44218.60344102 4055.15913764 14803.6733183,44218.60344038 4051.85743086 14803.6733183,44090.62629517 3875.43222419 14844.17431597,44218.60344343 4051.85743086 14844.17430631,44218.60344408 4055.15913764 14844.17430631,43803.86536924 3879.91689803 14844.17433762,44211.68971566 3707.59602988 14844.17430683,44212.37312372 3707.59602975 14844.17430678              ]
            }
            coordIndex [
0,1,2,-1,3,4,5,-1,0,2,3,-1,3,5,0,-1,6,7,8,-1,9,10,11,-1,6,8,9,-1,9,11,6,-1,2,1,11,-1,11,10,2,-1,8,7,5,-1,5,4,8,-1,10,9,3,-1,3,2,10,-1,3,9,8,-1,8,4,3,-1,6,11,1,-1,1,0,6,-1,6,0,5,-1,5,7,6            ]
            ccw TRUE
            normalPerVertex TRUE
            normal Normal {
              vector [
-1 -0 0,1 0 0,0 -1 0,0 0 -1,0 -0.89155 0.45292,0 0.89155 0.45292,0 0.51659 -0.85623,0 -0.51659 -0.85623              ]
            }
            normalIndex [
0,0,0,-1,0,0,0,-1,0,0,0,-1,0,0,0,-1,1,1,1,-1,1,1,1,-1,1,1,1,-1,1,1,1,-1,2,2,2,-1,2,2,2,-1,3,3,3,-1,3,3,3,-1,4,4,4,-1,4,4,4,-1,5,5,5,-1,5,5,5,-1,6,6,6,-1,6,6,6,-1,7,7,7,-1,7,7,7            ]
          }
        }
        Shape {
          appearance USE M0
          geometry IndexedFaceSet {
            coord Coordinate {
              point [
34490.62629211 4707.17099373 13057.02196077,34612.37312066 4539.33479928 13057.02195158,34611.68971261 4539.33479941 13057.02195163,34203.86536619 4711.65566756 13057.02198242,34618.60344102 4886.89790717 13057.02195111,34618.60344038 4883.59620039 13057.02195111,34490.62629517 4707.17099373 13097.52294878,34618.60344343 4883.59620039 13097.52293912,34618.60344408 4886.89790717 13097.52293912,34203.86536924 4711.65566756 13097.52297043,34611.68971566 4539.33479941 13097.52293964,34612.37312372 4539.33479928 13097.52293959              ]
            }
            coordIndex [
0,1,2,-1,3,4,5,-1,0,2,3,-1,3,5,0,-1,6,7,8,-1,9,10,11,-1,6,8,9,-1,9,11,6,-1,2,1,11,-1,11,10,2,-1,8,7,5,-1,5,4,8,-1,10,9,3,-1,3,2,10,-1,3,9,8,-1,8,4,3,-1,6,11,1,-1,1,0,6,-1,6,0,5,-1,5,7,6            ]
            ccw TRUE
            normalPerVertex TRUE
            normal Normal {
              vector [
-1 -0 0,1 0 0,0 -1 0,0 0 -1,0 -0.89155 0.45292,0 0.89155 0.45292,0 0.51659 -0.85623,0 -0.51659 -0.85623              ]
            }
            normalIndex [
0,0,0,-1,0,0,0,-1,0,0,0,-1,0,0,0,-1,1,1,1,-1,1,1,1,-1,1,1,1,-1,1,1,1,-1,2,2,2,-1,2,2,2,-1,3,3,3,-1,3,3,3,-1,4,4,4,-1,4,4,4,-1,5,5,5,-1,5,5,5,-1,6,6,6,-1,6,6,6,-1,7,7,7,-1,7,7,7            ]
          }
        }
        Shape {
          appearance DEF M7 Appearance {
            material Material {
              diffuseColor 0.78354 0.78354 0.78354
              emissiveColor 0 0 0
              shininess 0
            }
          }
          geometry IndexedFaceSet {
            coord Coordinate {
              point [
41686.19995117 3978.9818143 11911.59908319,41686.19995117 3979.0020322 11911.59908318,41687.39929199 3979.74208345 11911.49913799,41686.19995117 3979.80197422 11911.59908305,41688.49945068 3980.46191683 11911.49913788,41686.19995117 3980.59199802 11911.59908292,41689.1998291 3981.12185944 11911.3991927,41686.19995117 3981.32213108 11911.59908281,41689.50042725 3981.7119931 11911.39919261,41692.79937744 3981.4720486 11911.09935744,41689.1998291 3982.19188202 11911.39919253,41686.19995117 3982.48179904 11911.59908262,41686.19995117 3981.96185581 11911.5990827,41686.19995117 3982.87204257 11911.59908255,41688.49945068 3982.56190767 11911.49913754,41692.1005249 3981.92180142 11911.19930243,41690.49987793 3982.29182707 11911.29924744,41694.70062256 3981.71199304 11910.99941233,41695.89996338 3981.27177696 11910.89946734,41694.70062256 3980.78196985 11910.99941248,41699.20043945 3981.11194109 11910.59963216,41692.1005249 3980.94180569 11911.19930259,41694.70062256 3980.84186059 11910.99941247,41695.89996338 3980.7117794 11910.89946743,41694.70062256 3980.44208032 11910.99941254,41694.70062256 3981.30191308 11910.9994124,41695.89996338 3981.08180503 11910.89946737,41694.70062256 3981.6620205 11910.99941234,41695.89996338 3981.42207603 11910.89946731,41695.89996338 3981.61204795 11910.89946728,41692.1005249 3981.96185574 11911.19930243,41690.49987793 3982.00191008 11911.29924749,41692.1005249 3981.79210171 11911.19930246,41688.40026855 3982.06180086 11911.49913762,41689.1998291 3981.91188324 11911.39919257,41692.70019531 3981.61204799 11911.09935742,41689.50042725 3981.78180206 11911.39919259,41689.1998291 3981.66202057 11911.39919261,41692.1005249 3981.49188504 11911.1993025,41688.40026855 3981.57199373 11911.4991377,41690.49987793 3981.41177641 11911.29924759,41687.39929199 3981.48196687 11911.49913771,41688.40026855 3981.3518857 11911.49913773,41692.1005249 3981.25194058 11911.19930254,41689.1998291 3981.2218045 11911.39919269,41692.70019531 3981.07188685 11911.0993575,41689.50042725 3981.08180512 11911.39919271,41689.1998291 3980.94180573 11911.39919273,41692.1005249 3980.89183316 11911.1993026,41688.40026855 3980.80180635 11911.49913782,41690.49987793 3980.71177946 11911.2992477,41687.39929199 3980.65188875 11911.49913785,41688.40026855 3980.53210726 11911.49913787,41692.1005249 3980.60191617 11911.19930265,41689.1998291 3980.39210785 11911.39919282,41692.79937744 3980.46191676 11911.0993576,41689.50042725 3980.25210846 11911.39919284,41689.1998291 3980.10180939 11911.39919287,41692.1005249 3980.26202664 11911.19930271,41688.49945068 3979.9518918 11911.49913796,41690.49987793 3980.0220822 11911.29924781,41687.39929199 3979.81189241 11911.49913798,41688.49945068 3979.76191988 11911.49913799,41692.1005249 3980.09189114 11911.19930273,41689.1998291 3979.73178375 11911.39919293,41692.70019531 3980.17199977 11911.09935765,41695.89996338 3980.62175254 11910.89946744,41692.1005249 3980.25210843 11911.19930271,41689.1998291 3979.70202911 11911.39919293,41688.49945068 3979.71194734 11911.499138,41690.49987793 3980.35205351 11911.29924776,41686.19995117 3979.05200473 11911.59908318,41686.19995117 3979.13211338 11911.59908316,41689.50042725 3979.70202911 11911.39919293,41686.19995117 3979.23205844 11911.59908315,41686.19995117 3979.36175815 11911.59908313,41686.19995117 3979.50175754 11911.5990831,41686.19995117 3979.66197483 11911.59908308,41686.19995117 3979.83211032 11911.59908305,41686.19995117 3979.84202854 11911.59908305,41686.19995117 3979.89200107 11911.59908304,41686.19995117 3979.97210971 11911.59908303,41686.19995117 3980.07205478 11911.59908301,41686.19995117 3980.20175449 11911.59908299,41686.19995117 3980.34175388 11911.59908297,41686.19995117 3980.50197116 11911.59908294,41686.19995117 3980.67210666 11911.59908291,41686.19995117 3980.77205173 11911.5990829,41686.19995117 3980.88191501 11911.59908288,41686.19995117 3980.98186008 11911.59908286,41686.19995117 3981.09210483 11911.59908284,41686.19995117 3981.1920499 11911.59908283,41686.19995117 3981.30191318 11911.59908281,41686.19995117 3981.40185825 11911.59908279,41686.19995117 3981.512103 11911.59908277,41686.19995117 3981.61204807 11911.59908276,41686.19995117 3981.72191135 11911.59908274,41686.19995117 3981.82185642 11911.59908272,41686.19995117 3981.93210117 11911.59908271,41686.19995117 3982.04196445 11911.59908269,41686.19995117 3982.14190952 11911.59908267,41686.19995117 3982.2517728 11911.59908265,41687.39929199 3982.22201814 11911.49913759,41686.19995117 3982.35209934 11911.59908264,41686.19995117 3982.37193576 11911.59908263,41688.49945068 3982.20180025 11911.49913759,41686.19995117 3982.4219083 11911.59908263,41689.1998291 3982.23193634 11911.39919252,41686.19995117 3982.49209873 11911.59908262,41689.50042725 3982.30212677 11911.39919251,41692.70019531 3981.98207362 11911.09935736,41689.1998291 3982.42190826 11911.39919249,41692.1005249 3982.09193692 11911.19930241,41688.49945068 3982.60196199 11911.49913753,41686.19995117 3982.73204318 11911.59908258,41686.19995117 3982.60196201 11911.5990826,41687.39929199 3982.83198824 11911.49913749,41686.19995117 3983.03187839 11911.59908253,41686.19995117 3983.19209568 11911.5990825,41686.19995117 3983.11198703 11911.59908251              ]
            }
            coordIndex [
0,1,2,-1,0,2,3,-1,3,2,4,-1,3,4,5,-1,5,4,6,-1,5,6,7,-1,7,6,8,-1,6,9,8,-1,10,8,9,-1,11,12,8,-1,13,10,14,-1,14,10,15,-1,10,9,15,-1,14,15,16,-1,16,15,17,-1,15,9,18,-1,15,18,17,-1,19,20,18,-1,21,19,18,-1,21,18,9,-1,17,18,20,-1,22,20,23,-1,24,23,20,-1,25,20,26,-1,22,26,20,-1,27,20,28,-1,25,28,20,-1,17,20,29,-1,27,29,20,-1,30,29,27,-1,31,30,27,-1,31,27,32,-1,32,27,28,-1,33,31,32,-1,33,32,34,-1,34,32,35,-1,32,28,35,-1,34,35,36,-1,37,36,35,-1,37,35,38,-1,38,35,28,-1,39,37,38,-1,39,38,40,-1,40,38,25,-1,38,28,25,-1,41,39,40,-1,41,40,42,-1,42,40,43,-1,40,25,43,-1,42,43,44,-1,44,43,45,-1,43,25,26,-1,43,26,45,-1,44,45,46,-1,47,46,45,-1,47,45,48,-1,48,45,26,-1,49,47,48,-1,49,48,50,-1,50,48,22,-1,48,26,22,-1,51,49,50,-1,51,50,52,-1,52,50,53,-1,50,22,53,-1,52,53,54,-1,54,53,55,-1,53,22,23,-1,53,23,55,-1,54,55,56,-1,57,56,55,-1,57,55,58,-1,58,55,23,-1,59,58,60,-1,60,58,24,-1,58,23,24,-1,61,59,60,-1,61,60,62,-1,62,60,63,-1,60,24,63,-1,62,63,64,-1,64,63,65,-1,63,24,66,-1,63,66,65,-1,67,65,66,-1,67,66,19,-1,68,65,67,-1,69,68,67,-1,69,67,70,-1,70,67,19,-1,2,69,70,-1,2,70,4,-1,4,70,21,-1,70,19,21,-1,71,68,69,-1,1,71,69,-1,1,69,2,-1,71,72,68,-1,72,73,68,-1,72,74,73,-1,75,73,74,-1,68,73,65,-1,64,65,73,-1,75,64,73,-1,76,64,75,-1,76,62,64,-1,77,62,76,-1,77,61,62,-1,78,61,77,-1,78,79,61,-1,79,59,61,-1,79,80,59,-1,80,81,57,-1,81,56,57,-1,81,82,56,-1,83,56,82,-1,83,54,56,-1,84,54,83,-1,84,52,54,-1,85,52,84,-1,85,51,52,-1,86,51,85,-1,86,87,51,-1,87,49,51,-1,87,88,49,-1,88,47,49,-1,88,89,47,-1,89,46,47,-1,89,90,46,-1,91,46,90,-1,91,44,46,-1,92,44,91,-1,92,42,44,-1,93,42,92,-1,93,41,42,-1,94,41,93,-1,94,95,41,-1,95,39,41,-1,95,96,39,-1,96,37,39,-1,96,97,37,-1,97,36,37,-1,97,98,36,-1,99,36,98,-1,99,34,36,-1,100,34,99,-1,100,33,34,-1,101,33,100,-1,101,102,33,-1,103,102,101,-1,103,104,102,-1,104,105,102,-1,104,106,105,-1,106,107,105,-1,102,105,31,-1,105,107,30,-1,105,30,31,-1,108,109,107,-1,106,108,107,-1,107,109,110,-1,107,110,30,-1,111,110,109,-1,30,110,29,-1,112,29,110,-1,111,112,110,-1,113,112,111,-1,13,113,111,-1,13,111,114,-1,114,111,109,-1,114,109,115,-1,108,115,109,-1,116,16,113,-1,117,116,113,-1,117,113,13,-1,113,16,112,-1,118,116,117,-1,118,119,116,-1,119,14,116,-1,119,13,14,-1,116,14,16,-1,16,17,112,-1,112,17,29,-1,102,31,33,-1,4,21,6,-1,6,21,9            ]
            ccw TRUE
            normalPerVertex TRUE
            normal Normal {
              vector [
-0.08098 0.99672 0,0.08311 -0.99654 0,0.07686 -0.99044 -0.11457,0.04339 -0.99906 0,0.0488 -0.99391 0.0988,0.06654 -0.99778 0,0.06429 -0.99738 -0.03316,0.08717 -0.9953 -0.04227,0.09434 -0.99394 0.05637,0.06035 -0.99818 0,0.0089 -0.96956 -0.24467,0.05248 -0.98581 -0.15943,0.05599 -0.99016 -0.12828,0.05583 -0.98981 -0.13102,0.05552 -0.98909 -0.13645,0.14112 -0.92828 0.34407,0.08375 -0.99087 0.10569,0.05536 -0.98872 -0.13916,0.07478 -0.99707 -0.01595,0.08969 -0.99588 -0.01313,0.07763 -0.99693 0.00974,0.07081 -0.99291 0.09544,0.06986 -0.99272 0.09811,0.07317 -0.99336 0.08884,0.09187 -0.99559 0.01882,-0.08675 0.99589 -0.02614,-0.09827 0.99349 0.05759,-0.08981 0.99547 -0.0311,-0.091 0.99536 0.03138,-0.09642 0.99375 -0.0563,-0.08716 0.99571 0.03092,0.07253 -0.99348 -0.08792,-0.08032 0.99527 0.05469,-0.08566 0.9944 -0.06183,-0.05773 0.98292 0.17474,-0.08341 0.97753 -0.1936,-0.0745 0.99676 0.03044,-0.09887 0.95209 -0.28941,-0.05036 0.93783 0.34343,-0.05024 0.9382 0.34242,-0.05007 0.93873 0.34101,-0.04993 0.93913 0.33992,-0.03359 0.91349 0.40547,-0.10401 0.96814 -0.2278,-0.08015 0.97789 0.19316,-0.08575 0.93676 -0.33929,-0.07912 0.92187 -0.37933,-0.08355 0.95119 -0.29707,-0.07304 0.96823 0.23917,-0.06766 0.98933 0.12899,-0.07956 0.99648 -0.02638,-0.04474 0.86664 0.49692,-0.06693 0.85516 -0.51402,-0.08508 0.96818 -0.23536,-0.0731 0.9884 -0.13313,-0.06904 0.95313 0.29458,-0.06902 0.95367 0.29284,-0.06899 0.95446 0.29025,-0.06897 0.95499 0.2885,-0.07727 0.99676 0.02255,-0.06003 0.94146 0.33174,-0.09205 0.97771 -0.1887,-0.0908 0.97832 0.18613,-0.07107 0.95656 -0.28274,-0.05744 0.93947 -0.33779,-0.07098 0.96101 -0.26723,-0.08429 0.97688 0.19649,-0.07394 0.98996 0.12045,-0.07741 0.99678 -0.02087,-0.06618 0.8943 0.44254,-0.05068 0.90591 -0.42042,-0.07525 0.9773 -0.19805,-0.06817 0.99277 -0.09884,-0.08269 0.97411 0.2104,-0.08515 0.96416 0.25129,-0.07941 0.99658 0.02279,-0.08343 0.9571 0.27748,-0.07873 0.98384 -0.16081,-0.10168 0.97586 0.19329,-0.04905 0.95426 -0.29493,-0.03141 0.92921 -0.3682,-0.10557 0.94937 0.29591,-0.08778 0.97693 0.19469,-0.07333 0.99687 -0.02939,-0.09223 0.66866 0.73783,-0.02235 0.86472 -0.50175,-0.04047 0.92355 -0.38134,-0.05434 0.98348 -0.17265,-0.11286 0.91575 0.38558,-0.12121 -0.09913 0.98767,0.02367 -0.95853 0.28401,-0.14144 0.06318 0.98793,0.10811 -0.92591 -0.36195,0.08047 -0.99667 -0.01355,0.12049 -0.95333 -0.27685,0.12902 -0.93867 -0.31977,0.12966 -0.94055 -0.31394,0.12864 -0.93752 -0.32328,0.06812 -0.99335 0.09276,0.06533 -0.99606 0.05998,0.00768 -0.95943 0.28183,0.09074 -0.98578 -0.14142,0.09428 -0.99202 -0.08376,0.07466 -0.99652 -0.03717,0.13003 -0.94165 -0.31046,-0.04269 0.99909 0,0.00347 -0.99216 0.12494,-0.06607 0.99782 0,0 -0.94335 0.3318,-0.06036 0.99818 0,-0.06034 0.99818 0,-0.06033 0.99818 0,-0.06031 0.99818 0,0 -0.85558 0.51766,-0.03542 0.93975 -0.34001,-0.02842 0.95664 -0.28987,-0.06697 0.99776 0,-0.09642 0.83986 0.53416,-0.04345 0.99906 0,-0.02003 0.90235 -0.43054,-0.07929 0.99685 0,-0.07751 0.99699 -0,-0.08341 0.99652 0,-0.07526 0.99716 0,-0.06179 0.88009 0.47077,-0.04335 0.99906 0,-0.06615 0.99781 0,-0.07221 0.98667 0.14586,-0.06037 0.99818 0,-0.06038 0.99818 0,-0.06039 0.99817 0,-0.05787 0.99031 -0.12626,-0.06687 0.99776 0,-0.0683 0.95274 0.296,-0.04543 0.99897 0,-0.03841 0.94575 -0.32261,-0.08291 0.99656 0,-0.08305 0.99655 0,-0.08243 0.9966 0,-0.04732 0.94743 0.31644,-0.04558 0.99896 0,-0.05474 0.93185 -0.35869,-0.06695 0.99776 0,-0.06372 0.98824 0.13903,-0.06089 0.99814 0,-0.06041 0.99817 0,-0.06043 0.99817 0,-0.05992 0.9982 0,-0.06459 0.98802 -0.14016,-0.06682 0.99777 0,-0.05033 0.91471 0.40097,-0.04568 0.99896 0,-0.05044 0.91959 -0.38964,-0.08307 0.99654 0,-0.08304 0.99655 0,-0.08267 0.99658 0,-0.08345 0.99651 0,-0.03484 0.92142 0.387,-0.04532 0.99897 0,-0.06885 0.90981 -0.40928,-0.06596 0.99782 0,-0.0585 0.98735 0.14734,-0.06004 0.9982 0,-0.0604 0.99817 0,-0.06039 0.99817 0,-0.06074 0.99815 0,-0.0727 0.98268 -0.17046,-0.02245 0.88038 0.47374,-0.08377 0.84781 -0.52365,-0.08206 0.99663 0,-0.08144 0.99668 -0,-0.0833 0.99652 0,0.01135 0.79584 0.6054,-0.04271 0.99909 0,-0.091 0.80902 -0.5807,0.01403 0.62362 0.7816,-0.10518 0.88329 -0.45687,-0.04511 0.90155 0.43032,-0.04732 0.97754 0.20537,-0.06643 0.99779 0,-0.06295 0.96432 0.25715,-0.11267 0.7989 -0.59082,-0.11888 0.95103 -0.28531,-0.11605 0.80732 -0.57858,0.06127 0.53428 0.84308,0.05417 0.59442 0.80233,-0.00919 0.89731 0.4413,0.03295 0.8146 0.57908,-0.06661 0.99778 0,-0.08773 0.97102 -0.22232,-0.06042 0.99817 0,-0.06042 0.99817 0,-0.06054 0.99817 0,-0.17809 0.4657 -0.86684,-0.18768 0.44702 -0.87461,-0.04331 0.99906 0,-0.0593 -0.64834 -0.75904,-0.08292 0.99656 0,0.08228 -0.99661 0,0.24225 -0.13347 0.96099,0.04333 -0.99906 0,0.16057 -0.72744 0.66712,-0.01751 -0.79728 -0.60335,0.09159 -0.99314 0.07267,-0.09341 0.8064 -0.58395,0.0731 -0.99488 0.06976,0.07411 -0.99352 0.08618              ]
            }
            normalIndex [
0,0,0,-1,1,1,1,-1,2,2,2,-1,3,3,3,-1,4,4,4,-1,5,5,5,-1,6,6,6,-1,7,7,7,-1,8,8,8,-1,9,9,9,-1,10,10,10,-1,11,11,11,-1,12,13,14,-1,15,15,15,-1,16,16,16,-1,14,13,17,-1,18,18,18,-1,19,19,19,-1,20,20,20,-1,21,22,23,-1,24,24,24,-1,25,25,25,-1,26,26,26,-1,27,27,27,-1,28,28,28,-1,29,29,29,-1,30,30,30,-1,31,31,31,-1,32,32,32,-1,33,33,33,-1,34,34,34,-1,35,35,35,-1,36,36,36,-1,37,37,37,-1,38,39,40,-1,40,39,41,-1,42,42,42,-1,43,43,43,-1,44,44,44,-1,45,45,45,-1,46,46,46,-1,47,47,47,-1,48,48,48,-1,49,49,49,-1,50,50,50,-1,51,51,51,-1,52,52,52,-1,53,53,53,-1,54,54,54,-1,55,56,57,-1,57,56,58,-1,59,59,59,-1,60,60,60,-1,61,61,61,-1,62,62,62,-1,63,63,63,-1,64,64,64,-1,65,65,65,-1,66,66,66,-1,67,67,67,-1,68,68,68,-1,69,69,69,-1,70,70,70,-1,71,71,71,-1,72,72,72,-1,73,73,73,-1,74,74,74,-1,75,75,75,-1,76,76,76,-1,77,77,77,-1,78,78,78,-1,79,79,79,-1,80,80,80,-1,81,81,81,-1,82,82,82,-1,83,83,83,-1,84,84,84,-1,85,85,85,-1,86,86,86,-1,87,87,87,-1,88,88,88,-1,89,89,89,-1,90,90,90,-1,91,91,91,-1,92,92,92,-1,93,93,93,-1,94,94,94,-1,95,96,97,-1,98,98,98,-1,99,99,99,-1,100,100,100,-1,101,101,101,-1,102,102,102,-1,103,103,103,-1,104,96,95,-1,105,105,105,-1,106,106,106,-1,107,107,107,-1,108,108,108,-1,109,110,111,-1,112,111,110,-1,113,113,113,-1,114,114,114,-1,115,115,115,-1,116,116,116,-1,117,117,117,-1,118,118,118,-1,119,119,119,-1,120,121,122,-1,120,123,121,-1,124,124,124,-1,125,125,125,-1,126,126,126,-1,127,127,127,-1,109,128,129,-1,130,129,128,-1,131,131,131,-1,132,132,132,-1,133,133,133,-1,134,134,134,-1,135,135,135,-1,136,137,122,-1,136,138,137,-1,139,139,139,-1,140,140,140,-1,141,141,141,-1,142,142,142,-1,143,143,143,-1,144,145,146,-1,147,146,145,-1,148,148,148,-1,149,149,149,-1,150,150,150,-1,151,151,151,-1,152,152,152,-1,153,154,155,-1,153,156,154,-1,157,157,157,-1,158,158,158,-1,159,159,159,-1,160,160,160,-1,161,161,161,-1,162,163,164,-1,165,164,163,-1,166,166,166,-1,142,142,142,-1,167,167,167,-1,140,140,140,-1,168,168,168,-1,169,170,171,-1,169,0,170,-1,172,172,172,-1,173,173,173,-1,174,174,174,-1,175,175,175,-1,176,176,176,-1,177,177,177,-1,178,178,178,-1,179,179,179,-1,180,180,180,-1,181,181,181,-1,182,182,182,-1,183,183,183,-1,184,184,184,-1,185,185,185,-1,186,186,186,-1,187,187,187,-1,188,188,188,-1,189,189,189,-1,112,190,191,-1,192,191,190,-1,193,193,193,-1,194,194,194,-1,195,195,195,-1,196,196,196,-1,197,197,197,-1,198,198,198,-1,199,199,199,-1,200,200,200,-1,201,201,201,-1,202,202,202,-1,203,203,203,-1,204,204,204,-1,205,205,205,-1,206,21,23            ]
          }
        }
        Shape {
          appearance USE M0
          geometry IndexedFaceSet {
            coord Coordinate {
              point [
9690.62531555 3875.43222419 14554.15184359,9812.3721441 3707.59602975 14554.1518344,9811.68873604 3707.59602988 14554.15183445,9403.86438962 3879.91689803 14554.15186524,9818.60246446 4055.15913764 14554.15183393,9818.60246381 4051.85743086 14554.15183393,9690.62531861 3875.43222419 14594.65283159,9818.60246687 4051.85743086 14594.65282193,9818.60246751 4055.15913764 14594.65282193,9403.86439268 3879.91689803 14594.65285324,9811.6887391 3707.59602988 14594.65282245,9812.37214715 3707.59602975 14594.6528224              ]
            }
            coordIndex [
0,1,2,-1,3,4,5,-1,0,2,3,-1,3,5,0,-1,6,7,8,-1,9,10,11,-1,6,8,9,-1,9,11,6,-1,2,1,11,-1,11,10,2,-1,8,7,5,-1,5,4,8,-1,10,9,3,-1,3,2,10,-1,3,9,8,-1,8,4,3,-1,6,11,1,-1,1,0,6,-1,6,0,5,-1,5,7,6            ]
            ccw TRUE
            normalPerVertex TRUE
            normal Normal {
              vector [
-1 -0 0,1 0 0,0 -1 0,0 0 -1,0 -0.89155 0.45292,0 0.89155 0.45292,0 0.51659 -0.85623,0 -0.51659 -0.85623              ]
            }
            normalIndex [
0,0,0,-1,0,0,0,-1,0,0,0,-1,0,0,0,-1,1,1,1,-1,1,1,1,-1,1,1,1,-1,1,1,1,-1,2,2,2,-1,2,2,2,-1,3,3,3,-1,3,3,3,-1,4,4,4,-1,4,4,4,-1,5,5,5,-1,5,5,5,-1,6,6,6,-1,6,6,6,-1,7,7,7,-1,7,7,7            ]
          }
        }
        Shape {
          appearance USE M0
          geometry IndexedFaceSet {
            coord Coordinate {
              point [
-3009.37346375 4707.17099373 14554.15184359,-2887.6266352 4539.33479928 14554.1518344,-2888.31004325 4539.33479941 14554.15183445,-3296.13438967 4711.65566756 14554.15186524,-2881.39631484 4886.89790717 14554.15183393,-2881.39631548 4883.59620039 14554.15183393,-3009.37346069 4707.17099373 14594.65283159,-2881.39631242 4883.59620039 14594.65282193,-2881.39631178 4886.89790717 14594.65282193,-3296.13438662 4711.65566756 14594.65285324,-2888.3100402 4539.33479941 14594.65282245,-2887.62663214 4539.33479928 14594.6528224              ]
            }
            coordIndex [
0,1,2,-1,3,4,5,-1,0,2,3,-1,3,5,0,-1,6,7,8,-1,9,10,11,-1,6,8,9,-1,9,11,6,-1,2,1,11,-1,11,10,2,-1,8,7,5,-1,5,4,8,-1,10,9,3,-1,3,2,10,-1,3,9,8,-1,8,4,3,-1,6,11,1,-1,1,0,6,-1,6,0,5,-1,5,7,6            ]
            ccw TRUE
            normalPerVertex TRUE
            normal Normal {
              vector [
-1 -0 0,1 0 0,0 -1 0,0 0 -1,0 -0.89155 0.45292,0 0.89155 0.45292,0 0.51659 -0.85623,0 -0.51659 -0.85623              ]
            }
            normalIndex [
0,0,0,-1,0,0,0,-1,0,0,0,-1,0,0,0,-1,1,1,1,-1,1,1,1,-1,1,1,1,-1,1,1,1,-1,2,2,2,-1,2,2,2,-1,3,3,3,-1,3,3,3,-1,4,4,4,-1,4,4,4,-1,5,5,5,-1,5,5,5,-1,6,6,6,-1,6,6,6,-1,7,7,7,-1,7,7,7            ]
          }
        }
        Shape {
          appearance USE M0
          geometry IndexedFaceSet {
            coord Coordinate {
              point [
12890.62629211 3875.43222419 13805.58543734,13012.37312066 3707.59602975 13805.58542815,13011.68971261 3707.59602988 13805.5854282,12603.86536619 3879.91689803 13805.58545899,13018.60344102 4055.15913764 13805.58542768,13018.60344038 4051.85743086 13805.58542768,12890.62629517 3875.43222419 13846.08642534,13018.60344343 4051.85743086 13846.08641568,13018.60344408 4055.15913764 13846.08641568,12603.86536924 3879.91689803 13846.08644699,13011.68971566 3707.59602988 13846.0864162,13012.37312372 3707.59602975 13846.08641615              ]
            }
            coordIndex [
0,1,2,-1,3,4,5,-1,0,2,3,-1,3,5,0,-1,6,7,8,-1,9,10,11,-1,6,8,9,-1,9,11,6,-1,2,1,11,-1,11,10,2,-1,8,7,5,-1,5,4,8,-1,10,9,3,-1,3,2,10,-1,3,9,8,-1,8,4,3,-1,6,11,1,-1,1,0,6,-1,6,0,5,-1,5,7,6            ]
            ccw TRUE
            normalPerVertex TRUE
            normal Normal {
              vector [
-1 -0 0,1 0 0,0 -1 0,0 0 -1,0 -0.89155 0.45292,0 0.89155 0.45292,0 0.51659 -0.85623,0 -0.51659 -0.85623              ]
            }
            normalIndex [
0,0,0,-1,0,0,0,-1,0,0,0,-1,0,0,0,-1,1,1,1,-1,1,1,1,-1,1,1,1,-1,1,1,1,-1,2,2,2,-1,2,2,2,-1,3,3,3,-1,3,3,3,-1,4,4,4,-1,4,4,4,-1,5,5,5,-1,5,5,5,-1,6,6,6,-1,6,6,6,-1,7,7,7,-1,7,7,7            ]
          }
        }
        Shape {
          appearance USE M0
          geometry IndexedFaceSet {
            coord Coordinate {
              point [
6590.62580383 3875.43222419 13306.54246859,6712.37263238 3707.59602975 13306.5424594,6711.68922432 3707.59602988 13306.54245945,6303.86487791 3879.91689803 13306.54249024,6718.60295274 4055.15913764 13306.54245893,6718.6029521 4051.85743086 13306.54245893,6590.62580689 3875.43222419 13347.04345659,6718.60295515 4051.85743086 13347.04344693,6718.6029558 4055.15913764 13347.04344693,6303.86488096 3879.91689803 13347.04347824,6711.68922738 3707.59602988 13347.04344745,6712.37263543 3707.59602975 13347.0434474              ]
            }
            coordIndex [
0,1,2,-1,3,4,5,-1,0,2,3,-1,3,5,0,-1,6,7,8,-1,9,10,11,-1,6,8,9,-1,9,11,6,-1,2,1,11,-1,11,10,2,-1,8,7,5,-1,5,4,8,-1,10,9,3,-1,3,2,10,-1,3,9,8,-1,8,4,3,-1,6,11,1,-1,1,0,6,-1,6,0,5,-1,5,7,6            ]
            ccw TRUE
            normalPerVertex TRUE
            normal Normal {
              vector [
-1 -0 0,1 0 0,0 -1 0,0 0 -1,0 -0.89155 0.45292,0 0.89155 0.45292,0 0.51659 -0.85623,0 -0.51659 -0.85623              ]
            }
            normalIndex [
0,0,0,-1,0,0,0,-1,0,0,0,-1,0,0,0,-1,1,1,1,-1,1,1,1,-1,1,1,1,-1,1,1,1,-1,2,2,2,-1,2,2,2,-1,3,3,3,-1,3,3,3,-1,4,4,4,-1,4,4,4,-1,5,5,5,-1,5,5,5,-1,6,6,6,-1,6,6,6,-1,7,7,7,-1,7,7,7            ]
          }
        }
        Shape {
          appearance USE M0
          geometry IndexedFaceSet {
            coord Coordinate {
              point [
6590.62580383 4707.17099373 13805.58543734,6712.37263238 4539.33479928 13805.58542815,6711.68922432 4539.33479941 13805.5854282,6303.86487791 4711.65566756 13805.58545899,6718.60295274 4886.89790717 13805.58542768,6718.6029521 4883.59620039 13805.58542768,6590.62580689 4707.17099373 13846.08642534,6718.60295515 4883.59620039 13846.08641568,6718.6029558 4886.89790717 13846.08641568,6303.86488096 4711.65566756 13846.08644699,6711.68922738 4539.33479941 13846.0864162,6712.37263543 4539.33479928 13846.08641615              ]
            }
            coordIndex [
0,1,2,-1,3,4,5,-1,0,2,3,-1,3,5,0,-1,6,7,8,-1,9,10,11,-1,6,8,9,-1,9,11,6,-1,2,1,11,-1,11,10,2,-1,8,7,5,-1,5,4,8,-1,10,9,3,-1,3,2,10,-1,3,9,8,-1,8,4,3,-1,6,11,1,-1,1,0,6,-1,6,0,5,-1,5,7,6            ]
            ccw TRUE
            normalPerVertex TRUE
            normal Normal {
              vector [
-1 -0 0,1 0 0,0 -1 0,0 0 -1,0 -0.89155 0.45292,0 0.89155 0.45292,0 0.51659 -0.85623,0 -0.51659 -0.85623              ]
            }
            normalIndex [
0,0,0,-1,0,0,0,-1,0,0,0,-1,0,0,0,-1,1,1,1,-1,1,1,1,-1,1,1,1,-1,1,1,1,-1,2,2,2,-1,2,2,2,-1,3,3,3,-1,3,3,3,-1,4,4,4,-1,4,4,4,-1,5,5,5,-1,5,5,5,-1,6,6,6,-1,6,6,6,-1,7,7,7,-1,7,7,7            ]
          }
        }
        Shape {
          appearance USE M0
          geometry IndexedFaceSet {
            coord Coordinate {
              point [
24990.62629211 4707.17099373 14304.63035921,25112.37312066 4539.33479928 14304.63035002,25111.68971261 4539.33479941 14304.63035007,24703.86536619 4711.65566756 14304.63038086,25118.60344102 4886.89790717 14304.63034955,25118.60344038 4883.59620039 14304.63034955,24990.62629517 4707.17099373 14345.13134722,25118.60344343 4883.59620039 14345.13133756,25118.60344408 4886.89790717 14345.13133756,24703.86536924 4711.65566756 14345.13136887,25111.68971566 4539.33479941 14345.13133808,25112.37312372 4539.33479928 14345.13133803              ]
            }
            coordIndex [
0,1,2,-1,3,4,5,-1,0,2,3,-1,3,5,0,-1,6,7,8,-1,9,10,11,-1,6,8,9,-1,9,11,6,-1,2,1,11,-1,11,10,2,-1,8,7,5,-1,5,4,8,-1,10,9,3,-1,3,2,10,-1,3,9,8,-1,8,4,3,-1,6,11,1,-1,1,0,6,-1,6,0,5,-1,5,7,6            ]
            ccw TRUE
            normalPerVertex TRUE
            normal Normal {
              vector [
-1 -0 0,1 0 0,0 -1 0,0 0 -1,0 -0.89155 0.45292,0 0.89155 0.45292,0 0.51659 -0.85623,0 -0.51659 -0.85623              ]
            }
            normalIndex [
0,0,0,-1,0,0,0,-1,0,0,0,-1,0,0,0,-1,1,1,1,-1,1,1,1,-1,1,1,1,-1,1,1,1,-1,2,2,2,-1,2,2,2,-1,3,3,3,-1,3,3,3,-1,4,4,4,-1,4,4,4,-1,5,5,5,-1,5,5,5,-1,6,6,6,-1,6,6,6,-1,7,7,7,-1,7,7,7            ]
          }
        }
        Shape {
          appearance USE M0
          geometry IndexedFaceSet {
            coord Coordinate {
              point [
31390.62629211 3875.43222419 13306.54246859,31512.37312066 3707.59602975 13306.5424594,31511.68971261 3707.59602988 13306.54245945,31103.86536619 3879.91689803 13306.54249024,31518.60344102 4055.15913764 13306.54245893,31518.60344038 4051.85743086 13306.54245893,31390.62629517 3875.43222419 13347.04345659,31518.60344343 4051.85743086 13347.04344693,31518.60344408 4055.15913764 13347.04344693,31103.86536924 3879.91689803 13347.04347824,31511.68971566 3707.59602988 13347.04344745,31512.37312372 3707.59602975 13347.0434474              ]
            }
            coordIndex [
0,1,2,-1,3,4,5,-1,0,2,3,-1,3,5,0,-1,6,7,8,-1,9,10,11,-1,6,8,9,-1,9,11,6,-1,2,1,11,-1,11,10,2,-1,8,7,5,-1,5,4,8,-1,10,9,3,-1,3,2,10,-1,3,9,8,-1,8,4,3,-1,6,11,1,-1,1,0,6,-1,6,0,5,-1,5,7,6            ]
            ccw TRUE
            normalPerVertex TRUE
            normal Normal {
              vector [
-1 -0 0,1 0 0,0 -1 0,0 0 -1,0 -0.89155 0.45292,0 0.89155 0.45292,0 0.51659 -0.85623,0 -0.51659 -0.85623              ]
            }
            normalIndex [
0,0,0,-1,0,0,0,-1,0,0,0,-1,0,0,0,-1,1,1,1,-1,1,1,1,-1,1,1,1,-1,1,1,1,-1,2,2,2,-1,2,2,2,-1,3,3,3,-1,3,3,3,-1,4,4,4,-1,4,4,4,-1,5,5,5,-1,5,5,5,-1,6,6,6,-1,6,6,6,-1,7,7,7,-1,7,7,7            ]
          }
        }
        Shape {
          appearance USE M0
          geometry IndexedFaceSet {
            coord Coordinate {
              point [
12890.62629211 4243.69296638 14304.63035921,13012.37312066 4075.85677193 14304.63035002,13011.68971261 4075.85677207 14304.63035007,12603.86536619 4248.17764022 14304.63038086,13018.60344102 4423.41987983 14304.63034955,13018.60344038 4420.11817305 14304.63034955,12890.62629517 4243.69296638 14345.13134722,13018.60344343 4420.11817305 14345.13133756,13018.60344408 4423.41987983 14345.13133756,12603.86536924 4248.17764022 14345.13136887,13011.68971566 4075.85677207 14345.13133808,13012.37312372 4075.85677193 14345.13133803              ]
            }
            coordIndex [
0,1,2,-1,3,4,5,-1,0,2,3,-1,3,5,0,-1,6,7,8,-1,9,10,11,-1,6,8,9,-1,9,11,6,-1,2,1,11,-1,11,10,2,-1,8,7,5,-1,5,4,8,-1,10,9,3,-1,3,2,10,-1,3,9,8,-1,8,4,3,-1,6,11,1,-1,1,0,6,-1,6,0,5,-1,5,7,6            ]
            ccw TRUE
            normalPerVertex TRUE
            normal Normal {
              vector [
-1 -0 0,1 0 0,0 -1 0,0 0 -1,0 -0.89155 0.45292,0 0.89155 0.45292,0 0.51659 -0.85623,0 -0.51659 -0.85623              ]
            }
            normalIndex [
0,0,0,-1,0,0,0,-1,0,0,0,-1,0,0,0,-1,1,1,1,-1,1,1,1,-1,1,1,1,-1,1,1,1,-1,2,2,2,-1,2,2,2,-1,3,3,3,-1,3,3,3,-1,4,4,4,-1,4,4,4,-1,5,5,5,-1,5,5,5,-1,6,6,6,-1,6,6,6,-1,7,7,7,-1,7,7,7            ]
          }
        }
        Shape {
          appearance USE M0
          geometry IndexedFaceSet {
            coord Coordinate {
              point [
12890.62629211 4707.17099373 13805.58543734,13012.37312066 4539.33479928 13805.58542815,13011.68971261 4539.33479941 13805.5854282,12603.86536619 4711.65566756 13805.58545899,13018.60344102 4886.89790717 13805.58542768,13018.60344038 4883.59620039 13805.58542768,12890.62629517 4707.17099373 13846.08642534,13018.60344343 4883.59620039 13846.08641568,13018.60344408 4886.89790717 13846.08641568,12603.86536924 4711.65566756 13846.08644699,13011.68971566 4539.33479941 13846.0864162,13012.37312372 4539.33479928 13846.08641615              ]
            }
            coordIndex [
0,1,2,-1,3,4,5,-1,0,2,3,-1,3,5,0,-1,6,7,8,-1,9,10,11,-1,6,8,9,-1,9,11,6,-1,2,1,11,-1,11,10,2,-1,8,7,5,-1,5,4,8,-1,10,9,3,-1,3,2,10,-1,3,9,8,-1,8,4,3,-1,6,11,1,-1,1,0,6,-1,6,0,5,-1,5,7,6            ]
            ccw TRUE
            normalPerVertex TRUE
            normal Normal {
              vector [
-1 -0 0,1 0 0,0 -1 0,0 0 -1,0 -0.89155 0.45292,0 0.89155 0.45292,0 0.51659 -0.85623,0 -0.51659 -0.85623              ]
            }
            normalIndex [
0,0,0,-1,0,0,0,-1,0,0,0,-1,0,0,0,-1,1,1,1,-1,1,1,1,-1,1,1,1,-1,1,1,1,-1,2,2,2,-1,2,2,2,-1,3,3,3,-1,3,3,3,-1,4,4,4,-1,4,4,4,-1,5,5,5,-1,5,5,5,-1,6,6,6,-1,6,6,6,-1,7,7,7,-1,7,7,7            ]
          }
        }
        Shape {
          appearance USE M0
          geometry IndexedFaceSet {
            coord Coordinate {
              point [
34490.62629211 4707.17099373 14554.15184359,34612.37312066 4539.33479928 14554.1518344,34611.68971261 4539.33479941 14554.15183445,34203.86536619 4711.65566756 14554.15186524,34618.60344102 4886.89790717 14554.15183393,34618.60344038 4883.59620039 14554.15183393,34490.62629517 4707.17099373 14594.65283159,34618.60344343 4883.59620039 14594.65282193,34618.60344408 4886.89790717 14594.65282193,34203.86536924 4711.65566756 14594.65285324,34611.68971566 4539.33479941 14594.65282245,34612.37312372 4539.33479928 14594.6528224              ]
            }
            coordIndex [
0,1,2,-1,3,4,5,-1,0,2,3,-1,3,5,0,-1,6,7,8,-1,9,10,11,-1,6,8,9,-1,9,11,6,-1,2,1,11,-1,11,10,2,-1,8,7,5,-1,5,4,8,-1,10,9,3,-1,3,2,10,-1,3,9,8,-1,8,4,3,-1,6,11,1,-1,1,0,6,-1,6,0,5,-1,5,7,6            ]
            ccw TRUE
            normalPerVertex TRUE
            normal Normal {
              vector [
-1 -0 0,1 0 0,0 -1 0,0 0 -1,0 -0.89155 0.45292,0 0.89155 0.45292,0 0.51659 -0.85623,0 -0.51659 -0.85623              ]
            }
            normalIndex [
0,0,0,-1,0,0,0,-1,0,0,0,-1,0,0,0,-1,1,1,1,-1,1,1,1,-1,1,1,1,-1,1,1,1,-1,2,2,2,-1,2,2,2,-1,3,3,3,-1,3,3,3,-1,4,4,4,-1,4,4,4,-1,5,5,5,-1,5,5,5,-1,6,6,6,-1,6,6,6,-1,7,7,7,-1,7,7,7            ]
          }
        }
        Shape {
          appearance USE M0
          geometry IndexedFaceSet {
            coord Coordinate {
              point [
44090.62629211 4707.17099373 12807.49949984,44212.37312066 4539.33479928 12807.49949065,44211.68971261 4539.33479941 12807.4994907,43803.86536619 4711.65566756 12807.49952149,44218.60344102 4886.89790717 12807.49949018,44218.60344038 4883.59620039 12807.49949018,44090.62629517 4707.17099373 12848.00048784,44218.60344343 4883.59620039 12848.00047818,44218.60344408 4886.89790717 12848.00047818,43803.86536924 4711.65566756 12848.00050949,44211.68971566 4539.33479941 12848.0004787,44212.37312372 4539.33479928 12848.00047865              ]
            }
            coordIndex [
0,1,2,-1,3,4,5,-1,0,2,3,-1,3,5,0,-1,6,7,8,-1,9,10,11,-1,6,8,9,-1,9,11,6,-1,2,1,11,-1,11,10,2,-1,8,7,5,-1,5,4,8,-1,10,9,3,-1,3,2,10,-1,3,9,8,-1,8,4,3,-1,6,11,1,-1,1,0,6,-1,6,0,5,-1,5,7,6            ]
            ccw TRUE
            normalPerVertex TRUE
            normal Normal {
              vector [
-1 -0 0,1 0 0,0 -1 0,0 0 -1,0 -0.89155 0.45292,0 0.89155 0.45292,0 0.51659 -0.85623,0 -0.51659 -0.85623              ]
            }
            normalIndex [
0,0,0,-1,0,0,0,-1,0,0,0,-1,0,0,0,-1,1,1,1,-1,1,1,1,-1,1,1,1,-1,1,1,1,-1,2,2,2,-1,2,2,2,-1,3,3,3,-1,3,3,3,-1,4,4,4,-1,4,4,4,-1,5,5,5,-1,5,5,5,-1,6,6,6,-1,6,6,6,-1,7,7,7,-1,7,7,7            ]
          }
        }
        Shape {
          appearance USE M0
          geometry IndexedFaceSet {
            coord Coordinate {
              point [
44090.62629211 3875.43222419 13306.54246859,44212.37312066 3707.59602975 13306.5424594,44211.68971261 3707.59602988 13306.54245945,43803.86536619 3879.91689803 13306.54249024,44218.60344102 4055.15913764 13306.54245893,44218.60344038 4051.85743086 13306.54245893,44090.62629517 3875.43222419 13347.04345659,44218.60344343 4051.85743086 13347.04344693,44218.60344408 4055.15913764 13347.04344693,43803.86536924 3879.91689803 13347.04347824,44211.68971566 3707.59602988 13347.04344745,44212.37312372 3707.59602975 13347.0434474              ]
            }
            coordIndex [
0,1,2,-1,3,4,5,-1,0,2,3,-1,3,5,0,-1,6,7,8,-1,9,10,11,-1,6,8,9,-1,9,11,6,-1,2,1,11,-1,11,10,2,-1,8,7,5,-1,5,4,8,-1,10,9,3,-1,3,2,10,-1,3,9,8,-1,8,4,3,-1,6,11,1,-1,1,0,6,-1,6,0,5,-1,5,7,6            ]
            ccw TRUE
            normalPerVertex TRUE
            normal Normal {
              vector [
-1 -0 0,1 0 0,0 -1 0,0 0 -1,0 -0.89155 0.45292,0 0.89155 0.45292,0 0.51659 -0.85623,0 -0.51659 -0.85623              ]
            }
            normalIndex [
0,0,0,-1,0,0,0,-1,0,0,0,-1,0,0,0,-1,1,1,1,-1,1,1,1,-1,1,1,1,-1,1,1,1,-1,2,2,2,-1,2,2,2,-1,3,3,3,-1,3,3,3,-1,4,4,4,-1,4,4,4,-1,5,5,5,-1,5,5,5,-1,6,6,6,-1,6,6,6,-1,7,7,7,-1,7,7,7            ]
          }
        }
        Shape {
          appearance USE M0
          geometry IndexedFaceSet {
            coord Coordinate {
              point [
34490.62629211 3875.43222419 13556.06492952,34612.37312066 3707.59602975 13556.06492033,34611.68971261 3707.59602988 13556.06492038,34203.86536619 3879.91689803 13556.06495117,34618.60344102 4055.15913764 13556.06491986,34618.60344038 4051.85743086 13556.06491986,34490.62629517 3875.43222419 13596.56591753,34618.60344343 4051.85743086 13596.56590787,34618.60344408 4055.15913764 13596.56590787,34203.86536924 3879.91689803 13596.56593918,34611.68971566 3707.59602988 13596.56590839,34612.37312372 3707.59602975 13596.56590834              ]
            }
            coordIndex [
0,1,2,-1,3,4,5,-1,0,2,3,-1,3,5,0,-1,6,7,8,-1,9,10,11,-1,6,8,9,-1,9,11,6,-1,2,1,11,-1,11,10,2,-1,8,7,5,-1,5,4,8,-1,10,9,3,-1,3,2,10,-1,3,9,8,-1,8,4,3,-1,6,11,1,-1,1,0,6,-1,6,0,5,-1,5,7,6            ]
            ccw TRUE
            normalPerVertex TRUE
            normal Normal {
              vector [
-1 -0 0,1 0 0,0 -1 0,0 0 -1,0 -0.89155 0.45292,0 0.89155 0.45292,0 0.51659 -0.85623,0 -0.51659 -0.85623              ]
            }
            normalIndex [
0,0,0,-1,0,0,0,-1,0,0,0,-1,0,0,0,-1,1,1,1,-1,1,1,1,-1,1,1,1,-1,1,1,1,-1,2,2,2,-1,2,2,2,-1,3,3,3,-1,3,3,3,-1,4,4,4,-1,4,4,4,-1,5,5,5,-1,5,5,5,-1,6,6,6,-1,6,6,6,-1,7,7,7,-1,7,7,7            ]
          }
        }
        Shape {
          appearance USE M0
          geometry IndexedFaceSet {
            coord Coordinate {
              point [
12890.62629211 4707.17099373 13306.54246859,13012.37312066 4539.33479928 13306.5424594,13011.68971261 4539.33479941 13306.54245945,12603.86536619 4711.65566756 13306.54249024,13018.60344102 4886.89790717 13306.54245893,13018.60344038 4883.59620039 13306.54245893,12890.62629517 4707.17099373 13347.04345659,13018.60344343 4883.59620039 13347.04344693,13018.60344408 4886.89790717 13347.04344693,12603.86536924 4711.65566756 13347.04347824,13011.68971566 4539.33479941 13347.04344745,13012.37312372 4539.33479928 13347.0434474              ]
            }
            coordIndex [
0,1,2,-1,3,4,5,-1,0,2,3,-1,3,5,0,-1,6,7,8,-1,9,10,11,-1,6,8,9,-1,9,11,6,-1,2,1,11,-1,11,10,2,-1,8,7,5,-1,5,4,8,-1,10,9,3,-1,3,2,10,-1,3,9,8,-1,8,4,3,-1,6,11,1,-1,1,0,6,-1,6,0,5,-1,5,7,6            ]
            ccw TRUE
            normalPerVertex TRUE
            normal Normal {
              vector [
-1 -0 0,1 0 0,0 -1 0,0 0 -1,0 -0.89155 0.45292,0 0.89155 0.45292,0 0.51659 -0.85623,0 -0.51659 -0.85623              ]
            }
            normalIndex [
0,0,0,-1,0,0,0,-1,0,0,0,-1,0,0,0,-1,1,1,1,-1,1,1,1,-1,1,1,1,-1,1,1,1,-1,2,2,2,-1,2,2,2,-1,3,3,3,-1,3,3,3,-1,4,4,4,-1,4,4,4,-1,5,5,5,-1,5,5,5,-1,6,6,6,-1,6,6,6,-1,7,7,7,-1,7,7,7            ]
          }
        }
        Shape {
          appearance USE M0
          geometry IndexedFaceSet {
            coord Coordinate {
              point [
190.62653625 3875.43222419 14803.67332796,312.3733648 3707.59602975 14803.67331877,311.68995675 3707.59602988 14803.67331882,-96.13438967 3879.91689803 14803.67334961,318.60368516 4055.15913764 14803.6733183,318.60368452 4051.85743086 14803.6733183,190.62653931 3875.43222419 14844.17431597,318.60368758 4051.85743086 14844.17430631,318.60368822 4055.15913764 14844.17430631,-96.13438662 3879.91689803 14844.17433762,311.6899598 3707.59602988 14844.17430683,312.37336786 3707.59602975 14844.17430678              ]
            }
            coordIndex [
0,1,2,-1,3,4,5,-1,0,2,3,-1,3,5,0,-1,6,7,8,-1,9,10,11,-1,6,8,9,-1,9,11,6,-1,2,1,11,-1,11,10,2,-1,8,7,5,-1,5,4,8,-1,10,9,3,-1,3,2,10,-1,3,9,8,-1,8,4,3,-1,6,11,1,-1,1,0,6,-1,6,0,5,-1,5,7,6            ]
            ccw TRUE
            normalPerVertex TRUE
            normal Normal {
              vector [
-1 -0 0,1 0 0,0 -1 0,0 0 -1,0 -0.89155 0.45292,0 0.89155 0.45292,0 0.51659 -0.85623,0 -0.51659 -0.85623              ]
            }
            normalIndex [
0,0,0,-1,0,0,0,-1,0,0,0,-1,0,0,0,-1,1,1,1,-1,1,1,1,-1,1,1,1,-1,1,1,1,-1,2,2,2,-1,2,2,2,-1,3,3,3,-1,3,3,3,-1,4,4,4,-1,4,4,4,-1,5,5,5,-1,5,5,5,-1,6,6,6,-1,6,6,6,-1,7,7,7,-1,7,7,7            ]
          }
        }
        Shape {
          appearance USE M0
          geometry IndexedFaceSet {
            coord Coordinate {
              point [
28190.62629211 4243.69296638 14554.15184359,28312.37312066 4075.85677193 14554.1518344,28311.68971261 4075.85677207 14554.15183445,27903.86536619 4248.17764022 14554.15186524,28318.60344102 4423.41987983 14554.15183393,28318.60344038 4420.11817305 14554.15183393,28190.62629517 4243.69296638 14594.65283159,28318.60344343 4420.11817305 14594.65282193,28318.60344408 4423.41987983 14594.65282193,27903.86536924 4248.17764022 14594.65285324,28311.68971566 4075.85677207 14594.65282245,28312.37312372 4075.85677193 14594.6528224              ]
            }
            coordIndex [
0,1,2,-1,3,4,5,-1,0,2,3,-1,3,5,0,-1,6,7,8,-1,9,10,11,-1,6,8,9,-1,9,11,6,-1,2,1,11,-1,11,10,2,-1,8,7,5,-1,5,4,8,-1,10,9,3,-1,3,2,10,-1,3,9,8,-1,8,4,3,-1,6,11,1,-1,1,0,6,-1,6,0,5,-1,5,7,6            ]
            ccw TRUE
            normalPerVertex TRUE
            normal Normal {
              vector [
-1 -0 0,1 0 0,0 -1 0,0 0 -1,0 -0.89155 0.45292,0 0.89155 0.45292,0 0.51659 -0.85623,0 -0.51659 -0.85623              ]
            }
            normalIndex [
0,0,0,-1,0,0,0,-1,0,0,0,-1,0,0,0,-1,1,1,1,-1,1,1,1,-1,1,1,1,-1,1,1,1,-1,2,2,2,-1,2,2,2,-1,3,3,3,-1,3,3,3,-1,4,4,4,-1,4,4,4,-1,5,5,5,-1,5,5,5,-1,6,6,6,-1,6,6,6,-1,7,7,7,-1,7,7,7            ]
          }
        }
        Shape {
          appearance USE M0
          geometry IndexedFaceSet {
            coord Coordinate {
              point [
46890.62629211 3875.43222419 13556.06492952,47012.37312066 3707.59602975 13556.06492033,47011.68971261 3707.59602988 13556.06492038,46603.86536619 3879.91689803 13556.06495117,47018.60344102 4055.15913764 13556.06491986,47018.60344038 4051.85743086 13556.06491986,46890.62629517 3875.43222419 13596.56591753,47018.60344343 4051.85743086 13596.56590787,47018.60344408 4055.15913764 13596.56590787,46603.86536924 3879.91689803 13596.56593918,47011.68971566 3707.59602988 13596.56590839,47012.37312372 3707.59602975 13596.56590834              ]
            }
            coordIndex [
0,1,2,-1,3,4,5,-1,0,2,3,-1,3,5,0,-1,6,7,8,-1,9,10,11,-1,6,8,9,-1,9,11,6,-1,2,1,11,-1,11,10,2,-1,8,7,5,-1,5,4,8,-1,10,9,3,-1,3,2,10,-1,3,9,8,-1,8,4,3,-1,6,11,1,-1,1,0,6,-1,6,0,5,-1,5,7,6            ]
            ccw TRUE
            normalPerVertex TRUE
            normal Normal {
              vector [
-1 -0 0,1 0 0,0 -1 0,0 0 -1,0 -0.89155 0.45292,0 0.89155 0.45292,0 0.51659 -0.85623,0 -0.51659 -0.85623              ]
            }
            normalIndex [
0,0,0,-1,0,0,0,-1,0,0,0,-1,0,0,0,-1,1,1,1,-1,1,1,1,-1,1,1,1,-1,1,1,1,-1,2,2,2,-1,2,2,2,-1,3,3,3,-1,3,3,3,-1,4,4,4,-1,4,4,4,-1,5,5,5,-1,5,5,5,-1,6,6,6,-1,6,6,6,-1,7,7,7,-1,7,7,7            ]
          }
        }
        Shape {
          appearance USE M0
          geometry IndexedFaceSet {
            coord Coordinate {
              point [
22090.62629211 4243.69296638 14055.10789827,22212.37312066 4075.85677193 14055.10788908,22211.68971261 4075.85677207 14055.10788913,21803.86536619 4248.17764022 14055.10791992,22218.60344102 4423.41987983 14055.10788861,22218.60344038 4420.11817305 14055.10788861,22090.62629517 4243.69296638 14095.60888628,22218.60344343 4420.11817305 14095.60887662,22218.60344408 4423.41987983 14095.60887662,21803.86536924 4248.17764022 14095.60890793,22211.68971566 4075.85677207 14095.60887714,22212.37312372 4075.85677193 14095.60887709              ]
            }
            coordIndex [
0,1,2,-1,3,4,5,-1,0,2,3,-1,3,5,0,-1,6,7,8,-1,9,10,11,-1,6,8,9,-1,9,11,6,-1,2,1,11,-1,11,10,2,-1,8,7,5,-1,5,4,8,-1,10,9,3,-1,3,2,10,-1,3,9,8,-1,8,4,3,-1,6,11,1,-1,1,0,6,-1,6,0,5,-1,5,7,6            ]
            ccw TRUE
            normalPerVertex TRUE
            normal Normal {
              vector [
-1 -0 0,1 0 0,0 -1 0,0 0 -1,0 -0.89155 0.45292,0 0.89155 0.45292,0 0.51659 -0.85623,0 -0.51659 -0.85623              ]
            }
            normalIndex [
0,0,0,-1,0,0,0,-1,0,0,0,-1,0,0,0,-1,1,1,1,-1,1,1,1,-1,1,1,1,-1,1,1,1,-1,2,2,2,-1,2,2,2,-1,3,3,3,-1,3,3,3,-1,4,4,4,-1,4,4,4,-1,5,5,5,-1,5,5,5,-1,6,6,6,-1,6,6,6,-1,7,7,7,-1,7,7,7            ]
          }
        }
        Shape {
          appearance USE M0
          geometry IndexedFaceSet {
            coord Coordinate {
              point [
19290.62629211 4707.17099373 12807.49949984,19412.37312066 4539.33479928 12807.49949065,19411.68971261 4539.33479941 12807.4994907,19003.86536619 4711.65566756 12807.49952149,19418.60344102 4886.89790717 12807.49949018,19418.60344038 4883.59620039 12807.49949018,19290.62629517 4707.17099373 12848.00048784,19418.60344343 4883.59620039 12848.00047818,19418.60344408 4886.89790717 12848.00047818,19003.86536924 4711.65566756 12848.00050949,19411.68971566 4539.33479941 12848.0004787,19412.37312372 4539.33479928 12848.00047865              ]
            }
            coordIndex [
0,1,2,-1,3,4,5,-1,0,2,3,-1,3,5,0,-1,6,7,8,-1,9,10,11,-1,6,8,9,-1,9,11,6,-1,2,1,11,-1,11,10,2,-1,8,7,5,-1,5,4,8,-1,10,9,3,-1,3,2,10,-1,3,9,8,-1,8,4,3,-1,6,11,1,-1,1,0,6,-1,6,0,5,-1,5,7,6            ]
            ccw TRUE
            normalPerVertex TRUE
            normal Normal {
              vector [
-1 -0 0,1 0 0,0 -1 0,0 0 -1,0 -0.89155 0.45292,0 0.89155 0.45292,0 0.51659 -0.85623,0 -0.51659 -0.85623              ]
            }
            normalIndex [
0,0,0,-1,0,0,0,-1,0,0,0,-1,0,0,0,-1,1,1,1,-1,1,1,1,-1,1,1,1,-1,1,1,1,-1,2,2,2,-1,2,2,2,-1,3,3,3,-1,3,3,3,-1,4,4,4,-1,4,4,4,-1,5,5,5,-1,5,5,5,-1,6,6,6,-1,6,6,6,-1,7,7,7,-1,7,7,7            ]
          }
        }
        Shape {
          appearance USE M0
          geometry IndexedFaceSet {
            coord Coordinate {
              point [
190.62653625 4243.69296638 14304.63035921,312.3733648 4075.85677193 14304.63035002,311.68995675 4075.85677207 14304.63035007,-96.13438967 4248.17764022 14304.63038086,318.60368516 4423.41987983 14304.63034955,318.60368452 4420.11817305 14304.63034955,190.62653931 4243.69296638 14345.13134722,318.60368758 4420.11817305 14345.13133756,318.60368822 4423.41987983 14345.13133756,-96.13438662 4248.17764022 14345.13136887,311.6899598 4075.85677207 14345.13133808,312.37336786 4075.85677193 14345.13133803              ]
            }
            coordIndex [
0,1,2,-1,3,4,5,-1,0,2,3,-1,3,5,0,-1,6,7,8,-1,9,10,11,-1,6,8,9,-1,9,11,6,-1,2,1,11,-1,11,10,2,-1,8,7,5,-1,5,4,8,-1,10,9,3,-1,3,2,10,-1,3,9,8,-1,8,4,3,-1,6,11,1,-1,1,0,6,-1,6,0,5,-1,5,7,6            ]
            ccw TRUE
            normalPerVertex TRUE
            normal Normal {
              vector [
-1 -0 0,1 0 0,0 -1 0,0 0 -1,0 -0.89155 0.45292,0 0.89155 0.45292,0 0.51659 -0.85623,0 -0.51659 -0.85623              ]
            }
            normalIndex [
0,0,0,-1,0,0,0,-1,0,0,0,-1,0,0,0,-1,1,1,1,-1,1,1,1,-1,1,1,1,-1,1,1,1,-1,2,2,2,-1,2,2,2,-1,3,3,3,-1,3,3,3,-1,4,4,4,-1,4,4,4,-1,5,5,5,-1,5,5,5,-1,6,6,6,-1,6,6,6,-1,7,7,7,-1,7,7,7            ]
          }
        }
        Shape {
          appearance USE M0
          geometry IndexedFaceSet {
            coord Coordinate {
              point [
3390.62653625 4243.69296638 13556.06492952,3512.3733648 4075.85677193 13556.06492033,3511.68995675 4075.85677207 13556.06492038,3103.86561033 4248.17764022 13556.06495117,3518.60368516 4423.41987983 13556.06491986,3518.60368452 4420.11817305 13556.06491986,3390.62653931 4243.69296638 13596.56591753,3518.60368758 4420.11817305 13596.56590787,3518.60368822 4423.41987983 13596.56590787,3103.86561338 4248.17764022 13596.56593918,3511.6899598 4075.85677207 13596.56590839,3512.37336786 4075.85677193 13596.56590834              ]
            }
            coordIndex [
0,1,2,-1,3,4,5,-1,0,2,3,-1,3,5,0,-1,6,7,8,-1,9,10,11,-1,6,8,9,-1,9,11,6,-1,2,1,11,-1,11,10,2,-1,8,7,5,-1,5,4,8,-1,10,9,3,-1,3,2,10,-1,3,9,8,-1,8,4,3,-1,6,11,1,-1,1,0,6,-1,6,0,5,-1,5,7,6            ]
            ccw TRUE
            normalPerVertex TRUE
            normal Normal {
              vector [
-1 -0 0,1 0 0,0 -1 0,0 0 -1,0 -0.89155 0.45292,0 0.89155 0.45292,0 0.51659 -0.85623,0 -0.51659 -0.85623              ]
            }
            normalIndex [
0,0,0,-1,0,0,0,-1,0,0,0,-1,0,0,0,-1,1,1,1,-1,1,1,1,-1,1,1,1,-1,1,1,1,-1,2,2,2,-1,2,2,2,-1,3,3,3,-1,3,3,3,-1,4,4,4,-1,4,4,4,-1,5,5,5,-1,5,5,5,-1,6,6,6,-1,6,6,6,-1,7,7,7,-1,7,7,7            ]
          }
        }
        Shape {
          appearance USE M0
          geometry IndexedFaceSet {
            coord Coordinate {
              point [
44090.62629211 3043.69296638 12807.49949984,44212.37312066 2875.85677193 12807.49949065,44211.68971261 2875.85677207 12807.4994907,43803.86536619 3048.17764022 12807.49952149,44218.60344102 3223.41987983 12807.49949018,44218.60344038 3220.11817305 12807.49949018,44090.62629517 3043.69296638 12848.00048784,44218.60344343 3220.11817305 12848.00047818,44218.60344408 3223.41987983 12848.00047818,43803.86536924 3048.17764022 12848.00050949,44211.68971566 2875.85677207 12848.0004787,44212.37312372 2875.85677193 12848.00047865              ]
            }
            coordIndex [
0,1,2,-1,3,4,5,-1,0,2,3,-1,3,5,0,-1,6,7,8,-1,9,10,11,-1,6,8,9,-1,9,11,6,-1,2,1,11,-1,11,10,2,-1,8,7,5,-1,5,4,8,-1,10,9,3,-1,3,2,10,-1,3,9,8,-1,8,4,3,-1,6,11,1,-1,1,0,6,-1,6,0,5,-1,5,7,6            ]
            ccw TRUE
            normalPerVertex TRUE
            normal Normal {
              vector [
-1 -0 0,1 0 0,0 -1 0,0 0 -1,0 -0.89155 0.45292,0 0.89155 0.45292,0 0.51659 -0.85623,0 -0.51659 -0.85623              ]
            }
            normalIndex [
0,0,0,-1,0,0,0,-1,0,0,0,-1,0,0,0,-1,1,1,1,-1,1,1,1,-1,1,1,1,-1,1,1,1,-1,2,2,2,-1,2,2,2,-1,3,3,3,-1,3,3,3,-1,4,4,4,-1,4,4,4,-1,5,5,5,-1,5,5,5,-1,6,6,6,-1,6,6,6,-1,7,7,7,-1,7,7,7            ]
          }
        }
        Shape {
          appearance USE M0
          geometry IndexedFaceSet {
            coord Coordinate {
              point [
40890.62629211 4243.69296638 13057.02196077,41012.37312066 4075.85677193 13057.02195158,41011.68971261 4075.85677207 13057.02195163,40603.86536619 4248.17764022 13057.02198242,41018.60344102 4423.41987983 13057.02195111,41018.60344038 4420.11817305 13057.02195111,40890.62629517 4243.69296638 13097.52294878,41018.60344343 4420.11817305 13097.52293912,41018.60344408 4423.41987983 13097.52293912,40603.86536924 4248.17764022 13097.52297043,41011.68971566 4075.85677207 13097.52293964,41012.37312372 4075.85677193 13097.52293959              ]
            }
            coordIndex [
0,1,2,-1,3,4,5,-1,0,2,3,-1,3,5,0,-1,6,7,8,-1,9,10,11,-1,6,8,9,-1,9,11,6,-1,2,1,11,-1,11,10,2,-1,8,7,5,-1,5,4,8,-1,10,9,3,-1,3,2,10,-1,3,9,8,-1,8,4,3,-1,6,11,1,-1,1,0,6,-1,6,0,5,-1,5,7,6            ]
            ccw TRUE
            normalPerVertex TRUE
            normal Normal {
              vector [
-1 -0 0,1 0 0,0 -1 0,0 0 -1,0 -0.89155 0.45292,0 0.89155 0.45292,0 0.51659 -0.85623,0 -0.51659 -0.85623              ]
            }
            normalIndex [
0,0,0,-1,0,0,0,-1,0,0,0,-1,0,0,0,-1,1,1,1,-1,1,1,1,-1,1,1,1,-1,1,1,1,-1,2,2,2,-1,2,2,2,-1,3,3,3,-1,3,3,3,-1,4,4,4,-1,4,4,4,-1,5,5,5,-1,5,5,5,-1,6,6,6,-1,6,6,6,-1,7,7,7,-1,7,7,7            ]
          }
        }
        Shape {
          appearance USE M0
          geometry IndexedFaceSet {
            coord Coordinate {
              point [
40890.62629211 3443.69272224 13556.06492952,41012.37312066 3275.85652779 13556.06492033,41011.68971261 3275.85652793 13556.06492038,40603.86536619 3448.17739608 13556.06495117,41018.60344102 3623.41963569 13556.06491986,41018.60344038 3620.11792891 13556.06491986,40890.62629517 3443.69272224 13596.56591753,41018.60344343 3620.11792891 13596.56590787,41018.60344408 3623.41963569 13596.56590787,40603.86536924 3448.17739608 13596.56593918,41011.68971566 3275.85652793 13596.56590839,41012.37312372 3275.85652779 13596.56590834              ]
            }
            coordIndex [
0,1,2,-1,3,4,5,-1,0,2,3,-1,3,5,0,-1,6,7,8,-1,9,10,11,-1,6,8,9,-1,9,11,6,-1,2,1,11,-1,11,10,2,-1,8,7,5,-1,5,4,8,-1,10,9,3,-1,3,2,10,-1,3,9,8,-1,8,4,3,-1,6,11,1,-1,1,0,6,-1,6,0,5,-1,5,7,6            ]
            ccw TRUE
            normalPerVertex TRUE
            normal Normal {
              vector [
-1 -0 0,1 0 0,0 -1 0,0 0 -1,0 -0.89155 0.45292,0 0.89155 0.45292,0 0.51659 -0.85623,0 -0.51659 -0.85623              ]
            }
            normalIndex [
0,0,0,-1,0,0,0,-1,0,0,0,-1,0,0,0,-1,1,1,1,-1,1,1,1,-1,1,1,1,-1,1,1,1,-1,2,2,2,-1,2,2,2,-1,3,3,3,-1,3,3,3,-1,4,4,4,-1,4,4,4,-1,5,5,5,-1,5,5,5,-1,6,6,6,-1,6,6,6,-1,7,7,7,-1,7,7,7            ]
          }
        }
        Shape {
          appearance USE M0
          geometry IndexedFaceSet {
            coord Coordinate {
              point [
6590.62580383 3043.69296638 13306.54246859,6712.37263238 2875.85677193 13306.5424594,6711.68922432 2875.85677207 13306.54245945,6303.86487791 3048.17764022 13306.54249024,6718.60295274 3223.41987983 13306.54245893,6718.6029521 3220.11817305 13306.54245893,6590.62580689 3043.69296638 13347.04345659,6718.60295515 3220.11817305 13347.04344693,6718.6029558 3223.41987983 13347.04344693,6303.86488096 3048.17764022 13347.04347824,6711.68922738 2875.85677207 13347.04344745,6712.37263543 2875.85677193 13347.0434474              ]
            }
            coordIndex [
0,1,2,-1,3,4,5,-1,0,2,3,-1,3,5,0,-1,6,7,8,-1,9,10,11,-1,6,8,9,-1,9,11,6,-1,2,1,11,-1,11,10,2,-1,8,7,5,-1,5,4,8,-1,10,9,3,-1,3,2,10,-1,3,9,8,-1,8,4,3,-1,6,11,1,-1,1,0,6,-1,6,0,5,-1,5,7,6            ]
            ccw TRUE
            normalPerVertex TRUE
            normal Normal {
              vector [
-1 -0 0,1 0 0,0 -1 0,0 0 -1,0 -0.89155 0.45292,0 0.89155 0.45292,0 0.51659 -0.85623,0 -0.51659 -0.85623              ]
            }
            normalIndex [
0,0,0,-1,0,0,0,-1,0,0,0,-1,0,0,0,-1,1,1,1,-1,1,1,1,-1,1,1,1,-1,1,1,1,-1,2,2,2,-1,2,2,2,-1,3,3,3,-1,3,3,3,-1,4,4,4,-1,4,4,4,-1,5,5,5,-1,5,5,5,-1,6,6,6,-1,6,6,6,-1,7,7,7,-1,7,7,7            ]
          }
        }
        Shape {
          appearance USE M0
          geometry IndexedFaceSet {
            coord Coordinate {
              point [
12890.62629211 4707.17099373 14304.63035921,13012.37312066 4539.33479928 14304.63035002,13011.68971261 4539.33479941 14304.63035007,12603.86536619 4711.65566756 14304.63038086,13018.60344102 4886.89790717 14304.63034955,13018.60344038 4883.59620039 14304.63034955,12890.62629517 4707.17099373 14345.13134722,13018.60344343 4883.59620039 14345.13133756,13018.60344408 4886.89790717 14345.13133756,12603.86536924 4711.65566756 14345.13136887,13011.68971566 4539.33479941 14345.13133808,13012.37312372 4539.33479928 14345.13133803              ]
            }
            coordIndex [
0,1,2,-1,3,4,5,-1,0,2,3,-1,3,5,0,-1,6,7,8,-1,9,10,11,-1,6,8,9,-1,9,11,6,-1,2,1,11,-1,11,10,2,-1,8,7,5,-1,5,4,8,-1,10,9,3,-1,3,2,10,-1,3,9,8,-1,8,4,3,-1,6,11,1,-1,1,0,6,-1,6,0,5,-1,5,7,6            ]
            ccw TRUE
            normalPerVertex TRUE
            normal Normal {
              vector [
-1 -0 0,1 0 0,0 -1 0,0 0 -1,0 -0.89155 0.45292,0 0.89155 0.45292,0 0.51659 -0.85623,0 -0.51659 -0.85623              ]
            }
            normalIndex [
0,0,0,-1,0,0,0,-1,0,0,0,-1,0,0,0,-1,1,1,1,-1,1,1,1,-1,1,1,1,-1,1,1,1,-1,2,2,2,-1,2,2,2,-1,3,3,3,-1,3,3,3,-1,4,4,4,-1,4,4,4,-1,5,5,5,-1,5,5,5,-1,6,6,6,-1,6,6,6,-1,7,7,7,-1,7,7,7            ]
          }
        }
        Shape {
          appearance USE M0
          geometry IndexedFaceSet {
            coord Coordinate {
              point [
19290.62629211 3043.69296638 12807.49949984,19412.37312066 2875.85677193 12807.49949065,19411.68971261 2875.85677207 12807.4994907,19003.86536619 3048.17764022 12807.49952149,19418.60344102 3223.41987983 12807.49949018,19418.60344038 3220.11817305 12807.49949018,19290.62629517 3043.69296638 12848.00048784,19418.60344343 3220.11817305 12848.00047818,19418.60344408 3223.41987983 12848.00047818,19003.86536924 3048.17764022 12848.00050949,19411.68971566 2875.85677207 12848.0004787,19412.37312372 2875.85677193 12848.00047865              ]
            }
            coordIndex [
0,1,2,-1,3,4,5,-1,0,2,3,-1,3,5,0,-1,6,7,8,-1,9,10,11,-1,6,8,9,-1,9,11,6,-1,2,1,11,-1,11,10,2,-1,8,7,5,-1,5,4,8,-1,10,9,3,-1,3,2,10,-1,3,9,8,-1,8,4,3,-1,6,11,1,-1,1,0,6,-1,6,0,5,-1,5,7,6            ]
            ccw TRUE
            normalPerVertex TRUE
            normal Normal {
              vector [
-1 -0 0,1 0 0,0 -1 0,0 0 -1,0 -0.89155 0.45292,0 0.89155 0.45292,0 0.51659 -0.85623,0 -0.51659 -0.85623              ]
            }
            normalIndex [
0,0,0,-1,0,0,0,-1,0,0,0,-1,0,0,0,-1,1,1,1,-1,1,1,1,-1,1,1,1,-1,1,1,1,-1,2,2,2,-1,2,2,2,-1,3,3,3,-1,3,3,3,-1,4,4,4,-1,4,4,4,-1,5,5,5,-1,5,5,5,-1,6,6,6,-1,6,6,6,-1,7,7,7,-1,7,7,7            ]
          }
        }
        Shape {
          appearance USE M0
          geometry IndexedFaceSet {
            coord Coordinate {
              point [
24990.62629211 3043.69296638 13805.58543734,25112.37312066 2875.85677193 13805.58542815,25111.68971261 2875.85677207 13805.5854282,24703.86536619 3048.17764022 13805.58545899,25118.60344102 3223.41987983 13805.58542768,25118.60344038 3220.11817305 13805.58542768,24990.62629517 3043.69296638 13846.08642534,25118.60344343 3220.11817305 13846.08641568,25118.60344408 3223.41987983 13846.08641568,24703.86536924 3048.17764022 13846.08644699,25111.68971566 2875.85677207 13846.0864162,25112.37312372 2875.85677193 13846.08641615              ]
            }
            coordIndex [
0,1,2,-1,3,4,5,-1,0,2,3,-1,3,5,0,-1,6,7,8,-1,9,10,11,-1,6,8,9,-1,9,11,6,-1,2,1,11,-1,11,10,2,-1,8,7,5,-1,5,4,8,-1,10,9,3,-1,3,2,10,-1,3,9,8,-1,8,4,3,-1,6,11,1,-1,1,0,6,-1,6,0,5,-1,5,7,6            ]
            ccw TRUE
            normalPerVertex TRUE
            normal Normal {
              vector [
-1 -0 0,1 0 0,0 -1 0,0 0 -1,0 -0.89155 0.45292,0 0.89155 0.45292,0 0.51659 -0.85623,0 -0.51659 -0.85623              ]
            }
            normalIndex [
0,0,0,-1,0,0,0,-1,0,0,0,-1,0,0,0,-1,1,1,1,-1,1,1,1,-1,1,1,1,-1,1,1,1,-1,2,2,2,-1,2,2,2,-1,3,3,3,-1,3,3,3,-1,4,4,4,-1,4,4,4,-1,5,5,5,-1,5,5,5,-1,6,6,6,-1,6,6,6,-1,7,7,7,-1,7,7,7            ]
          }
        }
        Shape {
          appearance DEF M8 Appearance {
            material Material {
              diffuseColor 0.78354 0.78354 0.78354
              emissiveColor 0 0 0
              shininess 0
            }
          }
          geometry IndexedFaceSet {
            coord Coordinate {
              point [
10486.19995117 3956.92352546 12216.24538251,10486.19995117 3956.94034148 12216.24538251,10487.39929199 3957.55587104 12216.16225411,10486.19995117 3957.60568454 12216.24538232,10488.49945068 3958.15458462 12216.16225394,10486.19995117 3958.26277825 12216.24538213,10489.1998291 3958.7034847 12216.07912556,10486.19995117 3958.87005847 12216.24538196,10489.50042725 3959.19432196 12216.07912542,10492.79937744 3958.99475069 12215.82974081,10489.1998291 3959.59346434 12216.07912531,10486.19995117 3959.83459969 12216.24538169,10486.19995117 3959.40214256 12216.24538181,10486.19995117 3960.1591805 12216.2453816,10488.49945068 3959.90122916 12216.16225345,10492.1005249 3959.36882772 12215.91286893,10490.49987793 3959.67659254 12215.99599707,10494.70062256 3959.19432186 12215.74661253,10495.89996338 3958.82817692 12215.66348441,10494.70062256 3958.42078519 12215.74661275,10499.20043945 3958.69523514 12215.41409978,10492.1005249 3958.55372694 12215.91286916,10494.70062256 3958.47059867 12215.74661274,10495.89996338 3958.36240504 12215.66348454,10494.70062256 3958.13808577 12215.74661283,10494.70062256 3958.85324232 12215.74661263,10495.89996338 3958.67016983 12215.66348446,10494.70062256 3959.15275775 12215.74661254,10495.89996338 3958.95318653 12215.66348438,10495.89996338 3959.11119361 12215.66348433,10492.1005249 3959.40214247 12215.91286892,10490.49987793 3959.43545724 12215.99599713,10492.1005249 3959.2609514 12215.91286896,10488.40026855 3959.48527076 12216.16225357,10489.1998291 3959.3605784 12216.07912538,10492.70019531 3959.11119366 12215.82974078,10489.50042725 3959.2523848 12216.07912541,10489.1998291 3959.15275784 12216.07912544,10492.1005249 3959.01124945 12215.91286903,10488.40026855 3959.07787901 12216.16225368,10490.49987793 3958.94461998 12215.99599727,10487.39929199 3959.00300015 12216.1622537,10488.40026855 3958.89480655 12216.16225373,10492.1005249 3958.81167825 12215.91286909,10489.1998291 3958.78661292 12216.07912554,10492.70019531 3958.66192052 12215.82974091,10489.50042725 3958.67016995 12216.07912557,10489.1998291 3958.55372698 12216.07912561,10492.1005249 3958.51216282 12215.91286917,10488.40026855 3958.43728404 12216.16225386,10490.49987793 3958.36240513 12215.99599744,10487.39929199 3958.3125917 12216.1622539,10488.40026855 3958.21296475 12216.16225392,10492.1005249 3958.27102752 12215.91286924,10489.1998291 3958.09652176 12216.07912573,10492.79937744 3958.15458453 12215.82974105,10489.50042725 3957.98007879 12216.07912577,10489.1998291 3957.85506917 12216.0791258,10492.1005249 3957.9883281 12215.91286932,10488.49945068 3957.73037686 12216.16225406,10490.49987793 3957.78875694 12215.9959976,10487.39929199 3957.61393389 12216.16225409,10488.49945068 3957.57236978 12216.16225411,10492.1005249 3957.84681976 12215.91286936,10489.1998291 3957.54730437 12216.07912589,10492.70019531 3957.91344922 12215.82974112,10495.89996338 3958.28752618 12215.66348456,10492.1005249 3957.98007874 12215.91286932,10489.1998291 3957.52255627 12216.0791259,10488.49945068 3957.53080566 12216.16225412,10490.49987793 3958.06320699 12215.99599752,10486.19995117 3956.98190559 12216.2453825,10486.19995117 3957.04853508 12216.24538248,10489.50042725 3957.52255627 12216.0791259,10486.19995117 3957.1316633 12216.24538245,10486.19995117 3957.23953962 12216.24538242,10486.19995117 3957.35598259 12216.24538239,10486.19995117 3957.48924158 12216.24538235,10486.19995117 3957.63074993 12216.24538231,10486.19995117 3957.63899929 12216.24538231,10486.19995117 3957.6805634 12216.2453823,10486.19995117 3957.74719289 12216.24538228,10486.19995117 3957.83032112 12216.24538226,10486.19995117 3957.93819744 12216.24538223,10486.19995117 3958.05464041 12216.24538219,10486.19995117 3958.18789939 12216.24538216,10486.19995117 3958.32940774 12216.24538212,10486.19995117 3958.41253596 12216.24538209,10486.19995117 3958.50391355 12216.24538207,10486.19995117 3958.58704178 12216.24538204,10486.19995117 3958.67873665 12216.24538202,10486.19995117 3958.76186487 12216.24538199,10486.19995117 3958.85324246 12216.24538197,10486.19995117 3958.93637068 12216.24538194,10486.19995117 3959.02806556 12216.24538192,10486.19995117 3959.11119378 12216.24538189,10486.19995117 3959.20257137 12216.24538187,10486.19995117 3959.28569959 12216.24538185,10486.19995117 3959.37739446 12216.24538182,10486.19995117 3959.46877205 12216.24538179,10486.19995117 3959.55190028 12216.24538177,10486.19995117 3959.64327786 12216.24538174,10487.39929199 3959.61852974 12216.16225353,10486.19995117 3959.72672337 12216.24538172,10486.19995117 3959.7432221 12216.24538172,10488.49945068 3959.60171373 12216.16225353,10486.19995117 3959.78478621 12216.2453817,10489.1998291 3959.62677909 12216.0791253,10486.19995117 3959.84316634 12216.24538169,10489.50042725 3959.68515921 12216.07912529,10492.70019531 3959.41895846 12215.82974069,10489.1998291 3959.78478617 12216.07912526,10492.1005249 3959.51033607 12215.91286889,10488.49945068 3959.93454391 12216.16225344,10486.19995117 3960.04273753 12216.24538163,10486.19995117 3959.93454393 12216.24538166,10487.39929199 3960.12586573 12216.16225339,10486.19995117 3960.2921222 12216.24538156,10486.19995117 3960.42538119 12216.24538152,10486.19995117 3960.35875169 12216.24538154              ]
            }
            coordIndex [
0,1,2,-1,0,2,3,-1,3,2,4,-1,3,4,5,-1,5,4,6,-1,5,6,7,-1,7,6,8,-1,6,9,8,-1,10,8,9,-1,11,12,8,-1,13,10,14,-1,14,10,15,-1,10,9,15,-1,14,15,16,-1,16,15,17,-1,15,9,18,-1,15,18,17,-1,19,20,18,-1,21,19,18,-1,21,18,9,-1,17,18,20,-1,22,20,23,-1,24,23,20,-1,25,20,26,-1,22,26,20,-1,27,20,28,-1,25,28,20,-1,17,20,29,-1,27,29,20,-1,30,29,27,-1,31,30,27,-1,31,27,32,-1,32,27,28,-1,33,31,32,-1,33,32,34,-1,34,32,35,-1,32,28,35,-1,34,35,36,-1,37,36,35,-1,37,35,38,-1,38,35,28,-1,39,37,38,-1,39,38,40,-1,40,38,25,-1,38,28,25,-1,41,39,40,-1,41,40,42,-1,42,40,43,-1,40,25,43,-1,42,43,44,-1,44,43,45,-1,43,25,26,-1,43,26,45,-1,44,45,46,-1,47,46,45,-1,47,45,48,-1,48,45,26,-1,49,47,48,-1,49,48,50,-1,50,48,22,-1,48,26,22,-1,51,49,50,-1,51,50,52,-1,52,50,53,-1,50,22,53,-1,52,53,54,-1,54,53,55,-1,53,22,23,-1,53,23,55,-1,54,55,56,-1,57,56,55,-1,57,55,58,-1,58,55,23,-1,59,58,60,-1,60,58,24,-1,58,23,24,-1,61,59,60,-1,61,60,62,-1,62,60,63,-1,60,24,63,-1,62,63,64,-1,64,63,65,-1,63,24,66,-1,63,66,65,-1,67,65,66,-1,67,66,19,-1,68,65,67,-1,69,68,67,-1,69,67,70,-1,70,67,19,-1,2,69,70,-1,2,70,4,-1,4,70,21,-1,70,19,21,-1,71,68,69,-1,1,71,69,-1,1,69,2,-1,71,72,68,-1,72,73,68,-1,72,74,73,-1,75,73,74,-1,68,73,65,-1,64,65,73,-1,75,64,73,-1,76,64,75,-1,76,62,64,-1,77,62,76,-1,77,61,62,-1,78,61,77,-1,78,79,61,-1,79,59,61,-1,79,80,59,-1,80,81,57,-1,81,56,57,-1,81,82,56,-1,83,56,82,-1,83,54,56,-1,84,54,83,-1,84,52,54,-1,85,52,84,-1,85,51,52,-1,86,51,85,-1,86,87,51,-1,87,49,51,-1,87,88,49,-1,88,47,49,-1,88,89,47,-1,89,46,47,-1,89,90,46,-1,91,46,90,-1,91,44,46,-1,92,44,91,-1,92,42,44,-1,93,42,92,-1,93,41,42,-1,94,41,93,-1,94,95,41,-1,95,39,41,-1,95,96,39,-1,96,37,39,-1,96,97,37,-1,97,36,37,-1,97,98,36,-1,99,36,98,-1,99,34,36,-1,100,34,99,-1,100,33,34,-1,101,33,100,-1,101,102,33,-1,103,102,101,-1,103,104,102,-1,104,105,102,-1,104,106,105,-1,106,107,105,-1,102,105,31,-1,105,107,30,-1,105,30,31,-1,108,109,107,-1,106,108,107,-1,107,109,110,-1,107,110,30,-1,111,110,109,-1,30,110,29,-1,112,29,110,-1,111,112,110,-1,113,112,111,-1,13,113,111,-1,13,111,114,-1,114,111,109,-1,114,109,115,-1,108,115,109,-1,116,16,113,-1,117,116,113,-1,117,113,13,-1,113,16,112,-1,118,116,117,-1,118,119,116,-1,119,14,116,-1,119,13,14,-1,116,14,16,-1,16,17,112,-1,112,17,29,-1,102,31,33,-1,4,21,6,-1,6,21,9            ]
            ccw TRUE
            normalPerVertex TRUE
            normal Normal {
              vector [
-0.08098 0.99672 0,0.08311 -0.99654 0,0.07686 -0.99044 -0.11457,0.04339 -0.99906 0,0.0488 -0.99391 0.0988,0.06654 -0.99778 0,0.06429 -0.99738 -0.03316,0.08717 -0.9953 -0.04227,0.09434 -0.99394 0.05637,0.06035 -0.99818 0,0.0089 -0.96956 -0.24467,0.05248 -0.98581 -0.15943,0.05599 -0.99016 -0.12828,0.05583 -0.98981 -0.13102,0.05552 -0.98909 -0.13645,0.14112 -0.92828 0.34407,0.08375 -0.99087 0.10569,0.05536 -0.98872 -0.13916,0.07478 -0.99707 -0.01595,0.08969 -0.99588 -0.01313,0.07763 -0.99693 0.00974,0.07083 -0.99292 0.0954,0.06986 -0.99272 0.09811,0.07317 -0.99336 0.08884,0.09187 -0.99559 0.01882,-0.08675 0.99589 -0.02614,-0.09827 0.99349 0.05759,-0.08981 0.99547 -0.0311,-0.091 0.99536 0.03138,-0.09642 0.99375 -0.0563,-0.08716 0.99571 0.03092,0.07253 -0.99348 -0.08792,-0.08032 0.99527 0.05469,-0.08566 0.9944 -0.06183,-0.05773 0.98292 0.17474,-0.08341 0.97753 -0.1936,-0.0745 0.99676 0.03044,-0.09887 0.95209 -0.28941,-0.05036 0.93783 0.34343,-0.05023 0.93822 0.34237,-0.05007 0.93871 0.34105,-0.04993 0.93913 0.33992,-0.03359 0.91349 0.40547,-0.10401 0.96814 -0.2278,-0.08015 0.97789 0.19316,-0.08575 0.93676 -0.33929,-0.07912 0.92187 -0.37933,-0.08355 0.95119 -0.29707,-0.07304 0.96823 0.23917,-0.06766 0.98933 0.12899,-0.07956 0.99648 -0.02638,-0.04474 0.86664 0.49692,-0.06693 0.85516 -0.51402,-0.08508 0.96818 -0.23536,-0.0731 0.9884 -0.13313,-0.06904 0.95313 0.29458,-0.06902 0.95367 0.29284,-0.06899 0.95446 0.29025,-0.06897 0.95499 0.2885,-0.07727 0.99676 0.02255,-0.06003 0.94146 0.33174,-0.09205 0.97771 -0.1887,-0.0908 0.97832 0.18613,-0.07107 0.95656 -0.28274,-0.05744 0.93947 -0.33779,-0.07098 0.96101 -0.26723,-0.08429 0.97688 0.19649,-0.07394 0.98996 0.12045,-0.07741 0.99678 -0.02087,-0.06618 0.8943 0.44254,-0.05068 0.90591 -0.42042,-0.07525 0.9773 -0.19805,-0.06817 0.99277 -0.09884,-0.08269 0.97411 0.2104,-0.08515 0.96416 0.25129,-0.07941 0.99658 0.02279,-0.08343 0.9571 0.27748,-0.07873 0.98384 -0.16081,-0.10168 0.97586 0.19329,-0.04905 0.95426 -0.29493,-0.03141 0.92921 -0.3682,-0.10557 0.94937 0.29591,-0.08778 0.97693 0.19469,-0.07333 0.99687 -0.02939,-0.09223 0.66866 0.73783,-0.02235 0.86472 -0.50175,-0.04047 0.92355 -0.38134,-0.05434 0.98348 -0.17265,-0.11286 0.91575 0.38558,-0.12121 -0.09913 0.98767,0.02367 -0.95853 0.28401,-0.14144 0.06318 0.98793,0.10811 -0.92591 -0.36195,0.08047 -0.99667 -0.01355,0.12049 -0.95333 -0.27685,0.12902 -0.93867 -0.31977,0.12966 -0.94055 -0.31394,0.12864 -0.93752 -0.32328,0.06812 -0.99335 0.09276,0.06533 -0.99606 0.05998,0.00768 -0.95943 0.28183,0.09074 -0.98578 -0.14142,0.09428 -0.99202 -0.08376,0.07466 -0.99652 -0.03717,0.13003 -0.94165 -0.31046,-0.04269 0.99909 0,0.00347 -0.99216 0.12494,-0.06607 0.99782 0,0 -0.94335 0.3318,-0.06036 0.99818 0,-0.06034 0.99818 0,-0.06033 0.99818 0,-0.06031 0.99818 0,0 -0.85558 0.51766,-0.03542 0.93975 -0.34001,-0.02842 0.95664 -0.28987,-0.06697 0.99776 0,-0.09642 0.83986 0.53416,-0.04345 0.99906 0,-0.02003 0.90235 -0.43054,-0.07929 0.99685 0,-0.07751 0.99699 -0,-0.08341 0.99652 0,-0.07526 0.99716 0,-0.06179 0.88009 0.47077,-0.04335 0.99906 0,-0.06615 0.99781 0,-0.07221 0.98667 0.14586,-0.06037 0.99818 0,-0.06038 0.99818 0,-0.06039 0.99817 0,-0.05787 0.99031 -0.12626,-0.06687 0.99776 0,-0.0683 0.95274 0.296,-0.04543 0.99897 0,-0.03841 0.94575 -0.32261,-0.08291 0.99656 0,-0.08305 0.99655 0,-0.08243 0.9966 0,-0.04732 0.94743 0.31644,-0.04558 0.99896 0,-0.05474 0.93185 -0.35869,-0.06695 0.99776 0,-0.06372 0.98824 0.13903,-0.06089 0.99814 0,-0.06041 0.99817 0,-0.06043 0.99817 0,-0.05992 0.9982 0,-0.06459 0.98802 -0.14016,-0.06682 0.99777 0,-0.05033 0.91471 0.40097,-0.04568 0.99896 0,-0.05044 0.91959 -0.38964,-0.08307 0.99654 0,-0.08304 0.99655 0,-0.08267 0.99658 0,-0.08345 0.99651 0,-0.03484 0.92142 0.387,-0.04532 0.99897 0,-0.06885 0.90981 -0.40928,-0.06596 0.99782 0,-0.0585 0.98735 0.14734,-0.06004 0.9982 0,-0.0604 0.99817 0,-0.06039 0.99817 0,-0.06074 0.99815 0,-0.0727 0.98268 -0.17046,-0.02245 0.88038 0.47374,-0.08377 0.84781 -0.52365,-0.08206 0.99663 0,-0.08144 0.99668 -0,-0.0833 0.99652 0,0.01135 0.79584 0.6054,-0.04271 0.99909 0,-0.091 0.80902 -0.5807,0.01403 0.62362 0.7816,-0.10518 0.88329 -0.45687,-0.04511 0.90155 0.43032,-0.04732 0.97754 0.20537,-0.06643 0.99779 0,-0.06295 0.96432 0.25715,-0.11267 0.7989 -0.59082,-0.11888 0.95103 -0.28531,-0.11605 0.80732 -0.57858,0.06127 0.53428 0.84308,0.05417 0.59442 0.80233,-0.00919 0.89731 0.4413,0.03295 0.8146 0.57908,-0.06661 0.99778 0,-0.08773 0.97102 -0.22232,-0.06042 0.99817 0,-0.06042 0.99817 0,-0.06054 0.99817 0,-0.17809 0.4657 -0.86684,-0.18768 0.44702 -0.87461,-0.04331 0.99906 0,-0.0593 -0.64834 -0.75904,-0.08292 0.99656 0,0.08228 -0.99661 0,0.24225 -0.13347 0.96099,0.04333 -0.99906 0,0.16057 -0.72744 0.66712,-0.01751 -0.79728 -0.60335,0.09159 -0.99314 0.07267,-0.09341 0.8064 -0.58395,0.0731 -0.99488 0.06976,0.07411 -0.99352 0.08618              ]
            }
            normalIndex [
0,0,0,-1,1,1,1,-1,2,2,2,-1,3,3,3,-1,4,4,4,-1,5,5,5,-1,6,6,6,-1,7,7,7,-1,8,8,8,-1,9,9,9,-1,10,10,10,-1,11,11,11,-1,12,13,14,-1,15,15,15,-1,16,16,16,-1,14,13,17,-1,18,18,18,-1,19,19,19,-1,20,20,20,-1,21,22,23,-1,24,24,24,-1,25,25,25,-1,26,26,26,-1,27,27,27,-1,28,28,28,-1,29,29,29,-1,30,30,30,-1,31,31,31,-1,32,32,32,-1,33,33,33,-1,34,34,34,-1,35,35,35,-1,36,36,36,-1,37,37,37,-1,38,39,40,-1,40,39,41,-1,42,42,42,-1,43,43,43,-1,44,44,44,-1,45,45,45,-1,46,46,46,-1,47,47,47,-1,48,48,48,-1,49,49,49,-1,50,50,50,-1,51,51,51,-1,52,52,52,-1,53,53,53,-1,54,54,54,-1,55,56,57,-1,57,56,58,-1,59,59,59,-1,60,60,60,-1,61,61,61,-1,62,62,62,-1,63,63,63,-1,64,64,64,-1,65,65,65,-1,66,66,66,-1,67,67,67,-1,68,68,68,-1,69,69,69,-1,70,70,70,-1,71,71,71,-1,72,72,72,-1,73,73,73,-1,74,74,74,-1,75,75,75,-1,76,76,76,-1,77,77,77,-1,78,78,78,-1,79,79,79,-1,80,80,80,-1,81,81,81,-1,82,82,82,-1,83,83,83,-1,84,84,84,-1,85,85,85,-1,86,86,86,-1,87,87,87,-1,88,88,88,-1,89,89,89,-1,90,90,90,-1,91,91,91,-1,92,92,92,-1,93,93,93,-1,94,94,94,-1,95,96,97,-1,98,98,98,-1,99,99,99,-1,100,100,100,-1,101,101,101,-1,102,102,102,-1,103,103,103,-1,104,96,95,-1,105,105,105,-1,106,106,106,-1,107,107,107,-1,108,108,108,-1,109,110,111,-1,112,111,110,-1,113,113,113,-1,114,114,114,-1,115,115,115,-1,116,116,116,-1,117,117,117,-1,118,118,118,-1,119,119,119,-1,120,121,122,-1,120,123,121,-1,124,124,124,-1,125,125,125,-1,126,126,126,-1,127,127,127,-1,109,128,129,-1,130,129,128,-1,131,131,131,-1,132,132,132,-1,133,133,133,-1,134,134,134,-1,135,135,135,-1,136,137,122,-1,136,138,137,-1,139,139,139,-1,140,140,140,-1,141,141,141,-1,142,142,142,-1,143,143,143,-1,144,145,146,-1,147,146,145,-1,148,148,148,-1,149,149,149,-1,150,150,150,-1,151,151,151,-1,152,152,152,-1,153,154,155,-1,153,156,154,-1,157,157,157,-1,158,158,158,-1,159,159,159,-1,160,160,160,-1,161,161,161,-1,162,163,164,-1,165,164,163,-1,166,166,166,-1,142,142,142,-1,167,167,167,-1,140,140,140,-1,168,168,168,-1,169,170,171,-1,169,0,170,-1,172,172,172,-1,173,173,173,-1,174,174,174,-1,175,175,175,-1,176,176,176,-1,177,177,177,-1,178,178,178,-1,179,179,179,-1,180,180,180,-1,181,181,181,-1,182,182,182,-1,183,183,183,-1,184,184,184,-1,185,185,185,-1,186,186,186,-1,187,187,187,-1,188,188,188,-1,189,189,189,-1,112,190,191,-1,192,191,190,-1,193,193,193,-1,194,194,194,-1,195,195,195,-1,196,196,196,-1,197,197,197,-1,198,198,198,-1,199,199,199,-1,200,200,200,-1,201,201,201,-1,202,202,202,-1,203,203,203,-1,204,204,204,-1,205,205,205,-1,206,21,23            ]
          }
        }
        Shape {
          appearance USE M0
          geometry IndexedFaceSet {
            coord Coordinate {
              point [
12890.62629211 4243.69296638 14803.67332796,13012.37312066 4075.85677193 14803.67331877,13011.68971261 4075.85677207 14803.67331882,12603.86536619 4248.17764022 14803.67334961,13018.60344102 4423.41987983 14803.6733183,13018.60344038 4420.11817305 14803.6733183,12890.62629517 4243.69296638 14844.17431597,13018.60344343 4420.11817305 14844.17430631,13018.60344408 4423.41987983 14844.17430631,12603.86536924 4248.17764022 14844.17433762,13011.68971566 4075.85677207 14844.17430683,13012.37312372 4075.85677193 14844.17430678              ]
            }
            coordIndex [
0,1,2,-1,3,4,5,-1,0,2,3,-1,3,5,0,-1,6,7,8,-1,9,10,11,-1,6,8,9,-1,9,11,6,-1,2,1,11,-1,11,10,2,-1,8,7,5,-1,5,4,8,-1,10,9,3,-1,3,2,10,-1,3,9,8,-1,8,4,3,-1,6,11,1,-1,1,0,6,-1,6,0,5,-1,5,7,6            ]
            ccw TRUE
            normalPerVertex TRUE
            normal Normal {
              vector [
-1 -0 0,1 0 0,0 -1 0,0 0 -1,0 -0.89155 0.45292,0 0.89155 0.45292,0 0.51659 -0.85623,0 -0.51659 -0.85623              ]
            }
            normalIndex [
0,0,0,-1,0,0,0,-1,0,0,0,-1,0,0,0,-1,1,1,1,-1,1,1,1,-1,1,1,1,-1,1,1,1,-1,2,2,2,-1,2,2,2,-1,3,3,3,-1,3,3,3,-1,4,4,4,-1,4,4,4,-1,5,5,5,-1,5,5,5,-1,6,6,6,-1,6,6,6,-1,7,7,7,-1,7,7,7            ]
          }
        }
        Shape {
          appearance USE M0
          geometry IndexedFaceSet {
            coord Coordinate {
              point [
9690.62531555 4243.69296638 13556.06492952,9812.3721441 4075.85677193 13556.06492033,9811.68873604 4075.85677207 13556.06492038,9403.86438962 4248.17764022 13556.06495117,9818.60246446 4423.41987983 13556.06491986,9818.60246381 4420.11817305 13556.06491986,9690.62531861 4243.69296638 13596.56591753,9818.60246687 4420.11817305 13596.56590787,9818.60246751 4423.41987983 13596.56590787,9403.86439268 4248.17764022 13596.56593918,9811.6887391 4075.85677207 13596.56590839,9812.37214715 4075.85677193 13596.56590834              ]
            }
            coordIndex [
0,1,2,-1,3,4,5,-1,0,2,3,-1,3,5,0,-1,6,7,8,-1,9,10,11,-1,6,8,9,-1,9,11,6,-1,2,1,11,-1,11,10,2,-1,8,7,5,-1,5,4,8,-1,10,9,3,-1,3,2,10,-1,3,9,8,-1,8,4,3,-1,6,11,1,-1,1,0,6,-1,6,0,5,-1,5,7,6            ]
            ccw TRUE
            normalPerVertex TRUE
            normal Normal {
              vector [
-1 -0 0,1 0 0,0 -1 0,0 0 -1,0 -0.89155 0.45292,0 0.89155 0.45292,0 0.51659 -0.85623,0 -0.51659 -0.85623              ]
            }
            normalIndex [
0,0,0,-1,0,0,0,-1,0,0,0,-1,0,0,0,-1,1,1,1,-1,1,1,1,-1,1,1,1,-1,1,1,1,-1,2,2,2,-1,2,2,2,-1,3,3,3,-1,3,3,3,-1,4,4,4,-1,4,4,4,-1,5,5,5,-1,5,5,5,-1,6,6,6,-1,6,6,6,-1,7,7,7,-1,7,7,7            ]
          }
        }
        Shape {
          appearance USE M0
          geometry IndexedFaceSet {
            coord Coordinate {
              point [
28190.62629211 3443.69272224 13556.06492952,28312.37312066 3275.85652779 13556.06492033,28311.68971261 3275.85652793 13556.06492038,27903.86536619 3448.17739608 13556.06495117,28318.60344102 3623.41963569 13556.06491986,28318.60344038 3620.11792891 13556.06491986,28190.62629517 3443.69272224 13596.56591753,28318.60344343 3620.11792891 13596.56590787,28318.60344408 3623.41963569 13596.56590787,27903.86536924 3448.17739608 13596.56593918,28311.68971566 3275.85652793 13596.56590839,28312.37312372 3275.85652779 13596.56590834              ]
            }
            coordIndex [
0,1,2,-1,3,4,5,-1,0,2,3,-1,3,5,0,-1,6,7,8,-1,9,10,11,-1,6,8,9,-1,9,11,6,-1,2,1,11,-1,11,10,2,-1,8,7,5,-1,5,4,8,-1,10,9,3,-1,3,2,10,-1,3,9,8,-1,8,4,3,-1,6,11,1,-1,1,0,6,-1,6,0,5,-1,5,7,6            ]
            ccw TRUE
            normalPerVertex TRUE
            normal Normal {
              vector [
-1 -0 0,1 0 0,0 -1 0,0 0 -1,0 -0.89155 0.45292,0 0.89155 0.45292,0 0.51659 -0.85623,0 -0.51659 -0.85623              ]
            }
            normalIndex [
0,0,0,-1,0,0,0,-1,0,0,0,-1,0,0,0,-1,1,1,1,-1,1,1,1,-1,1,1,1,-1,1,1,1,-1,2,2,2,-1,2,2,2,-1,3,3,3,-1,3,3,3,-1,4,4,4,-1,4,4,4,-1,5,5,5,-1,5,5,5,-1,6,6,6,-1,6,6,6,-1,7,7,7,-1,7,7,7            ]
          }
        }
        Shape {
          appearance USE M0
          geometry IndexedFaceSet {
            coord Coordinate {
              point [
16090.62629211 4243.69296638 13556.06492952,16212.37312066 4075.85677193 13556.06492033,16211.68971261 4075.85677207 13556.06492038,15803.86536619 4248.17764022 13556.06495117,16218.60344102 4423.41987983 13556.06491986,16218.60344038 4420.11817305 13556.06491986,16090.62629517 4243.69296638 13596.56591753,16218.60344343 4420.11817305 13596.56590787,16218.60344408 4423.41987983 13596.56590787,15803.86536924 4248.17764022 13596.56593918,16211.68971566 4075.85677207 13596.56590839,16212.37312372 4075.85677193 13596.56590834              ]
            }
            coordIndex [
0,1,2,-1,3,4,5,-1,0,2,3,-1,3,5,0,-1,6,7,8,-1,9,10,11,-1,6,8,9,-1,9,11,6,-1,2,1,11,-1,11,10,2,-1,8,7,5,-1,5,4,8,-1,10,9,3,-1,3,2,10,-1,3,9,8,-1,8,4,3,-1,6,11,1,-1,1,0,6,-1,6,0,5,-1,5,7,6            ]
            ccw TRUE
            normalPerVertex TRUE
            normal Normal {
              vector [
-1 -0 0,1 0 0,0 -1 0,0 0 -1,0 -0.89155 0.45292,0 0.89155 0.45292,0 0.51659 -0.85623,0 -0.51659 -0.85623              ]
            }
            normalIndex [
0,0,0,-1,0,0,0,-1,0,0,0,-1,0,0,0,-1,1,1,1,-1,1,1,1,-1,1,1,1,-1,1,1,1,-1,2,2,2,-1,2,2,2,-1,3,3,3,-1,3,3,3,-1,4,4,4,-1,4,4,4,-1,5,5,5,-1,5,5,5,-1,6,6,6,-1,6,6,6,-1,7,7,7,-1,7,7,7            ]
          }
        }
        Shape {
          appearance USE M0
          geometry IndexedFaceSet {
            coord Coordinate {
              point [
24990.62629211 4707.17099373 14803.67332796,25112.37312066 4539.33479928 14803.67331877,25111.68971261 4539.33479941 14803.67331882,24703.86536619 4711.65566756 14803.67334961,25118.60344102 4886.89790717 14803.6733183,25118.60344038 4883.59620039 14803.6733183,24990.62629517 4707.17099373 14844.17431597,25118.60344343 4883.59620039 14844.17430631,25118.60344408 4886.89790717 14844.17430631,24703.86536924 4711.65566756 14844.17433762,25111.68971566 4539.33479941 14844.17430683,25112.37312372 4539.33479928 14844.17430678              ]
            }
            coordIndex [
0,1,2,-1,3,4,5,-1,0,2,3,-1,3,5,0,-1,6,7,8,-1,9,10,11,-1,6,8,9,-1,9,11,6,-1,2,1,11,-1,11,10,2,-1,8,7,5,-1,5,4,8,-1,10,9,3,-1,3,2,10,-1,3,9,8,-1,8,4,3,-1,6,11,1,-1,1,0,6,-1,6,0,5,-1,5,7,6            ]
            ccw TRUE
            normalPerVertex TRUE
            normal Normal {
              vector [
-1 -0 0,1 0 0,0 -1 0,0 0 -1,0 -0.89155 0.45292,0 0.89155 0.45292,0 0.51659 -0.85623,0 -0.51659 -0.85623              ]
            }
            normalIndex [
0,0,0,-1,0,0,0,-1,0,0,0,-1,0,0,0,-1,1,1,1,-1,1,1,1,-1,1,1,1,-1,1,1,1,-1,2,2,2,-1,2,2,2,-1,3,3,3,-1,3,3,3,-1,4,4,4,-1,4,4,4,-1,5,5,5,-1,5,5,5,-1,6,6,6,-1,6,6,6,-1,7,7,7,-1,7,7,7            ]
          }
        }
        Shape {
          appearance USE M0
          geometry IndexedFaceSet {
            coord Coordinate {
              point [
190.62653625 3875.43222419 14304.63035921,312.3733648 3707.59602975 14304.63035002,311.68995675 3707.59602988 14304.63035007,-96.13438967 3879.91689803 14304.63038086,318.60368516 4055.15913764 14304.63034955,318.60368452 4051.85743086 14304.63034955,190.62653931 3875.43222419 14345.13134722,318.60368758 4051.85743086 14345.13133756,318.60368822 4055.15913764 14345.13133756,-96.13438662 3879.91689803 14345.13136887,311.6899598 3707.59602988 14345.13133808,312.37336786 3707.59602975 14345.13133803              ]
            }
            coordIndex [
0,1,2,-1,3,4,5,-1,0,2,3,-1,3,5,0,-1,6,7,8,-1,9,10,11,-1,6,8,9,-1,9,11,6,-1,2,1,11,-1,11,10,2,-1,8,7,5,-1,5,4,8,-1,10,9,3,-1,3,2,10,-1,3,9,8,-1,8,4,3,-1,6,11,1,-1,1,0,6,-1,6,0,5,-1,5,7,6            ]
            ccw TRUE
            normalPerVertex TRUE
            normal Normal {
              vector [
-1 -0 0,1 0 0,0 -1 0,0 0 -1,0 -0.89155 0.45292,0 0.89155 0.45292,0 0.51659 -0.85623,0 -0.51659 -0.85623              ]
            }
            normalIndex [
0,0,0,-1,0,0,0,-1,0,0,0,-1,0,0,0,-1,1,1,1,-1,1,1,1,-1,1,1,1,-1,1,1,1,-1,2,2,2,-1,2,2,2,-1,3,3,3,-1,3,3,3,-1,4,4,4,-1,4,4,4,-1,5,5,5,-1,5,5,5,-1,6,6,6,-1,6,6,6,-1,7,7,7,-1,7,7,7            ]
          }
        }
        Shape {
          appearance USE M0
          geometry IndexedFaceSet {
            coord Coordinate {
              point [
34490.62629211 3443.69272224 14055.10789827,34612.37312066 3275.85652779 14055.10788908,34611.68971261 3275.85652793 14055.10788913,34203.86536619 3448.17739608 14055.10791992,34618.60344102 3623.41963569 14055.10788861,34618.60344038 3620.11792891 14055.10788861,34490.62629517 3443.69272224 14095.60888628,34618.60344343 3620.11792891 14095.60887662,34618.60344408 3623.41963569 14095.60887662,34203.86536924 3448.17739608 14095.60890793,34611.68971566 3275.85652793 14095.60887714,34612.37312372 3275.85652779 14095.60887709              ]
            }
            coordIndex [
0,1,2,-1,3,4,5,-1,0,2,3,-1,3,5,0,-1,6,7,8,-1,9,10,11,-1,6,8,9,-1,9,11,6,-1,2,1,11,-1,11,10,2,-1,8,7,5,-1,5,4,8,-1,10,9,3,-1,3,2,10,-1,3,9,8,-1,8,4,3,-1,6,11,1,-1,1,0,6,-1,6,0,5,-1,5,7,6            ]
            ccw TRUE
            normalPerVertex TRUE
            normal Normal {
              vector [
-1 -0 0,1 0 0,0 -1 0,0 0 -1,0 -0.89155 0.45292,0 0.89155 0.45292,0 0.51659 -0.85623,0 -0.51659 -0.85623              ]
            }
            normalIndex [
0,0,0,-1,0,0,0,-1,0,0,0,-1,0,0,0,-1,1,1,1,-1,1,1,1,-1,1,1,1,-1,1,1,1,-1,2,2,2,-1,2,2,2,-1,3,3,3,-1,3,3,3,-1,4,4,4,-1,4,4,4,-1,5,5,5,-1,5,5,5,-1,6,6,6,-1,6,6,6,-1,7,7,7,-1,7,7,7            ]
          }
        }
        Shape {
          appearance USE M0
          geometry IndexedFaceSet {
            coord Coordinate {
              point [
3390.62653625 4243.69296638 14554.15184359,3512.3733648 4075.85677193 14554.1518344,3511.68995675 4075.85677207 14554.15183445,3103.86561033 4248.17764022 14554.15186524,3518.60368516 4423.41987983 14554.15183393,3518.60368452 4420.11817305 14554.15183393,3390.62653931 4243.69296638 14594.65283159,3518.60368758 4420.11817305 14594.65282193,3518.60368822 4423.41987983 14594.65282193,3103.86561338 4248.17764022 14594.65285324,3511.6899598 4075.85677207 14594.65282245,3512.37336786 4075.85677193 14594.6528224              ]
            }
            coordIndex [
0,1,2,-1,3,4,5,-1,0,2,3,-1,3,5,0,-1,6,7,8,-1,9,10,11,-1,6,8,9,-1,9,11,6,-1,2,1,11,-1,11,10,2,-1,8,7,5,-1,5,4,8,-1,10,9,3,-1,3,2,10,-1,3,9,8,-1,8,4,3,-1,6,11,1,-1,1,0,6,-1,6,0,5,-1,5,7,6            ]
            ccw TRUE
            normalPerVertex TRUE
            normal Normal {
              vector [
-1 -0 0,1 0 0,0 -1 0,0 0 -1,0 -0.89155 0.45292,0 0.89155 0.45292,0 0.51659 -0.85623,0 -0.51659 -0.85623              ]
            }
            normalIndex [
0,0,0,-1,0,0,0,-1,0,0,0,-1,0,0,0,-1,1,1,1,-1,1,1,1,-1,1,1,1,-1,1,1,1,-1,2,2,2,-1,2,2,2,-1,3,3,3,-1,3,3,3,-1,4,4,4,-1,4,4,4,-1,5,5,5,-1,5,5,5,-1,6,6,6,-1,6,6,6,-1,7,7,7,-1,7,7,7            ]
          }
        }
        Shape {
          appearance USE M0
          geometry IndexedFaceSet {
            coord Coordinate {
              point [
9690.62531555 4707.17099373 13556.06492952,9812.3721441 4539.33479928 13556.06492033,9811.68873604 4539.33479941 13556.06492038,9403.86438962 4711.65566756 13556.06495117,9818.60246446 4886.89790717 13556.06491986,9818.60246381 4883.59620039 13556.06491986,9690.62531861 4707.17099373 13596.56591753,9818.60246687 4883.59620039 13596.56590787,9818.60246751 4886.89790717 13596.56590787,9403.86439268 4711.65566756 13596.56593918,9811.6887391 4539.33479941 13596.56590839,9812.37214715 4539.33479928 13596.56590834              ]
            }
            coordIndex [
0,1,2,-1,3,4,5,-1,0,2,3,-1,3,5,0,-1,6,7,8,-1,9,10,11,-1,6,8,9,-1,9,11,6,-1,2,1,11,-1,11,10,2,-1,8,7,5,-1,5,4,8,-1,10,9,3,-1,3,2,10,-1,3,9,8,-1,8,4,3,-1,6,11,1,-1,1,0,6,-1,6,0,5,-1,5,7,6            ]
            ccw TRUE
            normalPerVertex TRUE
            normal Normal {
              vector [
-1 -0 0,1 0 0,0 -1 0,0 0 -1,0 -0.89155 0.45292,0 0.89155 0.45292,0 0.51659 -0.85623,0 -0.51659 -0.85623              ]
            }
            normalIndex [
0,0,0,-1,0,0,0,-1,0,0,0,-1,0,0,0,-1,1,1,1,-1,1,1,1,-1,1,1,1,-1,1,1,1,-1,2,2,2,-1,2,2,2,-1,3,3,3,-1,3,3,3,-1,4,4,4,-1,4,4,4,-1,5,5,5,-1,5,5,5,-1,6,6,6,-1,6,6,6,-1,7,7,7,-1,7,7,7            ]
          }
        }
        Shape {
          appearance USE M0
          geometry IndexedFaceSet {
            coord Coordinate {
              point [
190.62653625 3043.69296638 14304.63035921,312.3733648 2875.85677193 14304.63035002,311.68995675 2875.85677207 14304.63035007,-96.13438967 3048.17764022 14304.63038086,318.60368516 3223.41987983 14304.63034955,318.60368452 3220.11817305 14304.63034955,190.62653931 3043.69296638 14345.13134722,318.60368758 3220.11817305 14345.13133756,318.60368822 3223.41987983 14345.13133756,-96.13438662 3048.17764022 14345.13136887,311.6899598 2875.85677207 14345.13133808,312.37336786 2875.85677193 14345.13133803              ]
            }
            coordIndex [
0,1,2,-1,3,4,5,-1,0,2,3,-1,3,5,0,-1,6,7,8,-1,9,10,11,-1,6,8,9,-1,9,11,6,-1,2,1,11,-1,11,10,2,-1,8,7,5,-1,5,4,8,-1,10,9,3,-1,3,2,10,-1,3,9,8,-1,8,4,3,-1,6,11,1,-1,1,0,6,-1,6,0,5,-1,5,7,6            ]
            ccw TRUE
            normalPerVertex TRUE
            normal Normal {
              vector [
-1 -0 0,1 0 0,0 -1 0,0 0 -1,0 -0.89155 0.45292,0 0.89155 0.45292,0 0.51659 -0.85623,0 -0.51659 -0.85623              ]
            }
            normalIndex [
0,0,0,-1,0,0,0,-1,0,0,0,-1,0,0,0,-1,1,1,1,-1,1,1,1,-1,1,1,1,-1,1,1,1,-1,2,2,2,-1,2,2,2,-1,3,3,3,-1,3,3,3,-1,4,4,4,-1,4,4,4,-1,5,5,5,-1,5,5,5,-1,6,6,6,-1,6,6,6,-1,7,7,7,-1,7,7,7            ]
          }
        }
        Shape {
          appearance USE M0
          geometry IndexedFaceSet {
            coord Coordinate {
              point [
190.62653625 3043.69296638 14803.67332796,312.3733648 2875.85677193 14803.67331877,311.68995675 2875.85677207 14803.67331882,-96.13438967 3048.17764022 14803.67334961,318.60368516 3223.41987983 14803.6733183,318.60368452 3220.11817305 14803.6733183,190.62653931 3043.69296638 14844.17431597,318.60368758 3220.11817305 14844.17430631,318.60368822 3223.41987983 14844.17430631,-96.13438662 3048.17764022 14844.17433762,311.6899598 2875.85677207 14844.17430683,312.37336786 2875.85677193 14844.17430678              ]
            }
            coordIndex [
0,1,2,-1,3,4,5,-1,0,2,3,-1,3,5,0,-1,6,7,8,-1,9,10,11,-1,6,8,9,-1,9,11,6,-1,2,1,11,-1,11,10,2,-1,8,7,5,-1,5,4,8,-1,10,9,3,-1,3,2,10,-1,3,9,8,-1,8,4,3,-1,6,11,1,-1,1,0,6,-1,6,0,5,-1,5,7,6            ]
            ccw TRUE
            normalPerVertex TRUE
            normal Normal {
              vector [
-1 -0 0,1 0 0,0 -1 0,0 0 -1,0 -0.89155 0.45292,0 0.89155 0.45292,0 0.51659 -0.85623,0 -0.51659 -0.85623              ]
            }
            normalIndex [
0,0,0,-1,0,0,0,-1,0,0,0,-1,0,0,0,-1,1,1,1,-1,1,1,1,-1,1,1,1,-1,1,1,1,-1,2,2,2,-1,2,2,2,-1,3,3,3,-1,3,3,3,-1,4,4,4,-1,4,4,4,-1,5,5,5,-1,5,5,5,-1,6,6,6,-1,6,6,6,-1,7,7,7,-1,7,7,7            ]
          }
        }
        Shape {
          appearance USE M0
          geometry IndexedFaceSet {
            coord Coordinate {
              point [
37690.62629211 3875.43222419 13805.58543734,37812.37312066 3707.59602975 13805.58542815,37811.68971261 3707.59602988 13805.5854282,37403.86536619 3879.91689803 13805.58545899,37818.60344102 4055.15913764 13805.58542768,37818.60344038 4051.85743086 13805.58542768,37690.62629517 3875.43222419 13846.08642534,37818.60344343 4051.85743086 13846.08641568,37818.60344408 4055.15913764 13846.08641568,37403.86536924 3879.91689803 13846.08644699,37811.68971566 3707.59602988 13846.0864162,37812.37312372 3707.59602975 13846.08641615              ]
            }
            coordIndex [
0,1,2,-1,3,4,5,-1,0,2,3,-1,3,5,0,-1,6,7,8,-1,9,10,11,-1,6,8,9,-1,9,11,6,-1,2,1,11,-1,11,10,2,-1,8,7,5,-1,5,4,8,-1,10,9,3,-1,3,2,10,-1,3,9,8,-1,8,4,3,-1,6,11,1,-1,1,0,6,-1,6,0,5,-1,5,7,6            ]
            ccw TRUE
            normalPerVertex TRUE
            normal Normal {
              vector [
-1 -0 0,1 0 0,0 -1 0,0 0 -1,0 -0.89155 0.45292,0 0.89155 0.45292,0 0.51659 -0.85623,0 -0.51659 -0.85623              ]
            }
            normalIndex [
0,0,0,-1,0,0,0,-1,0,0,0,-1,0,0,0,-1,1,1,1,-1,1,1,1,-1,1,1,1,-1,1,1,1,-1,2,2,2,-1,2,2,2,-1,3,3,3,-1,3,3,3,-1,4,4,4,-1,4,4,4,-1,5,5,5,-1,5,5,5,-1,6,6,6,-1,6,6,6,-1,7,7,7,-1,7,7,7            ]
          }
        }
        Shape {
          appearance USE M0
          geometry IndexedFaceSet {
            coord Coordinate {
              point [
46890.62629211 3443.69272224 13057.02196077,47012.37312066 3275.85652779 13057.02195158,47011.68971261 3275.85652793 13057.02195163,46603.86536619 3448.17739608 13057.02198242,47018.60344102 3623.41963569 13057.02195111,47018.60344038 3620.11792891 13057.02195111,46890.62629517 3443.69272224 13097.52294878,47018.60344343 3620.11792891 13097.52293912,47018.60344408 3623.41963569 13097.52293912,46603.86536924 3448.17739608 13097.52297043,47011.68971566 3275.85652793 13097.52293964,47012.37312372 3275.85652779 13097.52293959              ]
            }
            coordIndex [
0,1,2,-1,3,4,5,-1,0,2,3,-1,3,5,0,-1,6,7,8,-1,9,10,11,-1,6,8,9,-1,9,11,6,-1,2,1,11,-1,11,10,2,-1,8,7,5,-1,5,4,8,-1,10,9,3,-1,3,2,10,-1,3,9,8,-1,8,4,3,-1,6,11,1,-1,1,0,6,-1,6,0,5,-1,5,7,6            ]
            ccw TRUE
            normalPerVertex TRUE
            normal Normal {
              vector [
-1 -0 0,1 0 0,0 -1 0,0 0 -1,0 -0.89155 0.45292,0 0.89155 0.45292,0 0.51659 -0.85623,0 -0.51659 -0.85623              ]
            }
            normalIndex [
0,0,0,-1,0,0,0,-1,0,0,0,-1,0,0,0,-1,1,1,1,-1,1,1,1,-1,1,1,1,-1,1,1,1,-1,2,2,2,-1,2,2,2,-1,3,3,3,-1,3,3,3,-1,4,4,4,-1,4,4,4,-1,5,5,5,-1,5,5,5,-1,6,6,6,-1,6,6,6,-1,7,7,7,-1,7,7,7            ]
          }
        }
        Shape {
          appearance USE M0
          geometry IndexedFaceSet {
            coord Coordinate {
              point [
40890.62629211 4243.69296638 14554.15184359,41012.37312066 4075.85677193 14554.1518344,41011.68971261 4075.85677207 14554.15183445,40603.86536619 4248.17764022 14554.15186524,41018.60344102 4423.41987983 14554.15183393,41018.60344038 4420.11817305 14554.15183393,40890.62629517 4243.69296638 14594.65283159,41018.60344343 4420.11817305 14594.65282193,41018.60344408 4423.41987983 14594.65282193,40603.86536924 4248.17764022 14594.65285324,41011.68971566 4075.85677207 14594.65282245,41012.37312372 4075.85677193 14594.6528224              ]
            }
            coordIndex [
0,1,2,-1,3,4,5,-1,0,2,3,-1,3,5,0,-1,6,7,8,-1,9,10,11,-1,6,8,9,-1,9,11,6,-1,2,1,11,-1,11,10,2,-1,8,7,5,-1,5,4,8,-1,10,9,3,-1,3,2,10,-1,3,9,8,-1,8,4,3,-1,6,11,1,-1,1,0,6,-1,6,0,5,-1,5,7,6            ]
            ccw TRUE
            normalPerVertex TRUE
            normal Normal {
              vector [
-1 -0 0,1 0 0,0 -1 0,0 0 -1,0 -0.89155 0.45292,0 0.89155 0.45292,0 0.51659 -0.85623,0 -0.51659 -0.85623              ]
            }
            normalIndex [
0,0,0,-1,0,0,0,-1,0,0,0,-1,0,0,0,-1,1,1,1,-1,1,1,1,-1,1,1,1,-1,1,1,1,-1,2,2,2,-1,2,2,2,-1,3,3,3,-1,3,3,3,-1,4,4,4,-1,4,4,4,-1,5,5,5,-1,5,5,5,-1,6,6,6,-1,6,6,6,-1,7,7,7,-1,7,7,7            ]
          }
        }
        Shape {
          appearance USE M0
          geometry IndexedFaceSet {
            coord Coordinate {
              point [
34490.62629211 3875.43222419 13057.02196077,34612.37312066 3707.59602975 13057.02195158,34611.68971261 3707.59602988 13057.02195163,34203.86536619 3879.91689803 13057.02198242,34618.60344102 4055.15913764 13057.02195111,34618.60344038 4051.85743086 13057.02195111,34490.62629517 3875.43222419 13097.52294878,34618.60344343 4051.85743086 13097.52293912,34618.60344408 4055.15913764 13097.52293912,34203.86536924 3879.91689803 13097.52297043,34611.68971566 3707.59602988 13097.52293964,34612.37312372 3707.59602975 13097.52293959              ]
            }
            coordIndex [
0,1,2,-1,3,4,5,-1,0,2,3,-1,3,5,0,-1,6,7,8,-1,9,10,11,-1,6,8,9,-1,9,11,6,-1,2,1,11,-1,11,10,2,-1,8,7,5,-1,5,4,8,-1,10,9,3,-1,3,2,10,-1,3,9,8,-1,8,4,3,-1,6,11,1,-1,1,0,6,-1,6,0,5,-1,5,7,6            ]
            ccw TRUE
            normalPerVertex TRUE
            normal Normal {
              vector [
-1 -0 0,1 0 0,0 -1 0,0 0 -1,0 -0.89155 0.45292,0 0.89155 0.45292,0 0.51659 -0.85623,0 -0.51659 -0.85623              ]
            }
            normalIndex [
0,0,0,-1,0,0,0,-1,0,0,0,-1,0,0,0,-1,1,1,1,-1,1,1,1,-1,1,1,1,-1,1,1,1,-1,2,2,2,-1,2,2,2,-1,3,3,3,-1,3,3,3,-1,4,4,4,-1,4,4,4,-1,5,5,5,-1,5,5,5,-1,6,6,6,-1,6,6,6,-1,7,7,7,-1,7,7,7            ]
          }
        }
        Shape {
          appearance USE M0
          geometry IndexedFaceSet {
            coord Coordinate {
              point [
31390.62629211 3875.43222419 12807.49949984,31512.37312066 3707.59602975 12807.49949065,31511.68971261 3707.59602988 12807.4994907,31103.86536619 3879.91689803 12807.49952149,31518.60344102 4055.15913764 12807.49949018,31518.60344038 4051.85743086 12807.49949018,31390.62629517 3875.43222419 12848.00048784,31518.60344343 4051.85743086 12848.00047818,31518.60344408 4055.15913764 12848.00047818,31103.86536924 3879.91689803 12848.00050949,31511.68971566 3707.59602988 12848.0004787,31512.37312372 3707.59602975 12848.00047865              ]
            }
            coordIndex [
0,1,2,-1,3,4,5,-1,0,2,3,-1,3,5,0,-1,6,7,8,-1,9,10,11,-1,6,8,9,-1,9,11,6,-1,2,1,11,-1,11,10,2,-1,8,7,5,-1,5,4,8,-1,10,9,3,-1,3,2,10,-1,3,9,8,-1,8,4,3,-1,6,11,1,-1,1,0,6,-1,6,0,5,-1,5,7,6            ]
            ccw TRUE
            normalPerVertex TRUE
            normal Normal {
              vector [
-1 -0 0,1 0 0,0 -1 0,0 0 -1,0 -0.89155 0.45292,0 0.89155 0.45292,0 0.51659 -0.85623,0 -0.51659 -0.85623              ]
            }
            normalIndex [
0,0,0,-1,0,0,0,-1,0,0,0,-1,0,0,0,-1,1,1,1,-1,1,1,1,-1,1,1,1,-1,1,1,1,-1,2,2,2,-1,2,2,2,-1,3,3,3,-1,3,3,3,-1,4,4,4,-1,4,4,4,-1,5,5,5,-1,5,5,5,-1,6,6,6,-1,6,6,6,-1,7,7,7,-1,7,7,7            ]
          }
        }
        Shape {
          appearance USE M0
          geometry IndexedFaceSet {
            coord Coordinate {
              point [
-3009.37346375 4243.69296638 14554.15184359,-2887.6266352 4075.85677193 14554.1518344,-2888.31004325 4075.85677207 14554.15183445,-3296.13438967 4248.17764022 14554.15186524,-2881.39631484 4423.41987983 14554.15183393,-2881.39631548 4420.11817305 14554.15183393,-3009.37346069 4243.69296638 14594.65283159,-2881.39631242 4420.11817305 14594.65282193,-2881.39631178 4423.41987983 14594.65282193,-3296.13438662 4248.17764022 14594.65285324,-2888.3100402 4075.85677207 14594.65282245,-2887.62663214 4075.85677193 14594.6528224              ]
            }
            coordIndex [
0,1,2,-1,3,4,5,-1,0,2,3,-1,3,5,0,-1,6,7,8,-1,9,10,11,-1,6,8,9,-1,9,11,6,-1,2,1,11,-1,11,10,2,-1,8,7,5,-1,5,4,8,-1,10,9,3,-1,3,2,10,-1,3,9,8,-1,8,4,3,-1,6,11,1,-1,1,0,6,-1,6,0,5,-1,5,7,6            ]
            ccw TRUE
            normalPerVertex TRUE
            normal Normal {
              vector [
-1 -0 0,1 0 0,0 -1 0,0 0 -1,0 -0.89155 0.45292,0 0.89155 0.45292,0 0.51659 -0.85623,0 -0.51659 -0.85623              ]
            }
            normalIndex [
0,0,0,-1,0,0,0,-1,0,0,0,-1,0,0,0,-1,1,1,1,-1,1,1,1,-1,1,1,1,-1,1,1,1,-1,2,2,2,-1,2,2,2,-1,3,3,3,-1,3,3,3,-1,4,4,4,-1,4,4,4,-1,5,5,5,-1,5,5,5,-1,6,6,6,-1,6,6,6,-1,7,7,7,-1,7,7,7            ]
          }
        }
        Shape {
          appearance USE M0
          geometry IndexedFaceSet {
            coord Coordinate {
              point [
19290.62629211 3875.43222419 14803.67332796,19412.37312066 3707.59602975 14803.67331877,19411.68971261 3707.59602988 14803.67331882,19003.86536619 3879.91689803 14803.67334961,19418.60344102 4055.15913764 14803.6733183,19418.60344038 4051.85743086 14803.6733183,19290.62629517 3875.43222419 14844.17431597,19418.60344343 4051.85743086 14844.17430631,19418.60344408 4055.15913764 14844.17430631,19003.86536924 3879.91689803 14844.17433762,19411.68971566 3707.59602988 14844.17430683,19412.37312372 3707.59602975 14844.17430678              ]
            }
            coordIndex [
0,1,2,-1,3,4,5,-1,0,2,3,-1,3,5,0,-1,6,7,8,-1,9,10,11,-1,6,8,9,-1,9,11,6,-1,2,1,11,-1,11,10,2,-1,8,7,5,-1,5,4,8,-1,10,9,3,-1,3,2,10,-1,3,9,8,-1,8,4,3,-1,6,11,1,-1,1,0,6,-1,6,0,5,-1,5,7,6            ]
            ccw TRUE
            normalPerVertex TRUE
            normal Normal {
              vector [
-1 -0 0,1 0 0,0 -1 0,0 0 -1,0 -0.89155 0.45292,0 0.89155 0.45292,0 0.51659 -0.85623,0 -0.51659 -0.85623              ]
            }
            normalIndex [
0,0,0,-1,0,0,0,-1,0,0,0,-1,0,0,0,-1,1,1,1,-1,1,1,1,-1,1,1,1,-1,1,1,1,-1,2,2,2,-1,2,2,2,-1,3,3,3,-1,3,3,3,-1,4,4,4,-1,4,4,4,-1,5,5,5,-1,5,5,5,-1,6,6,6,-1,6,6,6,-1,7,7,7,-1,7,7,7            ]
          }
        }
        Shape {
          appearance USE M0
          geometry IndexedFaceSet {
            coord Coordinate {
              point [
9690.62531555 3043.69296638 13556.06492952,9812.3721441 2875.85677193 13556.06492033,9811.68873604 2875.85677207 13556.06492038,9403.86438962 3048.17764022 13556.06495117,9818.60246446 3223.41987983 13556.06491986,9818.60246381 3220.11817305 13556.06491986,9690.62531861 3043.69296638 13596.56591753,9818.60246687 3220.11817305 13596.56590787,9818.60246751 3223.41987983 13596.56590787,9403.86439268 3048.17764022 13596.56593918,9811.6887391 2875.85677207 13596.56590839,9812.37214715 2875.85677193 13596.56590834              ]
            }
            coordIndex [
0,1,2,-1,3,4,5,-1,0,2,3,-1,3,5,0,-1,6,7,8,-1,9,10,11,-1,6,8,9,-1,9,11,6,-1,2,1,11,-1,11,10,2,-1,8,7,5,-1,5,4,8,-1,10,9,3,-1,3,2,10,-1,3,9,8,-1,8,4,3,-1,6,11,1,-1,1,0,6,-1,6,0,5,-1,5,7,6            ]
            ccw TRUE
            normalPerVertex TRUE
            normal Normal {
              vector [
-1 -0 0,1 0 0,0 -1 0,0 0 -1,0 -0.89155 0.45292,0 0.89155 0.45292,0 0.51659 -0.85623,0 -0.51659 -0.85623              ]
            }
            normalIndex [
0,0,0,-1,0,0,0,-1,0,0,0,-1,0,0,0,-1,1,1,1,-1,1,1,1,-1,1,1,1,-1,1,1,1,-1,2,2,2,-1,2,2,2,-1,3,3,3,-1,3,3,3,-1,4,4,4,-1,4,4,4,-1,5,5,5,-1,5,5,5,-1,6,6,6,-1,6,6,6,-1,7,7,7,-1,7,7,7            ]
          }
        }
        Shape {
          appearance USE M0
          geometry IndexedFaceSet {
            coord Coordinate {
              point [
40890.62629211 3043.69296638 13057.02196077,41012.37312066 2875.85677193 13057.02195158,41011.68971261 2875.85677207 13057.02195163,40603.86536619 3048.17764022 13057.02198242,41018.60344102 3223.41987983 13057.02195111,41018.60344038 3220.11817305 13057.02195111,40890.62629517 3043.69296638 13097.52294878,41018.60344343 3220.11817305 13097.52293912,41018.60344408 3223.41987983 13097.52293912,40603.86536924 3048.17764022 13097.52297043,41011.68971566 2875.85677207 13097.52293964,41012.37312372 2875.85677193 13097.52293959              ]
            }
            coordIndex [
0,1,2,-1,3,4,5,-1,0,2,3,-1,3,5,0,-1,6,7,8,-1,9,10,11,-1,6,8,9,-1,9,11,6,-1,2,1,11,-1,11,10,2,-1,8,7,5,-1,5,4,8,-1,10,9,3,-1,3,2,10,-1,3,9,8,-1,8,4,3,-1,6,11,1,-1,1,0,6,-1,6,0,5,-1,5,7,6            ]
            ccw TRUE
            normalPerVertex TRUE
            normal Normal {
              vector [
-1 -0 0,1 0 0,0 -1 0,0 0 -1,0 -0.89155 0.45292,0 0.89155 0.45292,0 0.51659 -0.85623,0 -0.51659 -0.85623              ]
            }
            normalIndex [
0,0,0,-1,0,0,0,-1,0,0,0,-1,0,0,0,-1,1,1,1,-1,1,1,1,-1,1,1,1,-1,1,1,1,-1,2,2,2,-1,2,2,2,-1,3,3,3,-1,3,3,3,-1,4,4,4,-1,4,4,4,-1,5,5,5,-1,5,5,5,-1,6,6,6,-1,6,6,6,-1,7,7,7,-1,7,7,7            ]
          }
        }
        Shape {
          appearance USE M0
          geometry IndexedFaceSet {
            coord Coordinate {
              point [
34490.62629211 3875.43222419 14554.15184359,34612.37312066 3707.59602975 14554.1518344,34611.68971261 3707.59602988 14554.15183445,34203.86536619 3879.91689803 14554.15186524,34618.60344102 4055.15913764 14554.15183393,34618.60344038 4051.85743086 14554.15183393,34490.62629517 3875.43222419 14594.65283159,34618.60344343 4051.85743086 14594.65282193,34618.60344408 4055.15913764 14594.65282193,34203.86536924 3879.91689803 14594.65285324,34611.68971566 3707.59602988 14594.65282245,34612.37312372 3707.59602975 14594.6528224              ]
            }
            coordIndex [
0,1,2,-1,3,4,5,-1,0,2,3,-1,3,5,0,-1,6,7,8,-1,9,10,11,-1,6,8,9,-1,9,11,6,-1,2,1,11,-1,11,10,2,-1,8,7,5,-1,5,4,8,-1,10,9,3,-1,3,2,10,-1,3,9,8,-1,8,4,3,-1,6,11,1,-1,1,0,6,-1,6,0,5,-1,5,7,6            ]
            ccw TRUE
            normalPerVertex TRUE
            normal Normal {
              vector [
-1 -0 0,1 0 0,0 -1 0,0 0 -1,0 -0.89155 0.45292,0 0.89155 0.45292,0 0.51659 -0.85623,0 -0.51659 -0.85623              ]
            }
            normalIndex [
0,0,0,-1,0,0,0,-1,0,0,0,-1,0,0,0,-1,1,1,1,-1,1,1,1,-1,1,1,1,-1,1,1,1,-1,2,2,2,-1,2,2,2,-1,3,3,3,-1,3,3,3,-1,4,4,4,-1,4,4,4,-1,5,5,5,-1,5,5,5,-1,6,6,6,-1,6,6,6,-1,7,7,7,-1,7,7,7            ]
          }
        }
        Shape {
          appearance USE M0
          geometry IndexedFaceSet {
            coord Coordinate {
              point [
19290.62629211 3443.69272224 12807.49949984,19412.37312066 3275.85652779 12807.49949065,19411.68971261 3275.85652793 12807.4994907,19003.86536619 3448.17739608 12807.49952149,19418.60344102 3623.41963569 12807.49949018,19418.60344038 3620.11792891 12807.49949018,19290.62629517 3443.69272224 12848.00048784,19418.60344343 3620.11792891 12848.00047818,19418.60344408 3623.41963569 12848.00047818,19003.86536924 3448.17739608 12848.00050949,19411.68971566 3275.85652793 12848.0004787,19412.37312372 3275.85652779 12848.00047865              ]
            }
            coordIndex [
0,1,2,-1,3,4,5,-1,0,2,3,-1,3,5,0,-1,6,7,8,-1,9,10,11,-1,6,8,9,-1,9,11,6,-1,2,1,11,-1,11,10,2,-1,8,7,5,-1,5,4,8,-1,10,9,3,-1,3,2,10,-1,3,9,8,-1,8,4,3,-1,6,11,1,-1,1,0,6,-1,6,0,5,-1,5,7,6            ]
            ccw TRUE
            normalPerVertex TRUE
            normal Normal {
              vector [
-1 -0 0,1 0 0,0 -1 0,0 0 -1,0 -0.89155 0.45292,0 0.89155 0.45292,0 0.51659 -0.85623,0 -0.51659 -0.85623              ]
            }
            normalIndex [
0,0,0,-1,0,0,0,-1,0,0,0,-1,0,0,0,-1,1,1,1,-1,1,1,1,-1,1,1,1,-1,1,1,1,-1,2,2,2,-1,2,2,2,-1,3,3,3,-1,3,3,3,-1,4,4,4,-1,4,4,4,-1,5,5,5,-1,5,5,5,-1,6,6,6,-1,6,6,6,-1,7,7,7,-1,7,7,7            ]
          }
        }
        Shape {
          appearance USE M0
          geometry IndexedFaceSet {
            coord Coordinate {
              point [
37690.62629211 3443.69272224 14803.67332796,37812.37312066 3275.85652779 14803.67331877,37811.68971261 3275.85652793 14803.67331882,37403.86536619 3448.17739608 14803.67334961,37818.60344102 3623.41963569 14803.6733183,37818.60344038 3620.11792891 14803.6733183,37690.62629517 3443.69272224 14844.17431597,37818.60344343 3620.11792891 14844.17430631,37818.60344408 3623.41963569 14844.17430631,37403.86536924 3448.17739608 14844.17433762,37811.68971566 3275.85652793 14844.17430683,37812.37312372 3275.85652779 14844.17430678              ]
            }
            coordIndex [
0,1,2,-1,3,4,5,-1,0,2,3,-1,3,5,0,-1,6,7,8,-1,9,10,11,-1,6,8,9,-1,9,11,6,-1,2,1,11,-1,11,10,2,-1,8,7,5,-1,5,4,8,-1,10,9,3,-1,3,2,10,-1,3,9,8,-1,8,4,3,-1,6,11,1,-1,1,0,6,-1,6,0,5,-1,5,7,6            ]
            ccw TRUE
            normalPerVertex TRUE
            normal Normal {
              vector [
-1 -0 0,1 0 0,0 -1 0,0 0 -1,0 -0.89155 0.45292,0 0.89155 0.45292,0 0.51659 -0.85623,0 -0.51659 -0.85623              ]
            }
            normalIndex [
0,0,0,-1,0,0,0,-1,0,0,0,-1,0,0,0,-1,1,1,1,-1,1,1,1,-1,1,1,1,-1,1,1,1,-1,2,2,2,-1,2,2,2,-1,3,3,3,-1,3,3,3,-1,4,4,4,-1,4,4,4,-1,5,5,5,-1,5,5,5,-1,6,6,6,-1,6,6,6,-1,7,7,7,-1,7,7,7            ]
          }
        }
        Shape {
          appearance USE M0
          geometry IndexedFaceSet {
            coord Coordinate {
              point [
40890.62629211 3043.69296638 14554.15184359,41012.37312066 2875.85677193 14554.1518344,41011.68971261 2875.85677207 14554.15183445,40603.86536619 3048.17764022 14554.15186524,41018.60344102 3223.41987983 14554.15183393,41018.60344038 3220.11817305 14554.15183393,40890.62629517 3043.69296638 14594.65283159,41018.60344343 3220.11817305 14594.65282193,41018.60344408 3223.41987983 14594.65282193,40603.86536924 3048.17764022 14594.65285324,41011.68971566 2875.85677207 14594.65282245,41012.37312372 2875.85677193 14594.6528224              ]
            }
            coordIndex [
0,1,2,-1,3,4,5,-1,0,2,3,-1,3,5,0,-1,6,7,8,-1,9,10,11,-1,6,8,9,-1,9,11,6,-1,2,1,11,-1,11,10,2,-1,8,7,5,-1,5,4,8,-1,10,9,3,-1,3,2,10,-1,3,9,8,-1,8,4,3,-1,6,11,1,-1,1,0,6,-1,6,0,5,-1,5,7,6            ]
            ccw TRUE
            normalPerVertex TRUE
            normal Normal {
              vector [
-1 -0 0,1 0 0,0 -1 0,0 0 -1,0 -0.89155 0.45292,0 0.89155 0.45292,0 0.51659 -0.85623,0 -0.51659 -0.85623              ]
            }
            normalIndex [
0,0,0,-1,0,0,0,-1,0,0,0,-1,0,0,0,-1,1,1,1,-1,1,1,1,-1,1,1,1,-1,1,1,1,-1,2,2,2,-1,2,2,2,-1,3,3,3,-1,3,3,3,-1,4,4,4,-1,4,4,4,-1,5,5,5,-1,5,5,5,-1,6,6,6,-1,6,6,6,-1,7,7,7,-1,7,7,7            ]
          }
        }
        Shape {
          appearance USE M0
          geometry IndexedFaceSet {
            coord Coordinate {
              point [
37690.62629211 3043.69296638 13805.58543734,37812.37312066 2875.85677193 13805.58542815,37811.68971261 2875.85677207 13805.5854282,37403.86536619 3048.17764022 13805.58545899,37818.60344102 3223.41987983 13805.58542768,37818.60344038 3220.11817305 13805.58542768,37690.62629517 3043.69296638 13846.08642534,37818.60344343 3220.11817305 13846.08641568,37818.60344408 3223.41987983 13846.08641568,37403.86536924 3048.17764022 13846.08644699,37811.68971566 2875.85677207 13846.0864162,37812.37312372 2875.85677193 13846.08641615              ]
            }
            coordIndex [
0,1,2,-1,3,4,5,-1,0,2,3,-1,3,5,0,-1,6,7,8,-1,9,10,11,-1,6,8,9,-1,9,11,6,-1,2,1,11,-1,11,10,2,-1,8,7,5,-1,5,4,8,-1,10,9,3,-1,3,2,10,-1,3,9,8,-1,8,4,3,-1,6,11,1,-1,1,0,6,-1,6,0,5,-1,5,7,6            ]
            ccw TRUE
            normalPerVertex TRUE
            normal Normal {
              vector [
-1 -0 0,1 0 0,0 -1 0,0 0 -1,0 -0.89155 0.45292,0 0.89155 0.45292,0 0.51659 -0.85623,0 -0.51659 -0.85623              ]
            }
            normalIndex [
0,0,0,-1,0,0,0,-1,0,0,0,-1,0,0,0,-1,1,1,1,-1,1,1,1,-1,1,1,1,-1,1,1,1,-1,2,2,2,-1,2,2,2,-1,3,3,3,-1,3,3,3,-1,4,4,4,-1,4,4,4,-1,5,5,5,-1,5,5,5,-1,6,6,6,-1,6,6,6,-1,7,7,7,-1,7,7,7            ]
          }
        }
        Shape {
          appearance USE M0
          geometry IndexedFaceSet {
            coord Coordinate {
              point [
31390.62629211 4707.17099373 13805.58543734,31512.37312066 4539.33479928 13805.58542815,31511.68971261 4539.33479941 13805.5854282,31103.86536619 4711.65566756 13805.58545899,31518.60344102 4886.89790717 13805.58542768,31518.60344038 4883.59620039 13805.58542768,31390.62629517 4707.17099373 13846.08642534,31518.60344343 4883.59620039 13846.08641568,31518.60344408 4886.89790717 13846.08641568,31103.86536924 4711.65566756 13846.08644699,31511.68971566 4539.33479941 13846.0864162,31512.37312372 4539.33479928 13846.08641615              ]
            }
            coordIndex [
0,1,2,-1,3,4,5,-1,0,2,3,-1,3,5,0,-1,6,7,8,-1,9,10,11,-1,6,8,9,-1,9,11,6,-1,2,1,11,-1,11,10,2,-1,8,7,5,-1,5,4,8,-1,10,9,3,-1,3,2,10,-1,3,9,8,-1,8,4,3,-1,6,11,1,-1,1,0,6,-1,6,0,5,-1,5,7,6            ]
            ccw TRUE
            normalPerVertex TRUE
            normal Normal {
              vector [
-1 -0 0,1 0 0,0 -1 0,0 0 -1,0 -0.89155 0.45292,0 0.89155 0.45292,0 0.51659 -0.85623,0 -0.51659 -0.85623              ]
            }
            normalIndex [
0,0,0,-1,0,0,0,-1,0,0,0,-1,0,0,0,-1,1,1,1,-1,1,1,1,-1,1,1,1,-1,1,1,1,-1,2,2,2,-1,2,2,2,-1,3,3,3,-1,3,3,3,-1,4,4,4,-1,4,4,4,-1,5,5,5,-1,5,5,5,-1,6,6,6,-1,6,6,6,-1,7,7,7,-1,7,7,7            ]
          }
        }
        Shape {
          appearance USE M0
          geometry IndexedFaceSet {
            coord Coordinate {
              point [
3390.62653625 3043.69296638 13556.06492952,3512.3733648 2875.85677193 13556.06492033,3511.68995675 2875.85677207 13556.06492038,3103.86561033 3048.17764022 13556.06495117,3518.60368516 3223.41987983 13556.06491986,3518.60368452 3220.11817305 13556.06491986,3390.62653931 3043.69296638 13596.56591753,3518.60368758 3220.11817305 13596.56590787,3518.60368822 3223.41987983 13596.56590787,3103.86561338 3048.17764022 13596.56593918,3511.6899598 2875.85677207 13596.56590839,3512.37336786 2875.85677193 13596.56590834              ]
            }
            coordIndex [
0,1,2,-1,3,4,5,-1,0,2,3,-1,3,5,0,-1,6,7,8,-1,9,10,11,-1,6,8,9,-1,9,11,6,-1,2,1,11,-1,11,10,2,-1,8,7,5,-1,5,4,8,-1,10,9,3,-1,3,2,10,-1,3,9,8,-1,8,4,3,-1,6,11,1,-1,1,0,6,-1,6,0,5,-1,5,7,6            ]
            ccw TRUE
            normalPerVertex TRUE
            normal Normal {
              vector [
-1 -0 0,1 0 0,0 -1 0,0 0 -1,0 -0.89155 0.45292,0 0.89155 0.45292,0 0.51659 -0.85623,0 -0.51659 -0.85623              ]
            }
            normalIndex [
0,0,0,-1,0,0,0,-1,0,0,0,-1,0,0,0,-1,1,1,1,-1,1,1,1,-1,1,1,1,-1,1,1,1,-1,2,2,2,-1,2,2,2,-1,3,3,3,-1,3,3,3,-1,4,4,4,-1,4,4,4,-1,5,5,5,-1,5,5,5,-1,6,6,6,-1,6,6,6,-1,7,7,7,-1,7,7,7            ]
          }
        }
        Shape {
          appearance USE M0
          geometry IndexedFaceSet {
            coord Coordinate {
              point [
16090.62629211 3875.43222419 13057.02196077,16212.37312066 3707.59602975 13057.02195158,16211.68971261 3707.59602988 13057.02195163,15803.86536619 3879.91689803 13057.02198242,16218.60344102 4055.15913764 13057.02195111,16218.60344038 4051.85743086 13057.02195111,16090.62629517 3875.43222419 13097.52294878,16218.60344343 4051.85743086 13097.52293912,16218.60344408 4055.15913764 13097.52293912,15803.86536924 3879.91689803 13097.52297043,16211.68971566 3707.59602988 13097.52293964,16212.37312372 3707.59602975 13097.52293959              ]
            }
            coordIndex [
0,1,2,-1,3,4,5,-1,0,2,3,-1,3,5,0,-1,6,7,8,-1,9,10,11,-1,6,8,9,-1,9,11,6,-1,2,1,11,-1,11,10,2,-1,8,7,5,-1,5,4,8,-1,10,9,3,-1,3,2,10,-1,3,9,8,-1,8,4,3,-1,6,11,1,-1,1,0,6,-1,6,0,5,-1,5,7,6            ]
            ccw TRUE
            normalPerVertex TRUE
            normal Normal {
              vector [
-1 -0 0,1 0 0,0 -1 0,0 0 -1,0 -0.89155 0.45292,0 0.89155 0.45292,0 0.51659 -0.85623,0 -0.51659 -0.85623              ]
            }
            normalIndex [
0,0,0,-1,0,0,0,-1,0,0,0,-1,0,0,0,-1,1,1,1,-1,1,1,1,-1,1,1,1,-1,1,1,1,-1,2,2,2,-1,2,2,2,-1,3,3,3,-1,3,3,3,-1,4,4,4,-1,4,4,4,-1,5,5,5,-1,5,5,5,-1,6,6,6,-1,6,6,6,-1,7,7,7,-1,7,7,7            ]
          }
        }
        Shape {
          appearance USE M0
          geometry IndexedFaceSet {
            coord Coordinate {
              point [
12890.62629211 4707.17099373 14803.67332796,13012.37312066 4539.33479928 14803.67331877,13011.68971261 4539.33479941 14803.67331882,12603.86536619 4711.65566756 14803.67334961,13018.60344102 4886.89790717 14803.6733183,13018.60344038 4883.59620039 14803.6733183,12890.62629517 4707.17099373 14844.17431597,13018.60344343 4883.59620039 14844.17430631,13018.60344408 4886.89790717 14844.17430631,12603.86536924 4711.65566756 14844.17433762,13011.68971566 4539.33479941 14844.17430683,13012.37312372 4539.33479928 14844.17430678              ]
            }
            coordIndex [
0,1,2,-1,3,4,5,-1,0,2,3,-1,3,5,0,-1,6,7,8,-1,9,10,11,-1,6,8,9,-1,9,11,6,-1,2,1,11,-1,11,10,2,-1,8,7,5,-1,5,4,8,-1,10,9,3,-1,3,2,10,-1,3,9,8,-1,8,4,3,-1,6,11,1,-1,1,0,6,-1,6,0,5,-1,5,7,6            ]
            ccw TRUE
            normalPerVertex TRUE
            normal Normal {
              vector [
-1 -0 0,1 0 0,0 -1 0,0 0 -1,0 -0.89155 0.45292,0 0.89155 0.45292,0 0.51659 -0.85623,0 -0.51659 -0.85623              ]
            }
            normalIndex [
0,0,0,-1,0,0,0,-1,0,0,0,-1,0,0,0,-1,1,1,1,-1,1,1,1,-1,1,1,1,-1,1,1,1,-1,2,2,2,-1,2,2,2,-1,3,3,3,-1,3,3,3,-1,4,4,4,-1,4,4,4,-1,5,5,5,-1,5,5,5,-1,6,6,6,-1,6,6,6,-1,7,7,7,-1,7,7,7            ]
          }
        }
        Shape {
          appearance USE M0
          geometry IndexedFaceSet {
            coord Coordinate {
              point [
16090.62629211 3043.69296638 13556.06492952,16212.37312066 2875.85677193 13556.06492033,16211.68971261 2875.85677207 13556.06492038,15803.86536619 3048.17764022 13556.06495117,16218.60344102 3223.41987983 13556.06491986,16218.60344038 3220.11817305 13556.06491986,16090.62629517 3043.69296638 13596.56591753,16218.60344343 3220.11817305 13596.56590787,16218.60344408 3223.41987983 13596.56590787,15803.86536924 3048.17764022 13596.56593918,16211.68971566 2875.85677207 13596.56590839,16212.37312372 2875.85677193 13596.56590834              ]
            }
            coordIndex [
0,1,2,-1,3,4,5,-1,0,2,3,-1,3,5,0,-1,6,7,8,-1,9,10,11,-1,6,8,9,-1,9,11,6,-1,2,1,11,-1,11,10,2,-1,8,7,5,-1,5,4,8,-1,10,9,3,-1,3,2,10,-1,3,9,8,-1,8,4,3,-1,6,11,1,-1,1,0,6,-1,6,0,5,-1,5,7,6            ]
            ccw TRUE
            normalPerVertex TRUE
            normal Normal {
              vector [
-1 -0 0,1 0 0,0 -1 0,0 0 -1,0 -0.89155 0.45292,0 0.89155 0.45292,0 0.51659 -0.85623,0 -0.51659 -0.85623              ]
            }
            normalIndex [
0,0,0,-1,0,0,0,-1,0,0,0,-1,0,0,0,-1,1,1,1,-1,1,1,1,-1,1,1,1,-1,1,1,1,-1,2,2,2,-1,2,2,2,-1,3,3,3,-1,3,3,3,-1,4,4,4,-1,4,4,4,-1,5,5,5,-1,5,5,5,-1,6,6,6,-1,6,6,6,-1,7,7,7,-1,7,7,7            ]
          }
        }
        Shape {
          appearance USE M0
          geometry IndexedFaceSet {
            coord Coordinate {
              point [
44090.62629211 3875.43222419 14304.63035921,44212.37312066 3707.59602975 14304.63035002,44211.68971261 3707.59602988 14304.63035007,43803.86536619 3879.91689803 14304.63038086,44218.60344102 4055.15913764 14304.63034955,44218.60344038 4051.85743086 14304.63034955,44090.62629517 3875.43222419 14345.13134722,44218.60344343 4051.85743086 14345.13133756,44218.60344408 4055.15913764 14345.13133756,43803.86536924 3879.91689803 14345.13136887,44211.68971566 3707.59602988 14345.13133808,44212.37312372 3707.59602975 14345.13133803              ]
            }
            coordIndex [
0,1,2,-1,3,4,5,-1,0,2,3,-1,3,5,0,-1,6,7,8,-1,9,10,11,-1,6,8,9,-1,9,11,6,-1,2,1,11,-1,11,10,2,-1,8,7,5,-1,5,4,8,-1,10,9,3,-1,3,2,10,-1,3,9,8,-1,8,4,3,-1,6,11,1,-1,1,0,6,-1,6,0,5,-1,5,7,6            ]
            ccw TRUE
            normalPerVertex TRUE
            normal Normal {
              vector [
-1 -0 0,1 0 0,0 -1 0,0 0 -1,0 -0.89155 0.45292,0 0.89155 0.45292,0 0.51659 -0.85623,0 -0.51659 -0.85623              ]
            }
            normalIndex [
0,0,0,-1,0,0,0,-1,0,0,0,-1,0,0,0,-1,1,1,1,-1,1,1,1,-1,1,1,1,-1,1,1,1,-1,2,2,2,-1,2,2,2,-1,3,3,3,-1,3,3,3,-1,4,4,4,-1,4,4,4,-1,5,5,5,-1,5,5,5,-1,6,6,6,-1,6,6,6,-1,7,7,7,-1,7,7,7            ]
          }
        }
        Shape {
          appearance USE M0
          geometry IndexedFaceSet {
            coord Coordinate {
              point [
22090.62629211 3875.43222419 14554.15184359,22212.37312066 3707.59602975 14554.1518344,22211.68971261 3707.59602988 14554.15183445,21803.86536619 3879.91689803 14554.15186524,22218.60344102 4055.15913764 14554.15183393,22218.60344038 4051.85743086 14554.15183393,22090.62629517 3875.43222419 14594.65283159,22218.60344343 4051.85743086 14594.65282193,22218.60344408 4055.15913764 14594.65282193,21803.86536924 3879.91689803 14594.65285324,22211.68971566 3707.59602988 14594.65282245,22212.37312372 3707.59602975 14594.6528224              ]
            }
            coordIndex [
0,1,2,-1,3,4,5,-1,0,2,3,-1,3,5,0,-1,6,7,8,-1,9,10,11,-1,6,8,9,-1,9,11,6,-1,2,1,11,-1,11,10,2,-1,8,7,5,-1,5,4,8,-1,10,9,3,-1,3,2,10,-1,3,9,8,-1,8,4,3,-1,6,11,1,-1,1,0,6,-1,6,0,5,-1,5,7,6            ]
            ccw TRUE
            normalPerVertex TRUE
            normal Normal {
              vector [
-1 -0 0,1 0 0,0 -1 0,0 0 -1,0 -0.89155 0.45292,0 0.89155 0.45292,0 0.51659 -0.85623,0 -0.51659 -0.85623              ]
            }
            normalIndex [
0,0,0,-1,0,0,0,-1,0,0,0,-1,0,0,0,-1,1,1,1,-1,1,1,1,-1,1,1,1,-1,1,1,1,-1,2,2,2,-1,2,2,2,-1,3,3,3,-1,3,3,3,-1,4,4,4,-1,4,4,4,-1,5,5,5,-1,5,5,5,-1,6,6,6,-1,6,6,6,-1,7,7,7,-1,7,7,7            ]
          }
        }
        Shape {
          appearance USE M0
          geometry IndexedFaceSet {
            coord Coordinate {
              point [
37690.62629211 3043.69296638 13306.54246859,37812.37312066 2875.85677193 13306.5424594,37811.68971261 2875.85677207 13306.54245945,37403.86536619 3048.17764022 13306.54249024,37818.60344102 3223.41987983 13306.54245893,37818.60344038 3220.11817305 13306.54245893,37690.62629517 3043.69296638 13347.04345659,37818.60344343 3220.11817305 13347.04344693,37818.60344408 3223.41987983 13347.04344693,37403.86536924 3048.17764022 13347.04347824,37811.68971566 2875.85677207 13347.04344745,37812.37312372 2875.85677193 13347.0434474              ]
            }
            coordIndex [
0,1,2,-1,3,4,5,-1,0,2,3,-1,3,5,0,-1,6,7,8,-1,9,10,11,-1,6,8,9,-1,9,11,6,-1,2,1,11,-1,11,10,2,-1,8,7,5,-1,5,4,8,-1,10,9,3,-1,3,2,10,-1,3,9,8,-1,8,4,3,-1,6,11,1,-1,1,0,6,-1,6,0,5,-1,5,7,6            ]
            ccw TRUE
            normalPerVertex TRUE
            normal Normal {
              vector [
-1 -0 0,1 0 0,0 -1 0,0 0 -1,0 -0.89155 0.45292,0 0.89155 0.45292,0 0.51659 -0.85623,0 -0.51659 -0.85623              ]
            }
            normalIndex [
0,0,0,-1,0,0,0,-1,0,0,0,-1,0,0,0,-1,1,1,1,-1,1,1,1,-1,1,1,1,-1,1,1,1,-1,2,2,2,-1,2,2,2,-1,3,3,3,-1,3,3,3,-1,4,4,4,-1,4,4,4,-1,5,5,5,-1,5,5,5,-1,6,6,6,-1,6,6,6,-1,7,7,7,-1,7,7,7            ]
          }
        }
        Shape {
          appearance USE M0
          geometry IndexedFaceSet {
            coord Coordinate {
              point [
44090.62629211 4243.69296638 13306.54246859,44212.37312066 4075.85677193 13306.5424594,44211.68971261 4075.85677207 13306.54245945,43803.86536619 4248.17764022 13306.54249024,44218.60344102 4423.41987983 13306.54245893,44218.60344038 4420.11817305 13306.54245893,44090.62629517 4243.69296638 13347.04345659,44218.60344343 4420.11817305 13347.04344693,44218.60344408 4423.41987983 13347.04344693,43803.86536924 4248.17764022 13347.04347824,44211.68971566 4075.85677207 13347.04344745,44212.37312372 4075.85677193 13347.0434474              ]
            }
            coordIndex [
0,1,2,-1,3,4,5,-1,0,2,3,-1,3,5,0,-1,6,7,8,-1,9,10,11,-1,6,8,9,-1,9,11,6,-1,2,1,11,-1,11,10,2,-1,8,7,5,-1,5,4,8,-1,10,9,3,-1,3,2,10,-1,3,9,8,-1,8,4,3,-1,6,11,1,-1,1,0,6,-1,6,0,5,-1,5,7,6            ]
            ccw TRUE
            normalPerVertex TRUE
            normal Normal {
              vector [
-1 -0 0,1 0 0,0 -1 0,0 0 -1,0 -0.89155 0.45292,0 0.89155 0.45292,0 0.51659 -0.85623,0 -0.51659 -0.85623              ]
            }
            normalIndex [
0,0,0,-1,0,0,0,-1,0,0,0,-1,0,0,0,-1,1,1,1,-1,1,1,1,-1,1,1,1,-1,1,1,1,-1,2,2,2,-1,2,2,2,-1,3,3,3,-1,3,3,3,-1,4,4,4,-1,4,4,4,-1,5,5,5,-1,5,5,5,-1,6,6,6,-1,6,6,6,-1,7,7,7,-1,7,7,7            ]
          }
        }
        Shape {
          appearance USE M0
          geometry IndexedFaceSet {
            coord Coordinate {
              point [
24990.62629211 3443.69272224 12807.49949984,25112.37312066 3275.85652779 12807.49949065,25111.68971261 3275.85652793 12807.4994907,24703.86536619 3448.17739608 12807.49952149,25118.60344102 3623.41963569 12807.49949018,25118.60344038 3620.11792891 12807.49949018,24990.62629517 3443.69272224 12848.00048784,25118.60344343 3620.11792891 12848.00047818,25118.60344408 3623.41963569 12848.00047818,24703.86536924 3448.17739608 12848.00050949,25111.68971566 3275.85652793 12848.0004787,25112.37312372 3275.85652779 12848.00047865              ]
            }
            coordIndex [
0,1,2,-1,3,4,5,-1,0,2,3,-1,3,5,0,-1,6,7,8,-1,9,10,11,-1,6,8,9,-1,9,11,6,-1,2,1,11,-1,11,10,2,-1,8,7,5,-1,5,4,8,-1,10,9,3,-1,3,2,10,-1,3,9,8,-1,8,4,3,-1,6,11,1,-1,1,0,6,-1,6,0,5,-1,5,7,6            ]
            ccw TRUE
            normalPerVertex TRUE
            normal Normal {
              vector [
-1 -0 0,1 0 0,0 -1 0,0 0 -1,0 -0.89155 0.45292,0 0.89155 0.45292,0 0.51659 -0.85623,0 -0.51659 -0.85623              ]
            }
            normalIndex [
0,0,0,-1,0,0,0,-1,0,0,0,-1,0,0,0,-1,1,1,1,-1,1,1,1,-1,1,1,1,-1,1,1,1,-1,2,2,2,-1,2,2,2,-1,3,3,3,-1,3,3,3,-1,4,4,4,-1,4,4,4,-1,5,5,5,-1,5,5,5,-1,6,6,6,-1,6,6,6,-1,7,7,7,-1,7,7,7            ]
          }
        }
        Shape {
          appearance USE M0
          geometry IndexedFaceSet {
            coord Coordinate {
              point [
-3009.37346375 3875.43222419 13057.02196077,-2887.6266352 3707.59602975 13057.02195158,-2888.31004325 3707.59602988 13057.02195163,-3296.13438967 3879.91689803 13057.02198242,-2881.39631484 4055.15913764 13057.02195111,-2881.39631548 4051.85743086 13057.02195111,-3009.37346069 3875.43222419 13097.52294878,-2881.39631242 4051.85743086 13097.52293912,-2881.39631178 4055.15913764 13097.52293912,-3296.13438662 3879.91689803 13097.52297043,-2888.3100402 3707.59602988 13097.52293964,-2887.62663214 3707.59602975 13097.52293959              ]
            }
            coordIndex [
0,1,2,-1,3,4,5,-1,0,2,3,-1,3,5,0,-1,6,7,8,-1,9,10,11,-1,6,8,9,-1,9,11,6,-1,2,1,11,-1,11,10,2,-1,8,7,5,-1,5,4,8,-1,10,9,3,-1,3,2,10,-1,3,9,8,-1,8,4,3,-1,6,11,1,-1,1,0,6,-1,6,0,5,-1,5,7,6            ]
            ccw TRUE
            normalPerVertex TRUE
            normal Normal {
              vector [
-1 -0 0,1 0 0,0 -1 0,0 0 -1,0 -0.89155 0.45292,0 0.89155 0.45292,0 0.51659 -0.85623,0 -0.51659 -0.85623              ]
            }
            normalIndex [
0,0,0,-1,0,0,0,-1,0,0,0,-1,0,0,0,-1,1,1,1,-1,1,1,1,-1,1,1,1,-1,1,1,1,-1,2,2,2,-1,2,2,2,-1,3,3,3,-1,3,3,3,-1,4,4,4,-1,4,4,4,-1,5,5,5,-1,5,5,5,-1,6,6,6,-1,6,6,6,-1,7,7,7,-1,7,7,7            ]
          }
        }
        Shape {
          appearance USE M0
          geometry IndexedFaceSet {
            coord Coordinate {
              point [
28190.62629211 3875.43222419 14554.15184359,28312.37312066 3707.59602975 14554.1518344,28311.68971261 3707.59602988 14554.15183445,27903.86536619 3879.91689803 14554.15186524,28318.60344102 4055.15913764 14554.15183393,28318.60344038 4051.85743086 14554.15183393,28190.62629517 3875.43222419 14594.65283159,28318.60344343 4051.85743086 14594.65282193,28318.60344408 4055.15913764 14594.65282193,27903.86536924 3879.91689803 14594.65285324,28311.68971566 3707.59602988 14594.65282245,28312.37312372 3707.59602975 14594.6528224              ]
            }
            coordIndex [
0,1,2,-1,3,4,5,-1,0,2,3,-1,3,5,0,-1,6,7,8,-1,9,10,11,-1,6,8,9,-1,9,11,6,-1,2,1,11,-1,11,10,2,-1,8,7,5,-1,5,4,8,-1,10,9,3,-1,3,2,10,-1,3,9,8,-1,8,4,3,-1,6,11,1,-1,1,0,6,-1,6,0,5,-1,5,7,6            ]
            ccw TRUE
            normalPerVertex TRUE
            normal Normal {
              vector [
-1 -0 0,1 0 0,0 -1 0,0 0 -1,0 -0.89155 0.45292,0 0.89155 0.45292,0 0.51659 -0.85623,0 -0.51659 -0.85623              ]
            }
            normalIndex [
0,0,0,-1,0,0,0,-1,0,0,0,-1,0,0,0,-1,1,1,1,-1,1,1,1,-1,1,1,1,-1,1,1,1,-1,2,2,2,-1,2,2,2,-1,3,3,3,-1,3,3,3,-1,4,4,4,-1,4,4,4,-1,5,5,5,-1,5,5,5,-1,6,6,6,-1,6,6,6,-1,7,7,7,-1,7,7,7            ]
          }
        }
        Shape {
          appearance USE M0
          geometry IndexedFaceSet {
            coord Coordinate {
              point [
9690.62531555 4243.69296638 13057.02196077,9812.3721441 4075.85677193 13057.02195158,9811.68873604 4075.85677207 13057.02195163,9403.86438962 4248.17764022 13057.02198242,9818.60246446 4423.41987983 13057.02195111,9818.60246381 4420.11817305 13057.02195111,9690.62531861 4243.69296638 13097.52294878,9818.60246687 4420.11817305 13097.52293912,9818.60246751 4423.41987983 13097.52293912,9403.86439268 4248.17764022 13097.52297043,9811.6887391 4075.85677207 13097.52293964,9812.37214715 4075.85677193 13097.52293959              ]
            }
            coordIndex [
0,1,2,-1,3,4,5,-1,0,2,3,-1,3,5,0,-1,6,7,8,-1,9,10,11,-1,6,8,9,-1,9,11,6,-1,2,1,11,-1,11,10,2,-1,8,7,5,-1,5,4,8,-1,10,9,3,-1,3,2,10,-1,3,9,8,-1,8,4,3,-1,6,11,1,-1,1,0,6,-1,6,0,5,-1,5,7,6            ]
            ccw TRUE
            normalPerVertex TRUE
            normal Normal {
              vector [
-1 -0 0,1 0 0,0 -1 0,0 0 -1,0 -0.89155 0.45292,0 0.89155 0.45292,0 0.51659 -0.85623,0 -0.51659 -0.85623              ]
            }
            normalIndex [
0,0,0,-1,0,0,0,-1,0,0,0,-1,0,0,0,-1,1,1,1,-1,1,1,1,-1,1,1,1,-1,1,1,1,-1,2,2,2,-1,2,2,2,-1,3,3,3,-1,3,3,3,-1,4,4,4,-1,4,4,4,-1,5,5,5,-1,5,5,5,-1,6,6,6,-1,6,6,6,-1,7,7,7,-1,7,7,7            ]
          }
        }
        Shape {
          appearance USE M0
          geometry IndexedFaceSet {
            coord Coordinate {
              point [
28190.62629211 3875.43222419 13556.06492952,28312.37312066 3707.59602975 13556.06492033,28311.68971261 3707.59602988 13556.06492038,27903.86536619 3879.91689803 13556.06495117,28318.60344102 4055.15913764 13556.06491986,28318.60344038 4051.85743086 13556.06491986,28190.62629517 3875.43222419 13596.56591753,28318.60344343 4051.85743086 13596.56590787,28318.60344408 4055.15913764 13596.56590787,27903.86536924 3879.91689803 13596.56593918,28311.68971566 3707.59602988 13596.56590839,28312.37312372 3707.59602975 13596.56590834              ]
            }
            coordIndex [
0,1,2,-1,3,4,5,-1,0,2,3,-1,3,5,0,-1,6,7,8,-1,9,10,11,-1,6,8,9,-1,9,11,6,-1,2,1,11,-1,11,10,2,-1,8,7,5,-1,5,4,8,-1,10,9,3,-1,3,2,10,-1,3,9,8,-1,8,4,3,-1,6,11,1,-1,1,0,6,-1,6,0,5,-1,5,7,6            ]
            ccw TRUE
            normalPerVertex TRUE
            normal Normal {
              vector [
-1 -0 0,1 0 0,0 -1 0,0 0 -1,0 -0.89155 0.45292,0 0.89155 0.45292,0 0.51659 -0.85623,0 -0.51659 -0.85623              ]
            }
            normalIndex [
0,0,0,-1,0,0,0,-1,0,0,0,-1,0,0,0,-1,1,1,1,-1,1,1,1,-1,1,1,1,-1,1,1,1,-1,2,2,2,-1,2,2,2,-1,3,3,3,-1,3,3,3,-1,4,4,4,-1,4,4,4,-1,5,5,5,-1,5,5,5,-1,6,6,6,-1,6,6,6,-1,7,7,7,-1,7,7,7            ]
          }
        }
        Shape {
          appearance USE M0
          geometry IndexedFaceSet {
            coord Coordinate {
              point [
16090.62629211 3875.43222419 14055.10789827,16212.37312066 3707.59602975 14055.10788908,16211.68971261 3707.59602988 14055.10788913,15803.86536619 3879.91689803 14055.10791992,16218.60344102 4055.15913764 14055.10788861,16218.60344038 4051.85743086 14055.10788861,16090.62629517 3875.43222419 14095.60888628,16218.60344343 4051.85743086 14095.60887662,16218.60344408 4055.15913764 14095.60887662,15803.86536924 3879.91689803 14095.60890793,16211.68971566 3707.59602988 14095.60887714,16212.37312372 3707.59602975 14095.60887709              ]
            }
            coordIndex [
0,1,2,-1,3,4,5,-1,0,2,3,-1,3,5,0,-1,6,7,8,-1,9,10,11,-1,6,8,9,-1,9,11,6,-1,2,1,11,-1,11,10,2,-1,8,7,5,-1,5,4,8,-1,10,9,3,-1,3,2,10,-1,3,9,8,-1,8,4,3,-1,6,11,1,-1,1,0,6,-1,6,0,5,-1,5,7,6            ]
            ccw TRUE
            normalPerVertex TRUE
            normal Normal {
              vector [
-1 -0 0,1 0 0,0 -1 0,0 0 -1,0 -0.89155 0.45292,0 0.89155 0.45292,0 0.51659 -0.85623,0 -0.51659 -0.85623              ]
            }
            normalIndex [
0,0,0,-1,0,0,0,-1,0,0,0,-1,0,0,0,-1,1,1,1,-1,1,1,1,-1,1,1,1,-1,1,1,1,-1,2,2,2,-1,2,2,2,-1,3,3,3,-1,3,3,3,-1,4,4,4,-1,4,4,4,-1,5,5,5,-1,5,5,5,-1,6,6,6,-1,6,6,6,-1,7,7,7,-1,7,7,7            ]
          }
        }
        Shape {
          appearance USE M0
          geometry IndexedFaceSet {
            coord Coordinate {
              point [
37690.62629211 4243.69296638 13805.58543734,37812.37312066 4075.85677193 13805.58542815,37811.68971261 4075.85677207 13805.5854282,37403.86536619 4248.17764022 13805.58545899,37818.60344102 4423.41987983 13805.58542768,37818.60344038 4420.11817305 13805.58542768,37690.62629517 4243.69296638 13846.08642534,37818.60344343 4420.11817305 13846.08641568,37818.60344408 4423.41987983 13846.08641568,37403.86536924 4248.17764022 13846.08644699,37811.68971566 4075.85677207 13846.0864162,37812.37312372 4075.85677193 13846.08641615              ]
            }
            coordIndex [
0,1,2,-1,3,4,5,-1,0,2,3,-1,3,5,0,-1,6,7,8,-1,9,10,11,-1,6,8,9,-1,9,11,6,-1,2,1,11,-1,11,10,2,-1,8,7,5,-1,5,4,8,-1,10,9,3,-1,3,2,10,-1,3,9,8,-1,8,4,3,-1,6,11,1,-1,1,0,6,-1,6,0,5,-1,5,7,6            ]
            ccw TRUE
            normalPerVertex TRUE
            normal Normal {
              vector [
-1 -0 0,1 0 0,0 -1 0,0 0 -1,0 -0.89155 0.45292,0 0.89155 0.45292,0 0.51659 -0.85623,0 -0.51659 -0.85623              ]
            }
            normalIndex [
0,0,0,-1,0,0,0,-1,0,0,0,-1,0,0,0,-1,1,1,1,-1,1,1,1,-1,1,1,1,-1,1,1,1,-1,2,2,2,-1,2,2,2,-1,3,3,3,-1,3,3,3,-1,4,4,4,-1,4,4,4,-1,5,5,5,-1,5,5,5,-1,6,6,6,-1,6,6,6,-1,7,7,7,-1,7,7,7            ]
          }
        }
        Shape {
          appearance USE M0
          geometry IndexedFaceSet {
            coord Coordinate {
              point [
31390.62629211 4707.17099373 14304.63035921,31512.37312066 4539.33479928 14304.63035002,31511.68971261 4539.33479941 14304.63035007,31103.86536619 4711.65566756 14304.63038086,31518.60344102 4886.89790717 14304.63034955,31518.60344038 4883.59620039 14304.63034955,31390.62629517 4707.17099373 14345.13134722,31518.60344343 4883.59620039 14345.13133756,31518.60344408 4886.89790717 14345.13133756,31103.86536924 4711.65566756 14345.13136887,31511.68971566 4539.33479941 14345.13133808,31512.37312372 4539.33479928 14345.13133803              ]
            }
            coordIndex [
0,1,2,-1,3,4,5,-1,0,2,3,-1,3,5,0,-1,6,7,8,-1,9,10,11,-1,6,8,9,-1,9,11,6,-1,2,1,11,-1,11,10,2,-1,8,7,5,-1,5,4,8,-1,10,9,3,-1,3,2,10,-1,3,9,8,-1,8,4,3,-1,6,11,1,-1,1,0,6,-1,6,0,5,-1,5,7,6            ]
            ccw TRUE
            normalPerVertex TRUE
            normal Normal {
              vector [
-1 -0 0,1 0 0,0 -1 0,0 0 -1,0 -0.89155 0.45292,0 0.89155 0.45292,0 0.51659 -0.85623,0 -0.51659 -0.85623              ]
            }
            normalIndex [
0,0,0,-1,0,0,0,-1,0,0,0,-1,0,0,0,-1,1,1,1,-1,1,1,1,-1,1,1,1,-1,1,1,1,-1,2,2,2,-1,2,2,2,-1,3,3,3,-1,3,3,3,-1,4,4,4,-1,4,4,4,-1,5,5,5,-1,5,5,5,-1,6,6,6,-1,6,6,6,-1,7,7,7,-1,7,7,7            ]
          }
        }
        Shape {
          appearance USE M0
          geometry IndexedFaceSet {
            coord Coordinate {
              point [
28190.62629211 3443.69272224 13057.02196077,28312.37312066 3275.85652779 13057.02195158,28311.68971261 3275.85652793 13057.02195163,27903.86536619 3448.17739608 13057.02198242,28318.60344102 3623.41963569 13057.02195111,28318.60344038 3620.11792891 13057.02195111,28190.62629517 3443.69272224 13097.52294878,28318.60344343 3620.11792891 13097.52293912,28318.60344408 3623.41963569 13097.52293912,27903.86536924 3448.17739608 13097.52297043,28311.68971566 3275.85652793 13097.52293964,28312.37312372 3275.85652779 13097.52293959              ]
            }
            coordIndex [
0,1,2,-1,3,4,5,-1,0,2,3,-1,3,5,0,-1,6,7,8,-1,9,10,11,-1,6,8,9,-1,9,11,6,-1,2,1,11,-1,11,10,2,-1,8,7,5,-1,5,4,8,-1,10,9,3,-1,3,2,10,-1,3,9,8,-1,8,4,3,-1,6,11,1,-1,1,0,6,-1,6,0,5,-1,5,7,6            ]
            ccw TRUE
            normalPerVertex TRUE
            normal Normal {
              vector [
-1 -0 0,1 0 0,0 -1 0,0 0 -1,0 -0.89155 0.45292,0 0.89155 0.45292,0 0.51659 -0.85623,0 -0.51659 -0.85623              ]
            }
            normalIndex [
0,0,0,-1,0,0,0,-1,0,0,0,-1,0,0,0,-1,1,1,1,-1,1,1,1,-1,1,1,1,-1,1,1,1,-1,2,2,2,-1,2,2,2,-1,3,3,3,-1,3,3,3,-1,4,4,4,-1,4,4,4,-1,5,5,5,-1,5,5,5,-1,6,6,6,-1,6,6,6,-1,7,7,7,-1,7,7,7            ]
          }
        }
      ]
    }
  ]
}
