#VRML V2.0 utf8
# File generated by ImageToStl.com - Free Image and 3D model conversion tools
Shape{
  appearance DEF M0 Appearance {
    material Material {
        diffuseColor 0.78354 0.78354 0.78354
        emissiveColor 0 0 0
        shininess 6
    }
    texture ImageTexture {
      url "../Textures/metal1.jpg"
      repeatS TRUE
      repeatT TRUE
    }
  }
  appearance DEF M1 Appearance {
    material Material {
        diffuseColor 0.3 0.35 0.4    # tom azulado/cinza
        specularColor 0.8 0.8 0.8    # brilho do reflexo
        shininess 0.5                # intensidade do brilho
        transparency 0.3  
    }
  }
  appearance DEF M2 Appearance {
    material Material {
        diffuseColor 0.78354 0.78354 0.78354
        emissiveColor 0 0 0
        shininess 6 
    }
    texture ImageTexture {
      url "../Textures/pneu.png"
      repeatS TRUE
      repeatT TRUE
    }
  }
  appearance DEF M3 Appearance {
    material Material {
        diffuseColor 0.78354 0.78354 0.78354
        ambientIntensity 0.5
        shininess 6 
    }
    texture ImageTexture {
      url "../Textures/metal2.jpg"
      repeatS TRUE
      repeatT TRUE
    }
  }
  appearance DEF M4 Appearance {
    material Material {
        diffuseColor 1 1 1        
        ambientIntensity 0.6    
        emissiveColor 0.05 0.05 0.05 
        specularColor 0.2 0.2 0.2
        shininess 1          
    }
    texture ImageTexture {
      url "../Textures/green.png"
      repeatS TRUE
      repeatT TRUE
    }
  }
}
Group {
  children [
    Group {
      children [
        Shape {
          appearance USE M4
          geometry IndexedFaceSet {
            solid FALSE
            coord Coordinate {
              point [
-468.22900772 6181.0920895 11817.49929815,3531.76994324 5181.09259138 14897.99872865,-468.22900772 6181.0927543 15897.99856573,3531.76994324 5181.09225242 12817.49946107,-468.22900772 1781.09256356 15897.99928258,-468.22900772 1781.09189876 11817.500015,3531.76994324 2781.09206169 12817.49985208,3531.76994324 2781.09240064 14897.99911966,-2955.1700592 1774.3419827 11817.59996117,-453.76901627 1781.09189878 11817.59996007,-453.76901627 1781.09256355 15897.90010045,-2955.1700592 1781.09256355 15897.90010045,-448.57897758 1781.15198017 11816.99952671,-448.57897758 1781.15264513 15898.49977085,-443.58901978 1781.32192464 11815.19975251,-443.58901978 1781.32259018 15900.30030793,-438.99002075 1781.61184115 11812.2998196,-438.99002075 1781.61250765 15903.19947781,-434.95898247 1781.99197512 11808.49961812,-434.95998383 1781.99264285 15907.0004421,-431.65202141 1782.45183609 11803.69996595,-431.65202141 1782.45250539 15911.79933118,-429.19301987 1782.98188741 11798.39982548,-429.19402122 1782.98255843 15917.10023442,-427.68001556 1783.56191117 11792.5000146,-427.68001556 1783.56258412 15922.99928217,-427.16898918 1784.16196206 11786.39955063,-427.16898918 1784.16263699 15929.09974594,-453.76901627 6181.09208952 11817.59924322,-2955.1700592 6181.09275428 15897.8993836,-2955.1700592 6181.09208952 11817.59924322,-453.76901627 6181.09275428 15897.8993836,-448.57897758 6181.03248216 15898.49905402,-448.57897758 6181.0318172 11816.99880988,-443.58901978 6180.85242874 15900.29959116,-443.58901978 6180.8517632 11815.19903574,-438.99002075 6180.57243044 15903.19876112,-438.99002075 6180.57176395 11812.29910292,-434.95998383 6180.19248721 15906.99972554,-434.95998383 6180.19181948 11808.49890157,-431.65202141 6179.72251729 15911.79861478,-431.65202141 6179.72184799 11803.69924954,-429.19402122 6179.1926567 15917.09951818,-429.19402122 6179.19198568 11798.39910925,-427.68001556 6178.62274189 15922.99856613,-427.68001556 6178.62206895 11792.49929855,-427.16898918 6178.022691 15929.09903009,-427.16898918 6178.02201607 11786.39883478,-425.17199516 6178.00247316 15929.39962824,-427.19697952 6179.18273855 15917.49929846,-425.68302155 6178.60252404 15923.29916428,-429.65497971 6179.71259912 15912.09921292,-432.96298981 6180.17265085 15907.39950582,-436.99297905 6180.55259406 15903.49935927,-441.59197807 6180.84251058 15900.59866342,-446.58198357 6181.01264579 15898.79965217,-451.77202225 6181.07253643 15898.19845587,-2953.17001343 6187.82264325 15898.19845477,-2953.17001343 6186.9925702 15929.39962678,-2953.17001343 6186.41274111 15959.39840617,-425.17199516 6168.90251772 15959.39840902,-2953.17001343 6187.33246911 15986.99850367,-425.17199516 6154.13277734 15986.99850908,-2953.17001343 6187.3027264 16060.19949245,-425.17199516 6134.2524865 16011.29965978,-2953.17001343 6110.03259968 16057.89847965,-425.17199516 6110.03259532 16031.09946842,-2953.17001343 6082.39244767 16057.69859401,-425.17199516 6082.39244575 16045.89897243,-2953.17001343 6052.40244228 16058.29826931,-425.17199516 6052.40244174 16054.99931911,-2953.17001343 6021.22263268 16058.09838425,-451.77202225 6021.22263268 16058.09838425,-446.58198357 6021.82268454 16057.99920203,-441.59197807 6023.59270404 16057.7993116,-436.99297905 6026.48271865 16057.59942099,-432.96298981 6030.35272896 16057.19964009,-429.65497971 6035.08257202 16056.69915104,-427.19697952 6040.47273918 16056.19866188,-425.68302155 6046.32257734 16055.59899052,-425.17199516 1909.74268222 16054.99999404,-2953.17001343 1879.7526771 16057.29949844,-2953.17001343 1909.74268248 16056.59911513,-425.68302155 1915.82254682 16055.59966346,-425.17199516 1879.75267524 16045.89965713,-2953.17001343 1852.11252512 16057.29950294,-425.17199516 1852.1226298 16031.10016212,-2953.17001343 1789.3325263 16057.0004409,-425.17199516 1827.89262322 16011.30036138,-2953.17001343 1787.24263299 15986.99922054,-425.17199516 1808.0125152 15986.99921716,-2953.17001343 1787.92259829 15959.39912277,-425.17199516 1793.24257509 15959.39912191,-2953.17001343 1787.37251788 15952.9004046,-2953.17001343 1789.0425934 15959.39912259,-425.17199516 1792.10255221 15955.70039162,-2953.17001343 1787.75265126 15945.49989184,-425.17199516 1790.97263826 15951.89942745,-2953.17001343 1787.67254131 15937.49970875,-425.17199516 1789.83261538 15948.19917129,-2953.17001343 1785.91262936 15929.09974566,-425.17199516 1788.69259248 15944.399733,-2953.17001343 1784.31255321 15920.59907453,-425.17199516 1787.5525696 15940.69947684,-2953.17001343 1782.94250335 15912.39900151,-425.17199516 1786.42265565 15936.90003854,-2953.17001343 1781.85264312 15904.89930687,-425.17199516 1785.28263277 15933.19978238,-2953.17001343 1781.07253643 15898.19917272,-425.17199516 1784.14260988 15929.40034409,-425.68302155 1783.542557 15923.29988032,-427.19697952 1782.97264029 15917.50001469,-429.65497971 1782.44258722 15912.09992933,-432.96298981 1781.97261575 15907.40022238,-436.99398041 1781.59267127 15903.50007595,-441.59197807 1781.31267202 15900.5993802,-446.58198357 1781.13261801 15898.800369,-451.77202225 1781.07253643 15898.19917272,-427.19697952 1921.67257591 16056.19933292,-429.65497971 1927.06255249 16056.69982032,-432.96298981 1931.79258645 16057.20030783,-436.99398041 1935.67270584 16057.60008747,-441.59197807 1938.55261157 16057.79997714,-446.58198357 1940.32263113 16057.99986699,-451.77202225 1940.92268303 16058.09904902,-2953.17001343 1940.92268303 16058.09904902,-466.2320137 6110.08256694 16025.49949282,3533.7600708 5134.29237697 15005.5991391,3533.7600708 5110.08240402 15025.49965574,-466.2320137 6134.29253989 16005.59897618,-466.23301506 6134.29253989 16005.59897618,3533.7600708 5154.15244993 14981.39869641,-466.23301506 6154.15261286 15981.39853349,3533.7600708 5168.9122721 14953.79859635,-466.23301506 6168.91243502 15953.79843343,3533.7600708 5178.00230933 14923.79981558,-466.2320137 6178.00247225 15923.79965266,3533.7600708 5181.0723726 14892.5986432,-466.2320137 6181.07253552 15892.59848028,-2954.36992645 6182.08269427 16057.79928578,-3012.89997101 6182.0826952 16063.49844349,-3012.89997101 6187.85280534 16057.69857683,-2954.36992645 6182.09261247 16057.69857777,-427.17199326 1792.16195443 11786.39954933,-427.68301964 1791.56190354 11792.50001329,-429.19697762 1790.98187978 11798.39982418,-431.6549778 1790.45182846 11803.69996465,-434.9629879 1789.99196749 11808.49961682,-438.99297714 1789.61183353 11812.2998183,-443.59197617 1789.32191701 11815.19975121,-448.58198166 1789.15197254 11816.9995254,-453.77202034 1789.09189115 11817.59995876,-2955.1700592 1782.34197508 11817.59995986,-2955.1700592 1783.17185738 11786.39955079,-417.89598465 1792.16195443 11786.39954933,-2955.1700592 1783.75187721 11756.40000846,-417.89598465 1801.26190987 11756.40000561,-2955.1700592 1782.83195847 11728.79991096,-417.89598465 1816.03184098 11728.79990555,-2955.1700592 1782.86189192 11655.59968512,-2955.1700592 6182.2418293 11756.39929186,-417.89598465 6176.92185249 11756.39929272,-417.89598465 6162.15172166 11728.79919747,-2955.1700592 6182.92198533 11728.79919409,-417.89598465 6142.27180438 11704.59876126,-2955.1700592 6180.83190129 11658.79873667,-423.65899086 6176.92185249 11756.39929272,-2955.1700592 6182.79190971 11762.89877297,-2955.1700592 6181.12183418 11756.39929204,-423.65899086 6178.06206613 11760.19873101,-2955.1700592 6182.42188528 11770.29928572,-423.65899086 6179.19198006 11763.89898718,-2955.1700592 6182.49207701 11778.29870588,-423.65899086 6180.33181222 11767.69918841,-2955.1700592 6184.25179824 11786.79861404,-423.65899086 6181.47202584 11771.39868163,-2955.1700592 6185.85206511 11795.1993401,-423.65899086 6182.611858 11775.19888286,-2955.1700592 6187.22192424 11803.39865018,-423.65899086 6183.74177193 11778.89913903,-2955.1700592 6188.31178447 11810.89910776,-423.65899086 6184.88198556 11782.69934026,-2949.55997467 6179.28201566 11817.59924351,-418.04499626 6176.21194222 11786.39883508,-2949.55997467 6189.09189115 11817.59924191,-421.55799866 6186.02181771 11786.39883348,-442.96898842 6189.03200031 11816.99880857,-448.15797806 6189.09189115 11817.59924191,-437.97898293 6188.8519463 11815.19903443,-433.3799839 6188.57194705 11812.29910162,-429.3489933 6188.19200258 11808.49890026,-426.0409832 6187.7220311 11803.69924824,-423.58298302 6187.19178732 11798.39910795,-422.06997871 6186.62187058 11792.49929725,-468.23301315 1816.01200547 11734.39988114,3531.76002502 2816.01216839 12734.39971822,3531.76002502 2801.25215549 12761.99981828,-468.23301315 1801.25199257 11761.9999812,3531.76002502 2792.16211826 12791.99936199,-468.2320118 1792.16195534 11791.99952491,3531.76002502 2789.09205498 12823.19900849,-468.2320118 1789.09189206 11823.19993435,-426.60799026 6189.09189206 11823.1992175,3531.76002502 5186.02198154 12791.99897198,3531.76002502 5189.09205498 12823.19861748,-426.60799026 6186.02181862 11791.99880906,3531.76002502 5176.93193454 12761.99943123,-426.60799026 6176.93177162 11761.99926831,3531.76002502 5162.17210338 12734.39933598,-426.60799026 6162.17194046 11734.39917306,3531.76002502 5142.30210432 12710.19889976,-426.60799026 6142.3019414 11710.19873684,3531.76002502 5118.10204311 12690.39909902,-429.08802032 6021.33249503 16052.39922652,3533.7600708 2940.81246516 15052.3997284,-429.08802032 1940.81262809 16052.39989132,3533.7600708 5021.33233211 15052.39938944,3533.7600708 5052.50260443 15049.29879843,-424.60799217 6052.50276735 16049.2986355,3533.7600708 5082.46247233 15040.19845175,-424.60799217 6082.46263525 16040.19828883,3533.7600708 5110.08240351 15022.39906981,-424.60799217 6110.08256643 16022.39890689,-424.60799217 1909.65265444 16049.29931046,3533.7600708 2909.65249151 15049.29914754,-424.60799217 1879.68267462 16040.19897355,-424.60799217 1852.06254741 16025.50018654,3533.7600708 2879.6825117 15040.19881063,-424.60799217 1827.86267692 16005.59967779,3533.7600708 2852.06238449 15025.50002362,-424.60799217 1807.99267786 15981.39924157,3533.7600708 2827.862514 15005.59951487,-424.60799217 1793.23265597 15953.79914632,3533.7600708 2807.99251494 14981.39907865,-424.60799217 1784.14260896 15923.80036851,3533.7600708 2793.23249305 14953.7989834,-424.60799217 1781.07253552 15892.59919713,3533.7600708 2784.14244604 14923.80020559,3533.7600708 2781.0723726 14892.59903421              ]
            }
            coordIndex [
0,1,2,-1,0,3,1,-1,4,5,6,-1,4,6,7,-1,8,9,10,-1,8,10,11,-1,12,10,9,-1,12,13,10,-1,14,13,12,-1,14,15,13,-1,16,15,14,-1,16,17,15,-1,18,17,16,-1,18,19,17,-1,20,19,18,-1,20,21,19,-1,22,21,20,-1,22,23,21,-1,24,23,22,-1,24,25,23,-1,26,25,24,-1,26,27,25,-1,28,29,30,-1,28,31,29,-1,32,31,28,-1,32,28,33,-1,34,32,33,-1,34,33,35,-1,36,34,35,-1,36,35,37,-1,38,36,37,-1,38,37,39,-1,40,38,39,-1,40,39,41,-1,42,40,41,-1,42,41,43,-1,44,42,43,-1,44,43,45,-1,46,44,45,-1,46,45,47,-1,48,49,50,-1,48,51,49,-1,48,52,51,-1,48,53,52,-1,48,54,53,-1,48,55,54,-1,48,56,55,-1,48,57,56,-1,48,58,57,-1,48,59,58,-1,48,60,59,-1,60,61,59,-1,60,62,61,-1,62,63,61,-1,62,64,63,-1,64,65,63,-1,64,66,65,-1,66,67,65,-1,66,68,67,-1,68,69,67,-1,68,70,69,-1,70,71,69,-1,70,72,71,-1,70,73,72,-1,70,74,73,-1,70,75,74,-1,70,76,75,-1,70,77,76,-1,70,78,77,-1,70,79,78,-1,80,79,70,-1,81,82,80,-1,82,83,80,-1,80,83,79,-1,81,80,84,-1,85,81,84,-1,85,84,86,-1,87,85,86,-1,87,86,88,-1,89,87,88,-1,89,88,90,-1,91,89,90,-1,91,90,92,-1,92,93,94,-1,92,95,93,-1,95,96,93,-1,95,97,96,-1,97,98,96,-1,97,99,98,-1,99,100,98,-1,99,101,100,-1,101,102,100,-1,101,103,102,-1,103,104,102,-1,103,105,104,-1,105,106,104,-1,105,107,106,-1,107,108,106,-1,107,109,108,-1,108,109,110,-1,108,110,111,-1,108,111,112,-1,108,112,113,-1,108,113,114,-1,108,114,115,-1,108,115,116,-1,108,116,117,-1,82,118,83,-1,83,118,78,-1,83,78,79,-1,82,119,118,-1,118,119,77,-1,118,77,78,-1,82,120,119,-1,119,120,76,-1,119,76,77,-1,82,121,120,-1,120,121,75,-1,120,75,76,-1,82,122,121,-1,121,122,74,-1,121,74,75,-1,82,123,122,-1,122,123,73,-1,122,73,74,-1,82,124,123,-1,123,124,72,-1,123,72,73,-1,82,125,124,-1,71,124,125,-1,71,72,124,-1,126,127,128,-1,126,129,127,-1,130,131,127,-1,130,132,131,-1,132,133,131,-1,132,134,133,-1,134,135,133,-1,134,136,135,-1,136,137,135,-1,136,138,137,-1,139,140,141,-1,139,141,142,-1,143,144,145,-1,143,145,146,-1,143,146,147,-1,143,147,148,-1,143,148,149,-1,143,149,150,-1,143,150,151,-1,143,151,152,-1,143,152,153,-1,143,153,154,-1,154,153,155,-1,154,155,156,-1,156,155,157,-1,156,157,158,-1,158,157,159,-1,160,161,162,-1,160,162,163,-1,163,162,164,-1,163,164,165,-1,166,167,168,-1,166,169,167,-1,169,170,167,-1,169,171,170,-1,171,172,170,-1,171,173,172,-1,173,174,172,-1,173,175,174,-1,175,176,174,-1,175,177,176,-1,177,178,176,-1,177,179,178,-1,179,180,178,-1,179,181,180,-1,181,182,180,-1,181,183,182,-1,184,182,183,-1,184,183,185,-1,184,186,187,-1,184,188,186,-1,184,189,188,-1,184,190,189,-1,184,191,190,-1,184,192,191,-1,184,193,192,-1,184,185,193,-1,194,195,196,-1,194,196,197,-1,197,196,198,-1,197,198,199,-1,199,198,200,-1,199,200,201,-1,202,203,204,-1,202,205,203,-1,205,206,203,-1,205,207,206,-1,207,208,206,-1,207,209,208,-1,209,210,208,-1,209,211,210,-1,211,212,210,-1,213,214,215,-1,213,216,214,-1,213,217,216,-1,213,218,217,-1,218,219,217,-1,218,220,219,-1,220,221,219,-1,220,222,221,-1,223,215,214,-1,223,214,224,-1,225,223,224,-1,226,225,227,-1,225,224,227,-1,228,226,229,-1,226,227,229,-1,230,228,231,-1,228,229,231,-1,232,230,233,-1,230,231,233,-1,234,232,235,-1,232,233,235,-1,236,234,237,-1,234,235,237,-1,236,237,238,-1,0,1,2,-1,0,3,1,-1,4,5,6,-1,4,6,7,-1,8,9,10,-1,8,10,11,-1,12,10,9,-1,12,13,10,-1,14,13,12,-1,14,15,13,-1,16,15,14,-1,16,17,15,-1,18,17,16,-1,18,19,17,-1,20,19,18,-1,20,21,19,-1,22,21,20,-1,22,23,21,-1,24,23,22,-1,24,25,23,-1,26,25,24,-1,26,27,25,-1,28,29,30,-1,28,31,29,-1,32,31,28,-1,32,28,33,-1,34,32,33,-1,34,33,35,-1,36,34,35,-1,36,35,37,-1,38,36,37,-1,38,37,39,-1,40,38,39,-1,40,39,41,-1,42,40,41,-1,42,41,43,-1,44,42,43,-1,44,43,45,-1,46,44,45,-1,46,45,47,-1,48,49,50,-1,48,51,49,-1,48,52,51,-1,48,53,52,-1,48,54,53,-1,48,55,54,-1,48,56,55,-1,48,57,56,-1,48,58,57,-1,48,59,58,-1,48,60,59,-1,60,61,59,-1,60,62,61,-1,62,63,61,-1,62,64,63,-1,64,65,63,-1,64,66,65,-1,66,67,65,-1,66,68,67,-1,68,69,67,-1,68,70,69,-1,70,71,69,-1,70,72,71,-1,70,73,72,-1,70,74,73,-1,70,75,74,-1,70,76,75,-1,70,77,76,-1,70,78,77,-1,70,79,78,-1,80,79,70,-1,81,82,80,-1,82,83,80,-1,80,83,79,-1,81,80,84,-1,85,81,84,-1,85,84,86,-1,87,85,86,-1,87,86,88,-1,89,87,88,-1,89,88,90,-1,91,89,90,-1,91,90,92,-1,92,93,94,-1,92,95,93,-1,95,96,93,-1,95,97,96,-1,97,98,96,-1,97,99,98,-1,99,100,98,-1,99,101,100,-1,101,102,100,-1,101,103,102,-1,103,104,102,-1,103,105,104,-1,105,106,104,-1,105,107,106,-1,107,108,106,-1,107,109,108,-1,108,109,110,-1,108,110,111,-1,108,111,112,-1,108,112,113,-1,108,113,114,-1,108,114,115,-1,108,115,116,-1,108,116,117,-1,82,118,83,-1,83,118,78,-1,83,78,79,-1,82,119,118,-1,118,119,77,-1,118,77,78,-1,82,120,119,-1,119,120,76,-1,119,76,77,-1,82,121,120,-1,120,121,75,-1,120,75,76,-1,82,122,121,-1,121,122,74,-1,121,74,75,-1,82,123,122,-1,122,123,73,-1,122,73,74,-1,82,124,123,-1,123,124,72,-1,123,72,73,-1,82,125,124,-1,71,124,125,-1,71,72,124,-1,126,127,128,-1,126,129,127,-1,130,131,127,-1,130,132,131,-1,132,133,131,-1,132,134,133,-1,134,135,133,-1,134,136,135,-1,136,137,135,-1,136,138,137,-1,139,140,141,-1,139,141,142,-1,143,144,145,-1,143,145,146,-1,143,146,147,-1,143,147,148,-1,143,148,149,-1,143,149,150,-1,143,150,151,-1,143,151,152,-1,143,152,153,-1,143,153,154,-1,154,153,155,-1,154,155,156,-1,156,155,157,-1,156,157,158,-1,158,157,159,-1,160,161,162,-1,160,162,163,-1,163,162,164,-1,163,164,165,-1,166,167,168,-1,166,169,167,-1,169,170,167,-1,169,171,170,-1,171,172,170,-1,171,173,172,-1,173,174,172,-1,173,175,174,-1,175,176,174,-1,175,177,176,-1,177,178,176,-1,177,179,178,-1,179,180,178,-1,179,181,180,-1,181,182,180,-1,181,183,182,-1,184,182,183,-1,184,183,185,-1,184,186,187,-1,184,188,186,-1,184,189,188,-1,184,190,189,-1,184,191,190,-1,184,192,191,-1,184,193,192,-1,184,185,193,-1,194,195,196,-1,194,196,197,-1,197,196,198,-1,197,198,199,-1,199,198,200,-1,199,200,201,-1,202,203,204,-1,202,205,203,-1,205,206,203,-1,205,207,206,-1,207,208,206,-1,207,209,208,-1,209,210,208,-1,209,211,210,-1,211,212,210,-1,213,214,215,-1,213,216,214,-1,213,217,216,-1,213,218,217,-1,218,219,217,-1,218,220,219,-1,220,221,219,-1,220,222,221,-1,223,215,214,-1,223,214,224,-1,225,223,224,-1,226,225,227,-1,225,224,227,-1,228,226,229,-1,226,227,229,-1,230,228,231,-1,228,229,231,-1,232,230,233,-1,230,231,233,-1,234,232,235,-1,232,233,235,-1,236,234,237,-1,234,235,237,-1,236,237,238,-1,0,1,2,-1,0,3,1,-1,4,5,6,-1,4,6,7,-1,8,9,10,-1,8,10,11,-1,12,10,9,-1,12,13,10,-1,14,13,12,-1,14,15,13,-1,16,15,14,-1,16,17,15,-1,18,17,16,-1,18,19,17,-1,20,19,18,-1,20,21,19,-1,22,21,20,-1,22,23,21,-1,24,23,22,-1,24,25,23,-1,26,25,24,-1,26,27,25,-1,28,29,30,-1,28,31,29,-1,32,31,28,-1,32,28,33,-1,34,32,33,-1,34,33,35,-1,36,34,35,-1,36,35,37,-1,38,36,37,-1,38,37,39,-1,40,38,39,-1,40,39,41,-1,42,40,41,-1,42,41,43,-1,44,42,43,-1,44,43,45,-1,46,44,45,-1,46,45,47,-1,48,49,50,-1,48,51,49,-1,48,52,51,-1,48,53,52,-1,48,54,53,-1,48,55,54,-1,48,56,55,-1,48,57,56,-1,48,58,57,-1,48,59,58,-1,48,60,59,-1,60,61,59,-1,60,62,61,-1,62,63,61,-1,62,64,63,-1,64,65,63,-1,64,66,65,-1,66,67,65,-1,66,68,67,-1,68,69,67,-1,68,70,69,-1,70,71,69,-1,70,72,71,-1,70,73,72,-1,70,74,73,-1,70,75,74,-1,70,76,75,-1,70,77,76,-1,70,78,77,-1,70,79,78,-1,80,79,70,-1,81,82,80,-1,82,83,80,-1,80,83,79,-1,81,80,84,-1,85,81,84,-1,85,84,86,-1,87,85,86,-1,87,86,88,-1,89,87,88,-1,89,88,90,-1,91,89,90,-1,91,90,92,-1,92,93,94,-1,92,95,93,-1,95,96,93,-1,95,97,96,-1,97,98,96,-1,97,99,98,-1,99,100,98,-1,99,101,100,-1,101,102,100,-1,101,103,102,-1,103,104,102,-1,103,105,104,-1,105,106,104,-1,105,107,106,-1,107,108,106,-1,107,109,108,-1,108,109,110,-1,108,110,111,-1,108,111,112,-1,108,112,113,-1,108,113,114,-1,108,114,115,-1,108,115,116,-1,108,116,117,-1,82,118,83,-1,83,118,78,-1,83,78,79,-1,82,119,118,-1,118,119,77,-1,118,77,78,-1,82,120,119,-1,119,120,76,-1,119,76,77,-1,82,121,120,-1,120,121,75,-1,120,75,76,-1,82,122,121,-1,121,122,74,-1,121,74,75,-1,82,123,122,-1,122,123,73,-1,122,73,74,-1,82,124,123,-1,123,124,72,-1,123,72,73,-1,82,125,124,-1,71,124,125,-1,71,72,124,-1,126,127,128,-1,126,129,127,-1,130,131,127,-1,130,132,131,-1,132,133,131,-1,132,134,133,-1,134,135,133,-1,134,136,135,-1,136,137,135,-1,136,138,137,-1,139,140,141,-1,139,141,142,-1,143,144,145,-1,143,145,146,-1,143,146,147,-1,143,147,148,-1,143,148,149,-1,143,149,150,-1,143,150,151,-1,143,151,152,-1,143,152,153,-1,143,153,154,-1,154,153,155,-1,154,155,156,-1,156,155,157,-1,156,157,158,-1,158,157,159,-1,160,161,162,-1,160,162,163,-1,163,162,164,-1,163,164,165,-1,166,167,168,-1,166,169,167,-1,169,170,167,-1,169,171,170,-1,171,172,170,-1,171,173,172,-1,173,174,172,-1,173,175,174,-1,175,176,174,-1,175,177,176,-1,177,178,176,-1,177,179,178,-1,179,180,178,-1,179,181,180,-1,181,182,180,-1,181,183,182,-1,184,182,183,-1,184,183,185,-1,184,186,187,-1,184,188,186,-1,184,189,188,-1,184,190,189,-1,184,191,190,-1,184,192,191,-1,184,193,192,-1,184,185,193,-1,194,195,196,-1,194,196,197,-1,197,196,198,-1,197,198,199,-1,199,198,200,-1,199,200,201,-1,202,203,204,-1,202,205,203,-1,205,206,203,-1,205,207,206,-1,207,208,206,-1,207,209,208,-1,209,210,208,-1,209,211,210,-1,211,212,210,-1,213,214,215,-1,213,216,214,-1,213,217,216,-1,213,218,217,-1,218,219,217,-1,218,220,219,-1,220,221,219,-1,220,222,221,-1,223,215,214,-1,223,214,224,-1,225,223,224,-1,226,225,227,-1,225,224,227,-1,228,226,229,-1,226,227,229,-1,230,228,231,-1,228,229,231,-1,232,230,233,-1,230,231,233,-1,234,232,235,-1,232,233,235,-1,236,234,237,-1,234,235,237,-1,236,237,238,-1,0,1,2,-1,0,3,1,-1,4,5,6,-1,4,6,7,-1,8,9,10,-1,8,10,11,-1,12,10,9,-1,12,13,10,-1,14,13,12,-1,14,15,13,-1,16,15,14,-1,16,17,15,-1,18,17,16,-1,18,19,17,-1,20,19,18,-1,20,21,19,-1,22,21,20,-1,22,23,21,-1,24,23,22,-1,24,25,23,-1,26,25,24,-1,26,27,25,-1,28,29,30,-1,28,31,29,-1,32,31,28,-1,32,28,33,-1,34,32,33,-1,34,33,35,-1,36,34,35,-1,36,35,37,-1,38,36,37,-1,38,37,39,-1,40,38,39,-1,40,39,41,-1,42,40,41,-1,42,41,43,-1,44,42,43,-1,44,43,45,-1,46,44,45,-1,46,45,47,-1,48,49,50,-1,48,51,49,-1,48,52,51,-1,48,53,52,-1,48,54,53,-1,48,55,54,-1,48,56,55,-1,48,57,56,-1,48,58,57,-1,48,59,58,-1,48,60,59,-1,60,61,59,-1,60,62,61,-1,62,63,61,-1,62,64,63,-1,64,65,63,-1,64,66,65,-1,66,67,65,-1,66,68,67,-1,68,69,67,-1,68,70,69,-1,70,71,69,-1,70,72,71,-1,70,73,72,-1,70,74,73,-1,70,75,74,-1,70,76,75,-1,70,77,76,-1,70,78,77,-1,70,79,78,-1,80,79,70,-1,81,82,80,-1,82,83,80,-1,80,83,79,-1,81,80,84,-1,85,81,84,-1,85,84,86,-1,87,85,86,-1,87,86,88,-1,89,87,88,-1,89,88,90,-1,91,89,90,-1,91,90,92,-1,92,93,94,-1,92,95,93,-1,95,96,93,-1,95,97,96,-1,97,98,96,-1,97,99,98,-1,99,100,98,-1,99,101,100,-1,101,102,100,-1,101,103,102,-1,103,104,102,-1,103,105,104,-1,105,106,104,-1,105,107,106,-1,107,108,106,-1,107,109,108,-1,108,109,110,-1,108,110,111,-1,108,111,112,-1,108,112,113,-1,108,113,114,-1,108,114,115,-1,108,115,116,-1,108,116,117,-1,82,118,83,-1,83,118,78,-1,83,78,79,-1,82,119,118,-1,118,119,77,-1,118,77,78,-1,82,120,119,-1,119,120,76,-1,119,76,77,-1,82,121,120,-1,120,121,75,-1,120,75,76,-1,82,122,121,-1,121,122,74,-1,121,74,75,-1,82,123,122,-1,122,123,73,-1,122,73,74,-1,82,124,123,-1,123,124,72,-1,123,72,73,-1,82,125,124,-1,71,124,125,-1,71,72,124,-1,126,127,128,-1,126,129,127,-1,130,131,127,-1,130,132,131,-1,132,133,131,-1,132,134,133,-1,134,135,133,-1,134,136,135,-1,136,137,135,-1,136,138,137,-1,139,140,141,-1,139,141,142,-1,143,144,145,-1,143,145,146,-1,143,146,147,-1,143,147,148,-1,143,148,149,-1,143,149,150,-1,143,150,151,-1,143,151,152,-1,143,152,153,-1,143,153,154,-1,154,153,155,-1,154,155,156,-1,156,155,157,-1,156,157,158,-1,158,157,159,-1,160,161,162,-1,160,162,163,-1,163,162,164,-1,163,164,165,-1,166,167,168,-1,166,169,167,-1,169,170,167,-1,169,171,170,-1,171,172,170,-1,171,173,172,-1,173,174,172,-1,173,175,174,-1,175,176,174,-1,175,177,176,-1,177,178,176,-1,177,179,178,-1,179,180,178,-1,179,181,180,-1,181,182,180,-1,181,183,182,-1,184,182,183,-1,184,183,185,-1,184,186,187,-1,184,188,186,-1,184,189,188,-1,184,190,189,-1,184,191,190,-1,184,192,191,-1,184,193,192,-1,184,185,193,-1,194,195,196,-1,194,196,197,-1,197,196,198,-1,197,198,199,-1,199,198,200,-1,199,200,201,-1,202,203,204,-1,202,205,203,-1,205,206,203,-1,205,207,206,-1,207,208,206,-1,207,209,208,-1,209,210,208,-1,209,211,210,-1,211,212,210,-1,213,214,215,-1,213,216,214,-1,213,217,216,-1,213,218,217,-1,218,219,217,-1,218,220,219,-1,220,221,219,-1,220,222,221,-1,223,215,214,-1,223,214,224,-1,225,223,224,-1,226,225,227,-1,225,224,227,-1,228,226,229,-1,226,227,229,-1,230,228,231,-1,228,229,231,-1,232,230,233,-1,230,231,233,-1,234,232,235,-1,232,233,235,-1,236,234,237,-1,234,235,237,-1,236,237,238,-1,0,2,1,-1,0,1,3,-1,4,6,5,-1,4,7,6,-1,8,10,9,-1,8,11,10,-1,12,9,10,-1,12,10,13,-1,14,12,13,-1,14,13,15,-1,16,14,15,-1,16,15,17,-1,18,16,17,-1,18,17,19,-1,20,18,19,-1,20,19,21,-1,22,20,21,-1,22,21,23,-1,24,22,23,-1,24,23,25,-1,26,24,25,-1,26,25,27,-1,28,30,29,-1,28,29,31,-1,32,28,31,-1,32,33,28,-1,34,33,32,-1,34,35,33,-1,36,35,34,-1,36,37,35,-1,38,37,36,-1,38,39,37,-1,40,39,38,-1,40,41,39,-1,42,41,40,-1,42,43,41,-1,44,43,42,-1,44,45,43,-1,46,45,44,-1,46,47,45,-1,48,50,49,-1,48,49,51,-1,48,51,52,-1,48,52,53,-1,48,53,54,-1,48,54,55,-1,48,55,56,-1,48,56,57,-1,48,57,58,-1,48,58,59,-1,48,59,60,-1,60,59,61,-1,60,61,62,-1,62,61,63,-1,62,63,64,-1,64,63,65,-1,64,65,66,-1,66,65,67,-1,66,67,68,-1,68,67,69,-1,68,69,70,-1,70,69,71,-1,70,71,72,-1,70,72,73,-1,70,73,74,-1,70,74,75,-1,70,75,76,-1,70,76,77,-1,70,77,78,-1,70,78,79,-1,80,70,79,-1,81,80,82,-1,82,80,83,-1,80,79,83,-1,81,84,80,-1,85,84,81,-1,85,86,84,-1,87,86,85,-1,87,88,86,-1,89,88,87,-1,89,90,88,-1,91,90,89,-1,91,92,90,-1,92,94,93,-1,92,93,95,-1,95,93,96,-1,95,96,97,-1,97,96,98,-1,97,98,99,-1,99,98,100,-1,99,100,101,-1,101,100,102,-1,101,102,103,-1,103,102,104,-1,103,104,105,-1,105,104,106,-1,105,106,107,-1,107,106,108,-1,107,108,109,-1,108,110,109,-1,108,111,110,-1,108,112,111,-1,108,113,112,-1,108,114,113,-1,108,115,114,-1,108,116,115,-1,108,117,116,-1,82,83,118,-1,83,78,118,-1,83,79,78,-1,82,118,119,-1,118,77,119,-1,118,78,77,-1,82,119,120,-1,119,76,120,-1,119,77,76,-1,82,120,121,-1,120,75,121,-1,120,76,75,-1,82,121,122,-1,121,74,122,-1,121,75,74,-1,82,122,123,-1,122,73,123,-1,122,74,73,-1,82,123,124,-1,123,72,124,-1,123,73,72,-1,82,124,125,-1,71,125,124,-1,71,124,72,-1,126,128,127,-1,126,127,129,-1,130,127,131,-1,130,131,132,-1,132,131,133,-1,132,133,134,-1,134,133,135,-1,134,135,136,-1,136,135,137,-1,136,137,138,-1,139,141,140,-1,139,142,141,-1,143,145,144,-1,143,146,145,-1,143,147,146,-1,143,148,147,-1,143,149,148,-1,143,150,149,-1,143,151,150,-1,143,152,151,-1,143,153,152,-1,143,154,153,-1,154,155,153,-1,154,156,155,-1,156,157,155,-1,156,158,157,-1,158,159,157,-1,160,162,161,-1,160,163,162,-1,163,164,162,-1,163,165,164,-1,166,168,167,-1,166,167,169,-1,169,167,170,-1,169,170,171,-1,171,170,172,-1,171,172,173,-1,173,172,174,-1,173,174,175,-1,175,174,176,-1,175,176,177,-1,177,176,178,-1,177,178,179,-1,179,178,180,-1,179,180,181,-1,181,180,182,-1,181,182,183,-1,184,183,182,-1,184,185,183,-1,184,187,186,-1,184,186,188,-1,184,188,189,-1,184,189,190,-1,184,190,191,-1,184,191,192,-1,184,192,193,-1,184,193,185,-1,194,196,195,-1,194,197,196,-1,197,198,196,-1,197,199,198,-1,199,200,198,-1,199,201,200,-1,202,204,203,-1,202,203,205,-1,205,203,206,-1,205,206,207,-1,207,206,208,-1,207,208,209,-1,209,208,210,-1,209,210,211,-1,211,210,212,-1,213,215,214,-1,213,214,216,-1,213,216,217,-1,213,217,218,-1,218,217,219,-1,218,219,220,-1,220,219,221,-1,220,221,222,-1,223,214,215,-1,223,224,214,-1,225,224,223,-1,226,227,225,-1,225,227,224,-1,228,229,226,-1,226,229,227,-1,230,231,228,-1,228,231,229,-1,232,233,230,-1,230,233,231,-1,234,235,232,-1,232,235,233,-1,236,237,234,-1,234,237,235,-1,236,238,237,-1,0,2,1,-1,0,1,3,-1,4,6,5,-1,4,7,6,-1,8,10,9,-1,8,11,10,-1,12,9,10,-1,12,10,13,-1,14,12,13,-1,14,13,15,-1,16,14,15,-1,16,15,17,-1,18,16,17,-1,18,17,19,-1,20,18,19,-1,20,19,21,-1,22,20,21,-1,22,21,23,-1,24,22,23,-1,24,23,25,-1,26,24,25,-1,26,25,27,-1,28,30,29,-1,28,29,31,-1,32,28,31,-1,32,33,28,-1,34,33,32,-1,34,35,33,-1,36,35,34,-1,36,37,35,-1,38,37,36,-1,38,39,37,-1,40,39,38,-1,40,41,39,-1,42,41,40,-1,42,43,41,-1,44,43,42,-1,44,45,43,-1,46,45,44,-1,46,47,45,-1,48,50,49,-1,48,49,51,-1,48,51,52,-1,48,52,53,-1,48,53,54,-1,48,54,55,-1,48,55,56,-1,48,56,57,-1,48,57,58,-1,48,58,59,-1,48,59,60,-1,60,59,61,-1,60,61,62,-1,62,61,63,-1,62,63,64,-1,64,63,65,-1,64,65,66,-1,66,65,67,-1,66,67,68,-1,68,67,69,-1,68,69,70,-1,70,69,71,-1,70,71,72,-1,70,72,73,-1,70,73,74,-1,70,74,75,-1,70,75,76,-1,70,76,77,-1,70,77,78,-1,70,78,79,-1,80,70,79,-1,81,80,82,-1,82,80,83,-1,80,79,83,-1,81,84,80,-1,85,84,81,-1,85,86,84,-1,87,86,85,-1,87,88,86,-1,89,88,87,-1,89,90,88,-1,91,90,89,-1,91,92,90,-1,92,94,93,-1,92,93,95,-1,95,93,96,-1,95,96,97,-1,97,96,98,-1,97,98,99,-1,99,98,100,-1,99,100,101,-1,101,100,102,-1,101,102,103,-1,103,102,104,-1,103,104,105,-1,105,104,106,-1,105,106,107,-1,107,106,108,-1,107,108,109,-1,108,110,109,-1,108,111,110,-1,108,112,111,-1,108,113,112,-1,108,114,113,-1,108,115,114,-1,108,116,115,-1,108,117,116,-1,82,83,118,-1,83,78,118,-1,83,79,78,-1,82,118,119,-1,118,77,119,-1,118,78,77,-1,82,119,120,-1,119,76,120,-1,119,77,76,-1,82,120,121,-1,120,75,121,-1,120,76,75,-1,82,121,122,-1,121,74,122,-1,121,75,74,-1,82,122,123,-1,122,73,123,-1,122,74,73,-1,82,123,124,-1,123,72,124,-1,123,73,72,-1,82,124,125,-1,71,125,124,-1,71,124,72,-1,126,128,127,-1,126,127,129,-1,130,127,131,-1,130,131,132,-1,132,131,133,-1,132,133,134,-1,134,133,135,-1,134,135,136,-1,136,135,137,-1,136,137,138,-1,139,141,140,-1,139,142,141,-1,143,145,144,-1,143,146,145,-1,143,147,146,-1,143,148,147,-1,143,149,148,-1,143,150,149,-1,143,151,150,-1,143,152,151,-1,143,153,152,-1,143,154,153,-1,154,155,153,-1,154,156,155,-1,156,157,155,-1,156,158,157,-1,158,159,157,-1,160,162,161,-1,160,163,162,-1,163,164,162,-1,163,165,164,-1,166,168,167,-1,166,167,169,-1,169,167,170,-1,169,170,171,-1,171,170,172,-1,171,172,173,-1,173,172,174,-1,173,174,175,-1,175,174,176,-1,175,176,177,-1,177,176,178,-1,177,178,179,-1,179,178,180,-1,179,180,181,-1,181,180,182,-1,181,182,183,-1,184,183,182,-1,184,185,183,-1,184,187,186,-1,184,186,188,-1,184,188,189,-1,184,189,190,-1,184,190,191,-1,184,191,192,-1,184,192,193,-1,184,193,185,-1,194,196,195,-1,194,197,196,-1,197,198,196,-1,197,199,198,-1,199,200,198,-1,199,201,200,-1,202,204,203,-1,202,203,205,-1,205,203,206,-1,205,206,207,-1,207,206,208,-1,207,208,209,-1,209,208,210,-1,209,210,211,-1,211,210,212,-1,213,215,214,-1,213,214,216,-1,213,216,217,-1,213,217,218,-1,218,217,219,-1,218,219,220,-1,220,219,221,-1,220,221,222,-1,223,214,215,-1,223,224,214,-1,225,224,223,-1,226,227,225,-1,225,227,224,-1,228,229,226,-1,226,229,227,-1,230,231,228,-1,228,231,229,-1,232,233,230,-1,230,233,231,-1,234,235,232,-1,232,235,233,-1,236,237,234,-1,234,237,235,-1,236,238,237,-1,0,2,1,-1,0,1,3,-1,4,6,5,-1,4,7,6,-1,8,10,9,-1,8,11,10,-1,12,9,10,-1,12,10,13,-1,14,12,13,-1,14,13,15,-1,16,14,15,-1,16,15,17,-1,18,16,17,-1,18,17,19,-1,20,18,19,-1,20,19,21,-1,22,20,21,-1,22,21,23,-1,24,22,23,-1,24,23,25,-1,26,24,25,-1,26,25,27,-1,28,30,29,-1,28,29,31,-1,32,28,31,-1,32,33,28,-1,34,33,32,-1,34,35,33,-1,36,35,34,-1,36,37,35,-1,38,37,36,-1,38,39,37,-1,40,39,38,-1,40,41,39,-1,42,41,40,-1,42,43,41,-1,44,43,42,-1,44,45,43,-1,46,45,44,-1,46,47,45,-1,48,50,49,-1,48,49,51,-1,48,51,52,-1,48,52,53,-1,48,53,54,-1,48,54,55,-1,48,55,56,-1,48,56,57,-1,48,57,58,-1,48,58,59,-1,48,59,60,-1,60,59,61,-1,60,61,62,-1,62,61,63,-1,62,63,64,-1,64,63,65,-1,64,65,66,-1,66,65,67,-1,66,67,68,-1,68,67,69,-1,68,69,70,-1,70,69,71,-1,70,71,72,-1,70,72,73,-1,70,73,74,-1,70,74,75,-1,70,75,76,-1,70,76,77,-1,70,77,78,-1,70,78,79,-1,80,70,79,-1,81,80,82,-1,82,80,83,-1,80,79,83,-1,81,84,80,-1,85,84,81,-1,85,86,84,-1,87,86,85,-1,87,88,86,-1,89,88,87,-1,89,90,88,-1,91,90,89,-1,91,92,90,-1,92,94,93,-1,92,93,95,-1,95,93,96,-1,95,96,97,-1,97,96,98,-1,97,98,99,-1,99,98,100,-1,99,100,101,-1,101,100,102,-1,101,102,103,-1,103,102,104,-1,103,104,105,-1,105,104,106,-1,105,106,107,-1,107,106,108,-1,107,108,109,-1,108,110,109,-1,108,111,110,-1,108,112,111,-1,108,113,112,-1,108,114,113,-1,108,115,114,-1,108,116,115,-1,108,117,116,-1,82,83,118,-1,83,78,118,-1,83,79,78,-1,82,118,119,-1,118,77,119,-1,118,78,77,-1,82,119,120,-1,119,76,120,-1,119,77,76,-1,82,120,121,-1,120,75,121,-1,120,76,75,-1,82,121,122,-1,121,74,122,-1,121,75,74,-1,82,122,123,-1,122,73,123,-1,122,74,73,-1,82,123,124,-1,123,72,124,-1,123,73,72,-1,82,124,125,-1,71,125,124,-1,71,124,72,-1,126,128,127,-1,126,127,129,-1,130,127,131,-1,130,131,132,-1,132,131,133,-1,132,133,134,-1,134,133,135,-1,134,135,136,-1,136,135,137,-1,136,137,138,-1,139,141,140,-1,139,142,141,-1,143,145,144,-1,143,146,145,-1,143,147,146,-1,143,148,147,-1,143,149,148,-1,143,150,149,-1,143,151,150,-1,143,152,151,-1,143,153,152,-1,143,154,153,-1,154,155,153,-1,154,156,155,-1,156,157,155,-1,156,158,157,-1,158,159,157,-1,160,162,161,-1,160,163,162,-1,163,164,162,-1,163,165,164,-1,166,168,167,-1,166,167,169,-1,169,167,170,-1,169,170,171,-1,171,170,172,-1,171,172,173,-1,173,172,174,-1,173,174,175,-1,175,174,176,-1,175,176,177,-1,177,176,178,-1,177,178,179,-1,179,178,180,-1,179,180,181,-1,181,180,182,-1,181,182,183,-1,184,183,182,-1,184,185,183,-1,184,187,186,-1,184,186,188,-1,184,188,189,-1,184,189,190,-1,184,190,191,-1,184,191,192,-1,184,192,193,-1,184,193,185,-1,194,196,195,-1,194,197,196,-1,197,198,196,-1,197,199,198,-1,199,200,198,-1,199,201,200,-1,202,204,203,-1,202,203,205,-1,205,203,206,-1,205,206,207,-1,207,206,208,-1,207,208,209,-1,209,208,210,-1,209,210,211,-1,211,210,212,-1,213,215,214,-1,213,214,216,-1,213,216,217,-1,213,217,218,-1,218,217,219,-1,218,219,220,-1,220,219,221,-1,220,221,222,-1,223,214,215,-1,223,224,214,-1,225,224,223,-1,226,227,225,-1,225,227,224,-1,228,229,226,-1,226,229,227,-1,230,231,228,-1,228,231,229,-1,232,233,230,-1,230,233,231,-1,234,235,232,-1,232,235,233,-1,236,237,234,-1,234,237,235,-1,236,238,237,-1,0,2,1,-1,0,1,3,-1,4,6,5,-1,4,7,6,-1,8,10,9,-1,8,11,10,-1,12,9,10,-1,12,10,13,-1,14,12,13,-1,14,13,15,-1,16,14,15,-1,16,15,17,-1,18,16,17,-1,18,17,19,-1,20,18,19,-1,20,19,21,-1,22,20,21,-1,22,21,23,-1,24,22,23,-1,24,23,25,-1,26,24,25,-1,26,25,27,-1,28,30,29,-1,28,29,31,-1,32,28,31,-1,32,33,28,-1,34,33,32,-1,34,35,33,-1,36,35,34,-1,36,37,35,-1,38,37,36,-1,38,39,37,-1,40,39,38,-1,40,41,39,-1,42,41,40,-1,42,43,41,-1,44,43,42,-1,44,45,43,-1,46,45,44,-1,46,47,45,-1,48,50,49,-1,48,49,51,-1,48,51,52,-1,48,52,53,-1,48,53,54,-1,48,54,55,-1,48,55,56,-1,48,56,57,-1,48,57,58,-1,48,58,59,-1,48,59,60,-1,60,59,61,-1,60,61,62,-1,62,61,63,-1,62,63,64,-1,64,63,65,-1,64,65,66,-1,66,65,67,-1,66,67,68,-1,68,67,69,-1,68,69,70,-1,70,69,71,-1,70,71,72,-1,70,72,73,-1,70,73,74,-1,70,74,75,-1,70,75,76,-1,70,76,77,-1,70,77,78,-1,70,78,79,-1,80,70,79,-1,81,80,82,-1,82,80,83,-1,80,79,83,-1,81,84,80,-1,85,84,81,-1,85,86,84,-1,87,86,85,-1,87,88,86,-1,89,88,87,-1,89,90,88,-1,91,90,89,-1,91,92,90,-1,92,94,93,-1,92,93,95,-1,95,93,96,-1,95,96,97,-1,97,96,98,-1,97,98,99,-1,99,98,100,-1,99,100,101,-1,101,100,102,-1,101,102,103,-1,103,102,104,-1,103,104,105,-1,105,104,106,-1,105,106,107,-1,107,106,108,-1,107,108,109,-1,108,110,109,-1,108,111,110,-1,108,112,111,-1,108,113,112,-1,108,114,113,-1,108,115,114,-1,108,116,115,-1,108,117,116,-1,82,83,118,-1,83,78,118,-1,83,79,78,-1,82,118,119,-1,118,77,119,-1,118,78,77,-1,82,119,120,-1,119,76,120,-1,119,77,76,-1,82,120,121,-1,120,75,121,-1,120,76,75,-1,82,121,122,-1,121,74,122,-1,121,75,74,-1,82,122,123,-1,122,73,123,-1,122,74,73,-1,82,123,124,-1,123,72,124,-1,123,73,72,-1,82,124,125,-1,71,125,124,-1,71,124,72,-1,126,128,127,-1,126,127,129,-1,130,127,131,-1,130,131,132,-1,132,131,133,-1,132,133,134,-1,134,133,135,-1,134,135,136,-1,136,135,137,-1,136,137,138,-1,139,141,140,-1,139,142,141,-1,143,145,144,-1,143,146,145,-1,143,147,146,-1,143,148,147,-1,143,149,148,-1,143,150,149,-1,143,151,150,-1,143,152,151,-1,143,153,152,-1,143,154,153,-1,154,155,153,-1,154,156,155,-1,156,157,155,-1,156,158,157,-1,158,159,157,-1,160,162,161,-1,160,163,162,-1,163,164,162,-1,163,165,164,-1,166,168,167,-1,166,167,169,-1,169,167,170,-1,169,170,171,-1,171,170,172,-1,171,172,173,-1,173,172,174,-1,173,174,175,-1,175,174,176,-1,175,176,177,-1,177,176,178,-1,177,178,179,-1,179,178,180,-1,179,180,181,-1,181,180,182,-1,181,182,183,-1,184,183,182,-1,184,185,183,-1,184,187,186,-1,184,186,188,-1,184,188,189,-1,184,189,190,-1,184,190,191,-1,184,191,192,-1,184,192,193,-1,184,193,185,-1,194,196,195,-1,194,197,196,-1,197,198,196,-1,197,199,198,-1,199,200,198,-1,199,201,200,-1,202,204,203,-1,202,203,205,-1,205,203,206,-1,205,206,207,-1,207,206,208,-1,207,208,209,-1,209,208,210,-1,209,210,211,-1,211,210,212,-1,213,215,214,-1,213,214,216,-1,213,216,217,-1,213,217,218,-1,218,217,219,-1,218,219,220,-1,220,219,221,-1,220,221,222,-1,223,214,215,-1,223,224,214,-1,225,224,223,-1,226,227,225,-1,225,227,224,-1,228,229,226,-1,226,229,227,-1,230,231,228,-1,228,231,229,-1,232,233,230,-1,230,233,231,-1,234,235,232,-1,232,235,233,-1,236,237,234,-1,234,237,235,-1,236,238,237            ]
            ccw TRUE
            normalPerVertex TRUE
            normal Normal {
              vector [
0.24179 0 0.97033,0.24258 0 0.97013,0.24239 0.00061 0.97018,0.24255 5E-05 0.97014,-0.24239 -0.00061 0.97018,-0.24179 0 0.97033,-0.24255 -5E-05 0.97014,-0.24249 0 0.97015,-0.00114 0.00159 1,-0.00303 0.00049 1,-0.00182 -0.00515 0.99999,0 0.00161 1,-0.01154 6E-05 0.99993,-0.01169 0 0.99993,-0.01167 -0 0.99993,-0.01165 -7E-05 0.99993,-0.03425 0.00043 0.99941,-0.03456 0 0.9994,-0.03458 -0 0.9994,-0.03449 0 0.9994,-0.0345 -0 0.9994,-0.03419 -0.00044 0.99942,-0.06293 4E-05 0.99802,-0.06295 0 0.99802,-0.06294 0 0.99802,-0.06299 0 0.99801,-0.06298 0 0.99801,-0.06297 -5E-05 0.99802,-0.09422 0.00034 0.99555,-0.09437 0 0.99554,-0.09437 -0 0.99554,-0.09392 0 0.99558,-0.09382 0 0.99559,-0.0939 -3E-05 0.99558,-0.13785 2E-05 0.99045,-0.13778 -0 0.99046,-0.13789 0 0.99045,-0.1382 0 0.9904,-0.13822 -0 0.9904,-0.13807 -0.00034 0.99042,-0.21106 0.00021 0.97747,-0.21109 0 0.97747,-0.21108 -0 0.97747,-0.21083 0 0.97752,-0.21084 0 0.97752,-0.21082 2E-05 0.97752,-0.35785 2E-05 0.93378,-0.35775 0 0.93382,-0.35782 0 0.93379,-0.35823 0 0.93363,-0.35789 0 0.93376,-0.35798 -2E-05 0.93373,-0.76123 -1E-05 0.64848,-0.76123 -0 0.64848,-0.76123 -0 0.64848,-0.76128 -0 0.64842,-0.76128 -0 0.64842,-0.76128 0 0.64842,0.00668 -0 0.99998,0 -5E-05 1,-0.00062 -0 1,0.00018 0 1,0.01093 -0 0.99994,0.01161 0 0.99993,0.01149 -0 0.99993,0.01156 3E-05 0.99993,0.03595 0 0.99935,0.03591 -8E-05 0.99936,0.03589 -0 0.99936,0.03632 0 0.99934,0.03629 0 0.99934,0.03623 0.00011 0.99934,0.06102 0 0.99814,0.06089 0.0003 0.99814,0.06104 0 0.99814,0.06166 0 0.9981,0.06167 0 0.9981,0.06116 -0.00064 0.99813,0.09416 0 0.99556,0.09406 0 0.99557,0.09401 0 0.99557,0.09273 0 0.99569,0.09268 -0 0.9957,0.09315 0.00052 0.99565,0.14051 0 0.99008,0.14056 5E-05 0.99007,0.14054 -0 0.99008,0.14071 -0 0.99005,0.14071 0 0.99005,0.1407 -3E-05 0.99005,0.21158 0 0.97736,0.21136 0.00025 0.97741,0.21157 -0 0.97736,0.21117 -0 0.97745,0.21082 -0 0.97753,0.21079 3E-05 0.97753,0.35293 0 0.93565,0.35289 0.00011 0.93566,0.35292 -0 0.93565,0.35132 0 0.93625,0.3513 -0 0.93626,0.35137 0.00017 0.93624,0.76093 -0 0.64883,0.7609 -1E-05 0.64887,0.76091 -0 0.64885,0.76191 -0 0.64769,0.76193 -0 0.64766,0.76188 1E-05 0.64772,-0.00128 -0.10019 0.99497,0.00621 -0.09779 0.99519,0.00991 -0.09717 0.99522,-0.00288 -0.09894 0.99509,-0.00176 -0.09883 0.9951,-0.00078 -0.09841 0.99515,0.00047 -0.0979 0.9952,-0.0013 -0.09887 0.9951,0.00054 -0.09732 0.99525,0.00269 -0.09571 0.99541,0.00356 -0.023 0.99973,0.004 -0.02296 0.99973,0.00418 -0.0266 0.99964,0.00356 -0.0198 0.9998,0.00663 -0.29074 0.95678,0.0071 -0.29036 0.95689,0.00663 -0.29074 0.95678,0.00692 0.03335 0.99942,0.00692 0.03326 0.99942,0.00687 0.03331 0.99942,0.01158 -0.47183 0.88162,0.01162 -0.47178 0.88164,0.01158 -0.47182 0.88162,0.01313 -0.00036 0.99991,0.01314 -0.00074 0.99991,0.01308 -0.00041 0.99991,0.02847 -0.63262 0.77394,0.02879 -0.63288 0.77371,0.02848 -0.63326 0.77341,0.01871 -0.99938 -0.0297,0.01871 -0.99938 -0.0298,0.01866 -0.99938 -0.02975,0.00821 -0.77422 0.63286,0.00825 -0.77419 0.6329,0.00821 -0.77422 0.63286,0.0106 -0.99992 -0.00729,0.0106 -0.99992 -0.00725,0.01061 -0.99992 -0.00734,0.00411 -0.88153 0.47212,0.00444 -0.88155 0.47206,0.00411 -0.88158 0.47202,0.00467 -0.99979 0.02001,0.00467 -0.99979 0.02002,0.0047 -0.99979 0.01996,0.00124 -0.95681 0.29073,0.00158 -0.95691 0.2904,0.00125 -0.95692 0.29035,0.0013 -0.99998 -0.00646,0.00131 -0.99998 -0.00658,0.00129 -0.99998 -0.0065,0.00656 -0.99562 0.09328,0.00676 -0.99559 0.09353,0 -0.99502 0.09967,0.00735 -0.9957 0.09234,0.00687 -0.99569 0.09245,-0.02752 -0.99325 0.11265,-0.02727 -0.99328 0.11251,-0.02734 -0.99326 0.11263,0.01114 -0.99538 0.09537,0.01421 -0.99543 0.09438,0.00522 -0.99525 0.09723,0.01775 -0.99548 0.09327,-0.02696 -0.99417 0.1044,-0.02721 -0.99416 0.10442,-0.0271 -0.99415 0.10454,0.02141 -0.99512 0.09631,0.02148 -0.99512 0.09626,0.02128 -0.99512 0.0964,0.76112 -0.64861 -0,0.76108 -0.64866 0,0.76152 -0.64815 -6E-05,0.00063 -0.99972 0.02366,0.00124 -0.99973 0.02331,0.00063 -0.99972 0.02364,0.00068 -0.99457 -0.10411,0.00064 -0.9948 -0.10186,0.0011 -0.99514 -0.09848,0.76112 -0.64861 -0,0.00432 -0.9569 -0.29038,0.00432 -0.9569 -0.29039,0.00435 -0.95691 -0.29034,0.00451 -0.99999 -0.00034,0.00484 -0.99999 0,0.00451 -0.99999 0.00048,0.00914 -0.88177 -0.47159,0.00913 -0.88184 -0.47146,0.00852 -0.88149 -0.47212,0.01036 -0.99993 -0.00482,0.01032 -0.99994 -0.00477,0.01036 -0.99994 -0.00472,0.02364 -0.7741 -0.63262,0.02364 -0.77416 -0.63255,0.02369 -0.77413 -0.63259,0.01578 -0.02979 -0.99943,0.01574 -0.02984 -0.99943,0.01578 -0.02989 -0.99943,0.00636 -0.63323 -0.77394,0.00636 -0.63323 -0.77394,0.00632 -0.6332 -0.77396,0.00821 0.02468 -0.99966,0.00816 0.02463 -0.99966,0.00821 0.02458 -0.99966,0.00186 -0.47129 -0.88198,0.00186 -0.47129 -0.88198,0.00124 -0.47183 -0.88169,0.00161 -0.24885 -0.96854,0.00161 -0.24888 -0.96853,0.00159 -0.2488 -0.96855,0.00146 -0.29477 -0.95557,0.00175 -0.29473 -0.95558,0.00146 -0.29473 -0.95558,0.00193 0.05127 -0.99868,0.00193 0.05137 -0.99868,0.00189 0.05132 -0.99868,0.0005 -0.2848 -0.95859,0.0006 -0.2848 -0.95859,0.0005 -0.28485 -0.95857,0.00125 -0.00996 -0.99995,0.00125 -0.00996 -0.99995,0.0012 -0.01001 -0.99995,-0.00043 -0.29462 -0.95561,-0.00013 -0.29456 -0.95563,-0.00043 -0.29459 -0.95562,-3E-05 -0.20506 -0.97875,-3E-05 -0.20507 -0.97875,-9E-05 -0.2051 -0.97874,-0.00069 -0.28792 -0.95765,0.00031 -0.28717 -0.95788,-0.00069 -0.28801 -0.95763,-4E-05 -0.18507 -0.98272,-4E-05 -0.18471 -0.98279,-0.0001 -0.18502 -0.98273,-0.00112 -0.29471 -0.95559,-0.0016 -0.29448 -0.95566,-0.00112 -0.29486 -0.95554,-4E-05 -0.16423 -0.98642,-4E-05 -0.16425 -0.98642,-0.00069 -0.16482 -0.98632,-0.00144 -0.28476 -0.9586,-0.00158 -0.2848 -0.95858,-0.00144 -0.28484 -0.95857,-4E-05 -0.14446 -0.98951,-3E-05 -0.14445 -0.98951,-0.00038 -0.14387 -0.9896,-0.002 -0.29425 -0.95573,-0.00189 -0.29426 -0.95572,-0.002 -0.29421 -0.95574,5E-05 -0.11601 -0.99325,5E-05 -0.116 -0.99325,0.0004 -0.11568 -0.99329,-0.00238 -0.28746 -0.95779,-0.00243 -0.28741 -0.95781,-0.00238 -0.28745 -0.95779,0 -0.09915 -0.99507,-0 -0.09826 -0.99516,-0.0005 -0.09791 -0.99519,-7E-05 -0.09775 -0.99521,-1E-05 -0.0991 -0.99508,0 -0.09727 -0.99526,0 -0.0965 -0.99533,0 -0.09877 -0.99511,2E-05 -0.09959 -0.99503,0 -0.09961 -0.99503,0.0006 -0.99568 -0.09282,0.3683 -0.92971 -0,0.3683 -0.92971 1E-05,0.36794 -0.92985 -0,0.36821 -0.92974 1E-05,0.00067 -0.99468 -0.10298,0.19985 -0.97983 -0,0.19948 -0.9799 -2E-05,0.19948 -0.9799 -0,0.19948 -0.9799 2E-05,0.00066 -0.99475 -0.10231,0.14964 -0.98874 -0,0.14955 -0.98875 -3E-05,0.14955 -0.98875 -0,0.14956 -0.98875 3E-05,0.00065 -0.99478 -0.10203,0.09902 -0.99509 -0,0.09866 -0.99512 -3E-05,0.09867 -0.99512 0,0.09916 -0.99507 -0.00044,0.00032 -0.99764 -0.06867,0.00032 -0.99763 -0.06877,0.00012 -0.99765 -0.06852,0.04405 -0.99903 0,0.04033 -0.99919 0,0.04375 -0.99904 0,0.04361 -0.99905 -0.00028,0.00079 -0.99384 -0.11081,0.00079 -0.99383 -0.11091,0.00083 -0.99385 -0.11073,0.04014 -0.99919 0.00031,0.04079 -0.99917 0,0.00131 -0.98856 -0.15082,0.00131 -0.98855 -0.15091,0.0013 -0.98861 -0.1505,0.01915 -0.99982 -0,0.0191 -0.99982 -5E-05,0.01915 -0.99982 -0,0.01905 -0.99982 0.00048,1E-05 -0.99881 -0.04881,-0.00073 -0.99884 -0.04816,-0 -0.99881 -0.04877,-5E-05 -1 -0,5E-05 -1 0,0 -1 -0.00062,-0 -1 0.00062,0.33194 -0.72875 0.59895,0.33192 -0.72866 0.59908,0.33194 -0.72868 0.59903,0.3319 -0.72873 0.59899,0.33189 -0.59845 0.72918,0.33189 -0.59837 0.72925,0.33192 -0.5984 0.72921,0.33193 -0.59891 0.72878,0.33249 -0.59835 0.72899,0.33193 -0.59891 0.72878,0.32051 -0.44674 0.83528,0.3205 -0.44666 0.83533,0.32055 -0.44669 0.83529,0.32038 -0.44618 0.83563,0.31991 -0.44678 0.83549,0.32038 -0.44618 0.83563,0.29763 -0.27689 0.91365,0.29761 -0.2768 0.91368,0.29766 -0.27684 0.91365,0.29762 -0.2769 0.91365,0.29728 -0.2769 0.91376,0.29754 -0.27641 0.91382,0.26379 -0.09489 0.9599,0.2638 -0.09489 0.9599,0.26408 -0.09446 0.95986,0.26373 -0.09507 0.9599,0.26301 -0.09449 0.96015,0.26372 -0.09507 0.9599,0.06848 -0.70403 0.70686,0.06855 -0.70391 0.70698,0.06916 -0.70355 0.70727,0.09607 -0.09684 0.99065,0.09656 -0.0975 0.99054,0.09656 -0.09686 0.9906,0.00096 -0.09979 0.99501,0.0002 -0.098 0.99519,-0.00867 -0.09525 0.99542,0.01262 -0.10619 0.99427,-0.00486 -0.09134 0.99581,-0.00139 -0.09792 0.99519,0.00109 -0.10097 0.99489,0.00099 -0.09671 0.99531,-0.0009 -0.09494 0.99548,-0.00269 -0.09599 0.99538,-0.00356 -0.02707 0.99963,-0.00355 -0.02693 0.99963,-0.00403 -0.02659 0.99964,-0 1 5E-05,-0 1 5E-05,0 1 -5E-05,-0.00354 -0.01928 0.99981,-0.00354 -0.01938 0.99981,-0.00359 -0.01933 0.99981,-0.00627 -0.29027 0.95693,-0.0066 -0.29031 0.95691,-0.0066 -0.29022 0.95694,-0.0069 0.03336 0.99942,-0.0069 0.03326 0.99942,-0.00694 0.03331 0.99942,-0.01149 -0.4718 0.88163,-0.01154 -0.47184 0.88161,-0.01154 -0.47175 0.88166,-0.01308 -0.00036 0.99991,-0.01308 -0.00046 0.99991,-0.01313 -0.00041 0.99991,-0.00185 -0.47179 -0.88171,-0.00185 -0.47187 -0.88166,-0.0018 -0.47183 -0.88169,-0.00866 0.02464 -0.99966,-0.00819 0.02497 -0.99965,-0.00819 0.02511 -0.99965,-0.00633 -0.63469 -0.77274,-0.00632 -0.63476 -0.77269,-0.00627 -0.63473 -0.77271,-0.01578 -0.02984 -0.99943,-0.01573 -0.02989 -0.99943,-0.01573 -0.02979 -0.99943,0.00161 0.24896 0.96851,0.00161 0.24861 0.9686,0.00154 0.24892 0.96852,0.00148 0.28669 0.95802,0.00226 0.28738 0.95781,0.00148 0.28668 0.95803,0.00192 -0.04989 0.99875,0.00192 -0.04989 0.99875,0.00187 -0.04993 0.99875,0.00048 0.2914 0.9566,-0.00017 0.29193 0.95644,0.00048 0.29137 0.95661,0.00126 0.00815 0.99997,0.00126 0.00801 0.99997,0.00063 0.00877 0.99996,-0.00039 0.28766 0.95773,-0.00071 0.28738 0.95782,-0.00039 0.28765 0.95774,-2E-05 0.20333 0.97911,-1E-05 0.20333 0.97911,-0.00063 0.20275 0.97923,-0.00074 0.2944 0.95568,-0.00112 0.29446 0.95566,-0.00074 0.29444 0.95567,-5E-05 0.18625 0.9825,-5E-05 0.18625 0.9825,-0.00098 0.18712 0.98234,-0.00104 0.28738 0.95782,-0.00108 0.28733 0.95783,-0.00104 0.28737 0.95782,-4E-05 0.16483 0.98632,-4E-05 0.16483 0.98632,-9E-05 0.16479 0.98633,-0.00151 0.29217 0.95637,-0.00148 0.29211 0.95638,-0.00151 0.29215 0.95637,-4E-05 0.14426 0.98954,-3E-05 0.14426 0.98954,-0.00036 0.14382 0.9896,-0.00191 0.28774 0.95771,-0.00187 0.28742 0.9578,-0.00191 0.28773 0.95771,0.00973 -0.80061 0.5991,0.00973 -0.80071 0.59898,0.00899 -0.80047 0.5993,0.01178 -0.9168 0.39917,0.01177 -0.91685 0.39907,0.01178 -0.91686 0.39903,-0.01232 0.99992 5E-05,-0.01237 0.99992 0,-0.01232 0.99992 -5E-05,-0.01235 0.99991 -0.00433,-0.01235 0.99991 -0.00442,-0.01229 0.99992 -0.00436,-0 0.09942 0.99505,2E-05 0.09942 0.99505,0 0.09953 0.99503,0 0.09872 0.99512,0 0.09679 0.9953,-0 0.09839 0.99515,0 0.09741 0.99524,-0 0.09925 0.99506,2E-05 0.09628 0.99535,1E-05 0.09727 0.99526,-0.32051 -0.44675 0.83528,-0.3205 -0.44666 0.83533,-0.32046 -0.44671 0.83532,-0.32082 -0.44664 0.83522,-0.32046 -0.44629 0.83554,-0.32051 -0.44674 0.83528,-0.29749 -0.27627 0.91388,-0.29749 -0.27627 0.91388,-0.29703 -0.27687 0.91385,-0.29796 -0.27682 0.91356,-0.29759 -0.27656 0.91376,-0.29769 -0.27719 0.91353,-0.2638 -0.0949 0.9599,-0.26385 -0.09503 0.95987,-0.26408 -0.09447 0.95986,-0.26301 -0.09449 0.96016,-0.26372 -0.09507 0.9599,-0.26372 -0.09506 0.9599,0.26639 0.09482 0.95919,0.2664 0.09485 0.95918,0.26669 0.0944 0.95915,0.26617 0.09434 0.9593,0.26613 0.09439 0.9593,0.26625 0.09471 0.95924,0.30062 0.27715 0.91259,0.30058 0.27702 0.91264,0.30106 0.27662 0.9126,0.30047 0.27654 0.91282,0.30015 0.27662 0.9129,0.30048 0.27663 0.91279,0.3235 0.44615 0.83445,0.32351 0.44623 0.8344,0.32355 0.44619 0.8344,0.32354 0.44581 0.83461,0.32385 0.44617 0.8343,0.32353 0.44592 0.83455,0.33503 0.59839 0.7278,0.33503 0.59839 0.72779,0.33443 0.59809 0.72832,0.33499 0.5975 0.72854,0.3347 0.59794 0.72832,0.33501 0.59813 0.72801,0.33498 0.72897 0.59699,0.33499 0.72895 0.597,0.33453 0.72936 0.59676,0.24407 -0.96976 -0,0.24472 -0.96959 0,0.24468 -0.9696 -5E-05,0.24453 -0.96964 -0.0006,0.26612 -0.95921 0.09535,0.26612 -0.95921 0.09536,0.26618 -0.95919 0.0954,0.25831 -0.96431 0.05817,0.25785 -0.96439 0.05887,0.2583 -0.96431 0.05816,0.30057 -0.9126 0.27718,0.30059 -0.91256 0.27727,0.30062 -0.91257 0.27722,0.30056 -0.91262 0.27709,0.30054 -0.91261 0.27715,0.30058 -0.91259 0.2772,0.32966 -0.79358 0.51143,0.32967 -0.7935 0.51153,0.32968 -0.79354 0.51147,0.32968 -0.79363 0.51133,0.32966 -0.79361 0.51138,0.32969 -0.79357 0.51142,0.25819 -0.9643 -0.05883,0.25813 -0.96432 -0.05881,0.25817 -0.96431 -0.05875,0.26642 -0.95911 -0.0955,0.26641 -0.95913 -0.09541,0.26646 -0.95911 -0.09545,0.30067 -0.91244 -0.27758,0.301 -0.91246 -0.27717,0.30067 -0.91245 -0.27756,0.32336 -0.83515 -0.44493,0.3233 -0.83534 -0.44462,0.32333 -0.83534 -0.44459,0.30068 -0.91246 -0.27749,0.30069 -0.91245 -0.27752,0.30101 -0.91248 -0.27709,0.33504 -0.7275 -0.59875,0.33471 -0.72781 -0.59855,0.33502 -0.72775 -0.59845,0.32324 -0.8357 -0.44399,0.32322 -0.83572 -0.44396,0.32278 -0.83556 -0.44458,0.33501 -0.59755 -0.7285,0.3347 -0.59798 -0.72829,0.33503 -0.59817 -0.72798,0.33504 -0.72773 -0.59846,0.33504 -0.72779 -0.59839,0.33508 -0.72774 -0.59842,0.32354 -0.44626 -0.83437,0.32358 -0.44622 -0.83438,0.32354 -0.44627 -0.83436,0.33502 -0.59836 -0.72782,0.33501 -0.59834 -0.72784,0.33441 -0.59806 -0.72835,0.3004 -0.27627 -0.91293,0.30001 -0.2766 -0.91295,0.3004 -0.27628 -0.91292,0.32354 -0.44627 -0.83437,0.32354 -0.44627 -0.83436,0.32357 -0.44622 -0.83438,0.26618 -0.09434 -0.9593,0.26624 -0.09439 -0.95928,0.26618 -0.09434 -0.9593,0.30048 -0.27663 -0.91279,0.30048 -0.27662 -0.91279,0.30052 -0.27658 -0.91279,0.26618 -0.09434 -0.9593,0.26626 -0.09471 -0.95924,0.26651 -0.09438 -0.9592,-0.24161 0 -0.97037,-0.24254 0 -0.97014,-0.24234 -0.00084 -0.97019,0.24234 0.00084 -0.97019,0.24161 0 -0.97037,0.24254 0 -0.97014,0.24254 0 -0.97014,0.00055 -0.00254 -1,-0.00098 -0.00095 -1,0.00196 0.00615 -0.99998,0 -0.00165 -1,0.01153 0 -0.99993,0.01164 0 -0.99993,0.03428 -0.00054 -0.99941,0.03466 -0 -0.9994,0.03375 1E-05 -0.99943,0.03459 -0 -0.9994,0.03459 2E-05 -0.9994,0.03385 -0.00045 -0.99943,0.0629 0 -0.99802,0.06294 0 -0.99802,0.09422 -0.00035 -0.99555,0.09437 -0 -0.99554,0.09341 1E-05 -0.99563,0.09388 -0 -0.99558,0.13782 -0 -0.99046,0.13758 0 -0.99049,0.21113 -0.00025 -0.97746,0.21119 -0 -0.97745,0.21016 1E-05 -0.97767,0.21088 -0 -0.97751,0.35779 -0 -0.9338,0.35792 0 -0.93375,0.76126 0 -0.64845,0.76131 0 -0.64839,-0.00667 -0 -0.99998,0 0 -1,0.00086 0 -1,-0.00018 -0 -1,-0.01076 0 -0.99994,-0.01156 0 -0.99993,-0.03594 0 -0.99935,-0.03627 0 -0.99934,-0.06104 -0 -0.99814,-0.06088 -0.00028 -0.99814,-0.06104 -0 -0.99814,-0.06181 -0 -0.99809,-0.06181 -0 -0.99809,-0.06126 0.00081 -0.99812,-0.09406 0 -0.99557,-0.09259 -0 -0.9957,-0.09259 0 -0.9957,-0.09298 -0.00069 -0.99567,-0.14049 0 -0.99008,-0.14066 0 -0.99006,-0.21176 -0 -0.97732,-0.21159 -0.00036 -0.97736,-0.21176 0 -0.97732,-0.21085 0 -0.97752,-0.35301 -0 -0.93562,-0.35299 -0.00014 -0.93563,-0.35301 0 -0.93562,-0.35114 -0 -0.93632,-0.35114 0 -0.93632,-0.35117 -0.00023 -0.93631,-0.76095 0 -0.64882,-0.76194 0 -0.64765,0.00128 0.10019 -0.99497,-0.00622 0.09779 -0.99519,-0.00985 0.09719 -0.99522,0.00288 0.09894 -0.99509,0.00174 0.09883 -0.9951,0.0007 0.09837 -0.99515,-0.00039 0.09795 -0.99519,0.00132 0.09889 -0.9951,-0.00052 0.09733 -0.99525,-0.00269 0.09566 -0.99541,-0.00356 0.02303 -0.99973,-0.00423 0.02297 -0.99973,-0.00442 0.0266 -0.99964,-0.00356 0.02 -0.99979,-0.00663 0.29083 -0.95675,-0.0072 0.29037 -0.95689,-0.00663 0.29093 -0.95672,-0.00692 -0.03331 -0.99942,-0.01158 0.47178 -0.88164,-0.01313 0.00041 -0.99991,-0.02848 0.63289 -0.77372,-0.01871 0.99938 0.02975,-0.00821 0.77419 -0.6329,-0.0106 0.99992 0.00734,-0.00411 0.88155 -0.47206,-0.00467 0.99979 -0.01996,-0.00125 0.95691 -0.2904,-0.0013 0.99998 0.0065,-0.00652 0.99562 -0.09332,-0.00682 0.9956 -0.09348,0 0.995 -0.09991,-0.00725 0.9957 -0.09235,-0.00697 0.9957 -0.09239,0.02726 0.99328 -0.1125,-0.01114 0.99538 -0.09537,-0.01412 0.99543 -0.09441,-0.00512 0.99524 -0.09733,-0.01776 0.99548 -0.09327,0.02715 0.99416 -0.10446,0.02734 0.99415 -0.10444,0.02711 0.99415 -0.10455,-0.02106 0.99512 -0.09638,-0.02119 0.99513 -0.09629,-0.02121 0.99512 -0.09642,-0.76115 0.64858 0,-0.76111 0.64862 0,-0.76155 0.64811 7E-05,-0.00063 0.99972 -0.02364,-0.0013 0.99973 -0.02331,-0.00063 0.99972 -0.02364,-0.00068 0.99457 0.10411,-0.00064 0.9948 0.10186,-0.00063 0.99513 0.09852,-0.00432 0.95691 0.29034,-0.00451 0.99999 0.00034,-0.00484 0.99999 -0,-0.00451 0.99999 -0.00058,-0.00914 0.88189 0.47137,-0.00914 0.88189 0.47137,-0.00823 0.8815 0.47212,-0.01036 0.99993 0.00477,-0.02364 0.77413 0.63259,-0.01578 0.02984 0.99943,-0.00636 0.63319 0.77397,-0.00821 -0.02463 0.99966,-0.00186 0.47108 0.88209,-0.00187 0.47108 0.88209,-0.00099 0.47182 0.88169,-0.00161 0.2488 0.96855,-0.00146 0.29468 0.95559,-0.00194 0.29476 0.95557,-0.00193 -0.05132 0.99868,-0.0005 0.2848 0.95859,-0.00125 0.01001 0.99995,0.00043 0.29454 0.95564,3E-05 0.2051 0.97874,0.00069 0.28815 0.95759,-0.00046 0.28717 0.95788,0.00069 0.28819 0.95757,4E-05 0.18502 0.98273,0.00112 0.29486 0.95554,0.00178 0.2945 0.95565,0.00112 0.29504 0.95548,4E-05 0.164 0.98646,5E-05 0.164 0.98646,0.00072 0.16482 0.98632,0.00144 0.2848 0.95859,4E-05 0.1445 0.9895,4E-05 0.1445 0.9895,0.00037 0.14387 0.9896,0.002 0.29426 0.95572,-5E-05 0.11601 0.99325,-5E-05 0.11601 0.99325,-0.00039 0.11568 0.99329,0.00238 0.2874 0.95781,-0 0.0992 0.99507,0 0.09825 0.99516,0.00057 0.09792 0.99519,-0 0.09773 0.99521,1E-05 0.09916 0.99507,-0 0.0972 0.99526,-0 0.09647 0.99534,-0 0.09881 0.99511,0 0.09963 0.99502,0 0.09965 0.99502,-0.0006 0.99569 0.09278,-0.36826 0.92972 0,-0.36826 0.92972 0,-0.36825 0.92973 0,-0.36825 0.92973 0,-0.00067 0.99469 0.10295,-0.19952 0.97989 0,-0.19952 0.97989 0,-0.19952 0.97989 0,-0.00066 0.99476 0.10222,-0.14959 0.98875 0,-0.14959 0.98875 0,-0.00065 0.99478 0.10203,-0.09869 0.99512 0,-0.09869 0.99512 0,-0.09872 0.99512 0,-0.09926 0.99506 0.00054,-0.00032 0.99763 0.06877,-0.00032 0.99763 0.06877,3E-05 0.99763 0.06877,-0.0441 0.99903 -0,-0.04022 0.99919 -0,-0.04371 0.99904 -0,-0.04374 0.99904 0.00048,-0.00079 0.99384 0.11086,-0.04014 0.99919 -0.00031,-0.04098 0.99916 -0,-0.0013 0.98861 0.15051,-0.01911 0.99982 0,-0.01911 0.99982 0,-0.01911 0.99982 0,-0.01903 0.99982 -0.00067,0 0.9988 0.04892,0.00091 0.99884 0.04816,0 0.9988 0.04892,0 1 0,0 1 0.00086,0 1 -0.00086,-0.33194 0.72872 -0.59899,-0.33192 0.72869 -0.59904,-0.33192 0.72869 -0.59904,-0.33194 0.72872 -0.59899,-0.33189 0.5984 -0.72922,-0.33194 0.59909 -0.72863,-0.33281 0.5983 -0.72888,-0.33194 0.59917 -0.72857,-0.3205 0.4467 -0.83531,-0.32035 0.44606 -0.83571,-0.31977 0.4468 -0.83553,-0.32037 0.44614 -0.83566,-0.29762 0.27684 -0.91366,-0.29761 0.27685 -0.91366,-0.26379 0.0949 -0.9599,-0.26387 0.09507 -0.95986,-0.26426 0.09446 -0.95981,-0.26377 0.0953 -0.95987,-0.26287 0.0945 -0.96019,-0.26377 0.0953 -0.95987,-0.06844 0.7042 -0.7067,-0.06856 0.70406 -0.70683,-0.06765 0.70361 -0.70735,-0.09657 0.09684 -0.9906,-0.00025 0.09894 -0.99509,0.00115 0.09789 -0.9952,0.00848 0.09535 -0.99541,-0.01332 0.10687 -0.99418,0.00433 0.09231 -0.99572,0.00135 0.09814 -0.99517,-0.00099 0.10165 -0.99482,-0.00062 0.09739 -0.99525,0.00161 0.09569 -0.99541,0.00269 0.09613 -0.99537,0.00355 0.02716 -0.99962,0.00356 0.02601 -0.99966,0.00413 0.02659 -0.99964,0 -1 0,0.00354 0.01933 -0.99981,0.0066 0.29027 -0.95692,0.0069 -0.03331 -0.99942,0.01154 0.4718 -0.88163,0.01308 0.00041 -0.99991,0.00185 0.47183 0.88169,0.00866 -0.02464 0.99966,0.00818 -0.02521 0.99965,0.00818 -0.02406 0.99968,0.00633 0.63473 0.77271,0.01573 0.02984 0.99943,-0.00161 -0.24892 -0.96852,-0.00149 -0.28654 -0.95807,-0.00239 -0.28737 -0.95782,-0.00148 -0.28654 -0.95807,-0.00192 0.04994 -0.99875,-0.00048 -0.29123 -0.95665,0.00038 -0.29192 -0.95644,-0.00048 -0.29123 -0.95665,-0.00126 -0.00791 -0.99997,-0.00125 -0.00786 -0.99997,-0.00039 -0.00877 -0.99996,0.00039 -0.28788 -0.95767,0.00086 -0.2874 -0.95781,0.00039 -0.28788 -0.95767,2E-05 -0.20347 -0.97908,2E-05 -0.20347 -0.97908,0.00068 -0.20275 -0.97923,0.00074 -0.29486 -0.95554,0.00107 -0.29445 -0.95567,0.00074 -0.29486 -0.95554,5E-05 -0.18611 -0.98253,6E-05 -0.18611 -0.98253,0.00116 -0.18712 -0.98234,0.00104 -0.28733 -0.95783,4E-05 -0.16478 -0.98633,0.00151 -0.29211 -0.95639,4E-05 -0.14426 -0.98954,4E-05 -0.14426 -0.98954,0.00037 -0.14382 -0.9896,0.0019 -0.28773 -0.95771,0.00143 -0.28749 -0.95778,0.00191 -0.28773 -0.95771,-0.00973 0.80073 -0.59895,-0.00973 0.80073 -0.59895,-0.00895 0.80049 -0.59927,-0.01178 0.91684 -0.39907,0.01232 -0.99992 0,0.01235 -0.99991 0.00438,0 -0.09942 -0.99505,0 -0.09947 -0.99504,0 -0.09957 -0.99503,-0 -0.09885 -0.9951,-0 -0.09669 -0.99531,-0 -0.09795 -0.99519,-0 -0.09724 -0.99526,1E-05 -0.09933 -0.99505,-2E-05 -0.09628 -0.99535,-1E-05 -0.09698 -0.99529,0.32051 0.4467 -0.8353,0.32005 0.44682 -0.83542,0.32041 0.4463 -0.83555,0.32046 0.4462 -0.83559,0.29753 0.27598 -0.91395,0.29781 0.27772 -0.91333,0.2968 0.27687 -0.91392,0.297 0.27689 -0.91385,0.29757 0.27624 -0.91386,0.29781 0.27766 -0.91335,0.26364 0.09513 -0.95992,0.26347 0.09382 -0.96009,0.26435 0.09459 -0.95978,0.26448 0.09441 -0.95976,0.26381 0.09529 -0.95986,0.26374 0.09521 -0.95988,-0.2664 -0.09484 -0.95919,-0.26647 -0.09501 -0.95915,-0.26687 -0.0944 -0.9591,-0.26618 -0.09439 -0.95929,-0.30066 -0.27728 -0.91254,-0.30063 -0.27719 -0.91257,-0.3011 -0.27663 -0.91259,-0.30047 -0.27658 -0.91281,-0.32351 -0.4462 -0.83442,-0.32353 -0.44572 -0.83466,-0.32399 -0.44614 -0.83426,-0.32353 -0.44572 -0.83466,-0.33504 -0.59857 -0.72764,-0.33503 -0.59857 -0.72764,-0.3342 -0.59815 -0.72837,-0.335 -0.59788 -0.72823,-0.33498 -0.7289 -0.59707,-0.33498 -0.72896 -0.59699,-0.33443 -0.72938 -0.59679,-0.24393 0.96979 -0,-0.24467 0.96961 0,-0.2445 0.96965 0.00074,-0.26612 0.95921 -0.0954,-0.25825 0.96434 -0.05793,-0.25762 0.96445 -0.05891,-0.25825 0.96434 -0.05794,-0.30058 0.91258 -0.27722,-0.30057 0.9126 -0.27715,-0.32967 0.79354 -0.51148,-0.32969 0.7936 -0.51138,-0.25818 0.96431 0.0588,-0.26641 0.95912 0.09545,-0.30069 0.91241 0.27765,-0.3011 0.91242 0.27717,-0.30069 0.91241 0.27766,-0.32333 0.83533 0.44462,-0.30071 0.91243 0.27759,-0.30076 0.91236 0.27776,-0.30111 0.91244 0.2771,-0.33502 0.72772 0.59848,-0.32321 0.83578 0.44386,-0.3232 0.83578 0.44386,-0.32272 0.83558 0.44459,-0.33502 0.59791 0.72819,-0.33504 0.72775 0.59843,-0.32353 0.44623 0.83439,-0.33502 0.59854 0.72767,-0.33502 0.59854 0.72768,-0.33419 0.59812 0.7284,-0.30035 0.27606 0.91301,-0.29992 0.27661 0.91298,-0.30033 0.27597 0.91304,-0.32353 0.44623 0.83439,-0.26619 0.09439 0.95929,-0.30047 0.27658 0.91281,-0.26619 0.09439 0.95929,-0.24207 -0 -0.97026,-0.24243 -0.00047 -0.97017,-0.24258 0 -0.97013,-0.24255 -5E-05 -0.97014,0.24243 0.00047 -0.97017,0.24255 5E-05 -0.97014,0.24207 -0 -0.97026,0.24249 0 -0.97015,0.00104 -0.00174 -1,0.00182 0.00519 -0.99998,0.00298 -0.0005 -1,-0 -0.00161 -1,0.01153 -3E-05 -0.99993,0.01169 -0 -0.99993,0.01165 3E-05 -0.99993,0.01171 0 -0.99993,0.03421 -0.00033 -0.99941,0.0344 -0 -0.99941,0.03442 -0 -0.99941,0.03435 -0 -0.99941,0.03414 0.00032 -0.99942,0.03434 -0 -0.99941,0.06292 -4E-05 -0.99802,0.06295 -0 -0.99802,0.06295 -0 -0.99802,0.06299 -0 -0.99801,0.06296 3E-05 -0.99802,0.063 0 -0.99801,0.09413 -0.00024 -0.99556,0.09422 0 -0.99555,0.09422 -0 -0.99555,0.09392 -0 -0.99558,0.09391 4E-05 -0.99558,0.09384 -0 -0.99559,0.13788 -4E-05 -0.99045,0.13785 -0 -0.99045,0.13778 0 -0.99046,0.1382 -0 -0.9904,0.13811 0.00036 -0.99042,0.13817 0 -0.99041,0.21091 -0.00013 -0.97751,0.21097 0 -0.97749,0.21095 -0 -0.9775,0.21083 -0 -0.97752,0.21085 -2E-05 -0.97752,0.21082 -0 -0.97752,0.35782 -1E-05 -0.93379,0.35785 -0 -0.93378,0.35775 -0 -0.93382,0.35796 -0 -0.93374,0.35795 1E-05 -0.93374,0.35786 0 -0.93378,0.76123 0 -0.64848,0.76123 0 -0.64848,0.76123 0 -0.64848,0.76128 0 -0.64842,0.76128 -0 -0.64842,0.76128 -0 -0.64842,-0.00667 0 -0.99998,0.00048 0 -1,-0 5E-05 -1,-0.00015 -0 -1,-0.01102 0 -0.99994,-0.01161 -0 -0.99993,-0.01155 -6E-05 -0.99993,-0.01153 0 -0.99993,-0.03602 -0 -0.99935,-0.03589 0 -0.99936,-0.03594 1E-05 -0.99935,-0.03632 -0 -0.99934,-0.03627 2E-05 -0.99934,-0.03616 0 -0.99935,-0.06106 -0 -0.99813,-0.06104 0 -0.99814,-0.06087 -0.00027 -0.99815,-0.06138 -0 -0.99811,-0.06109 0.00053 -0.99813,-0.06137 -0 -0.99812,-0.09406 0 -0.99557,-0.09401 0 -0.99557,-0.09399 7E-05 -0.99557,-0.09302 -0 -0.99566,-0.09317 -0.00049 -0.99565,-0.09307 0 -0.99566,-0.14057 -0 -0.99007,-0.14054 0 -0.99008,-0.14051 -1E-05 -0.99008,-0.14071 -0 -0.99005,-0.1407 3E-05 -0.99005,-0.14071 -0 -0.99005,-0.21127 -0 -0.97743,-0.21129 0 -0.97742,-0.21126 -0.0002 -0.97743,-0.21089 -0 -0.97751,-0.21082 -1E-05 -0.97753,-0.21078 0 -0.97753,-0.35277 -0 -0.93571,-0.35278 0 -0.93571,-0.35279 -8E-05 -0.9357,-0.35159 -0 -0.93615,-0.35158 -0.00012 -0.93616,-0.35162 0 -0.93614,-0.7609 0 -0.64887,-0.76091 0 -0.64885,-0.76093 0 -0.64883,-0.76191 -0 -0.64769,-0.76193 -0 -0.64766,-0.76188 0 -0.64772,0.00128 0.1002 -0.99497,-0.00987 0.09718 -0.99522,-0.00623 0.09779 -0.99519,0.00292 0.09897 -0.99509,0.00211 0.09886 -0.9951,0.00079 0.09842 -0.99514,-0.00055 0.09786 -0.9952,0.00123 0.09881 -0.99511,-0.00053 0.09732 -0.99525,-0.00269 0.09571 -0.99541,-0.00356 0.02296 -0.99973,-0.00403 0.0266 -0.99964,-0.00392 0.02296 -0.99973,-0.00356 0.01966 -0.9998,-0.00663 0.29061 -0.95682,-0.00663 0.2906 -0.95682,-0.00696 0.29034 -0.9569,-0.00692 -0.03335 -0.99942,-0.00687 -0.03331 -0.99942,-0.00692 -0.03326 -0.99942,-0.01158 0.47182 -0.88162,-0.01158 0.47182 -0.88162,-0.01163 0.47178 -0.88164,-0.01313 0.00036 -0.99991,-0.01308 0.00041 -0.99991,-0.01313 0.00045 -0.99991,-0.02848 0.63287 -0.77374,-0.02848 0.63293 -0.77369,-0.02854 0.63289 -0.77372,-0.01871 0.99938 0.0297,-0.01866 0.99938 0.02975,-0.01871 0.99938 0.0298,-0.00821 0.77422 -0.63286,-0.00821 0.77422 -0.63286,-0.00825 0.77419 -0.6329,-0.0106 0.99992 0.00729,-0.01068 0.99992 0.00734,-0.0106 0.99992 0.00732,-0.00411 0.88154 -0.47209,-0.00411 0.88158 -0.47202,-0.00418 0.88155 -0.47206,-0.00467 0.99979 -0.02001,-0.00472 0.99979 -0.01996,-0.00467 0.99979 -0.02,-0.00125 0.95689 -0.29043,-0.00125 0.95692 -0.29035,-0.00131 0.95691 -0.2904,-0.0013 0.99998 0.00646,-0.00123 0.99998 0.0065,-0.00131 0.99998 0.00652,-0.00652 0.99562 -0.09332,-0 0.99503 -0.09953,-0.00682 0.9956 -0.09348,-0.00734 0.9957 -0.09234,-0.00699 0.9957 -0.09238,0.02708 0.99329 -0.1124,0.02713 0.9933 -0.1123,0.02717 0.99328 -0.11246,-0.01119 0.99538 -0.09535,-0.0051 0.99524 -0.09735,-0.01409 0.99543 -0.09442,-0.01763 0.99548 -0.0933,0.02715 0.99416 -0.10446,0.02694 0.99416 -0.10447,0.02705 0.99417 -0.10439,-0.02141 0.99512 -0.09631,-0.02156 0.99512 -0.09632,-0.02147 0.99512 -0.09626,-0.76112 0.64861 0,-0.76142 0.64825 5E-05,-0.76108 0.64865 -0,-0.00063 0.99972 -0.02363,-0.00063 0.99972 -0.02364,-0.00098 0.99973 -0.02331,-0.00068 0.99456 0.10412,-0.00054 0.99513 0.09853,-0.00064 0.99481 0.10176,-0.76112 0.64861 0,-0.00432 0.9569 0.29038,-0.00437 0.95691 0.29034,-0.00432 0.9569 0.29037,-0.00451 0.99999 0.00034,-0.00451 0.99999 -0.00034,-0.00484 0.99999 -0,-0.00914 0.88171 0.47171,-0.00865 0.88149 0.47212,-0.00913 0.8817 0.47172,-0.01036 0.99993 0.00481,-0.01036 0.99994 0.00472,-0.01031 0.99994 0.00477,-0.02364 0.7741 0.63262,-0.02369 0.77413 0.63259,-0.02364 0.77416 0.63255,-0.01578 0.02979 0.99943,-0.01578 0.02989 0.99943,-0.01574 0.02984 0.99943,-0.00636 0.63323 0.77394,-0.00631 0.6332 0.77396,-0.00636 0.63322 0.77394,-0.00821 -0.02468 0.99966,-0.00821 -0.02458 0.99966,-0.00817 -0.02463 0.99966,-0.00186 0.47142 0.88191,-0.00137 0.47183 0.88169,-0.00186 0.47142 0.88191,-0.00161 0.24885 0.96854,-0.00153 0.2488 0.96855,-0.00161 0.24881 0.96855,-0.00146 0.29496 0.95551,-0.00146 0.295 0.9555,-0.00184 0.29474 0.95558,-0.00193 -0.05127 0.99868,-0.00187 -0.05132 0.99868,-0.00193 -0.05136 0.99868,-0.0005 0.28489 0.95856,-0.0005 0.28484 0.95857,-0.0005 0.2848 0.95859,-0.00125 0.00996 0.99995,-0.0012 0.01001 0.99995,-0.00125 0.00996 0.99995,0.00043 0.29455 0.95564,0.00043 0.29459 0.95562,0.00034 0.29454 0.95564,3E-05 0.20506 0.97875,7E-05 0.2051 0.97874,3E-05 0.20504 0.97875,0.00069 0.28782 0.95768,0.00069 0.28773 0.95771,0.00015 0.28715 0.95788,4E-05 0.18507 0.98273,7E-05 0.18502 0.98273,4E-05 0.18496 0.98275,0.00112 0.29473 0.95558,0.00112 0.29472 0.95558,0.00144 0.29445 0.95567,4E-05 0.16438 0.9864,0.00051 0.16483 0.98632,4E-05 0.16436 0.9864,0.00144 0.28493 0.95855,0.00144 0.28484 0.95857,0.0014 0.2848 0.95859,3E-05 0.14417 0.98955,0.00035 0.14387 0.9896,4E-05 0.14418 0.98955,0.002 0.29436 0.95569,0.002 0.29421 0.95574,0.00201 0.29426 0.95572,-5E-05 0.11601 0.99325,-0.00038 0.11568 0.99329,-5E-05 0.11602 0.99325,0.00238 0.28745 0.95779,0.00238 0.28745 0.95779,0.00244 0.28741 0.95781,-0 0.09915 0.99507,0.00045 0.09791 0.9952,0 0.09824 0.99516,2E-05 0.09774 0.99521,1E-05 0.09922 0.99507,-0 0.09738 0.99525,-0 0.09629 0.99535,-0 0.09876 0.99511,-2E-05 0.09959 0.99503,-1E-05 0.09959 0.99503,-0.0006 0.99568 0.09281,-0.3683 0.92971 0,-0.36821 0.92974 0,-0.3683 0.92971 -1E-05,-0.36821 0.92974 -1E-05,-0.00067 0.99469 0.10288,-0.19957 0.97988 0,-0.19948 0.9799 -0,-0.19948 0.9799 2E-05,-0.19948 0.9799 -2E-05,-0.00066 0.99474 0.10241,-0.14964 0.98874 0,-0.14955 0.98875 0,-0.14955 0.98875 3E-05,-0.14956 0.98875 -3E-05,-0.00065 0.99479 0.10193,-0.09874 0.99511 0,-0.09867 0.99512 0,-0.09866 0.99512 3E-05,-0.09905 0.99508 0.00034,-0.00031 0.99765 0.06853,-9E-05 0.99765 0.06856,-0.00031 0.99766 0.06843,-0.04377 0.99904 -0,-0.04373 0.99904 -0,-0.04035 0.99919 0,-0.04361 0.99905 0.00028,-0.00079 0.99384 0.11082,-0.00077 0.99383 0.1109,-0.00078 0.99385 0.11072,-0.04065 0.99917 -0,-0.04014 0.99919 -0.00031,-0.00131 0.98856 0.15085,-0.00126 0.98855 0.15089,-0.00131 0.98857 0.15077,-0.01915 0.99982 -0,-0.01916 0.99982 0,-0.0191 0.99982 5E-05,-0.01905 0.99982 -0.00048,-1E-05 0.99882 0.0486,0 0.99882 0.04863,0.00051 0.99884 0.04816,5E-05 1 0,-0 1 0.00048,-5E-05 1 -0,0 1 -0.00048,-0.33194 0.72875 -0.59895,-0.33198 0.72867 -0.59902,-0.33192 0.72866 -0.59907,-0.33188 0.72873 -0.599,-0.33189 0.59843 -0.7292,-0.33195 0.59839 -0.7292,-0.33189 0.59837 -0.72925,-0.33193 0.59891 -0.72879,-0.33193 0.59891 -0.72879,-0.3325 0.59835 -0.72899,-0.32051 0.44674 -0.83528,-0.32055 0.44669 -0.83529,-0.3205 0.44666 -0.83533,-0.32041 0.4463 -0.83556,-0.32041 0.4463 -0.83556,-0.32005 0.44676 -0.83545,-0.29762 0.27688 -0.91365,-0.29767 0.27684 -0.91365,-0.29761 0.2768 -0.91368,-0.29762 0.27689 -0.91365,-0.2976 0.2768 -0.91368,-0.29757 0.27685 -0.91367,-0.26374 0.09476 -0.95993,-0.26394 0.09446 -0.9599,-0.26374 0.09476 -0.95993,-0.2637 0.09493 -0.95992,-0.2637 0.09493 -0.95992,-0.26315 0.09448 -0.96012,-0.06849 0.70393 -0.70696,-0.06897 0.70356 -0.70728,-0.06856 0.70394 -0.70695,-0.09716 0.09683 -0.99055,-0.09657 0.09672 -0.99062,-0.09657 0.09628 -0.99066,-0.00095 0.09979 -0.99501,0.00871 0.09523 -0.99542,-0.00013 0.09799 -0.99519,-0.01258 0.10615 -0.99427,0.00488 0.0913 -0.99581,0.00138 0.09802 -0.99518,-0.00108 0.10107 -0.99488,-0.001 0.09669 -0.99531,0.00091 0.09494 -0.99548,0.00269 0.09599 -0.99538,0.00356 0.02693 -0.99963,0.00389 0.02659 -0.99964,0.00355 0.02692 -0.99963,0 -1 -5E-05,-0 -1 5E-05,0 -1 -5E-05,0.00354 0.01928 -0.99981,0.00359 0.01933 -0.99981,0.00354 0.01938 -0.99981,0.00655 0.29027 -0.95692,0.0066 0.29022 -0.95694,0.0066 0.29031 -0.95691,0.0069 -0.03336 -0.99942,0.00694 -0.03331 -0.99942,0.0069 -0.03326 -0.99942,0.01149 0.4718 -0.88163,0.01154 0.47175 -0.88165,0.01154 0.47184 -0.88161,0.01308 0.00036 -0.99991,0.01313 0.00041 -0.99991,0.01308 0.00046 -0.99991,0.00185 0.47179 0.88171,0.0018 0.47183 0.88169,0.00185 0.47187 0.88166,0.00852 -0.02464 0.99966,0.00819 -0.02497 0.99965,0.00819 -0.02497 0.99965,0.00633 0.63469 0.77274,0.00629 0.63473 0.77271,0.00632 0.63477 0.77268,0.01578 0.02984 0.99943,0.01573 0.02979 0.99943,0.01573 0.02989 0.99943,-0.00161 -0.24896 -0.96851,-0.00157 -0.24892 -0.96852,-0.00161 -0.24885 -0.96854,-0.00148 -0.28695 -0.95795,-0.00148 -0.28695 -0.95794,-0.00195 -0.28739 -0.95781,-0.00192 0.04989 -0.99875,-0.00187 0.04993 -0.99875,-0.00192 0.04989 -0.99875,-0.00048 -0.29148 -0.95658,-0.00048 -0.29151 -0.95657,-3E-05 -0.29194 -0.95644,-0.00126 -0.0083 -0.99996,-0.00077 -0.00877 -0.99996,-0.00126 -0.00829 -0.99996,0.00039 -0.28764 -0.95774,0.00039 -0.28765 -0.95774,0.00073 -0.28738 -0.95782,2E-05 -0.20319 -0.97914,0.0005 -0.20274 -0.97923,2E-05 -0.20319 -0.97914,0.00074 -0.29476 -0.95557,0.00074 -0.29472 -0.95558,0.00102 -0.29444 -0.95567,6E-05 -0.18653 -0.98245,0.00068 -0.18713 -0.98234,5E-05 -0.18652 -0.98245,0.00104 -0.28736 -0.95782,0.00104 -0.28737 -0.95782,0.0011 -0.28733 -0.95783,4E-05 -0.16483 -0.98632,9E-05 -0.16479 -0.98633,4E-05 -0.16483 -0.98632,0.00151 -0.29213 -0.95638,0.00151 -0.29215 -0.95637,0.00144 -0.29211 -0.95638,4E-05 -0.14412 -0.98956,0.00037 -0.14382 -0.9896,4E-05 -0.14411 -0.98956,0.00191 -0.28772 -0.95771,0.00191 -0.28773 -0.95771,0.00156 -0.28747 -0.95779,-0.00973 0.80044 -0.59933,-0.00933 0.80033 -0.59949,-0.00973 0.80043 -0.59934,-0.01178 0.91685 -0.39906,-0.01178 0.91686 -0.39903,-0.01188 0.91682 -0.39912,0.01232 -0.99992 -5E-05,0.01232 -0.99992 5E-05,0.01237 -0.99992 -0,0.01235 -0.99991 0.00433,0.01231 -0.99991 0.00437,0.01235 -0.99991 0.00444,0 -0.09942 -0.99505,-1E-05 -0.09951 -0.99504,-1E-05 -0.09944 -0.99504,-0 -0.0987 -0.99512,-0 -0.09678 -0.99531,0 -0.09876 -0.99511,-0 -0.09749 -0.99524,0 -0.09922 -0.99507,-2E-05 -0.09632 -0.99535,-1E-05 -0.09726 -0.99526,0.32051 0.44674 -0.83528,0.32046 0.44671 -0.83532,0.3205 0.44666 -0.83533,0.32055 0.4467 -0.83529,0.32051 0.44675 -0.83528,0.3205 0.44666 -0.83533,0.29752 0.2764 -0.91383,0.29716 0.27686 -0.91381,0.29753 0.2764 -0.91383,0.29769 0.27686 -0.91363,0.29765 0.2769 -0.91364,0.29763 0.27682 -0.91367,0.26375 0.09477 -0.95993,0.26395 0.09447 -0.9599,0.26375 0.09477 -0.95992,0.26314 0.09448 -0.96012,0.26369 0.09493 -0.95992,0.26369 0.09492 -0.95992,-0.26635 -0.09473 -0.95921,-0.26654 -0.0944 -0.95919,-0.26634 -0.0947 -0.95922,-0.26617 -0.09435 -0.9593,-0.26619 -0.09444 -0.95928,-0.26614 -0.09439 -0.9593,-0.30055 -0.27689 -0.91269,-0.30079 -0.2766 -0.9127,-0.30055 -0.27689 -0.91269,-0.30047 -0.27654 -0.91282,-0.30048 -0.27663 -0.91279,-0.30043 -0.27659 -0.91282,-0.3235 -0.44616 -0.83444,-0.32355 -0.44619 -0.8344,-0.32351 -0.44625 -0.83439,-0.32354 -0.44592 -0.83455,-0.32353 -0.44594 -0.83455,-0.32385 -0.44617 -0.8343,-0.33503 -0.59828 -0.72789,-0.33456 -0.59805 -0.72829,-0.33502 -0.59827 -0.72789,-0.335 -0.59785 -0.72825,-0.33501 -0.59792 -0.72819,-0.33495 -0.59789 -0.72824,-0.33498 -0.72905 -0.59689,-0.33464 -0.72934 -0.59672,-0.33498 -0.72906 -0.59687,-0.24421 0.96972 0,-0.24468 0.9696 5E-05,-0.24472 0.96959 -0,-0.24456 0.96963 0.00047,-0.26612 0.95921 -0.09535,-0.26617 0.9592 -0.0954,-0.26612 0.95921 -0.09535,-0.25834 0.96429 -0.0583,-0.25833 0.96429 -0.05831,-0.25799 0.96436 -0.05885,-0.30057 0.9126 -0.27717,-0.30063 0.91256 -0.27721,-0.30059 0.91257 -0.27726,-0.30057 0.91261 -0.27712,-0.30058 0.91259 -0.27719,-0.30051 0.91262 -0.27716,-0.32967 0.79356 -0.51145,-0.32974 0.79352 -0.51146,-0.32967 0.79353 -0.5115,-0.32968 0.79362 -0.51135,-0.32969 0.79358 -0.51141,-0.32962 0.79362 -0.51139,-0.25819 0.9643 0.05886,-0.25817 0.96431 0.05876,-0.25814 0.96432 0.05881,-0.26642 0.95911 0.0955,-0.26646 0.95911 0.09545,-0.2664 0.95913 0.0954,-0.30063 0.9125 0.27743,-0.30064 0.91249 0.27744,-0.30088 0.9125 0.27716,-0.32333 0.83532 0.44463,-0.32333 0.83536 0.44457,-0.32327 0.83534 0.44463,-0.30065 0.91251 0.27738,-0.3009 0.91252 0.27709,-0.30065 0.91252 0.27735,-0.33503 0.7277 0.5985,-0.33502 0.72776 0.59844,-0.33497 0.72774 0.59849,-0.32326 0.83564 0.44409,-0.32288 0.83553 0.44456,-0.32326 0.83562 0.44412,-0.33502 0.59787 0.72823,-0.33502 0.59794 0.72817,-0.33498 0.59792 0.72821,-0.33504 0.72772 0.59847,-0.33509 0.72774 0.59842,-0.33504 0.72778 0.5984,-0.32354 0.44628 0.83436,-0.32354 0.44626 0.83437,-0.32358 0.44622 0.83438,-0.33501 0.59824 0.72793,-0.33456 0.59801 0.72832,-0.33501 0.59826 0.72791,-0.30037 0.27615 0.91297,-0.30037 0.27614 0.91298,-0.30001 0.2766 0.91295,-0.32354 0.44627 0.83436,-0.32358 0.44622 0.83438,-0.32354 0.44627 0.83437,-0.26618 0.09434 0.95929,-0.26618 0.09434 0.9593,-0.26624 0.09439 0.95928,-0.30048 0.27662 0.91279,-0.30051 0.27658 0.91279,-0.30048 0.27663 0.91279,-0.26618 0.09434 0.9593,-0.26624 0.09439 0.95928,-0.2662 0.09444 0.95928,0.24179 -0 0.97033,0.24238 0.00065 0.97018,0.24254 0 0.97014,-0.24238 -0.00065 0.97018,-0.24254 0 0.97014,-0.24179 -0 0.97033,-0.24254 0 0.97014,-0.00053 0.00258 1,-0.00196 -0.00614 0.99998,0.001 0.00096 1,0 0.00165 1,-0.01153 0 0.99993,-0.01164 0 0.99993,-0.03425 0.00045 0.99941,-0.03375 -1E-05 0.99943,-0.03456 0 0.9994,-0.03449 0 0.9994,-0.03385 0.00045 0.99943,-0.03449 -1E-05 0.9994,-0.0629 0 0.99802,-0.06294 0 0.99802,-0.09422 0.00035 0.99555,-0.09341 -1E-05 0.99563,-0.09437 0 0.99554,-0.09388 0 0.99558,-0.13782 0 0.99046,-0.13758 0 0.99049,-0.21105 0.00021 0.97748,-0.21016 -1E-05 0.97767,-0.21109 0 0.97747,-0.21088 0 0.97751,-0.35779 0 0.9338,-0.35792 0 0.93375,-0.76126 0 0.64845,-0.76131 0 0.64839,0.00667 -0 0.99998,-0.00067 -0 1,0 0 1,0.00015 0 1,0.01086 -0 0.99994,0.01156 0 0.99993,0.03594 0 0.99935,0.03627 0 0.99934,0.06104 0 0.99814,0.06104 0 0.99814,0.06088 0.00028 0.99814,0.06161 0 0.9981,0.06116 -0.00065 0.99813,0.06161 0 0.9981,0.09406 0 0.99557,0.09278 -0 0.99569,0.09311 0.00056 0.99566,0.09278 -0 0.99569,0.14049 0 0.99008,0.14066 0 0.99006,0.21157 0 0.97736,0.21157 0 0.97736,0.21142 0.00028 0.9774,0.21085 0 0.97752,0.35292 0 0.93565,0.35292 0 0.93565,0.3529 0.00011 0.93566,0.35132 -0 0.93625,0.35134 0.00018 0.93625,0.35132 -0 0.93625,0.76095 0 0.64882,0.76194 0 0.64765,-0.00128 -0.10019 0.99497,0.00985 -0.09719 0.99522,0.00622 -0.09779 0.99519,-0.00288 -0.09894 0.99509,-0.00174 -0.09883 0.9951,-0.00074 -0.09839 0.99515,0.00047 -0.0979 0.9952,-0.00128 -0.09886 0.9951,0.00052 -0.09733 0.99525,0.00269 -0.09566 0.99541,0.00356 -0.02303 0.99973,0.00423 -0.0266 0.99964,0.00403 -0.02296 0.99973,0.00356 -0.0198 0.9998,0.00663 -0.29074 0.95678,0.00663 -0.29074 0.95678,0.0071 -0.29036 0.95689,0.00692 0.03331 0.99942,0.01158 -0.47178 0.88164,0.01313 -0.00041 0.99991,0.02848 -0.63289 0.77372,0.01871 -0.99938 -0.02975,0.00821 -0.77419 0.6329,0.0106 -0.99992 -0.00734,0.00411 -0.88155 0.47206,0.00467 -0.99979 0.01996,0.00125 -0.95691 0.2904,0.0013 -0.99998 -0.0065,0.00653 -0.99562 0.09331,-0 -0.99502 0.09972,0.0068 -0.9956 0.0935,0.00725 -0.9957 0.09235,0.00697 -0.9957 0.09239,-0.02726 -0.99328 0.1125,0.01114 -0.99538 0.09537,0.00512 -0.99524 0.09733,0.01413 -0.99543 0.09441,0.01776 -0.99548 0.09327,-0.02715 -0.99416 0.10446,-0.02711 -0.99415 0.10455,-0.02725 -0.99416 0.10443,0.0212 -0.99512 0.09635,0.02131 -0.99512 0.09639,0.02138 -0.99513 0.09627,0.76115 -0.64858 0,0.76142 -0.64826 -5E-05,0.76111 -0.64862 0,0.00063 -0.99972 0.02364,0.00063 -0.99972 0.02364,0.00121 -0.99973 0.02331,0.00068 -0.99457 -0.10411,0.00063 -0.99513 -0.09852,0.00064 -0.9948 -0.10181,0.00432 -0.95691 -0.29034,0.00451 -0.99999 -0.00034,0.00451 -0.99999 0.00048,0.00484 -0.99999 -0,0.00914 -0.8818 -0.47154,0.00847 -0.88149 -0.47212,0.00913 -0.88184 -0.47146,0.01036 -0.99993 -0.00477,0.02364 -0.77413 -0.63259,0.01578 -0.02984 -0.99943,0.00636 -0.63319 -0.77397,0.00821 0.02463 -0.99966,0.00186 -0.47125 -0.882,0.00118 -0.47182 -0.88169,0.00186 -0.47125 -0.882,0.00161 -0.2488 -0.96855,0.00146 -0.295 -0.9555,0.00146 -0.295 -0.9555,0.00194 -0.29476 -0.95557,0.00193 0.05132 -0.99868,0.0005 -0.2848 -0.95859,0.00125 -0.01001 -0.99995,-0.00043 -0.29454 -0.95564,-3E-05 -0.2051 -0.97874,-0.00069 -0.28796 -0.95764,-0.00069 -0.28796 -0.95764,0.00023 -0.28716 -0.95788,-4E-05 -0.18502 -0.98273,-0.00112 -0.29486 -0.95554,-0.00112 -0.29495 -0.95551,-0.00168 -0.29449 -0.95565,-4E-05 -0.16419 -0.98643,-0.00062 -0.16482 -0.98632,-4E-05 -0.16419 -0.98643,-0.00144 -0.2848 -0.95859,-4E-05 -0.14441 -0.98952,-0.00037 -0.14387 -0.9896,-4E-05 -0.14441 -0.98952,-0.002 -0.29426 -0.95572,5E-05 -0.11601 -0.99325,0.00039 -0.11568 -0.99329,5E-05 -0.11601 -0.99325,-0.00238 -0.2874 -0.95781,0 -0.0992 -0.99507,-0.00057 -0.09792 -0.99519,-0 -0.09825 -0.99516,0 -0.09773 -0.99521,-1E-05 -0.09916 -0.99507,0 -0.0973 -0.99526,0 -0.09647 -0.99534,0 -0.09881 -0.99511,-0 -0.09963 -0.99502,0 -0.09965 -0.99502,0.0006 -0.99568 -0.09281,0.36826 -0.92972 0,0.36825 -0.92973 0,0.36826 -0.92972 0,0.36825 -0.92973 0,0.00067 -0.99469 -0.10292,0.19952 -0.97989 0,0.19952 -0.97989 0,0.19952 -0.97989 0,0.00066 -0.99475 -0.10231,0.14959 -0.98875 0,0.14959 -0.98875 0,0.00065 -0.99478 -0.10203,0.09869 -0.99512 -0,0.09872 -0.99512 -0,0.09869 -0.99512 -0,0.09919 -0.99507 -0.00048,0.00032 -0.99764 -0.06867,7E-05 -0.99764 -0.0686,0.00032 -0.99764 -0.06867,0.04401 -0.99903 0,0.04371 -0.99904 0,0.04027 -0.99919 -0,0.04368 -0.99905 -0.0004,0.00079 -0.99384 -0.11086,0.04079 -0.99917 0,0.04014 -0.99919 0.00031,0.00131 -0.98856 -0.15084,0.0013 -0.98861 -0.15051,0.00131 -0.98856 -0.15084,0.01911 -0.99982 0,0.01911 -0.99982 0,0.01911 -0.99982 0,0.01904 -0.99982 0.00057,1E-05 -0.99881 -0.04872,0 -0.99881 -0.04872,-0.00077 -0.99884 -0.04816,0 -1 -0.00067,-0 -1 0.00067,0.33194 -0.72872 0.59899,0.33192 -0.72869 0.59904,0.33192 -0.72869 0.59904,0.33194 -0.72872 0.59899,0.33189 -0.5984 0.72922,0.33194 -0.59902 0.72869,0.33194 -0.59909 0.72863,0.33272 -0.59831 0.72891,0.3205 -0.4467 0.83531,0.32035 -0.44606 0.83571,0.32037 -0.44614 0.83566,0.31986 -0.44678 0.83551,0.29762 -0.27684 0.91366,0.29761 -0.27685 0.91366,0.26379 -0.0949 0.9599,0.26408 -0.09446 0.95987,0.2638 -0.09489 0.9599,0.26374 -0.09511 0.95989,0.26373 -0.09511 0.9599,0.26297 -0.09449 0.96017,0.06845 -0.70406 0.70683,0.06785 -0.70361 0.70734,0.06856 -0.70399 0.70689,0.09657 -0.09684 0.9906,0.00028 -0.09898 0.99509,-0.00848 -0.09535 0.99541,-0.00096 -0.0979 0.9952,0.01331 -0.10687 0.99418,-0.00434 -0.09231 0.99572,-0.00135 -0.09818 0.99517,0.00099 -0.1017 0.99481,0.00067 -0.09731 0.99525,-0.00161 -0.09569 0.99541,-0.00269 -0.09599 0.99538,-0.00356 -0.02707 0.99963,-0.00403 -0.02659 0.99964,-0.00356 -0.02611 0.99965,-0.00354 -0.01933 0.99981,-0.0066 -0.29027 0.95692,-0.0069 0.03331 0.99942,-0.01154 -0.4718 0.88163,-0.01308 -0.00041 0.99991,-0.00185 -0.47183 -0.88169,-0.00866 0.02464 -0.99966,-0.00818 0.02416 -0.99967,-0.00818 0.02511 -0.99965,-0.00633 -0.63473 -0.77271,-0.01573 -0.02984 -0.99943,0.00161 0.24892 0.96852,0.00149 0.28677 0.958,0.00148 0.28677 0.958,0.00215 0.28738 0.95781,0.00192 -0.04994 0.99875,0.00048 0.29132 0.95662,0.00048 0.29132 0.95662,-0.00019 0.29193 0.95644,0.00126 0.0081 0.99997,0.00058 0.00877 0.99996,0.00126 0.00801 0.99997,-0.00039 0.28778 0.9577,-0.00039 0.28778 0.9577,-0.00086 0.2874 0.95781,-2E-05 0.20328 0.97912,-0.00059 0.20274 0.97923,-2E-05 0.20328 0.97912,-0.00074 0.29486 0.95554,-0.00074 0.29486 0.95554,-0.00121 0.29447 0.95566,-5E-05 0.18629 0.98249,-0.00097 0.18712 0.98234,-5E-05 0.18629 0.98249,-0.00104 0.28733 0.95783,-4E-05 0.16478 0.98633,-0.00151 0.29211 0.95639,-4E-05 0.14426 0.98954,-0.00037 0.14382 0.9896,-4E-05 0.14426 0.98954,-0.00191 0.28787 0.95767,-0.00191 0.28787 0.95767,-0.00143 0.28749 0.95778,0.00973 -0.80061 0.5991,0.00902 -0.80046 0.59932,0.00973 -0.80067 0.59903,0.01178 -0.91684 0.39907,-0.01232 0.99992 0,-0.01235 0.99991 -0.00438,-0 0.09942 0.99505,0 0.09957 0.99503,0 0.09947 0.99504,0 0.09876 0.99511,0 0.09674 0.99531,-0 0.09843 0.99514,0 0.09738 0.99525,-0 0.09928 0.99506,2E-05 0.09628 0.99535,1E-05 0.09703 0.99528,-0.32051 -0.4467 0.8353,-0.32005 -0.44682 0.83542,-0.32047 -0.44629 0.83554,-0.32041 -0.4463 0.83555,-0.29755 -0.27621 0.91388,-0.29698 -0.27686 0.91386,-0.29777 -0.27755 0.9134,-0.29719 -0.27688 0.91379,-0.29777 -0.27749 0.91342,-0.29759 -0.27642 0.9138,-0.26364 -0.09494 0.95994,-0.26417 -0.09456 0.95983,-0.26351 -0.09401 0.96006,-0.26425 -0.09442 0.95982,-0.26373 -0.09511 0.9599,-0.26377 -0.0951 0.95989,0.2664 0.09484 0.95919,0.26668 0.0944 0.95915,0.2664 0.09484 0.95919,0.26618 0.09439 0.95929,0.30061 0.2771 0.9126,0.30101 0.27662 0.91262,0.30058 0.27702 0.91264,0.30047 0.27658 0.91281,0.32351 0.4462 0.83442,0.32354 0.4458 0.83462,0.32353 0.4458 0.83462,0.32399 0.44614 0.83426,0.33503 0.59842 0.72776,0.33438 0.5981 0.72833,0.33503 0.59843 0.72777,0.335 0.59788 0.72823,0.33498 0.72896 0.59699,0.33452 0.72937 0.59676,0.33498 0.72896 0.59699,0.24412 -0.96975 -0,0.24467 -0.96961 0,0.24454 -0.96964 -0.00056,0.26612 -0.95921 0.0954,0.25827 -0.96433 0.05803,0.25829 -0.96432 0.05812,0.2579 -0.96438 0.05886,0.30058 -0.91258 0.27722,0.30057 -0.9126 0.27715,0.32967 -0.79354 0.51148,0.32969 -0.7936 0.51138,0.25818 -0.96431 -0.0588,0.26641 -0.95912 -0.09545,0.30064 -0.91249 -0.27744,0.30067 -0.91244 -0.27757,0.30101 -0.91246 -0.27716,0.32333 -0.83533 -0.44462,0.30068 -0.91246 -0.2775,0.30102 -0.91247 -0.2771,0.30069 -0.91246 -0.2775,0.33502 -0.72772 -0.59848,0.32324 -0.83568 -0.44402,0.32281 -0.83555 -0.44457,0.32322 -0.83573 -0.44394,0.33502 -0.59791 -0.72819,0.33504 -0.72775 -0.59843,0.32353 -0.44623 -0.83439,0.33502 -0.59839 -0.7278,0.33437 -0.59807 -0.72836,0.33502 -0.59839 -0.7278,0.30035 -0.27606 -0.91301,0.30033 -0.27597 -0.91304,0.29983 -0.27661 -0.91301,0.32353 -0.44623 -0.83439,0.26619 -0.09439 -0.95929,0.30047 -0.27658 -0.91281,0.26619 -0.09439 -0.95929              ]
            }
            normalIndex [
0,1,2,-1,0,3,1,-1,4,5,6,-1,4,6,7,-1,8,9,10,-1,8,10,11,-1,12,10,9,-1,13,14,15,-1,16,17,18,-1,19,20,21,-1,22,23,24,-1,25,26,27,-1,28,29,30,-1,31,32,33,-1,34,35,36,-1,37,38,39,-1,40,41,42,-1,43,44,45,-1,46,47,48,-1,49,50,51,-1,52,53,54,-1,55,56,57,-1,58,59,60,-1,58,61,59,-1,62,61,58,-1,63,64,65,-1,66,67,68,-1,69,70,71,-1,72,73,74,-1,75,76,77,-1,78,79,80,-1,81,82,83,-1,84,85,86,-1,87,88,89,-1,90,91,92,-1,93,94,95,-1,96,97,98,-1,99,100,101,-1,102,103,104,-1,105,106,107,-1,108,109,110,-1,108,111,109,-1,108,112,111,-1,108,113,112,-1,108,114,113,-1,108,115,114,-1,108,116,115,-1,108,117,116,-1,118,119,120,-1,118,121,119,-1,122,123,124,-1,125,126,127,-1,128,129,130,-1,131,132,133,-1,134,135,136,-1,137,138,139,-1,140,141,142,-1,143,144,145,-1,146,147,148,-1,149,150,151,-1,152,153,154,-1,155,156,157,-1,158,159,160,-1,158,161,159,-1,158,162,161,-1,163,164,165,-1,166,167,168,-1,166,169,167,-1,170,171,172,-1,173,174,175,-1,176,177,178,-1,179,180,181,-1,182,183,184,-1,176,185,177,-1,186,187,188,-1,189,190,191,-1,192,193,194,-1,195,196,197,-1,198,199,200,-1,201,202,203,-1,204,205,206,-1,207,208,209,-1,210,211,212,-1,213,214,215,-1,216,217,218,-1,219,220,221,-1,222,223,224,-1,225,226,227,-1,228,229,230,-1,231,232,233,-1,234,235,236,-1,237,238,239,-1,240,241,242,-1,243,244,245,-1,246,247,248,-1,249,250,251,-1,252,253,254,-1,255,256,257,-1,258,259,260,-1,261,262,263,-1,261,263,264,-1,261,264,265,-1,261,265,266,-1,261,266,267,-1,261,267,268,-1,261,268,269,-1,261,269,270,-1,182,271,183,-1,272,273,274,-1,272,274,275,-1,182,276,271,-1,277,278,279,-1,277,279,280,-1,182,281,276,-1,282,283,284,-1,282,284,285,-1,182,286,281,-1,287,288,289,-1,287,289,290,-1,291,292,293,-1,294,295,296,-1,294,296,297,-1,298,299,300,-1,295,301,302,-1,295,302,296,-1,303,304,305,-1,306,307,308,-1,306,308,309,-1,310,311,312,-1,313,314,315,-1,313,316,314,-1,317,318,319,-1,317,320,318,-1,321,322,323,-1,324,325,326,-1,327,328,329,-1,330,331,332,-1,333,334,335,-1,336,337,338,-1,339,340,341,-1,342,343,344,-1,345,346,347,-1,348,349,350,-1,351,352,353,-1,351,353,354,-1,351,354,355,-1,351,355,356,-1,351,356,357,-1,351,357,358,-1,351,358,359,-1,351,359,360,-1,361,362,363,-1,364,365,366,-1,367,368,369,-1,370,371,372,-1,373,374,375,-1,376,377,378,-1,379,380,381,-1,382,383,384,-1,385,386,387,-1,388,389,390,-1,391,392,393,-1,394,395,396,-1,397,398,399,-1,400,401,402,-1,403,404,405,-1,406,407,408,-1,409,410,411,-1,412,413,414,-1,415,416,417,-1,418,419,420,-1,421,422,423,-1,424,425,426,-1,427,428,429,-1,430,431,432,-1,433,434,435,-1,436,437,438,-1,439,440,441,-1,442,443,444,-1,445,446,447,-1,448,449,450,-1,448,451,449,-1,448,452,451,-1,448,453,452,-1,448,454,453,-1,448,455,454,-1,448,456,455,-1,448,457,456,-1,458,459,460,-1,461,462,463,-1,464,465,466,-1,467,468,469,-1,470,471,472,-1,473,474,475,-1,476,477,478,-1,479,480,481,-1,482,483,484,-1,485,486,487,-1,488,489,490,-1,491,492,493,-1,494,495,496,-1,497,498,499,-1,500,501,502,-1,503,504,505,-1,503,506,504,-1,507,508,509,-1,510,511,512,-1,513,514,515,-1,516,517,518,-1,519,520,521,-1,522,523,524,-1,525,526,527,-1,528,529,530,-1,531,532,533,-1,534,535,536,-1,537,538,539,-1,540,541,542,-1,543,544,545,-1,546,547,548,-1,549,550,551,-1,552,553,554,-1,555,556,557,-1,558,559,560,-1,561,562,563,-1,564,565,566,-1,567,568,569,-1,570,571,572,-1,0,1,2,-1,0,3,1,-1,4,5,6,-1,4,6,7,-1,8,9,10,-1,8,10,11,-1,12,10,9,-1,13,14,15,-1,16,17,18,-1,19,20,21,-1,22,23,24,-1,25,26,27,-1,28,29,30,-1,31,32,33,-1,34,35,36,-1,37,38,39,-1,40,41,42,-1,43,44,45,-1,46,47,48,-1,49,50,51,-1,52,53,54,-1,55,56,57,-1,58,59,60,-1,58,61,59,-1,62,61,58,-1,63,64,65,-1,66,67,68,-1,69,70,71,-1,72,73,74,-1,75,76,77,-1,78,79,80,-1,81,82,83,-1,84,85,86,-1,87,88,89,-1,90,91,92,-1,93,94,95,-1,96,97,98,-1,99,100,101,-1,102,103,104,-1,105,106,107,-1,108,109,110,-1,108,111,109,-1,108,112,111,-1,108,113,112,-1,108,114,113,-1,108,115,114,-1,108,116,115,-1,108,117,116,-1,118,119,120,-1,118,121,119,-1,122,123,124,-1,125,126,127,-1,128,129,130,-1,131,132,133,-1,134,135,136,-1,137,138,139,-1,140,141,142,-1,143,144,145,-1,146,147,148,-1,149,150,151,-1,152,153,154,-1,155,156,157,-1,158,159,160,-1,158,161,159,-1,158,162,161,-1,163,164,165,-1,166,167,168,-1,166,169,167,-1,170,171,172,-1,173,174,175,-1,176,177,178,-1,179,180,181,-1,182,183,184,-1,176,185,177,-1,186,187,188,-1,189,190,191,-1,192,193,194,-1,195,196,197,-1,198,199,200,-1,201,202,203,-1,204,205,206,-1,207,208,209,-1,210,211,212,-1,213,214,215,-1,216,217,218,-1,219,220,221,-1,222,223,224,-1,225,226,227,-1,228,229,230,-1,231,232,233,-1,234,235,236,-1,237,238,239,-1,240,241,242,-1,243,244,245,-1,246,247,248,-1,249,250,251,-1,252,253,254,-1,255,256,257,-1,258,259,260,-1,261,262,263,-1,261,263,264,-1,261,264,265,-1,261,265,266,-1,261,266,267,-1,261,267,268,-1,261,268,269,-1,261,269,270,-1,182,271,183,-1,272,273,274,-1,272,274,275,-1,182,276,271,-1,277,278,279,-1,277,279,280,-1,182,281,276,-1,282,283,284,-1,282,284,285,-1,182,286,281,-1,287,288,289,-1,287,289,290,-1,291,292,293,-1,294,295,296,-1,294,296,297,-1,298,299,300,-1,295,301,302,-1,295,302,296,-1,303,304,305,-1,306,307,308,-1,306,308,309,-1,310,311,312,-1,313,314,315,-1,313,316,314,-1,317,318,319,-1,317,320,318,-1,321,322,323,-1,324,325,326,-1,327,328,329,-1,330,331,332,-1,333,334,335,-1,336,337,338,-1,339,340,341,-1,342,343,344,-1,345,346,347,-1,348,349,350,-1,351,352,353,-1,351,353,354,-1,351,354,355,-1,351,355,356,-1,351,356,357,-1,351,357,358,-1,351,358,359,-1,351,359,360,-1,361,362,363,-1,364,365,366,-1,367,368,369,-1,370,371,372,-1,373,374,375,-1,376,377,378,-1,379,380,381,-1,382,383,384,-1,385,386,387,-1,388,389,390,-1,391,392,393,-1,394,395,396,-1,397,398,399,-1,400,401,402,-1,403,404,405,-1,406,407,408,-1,409,410,411,-1,412,413,414,-1,415,416,417,-1,418,419,420,-1,421,422,423,-1,424,425,426,-1,427,428,429,-1,430,431,432,-1,433,434,435,-1,436,437,438,-1,439,440,441,-1,442,443,444,-1,445,446,447,-1,448,449,450,-1,448,451,449,-1,448,452,451,-1,448,453,452,-1,448,454,453,-1,448,455,454,-1,448,456,455,-1,448,457,456,-1,458,459,460,-1,461,462,463,-1,464,465,466,-1,467,468,469,-1,470,471,472,-1,473,474,475,-1,476,477,478,-1,479,480,481,-1,482,483,484,-1,485,486,487,-1,488,489,490,-1,491,492,493,-1,494,495,496,-1,497,498,499,-1,500,501,502,-1,503,504,505,-1,503,506,504,-1,507,508,509,-1,510,511,512,-1,513,514,515,-1,516,517,518,-1,519,520,521,-1,522,523,524,-1,525,526,527,-1,528,529,530,-1,531,532,533,-1,534,535,536,-1,537,538,539,-1,540,541,542,-1,543,544,545,-1,546,547,548,-1,549,550,551,-1,552,553,554,-1,555,556,557,-1,558,559,560,-1,561,562,563,-1,564,565,566,-1,567,568,569,-1,570,571,572,-1,573,574,575,-1,573,574,574,-1,576,577,578,-1,576,578,579,-1,580,581,582,-1,580,582,583,-1,584,582,581,-1,585,585,585,-1,586,587,588,-1,589,590,591,-1,592,592,592,-1,593,593,593,-1,594,595,596,-1,597,597,597,-1,598,598,598,-1,599,599,599,-1,600,601,602,-1,603,603,603,-1,604,604,604,-1,605,605,605,-1,606,606,606,-1,607,607,607,-1,608,609,610,-1,608,611,609,-1,612,611,608,-1,613,613,613,-1,614,614,614,-1,615,615,615,-1,616,617,618,-1,619,620,621,-1,622,622,622,-1,623,624,625,-1,626,626,626,-1,627,627,627,-1,628,629,630,-1,631,631,631,-1,632,633,634,-1,635,636,637,-1,638,638,638,-1,639,639,639,-1,640,641,642,-1,640,643,641,-1,640,644,643,-1,640,645,644,-1,640,646,645,-1,640,647,646,-1,640,648,647,-1,640,649,648,-1,650,651,652,-1,650,653,651,-1,654,655,656,-1,657,657,657,-1,658,658,658,-1,659,659,659,-1,660,660,660,-1,661,661,661,-1,662,662,662,-1,663,663,663,-1,664,664,664,-1,665,665,665,-1,666,666,666,-1,667,667,667,-1,668,669,670,-1,668,671,669,-1,668,672,671,-1,673,673,673,-1,674,675,676,-1,674,677,675,-1,678,679,680,-1,681,682,683,-1,684,685,686,-1,687,688,689,-1,690,691,692,-1,684,684,685,-1,693,693,693,-1,694,695,696,-1,697,698,699,-1,700,700,700,-1,701,701,701,-1,702,702,702,-1,703,703,703,-1,704,704,704,-1,705,706,707,-1,708,708,708,-1,709,710,709,-1,711,711,711,-1,712,712,712,-1,713,713,713,-1,714,714,714,-1,715,715,715,-1,716,717,718,-1,719,719,719,-1,720,721,722,-1,723,724,725,-1,726,726,726,-1,727,728,729,-1,730,730,730,-1,731,732,733,-1,734,734,734,-1,735,736,737,-1,735,737,738,-1,735,738,739,-1,735,739,740,-1,735,740,741,-1,735,741,742,-1,735,742,743,-1,735,743,744,-1,690,745,691,-1,746,747,748,-1,746,748,749,-1,690,750,745,-1,751,752,753,-1,751,753,753,-1,690,754,750,-1,755,755,756,-1,755,756,756,-1,690,757,754,-1,758,759,760,-1,758,760,761,-1,762,763,764,-1,765,766,767,-1,765,767,768,-1,769,769,769,-1,766,770,771,-1,766,771,767,-1,772,772,772,-1,773,774,775,-1,773,775,776,-1,777,778,779,-1,780,780,781,-1,780,782,780,-1,783,784,785,-1,783,786,784,-1,787,787,787,-1,788,789,790,-1,791,791,791,-1,792,793,794,-1,795,795,795,-1,796,796,796,-1,797,798,799,-1,800,801,802,-1,803,804,805,-1,806,806,806,-1,807,808,809,-1,807,809,810,-1,807,810,811,-1,807,811,812,-1,807,812,813,-1,807,813,814,-1,807,814,815,-1,807,815,816,-1,817,818,819,-1,820,820,820,-1,821,821,821,-1,822,822,822,-1,823,823,823,-1,824,824,824,-1,825,825,825,-1,826,826,826,-1,827,828,829,-1,830,830,830,-1,831,831,831,-1,832,832,832,-1,833,834,835,-1,836,836,836,-1,837,838,839,-1,840,841,842,-1,843,844,845,-1,846,847,848,-1,849,850,851,-1,852,853,854,-1,855,855,855,-1,856,856,856,-1,857,857,857,-1,858,859,860,-1,861,862,863,-1,864,865,866,-1,867,867,867,-1,868,868,868,-1,869,869,869,-1,870,871,872,-1,870,873,871,-1,870,874,873,-1,870,875,874,-1,870,876,875,-1,870,877,876,-1,870,878,877,-1,870,879,878,-1,880,880,880,-1,881,882,883,-1,884,885,886,-1,887,888,889,-1,890,891,892,-1,893,894,895,-1,896,897,898,-1,899,899,899,-1,900,901,902,-1,903,903,903,-1,904,904,904,-1,905,906,907,-1,908,909,910,-1,911,911,911,-1,912,913,914,-1,915,916,916,-1,915,917,916,-1,918,918,918,-1,919,920,921,-1,922,922,922,-1,923,923,923,-1,924,924,924,-1,925,925,925,-1,926,926,926,-1,927,927,927,-1,928,929,930,-1,931,931,931,-1,932,933,934,-1,935,935,935,-1,936,937,938,-1,939,939,939,-1,940,940,940,-1,941,941,941,-1,942,943,944,-1,945,946,947,-1,948,948,948,-1,949,949,949,-1,950,950,950,-1,951,951,951,-1,573,574,575,-1,573,574,574,-1,576,577,578,-1,576,578,579,-1,580,581,582,-1,580,582,583,-1,584,582,581,-1,585,585,585,-1,586,587,588,-1,589,590,591,-1,592,592,592,-1,593,593,593,-1,594,595,596,-1,597,597,597,-1,598,598,598,-1,599,599,599,-1,600,601,602,-1,603,603,603,-1,604,604,604,-1,605,605,605,-1,606,606,606,-1,607,607,607,-1,608,609,610,-1,608,611,609,-1,612,611,608,-1,613,613,613,-1,614,614,614,-1,615,615,615,-1,616,617,618,-1,619,620,621,-1,622,622,622,-1,623,624,625,-1,626,626,626,-1,627,627,627,-1,628,629,630,-1,631,631,631,-1,632,633,634,-1,635,636,637,-1,638,638,638,-1,639,639,639,-1,640,641,642,-1,640,643,641,-1,640,644,643,-1,640,645,644,-1,640,646,645,-1,640,647,646,-1,640,648,647,-1,640,649,648,-1,650,651,652,-1,650,653,651,-1,654,655,656,-1,657,657,657,-1,658,658,658,-1,659,659,659,-1,660,660,660,-1,661,661,661,-1,662,662,662,-1,663,663,663,-1,664,664,664,-1,665,665,665,-1,666,666,666,-1,667,667,667,-1,668,669,670,-1,668,671,669,-1,668,672,671,-1,673,673,673,-1,674,675,676,-1,674,677,675,-1,678,679,680,-1,681,682,683,-1,684,685,686,-1,687,688,689,-1,690,691,692,-1,684,684,685,-1,693,693,693,-1,694,695,696,-1,697,698,699,-1,700,700,700,-1,701,701,701,-1,702,702,702,-1,703,703,703,-1,704,704,704,-1,705,706,707,-1,708,708,708,-1,709,710,709,-1,711,711,711,-1,712,712,712,-1,713,713,713,-1,714,714,714,-1,715,715,715,-1,716,717,718,-1,719,719,719,-1,720,721,722,-1,723,724,725,-1,726,726,726,-1,727,728,729,-1,730,730,730,-1,731,732,733,-1,734,734,734,-1,735,736,737,-1,735,737,738,-1,735,738,739,-1,735,739,740,-1,735,740,741,-1,735,741,742,-1,735,742,743,-1,735,743,744,-1,690,745,691,-1,746,747,748,-1,746,748,749,-1,690,750,745,-1,751,752,753,-1,751,753,753,-1,690,754,750,-1,755,755,756,-1,755,756,756,-1,690,757,754,-1,758,759,760,-1,758,760,761,-1,762,763,764,-1,765,766,767,-1,765,767,768,-1,769,769,769,-1,766,770,771,-1,766,771,767,-1,772,772,772,-1,773,774,775,-1,773,775,776,-1,777,778,779,-1,780,780,781,-1,780,782,780,-1,783,784,785,-1,783,786,784,-1,787,787,787,-1,788,789,790,-1,791,791,791,-1,792,793,794,-1,795,795,795,-1,796,796,796,-1,797,798,799,-1,800,801,802,-1,803,804,805,-1,806,806,806,-1,807,808,809,-1,807,809,810,-1,807,810,811,-1,807,811,812,-1,807,812,813,-1,807,813,814,-1,807,814,815,-1,807,815,816,-1,817,818,819,-1,820,820,820,-1,821,821,821,-1,822,822,822,-1,823,823,823,-1,824,824,824,-1,825,825,825,-1,826,826,826,-1,827,828,829,-1,830,830,830,-1,831,831,831,-1,832,832,832,-1,833,834,835,-1,836,836,836,-1,837,838,839,-1,840,841,842,-1,843,844,845,-1,846,847,848,-1,849,850,851,-1,852,853,854,-1,855,855,855,-1,856,856,856,-1,857,857,857,-1,858,859,860,-1,861,862,863,-1,864,865,866,-1,867,867,867,-1,868,868,868,-1,869,869,869,-1,870,871,872,-1,870,873,871,-1,870,874,873,-1,870,875,874,-1,870,876,875,-1,870,877,876,-1,870,878,877,-1,870,879,878,-1,880,880,880,-1,881,882,883,-1,884,885,886,-1,887,888,889,-1,890,891,892,-1,893,894,895,-1,896,897,898,-1,899,899,899,-1,900,901,902,-1,903,903,903,-1,904,904,904,-1,905,906,907,-1,908,909,910,-1,911,911,911,-1,912,913,914,-1,915,916,916,-1,915,917,916,-1,918,918,918,-1,919,920,921,-1,922,922,922,-1,923,923,923,-1,924,924,924,-1,925,925,925,-1,926,926,926,-1,927,927,927,-1,928,929,930,-1,931,931,931,-1,932,933,934,-1,935,935,935,-1,936,937,938,-1,939,939,939,-1,940,940,940,-1,941,941,941,-1,942,943,944,-1,945,946,947,-1,948,948,948,-1,949,949,949,-1,950,950,950,-1,951,951,951,-1,952,953,954,-1,952,954,955,-1,956,957,958,-1,956,959,957,-1,960,961,962,-1,960,963,961,-1,964,962,961,-1,965,966,967,-1,968,969,970,-1,971,972,973,-1,974,975,976,-1,977,978,979,-1,980,981,982,-1,983,984,985,-1,986,987,988,-1,989,990,991,-1,992,993,994,-1,995,996,997,-1,998,999,1000,-1,1001,1002,1003,-1,1004,1005,1006,-1,1007,1008,1009,-1,1010,1011,1012,-1,1010,1012,1013,-1,1014,1010,1013,-1,1015,1016,1017,-1,1018,1019,1020,-1,1021,1022,1023,-1,1024,1025,1026,-1,1027,1028,1029,-1,1030,1031,1032,-1,1033,1034,1035,-1,1036,1037,1038,-1,1039,1040,1041,-1,1042,1043,1044,-1,1045,1046,1047,-1,1048,1049,1050,-1,1051,1052,1053,-1,1054,1055,1056,-1,1057,1058,1059,-1,1060,1061,1062,-1,1060,1062,1063,-1,1060,1063,1064,-1,1060,1064,1065,-1,1060,1065,1066,-1,1060,1066,1067,-1,1060,1067,1068,-1,1060,1068,1069,-1,1070,1071,1072,-1,1070,1072,1073,-1,1074,1075,1076,-1,1077,1078,1079,-1,1080,1081,1082,-1,1083,1084,1085,-1,1086,1087,1088,-1,1089,1090,1091,-1,1092,1093,1094,-1,1095,1096,1097,-1,1098,1099,1100,-1,1101,1102,1103,-1,1104,1105,1106,-1,1107,1108,1109,-1,1110,1111,1112,-1,1110,1112,1113,-1,1110,1113,1114,-1,1115,1116,1117,-1,1118,1119,1120,-1,1118,1120,1121,-1,1122,1123,1124,-1,1125,1126,1127,-1,1128,1129,1130,-1,1131,1132,1133,-1,1134,1135,1136,-1,1128,1130,1137,-1,1138,1139,1140,-1,1141,1142,1143,-1,1144,1145,1146,-1,1147,1148,1149,-1,1150,1151,1152,-1,1153,1154,1155,-1,1156,1157,1158,-1,1159,1160,1161,-1,1162,1163,1164,-1,1165,1166,1167,-1,1168,1169,1170,-1,1171,1172,1173,-1,1174,1175,1176,-1,1177,1178,1179,-1,1180,1181,1182,-1,1183,1184,1185,-1,1186,1187,1188,-1,1189,1190,1191,-1,1192,1193,1194,-1,1195,1196,1197,-1,1198,1199,1200,-1,1201,1202,1203,-1,1204,1205,1206,-1,1207,1208,1209,-1,1210,1211,1212,-1,1213,1214,1215,-1,1213,1216,1214,-1,1213,1217,1216,-1,1213,1218,1217,-1,1213,1219,1218,-1,1213,1220,1219,-1,1213,1221,1220,-1,1213,1222,1221,-1,1134,1136,1223,-1,1224,1225,1226,-1,1224,1227,1225,-1,1134,1223,1228,-1,1229,1230,1231,-1,1229,1232,1230,-1,1134,1228,1233,-1,1234,1235,1236,-1,1234,1237,1235,-1,1134,1233,1238,-1,1239,1240,1241,-1,1239,1242,1240,-1,1243,1244,1245,-1,1246,1247,1248,-1,1246,1249,1247,-1,1250,1251,1252,-1,1248,1253,1254,-1,1248,1247,1253,-1,1255,1256,1257,-1,1258,1259,1260,-1,1258,1261,1259,-1,1262,1263,1264,-1,1265,1266,1267,-1,1265,1267,1268,-1,1269,1270,1271,-1,1269,1271,1272,-1,1273,1274,1275,-1,1276,1277,1278,-1,1279,1280,1281,-1,1282,1283,1284,-1,1285,1286,1287,-1,1288,1289,1290,-1,1291,1292,1293,-1,1294,1295,1296,-1,1297,1298,1299,-1,1300,1301,1302,-1,1303,1304,1305,-1,1303,1306,1304,-1,1303,1307,1306,-1,1303,1308,1307,-1,1303,1309,1308,-1,1303,1310,1309,-1,1303,1311,1310,-1,1303,1312,1311,-1,1313,1314,1315,-1,1316,1317,1318,-1,1319,1320,1321,-1,1322,1323,1324,-1,1325,1326,1327,-1,1328,1329,1330,-1,1331,1332,1333,-1,1334,1335,1336,-1,1337,1338,1339,-1,1340,1341,1342,-1,1343,1344,1345,-1,1346,1347,1348,-1,1349,1350,1351,-1,1352,1353,1354,-1,1355,1356,1357,-1,1358,1359,1360,-1,1361,1362,1363,-1,1364,1365,1366,-1,1367,1368,1369,-1,1370,1371,1372,-1,1373,1374,1375,-1,1376,1377,1378,-1,1379,1380,1381,-1,1382,1383,1384,-1,1385,1386,1387,-1,1388,1389,1390,-1,1391,1392,1393,-1,1394,1395,1396,-1,1397,1398,1399,-1,1400,1401,1402,-1,1400,1402,1403,-1,1400,1403,1404,-1,1400,1404,1405,-1,1400,1405,1406,-1,1400,1406,1407,-1,1400,1407,1408,-1,1400,1408,1409,-1,1410,1411,1412,-1,1413,1414,1415,-1,1416,1417,1418,-1,1419,1420,1421,-1,1422,1423,1424,-1,1425,1426,1427,-1,1428,1429,1430,-1,1431,1432,1433,-1,1434,1435,1436,-1,1437,1438,1439,-1,1440,1441,1442,-1,1443,1444,1445,-1,1446,1447,1448,-1,1449,1450,1451,-1,1452,1453,1454,-1,1455,1456,1457,-1,1455,1457,1458,-1,1459,1460,1461,-1,1462,1463,1464,-1,1465,1466,1467,-1,1468,1469,1470,-1,1471,1472,1473,-1,1474,1475,1476,-1,1477,1478,1479,-1,1480,1481,1482,-1,1483,1484,1485,-1,1486,1487,1488,-1,1489,1490,1491,-1,1492,1493,1494,-1,1495,1496,1497,-1,1498,1499,1500,-1,1501,1502,1503,-1,1504,1505,1506,-1,1507,1508,1509,-1,1510,1511,1512,-1,1513,1514,1515,-1,1516,1517,1518,-1,1519,1520,1521,-1,1522,1523,1524,-1,952,953,954,-1,952,954,955,-1,956,957,958,-1,956,959,957,-1,960,961,962,-1,960,963,961,-1,964,962,961,-1,965,966,967,-1,968,969,970,-1,971,972,973,-1,974,975,976,-1,977,978,979,-1,980,981,982,-1,983,984,985,-1,986,987,988,-1,989,990,991,-1,992,993,994,-1,995,996,997,-1,998,999,1000,-1,1001,1002,1003,-1,1004,1005,1006,-1,1007,1008,1009,-1,1010,1011,1012,-1,1010,1012,1013,-1,1014,1010,1013,-1,1015,1016,1017,-1,1018,1019,1020,-1,1021,1022,1023,-1,1024,1025,1026,-1,1027,1028,1029,-1,1030,1031,1032,-1,1033,1034,1035,-1,1036,1037,1038,-1,1039,1040,1041,-1,1042,1043,1044,-1,1045,1046,1047,-1,1048,1049,1050,-1,1051,1052,1053,-1,1054,1055,1056,-1,1057,1058,1059,-1,1060,1061,1062,-1,1060,1062,1063,-1,1060,1063,1064,-1,1060,1064,1065,-1,1060,1065,1066,-1,1060,1066,1067,-1,1060,1067,1068,-1,1060,1068,1069,-1,1070,1071,1072,-1,1070,1072,1073,-1,1074,1075,1076,-1,1077,1078,1079,-1,1080,1081,1082,-1,1083,1084,1085,-1,1086,1087,1088,-1,1089,1090,1091,-1,1092,1093,1094,-1,1095,1096,1097,-1,1098,1099,1100,-1,1101,1102,1103,-1,1104,1105,1106,-1,1107,1108,1109,-1,1110,1111,1112,-1,1110,1112,1113,-1,1110,1113,1114,-1,1115,1116,1117,-1,1118,1119,1120,-1,1118,1120,1121,-1,1122,1123,1124,-1,1125,1126,1127,-1,1128,1129,1130,-1,1131,1132,1133,-1,1134,1135,1136,-1,1128,1130,1137,-1,1138,1139,1140,-1,1141,1142,1143,-1,1144,1145,1146,-1,1147,1148,1149,-1,1150,1151,1152,-1,1153,1154,1155,-1,1156,1157,1158,-1,1159,1160,1161,-1,1162,1163,1164,-1,1165,1166,1167,-1,1168,1169,1170,-1,1171,1172,1173,-1,1174,1175,1176,-1,1177,1178,1179,-1,1180,1181,1182,-1,1183,1184,1185,-1,1186,1187,1188,-1,1189,1190,1191,-1,1192,1193,1194,-1,1195,1196,1197,-1,1198,1199,1200,-1,1201,1202,1203,-1,1204,1205,1206,-1,1207,1208,1209,-1,1210,1211,1212,-1,1213,1214,1215,-1,1213,1216,1214,-1,1213,1217,1216,-1,1213,1218,1217,-1,1213,1219,1218,-1,1213,1220,1219,-1,1213,1221,1220,-1,1213,1222,1221,-1,1134,1136,1223,-1,1224,1225,1226,-1,1224,1227,1225,-1,1134,1223,1228,-1,1229,1230,1231,-1,1229,1232,1230,-1,1134,1228,1233,-1,1234,1235,1236,-1,1234,1237,1235,-1,1134,1233,1238,-1,1239,1240,1241,-1,1239,1242,1240,-1,1243,1244,1245,-1,1246,1247,1248,-1,1246,1249,1247,-1,1250,1251,1252,-1,1248,1253,1254,-1,1248,1247,1253,-1,1255,1256,1257,-1,1258,1259,1260,-1,1258,1261,1259,-1,1262,1263,1264,-1,1265,1266,1267,-1,1265,1267,1268,-1,1269,1270,1271,-1,1269,1271,1272,-1,1273,1274,1275,-1,1276,1277,1278,-1,1279,1280,1281,-1,1282,1283,1284,-1,1285,1286,1287,-1,1288,1289,1290,-1,1291,1292,1293,-1,1294,1295,1296,-1,1297,1298,1299,-1,1300,1301,1302,-1,1303,1304,1305,-1,1303,1306,1304,-1,1303,1307,1306,-1,1303,1308,1307,-1,1303,1309,1308,-1,1303,1310,1309,-1,1303,1311,1310,-1,1303,1312,1311,-1,1313,1314,1315,-1,1316,1317,1318,-1,1319,1320,1321,-1,1322,1323,1324,-1,1325,1326,1327,-1,1328,1329,1330,-1,1331,1332,1333,-1,1334,1335,1336,-1,1337,1338,1339,-1,1340,1341,1342,-1,1343,1344,1345,-1,1346,1347,1348,-1,1349,1350,1351,-1,1352,1353,1354,-1,1355,1356,1357,-1,1358,1359,1360,-1,1361,1362,1363,-1,1364,1365,1366,-1,1367,1368,1369,-1,1370,1371,1372,-1,1373,1374,1375,-1,1376,1377,1378,-1,1379,1380,1381,-1,1382,1383,1384,-1,1385,1386,1387,-1,1388,1389,1390,-1,1391,1392,1393,-1,1394,1395,1396,-1,1397,1398,1399,-1,1400,1401,1402,-1,1400,1402,1403,-1,1400,1403,1404,-1,1400,1404,1405,-1,1400,1405,1406,-1,1400,1406,1407,-1,1400,1407,1408,-1,1400,1408,1409,-1,1410,1411,1412,-1,1413,1414,1415,-1,1416,1417,1418,-1,1419,1420,1421,-1,1422,1423,1424,-1,1425,1426,1427,-1,1428,1429,1430,-1,1431,1432,1433,-1,1434,1435,1436,-1,1437,1438,1439,-1,1440,1441,1442,-1,1443,1444,1445,-1,1446,1447,1448,-1,1449,1450,1451,-1,1452,1453,1454,-1,1455,1456,1457,-1,1455,1457,1458,-1,1459,1460,1461,-1,1462,1463,1464,-1,1465,1466,1467,-1,1468,1469,1470,-1,1471,1472,1473,-1,1474,1475,1476,-1,1477,1478,1479,-1,1480,1481,1482,-1,1483,1484,1485,-1,1486,1487,1488,-1,1489,1490,1491,-1,1492,1493,1494,-1,1495,1496,1497,-1,1498,1499,1500,-1,1501,1502,1503,-1,1504,1505,1506,-1,1507,1508,1509,-1,1510,1511,1512,-1,1513,1514,1515,-1,1516,1517,1518,-1,1519,1520,1521,-1,1522,1523,1524,-1,1525,1526,1527,-1,1525,1527,1527,-1,1528,1529,1530,-1,1528,1531,1529,-1,1532,1533,1534,-1,1532,1535,1533,-1,1536,1534,1533,-1,1537,1537,1537,-1,1538,1539,1540,-1,1541,1542,1543,-1,1544,1544,1544,-1,1545,1545,1545,-1,1546,1547,1548,-1,1549,1549,1549,-1,1550,1550,1550,-1,1551,1551,1551,-1,1552,1553,1554,-1,1555,1555,1555,-1,1556,1556,1556,-1,1557,1557,1557,-1,1558,1558,1558,-1,1559,1559,1559,-1,1560,1561,1562,-1,1560,1562,1563,-1,1564,1560,1563,-1,1565,1565,1565,-1,1566,1566,1566,-1,1567,1567,1567,-1,1568,1569,1570,-1,1571,1572,1573,-1,1574,1574,1574,-1,1575,1576,1577,-1,1578,1578,1578,-1,1579,1579,1579,-1,1580,1581,1582,-1,1583,1583,1583,-1,1584,1585,1586,-1,1587,1588,1589,-1,1590,1590,1590,-1,1591,1591,1591,-1,1592,1593,1594,-1,1592,1594,1595,-1,1592,1595,1596,-1,1592,1596,1597,-1,1592,1597,1598,-1,1592,1598,1599,-1,1592,1599,1600,-1,1592,1600,1601,-1,1602,1603,1604,-1,1602,1604,1605,-1,1606,1607,1608,-1,1609,1609,1609,-1,1610,1610,1610,-1,1611,1611,1611,-1,1612,1612,1612,-1,1613,1613,1613,-1,1614,1614,1614,-1,1615,1615,1615,-1,1616,1616,1616,-1,1617,1617,1617,-1,1618,1618,1618,-1,1619,1619,1619,-1,1620,1621,1622,-1,1620,1622,1623,-1,1620,1623,1624,-1,1625,1625,1625,-1,1626,1627,1628,-1,1626,1628,1629,-1,1630,1631,1632,-1,1633,1634,1635,-1,1636,1637,1638,-1,1639,1640,1641,-1,1642,1643,1644,-1,1636,1638,1636,-1,1645,1645,1645,-1,1646,1647,1648,-1,1649,1650,1651,-1,1652,1652,1652,-1,1653,1653,1653,-1,1654,1654,1654,-1,1655,1655,1655,-1,1656,1656,1656,-1,1657,1658,1659,-1,1660,1660,1660,-1,1661,1662,1663,-1,1664,1664,1664,-1,1665,1665,1665,-1,1666,1666,1666,-1,1667,1667,1667,-1,1668,1668,1668,-1,1669,1670,1671,-1,1672,1672,1672,-1,1673,1674,1675,-1,1676,1677,1678,-1,1679,1679,1679,-1,1680,1681,1682,-1,1683,1683,1683,-1,1684,1685,1686,-1,1687,1687,1687,-1,1688,1689,1690,-1,1688,1691,1689,-1,1688,1692,1691,-1,1688,1693,1692,-1,1688,1694,1693,-1,1688,1695,1694,-1,1688,1696,1695,-1,1688,1697,1696,-1,1642,1644,1698,-1,1699,1700,1701,-1,1699,1702,1700,-1,1642,1698,1703,-1,1704,1705,1706,-1,1704,1705,1705,-1,1642,1703,1707,-1,1708,1709,1708,-1,1708,1709,1709,-1,1642,1707,1710,-1,1711,1712,1713,-1,1711,1714,1712,-1,1715,1716,1717,-1,1718,1719,1720,-1,1718,1721,1719,-1,1722,1722,1722,-1,1720,1723,1724,-1,1720,1719,1723,-1,1725,1726,1727,-1,1728,1729,1730,-1,1728,1731,1729,-1,1732,1733,1734,-1,820,1735,820,-1,820,820,1736,-1,1737,1738,1739,-1,1737,1739,1740,-1,1741,1741,1741,-1,1742,1743,1744,-1,1745,1745,1745,-1,1746,1747,1748,-1,1749,1749,1749,-1,1750,1750,1750,-1,1751,1752,1753,-1,1754,1755,1756,-1,1757,1758,1759,-1,1760,1760,1760,-1,1761,1762,1763,-1,1761,1764,1762,-1,1761,1765,1764,-1,1761,1766,1765,-1,1761,1767,1766,-1,1761,1768,1767,-1,1761,1769,1768,-1,1761,1770,1769,-1,1771,1772,1773,-1,780,780,780,-1,1774,1774,1774,-1,1775,1775,1775,-1,1776,1776,1776,-1,1777,1777,1777,-1,1778,1778,1778,-1,1779,1779,1779,-1,1780,1781,1782,-1,1783,1783,1783,-1,1784,1784,1784,-1,1785,1785,1785,-1,1786,1787,1788,-1,1789,1789,1789,-1,1790,1791,1792,-1,1793,1794,1795,-1,1796,1797,1798,-1,1799,1800,1801,-1,1802,1803,1804,-1,1805,1806,1807,-1,1808,1808,1808,-1,1809,1809,1809,-1,1810,1810,1810,-1,1811,1812,1813,-1,1814,1815,1816,-1,1817,1818,1819,-1,1820,1820,1820,-1,1821,1821,1821,-1,1822,1822,1822,-1,1823,1824,1825,-1,1823,1825,1826,-1,1823,1826,1827,-1,1823,1827,1828,-1,1823,1828,1829,-1,1823,1829,1830,-1,1823,1830,1831,-1,1823,1831,1832,-1,1833,1833,1833,-1,1834,1835,1836,-1,1837,1838,1839,-1,1840,1841,1842,-1,1843,1844,1845,-1,1846,1847,1848,-1,1849,1850,1851,-1,1852,1852,1852,-1,1853,1854,1855,-1,1856,1856,1856,-1,1857,1857,1857,-1,1858,1859,1860,-1,1861,1862,1863,-1,1864,1864,1864,-1,1865,1866,1867,-1,1868,1869,1869,-1,1868,1869,1870,-1,1871,1871,1871,-1,1872,1873,1874,-1,1875,1875,1875,-1,1876,1876,1876,-1,1877,1877,1877,-1,1878,1878,1878,-1,1879,1879,1879,-1,1880,1880,1880,-1,1881,1882,1883,-1,1884,1884,1884,-1,1885,1886,1887,-1,1888,1888,1888,-1,1889,1890,1891,-1,1892,1892,1892,-1,1893,1893,1893,-1,1894,1894,1894,-1,1895,1896,1897,-1,1898,1899,1900,-1,1901,1901,1901,-1,1902,1902,1902,-1,1903,1903,1903,-1,1904,1904,1904,-1,1525,1526,1527,-1,1525,1527,1527,-1,1528,1529,1530,-1,1528,1531,1529,-1,1532,1533,1534,-1,1532,1535,1533,-1,1536,1534,1533,-1,1537,1537,1537,-1,1538,1539,1540,-1,1541,1542,1543,-1,1544,1544,1544,-1,1545,1545,1545,-1,1546,1547,1548,-1,1549,1549,1549,-1,1550,1550,1550,-1,1551,1551,1551,-1,1552,1553,1554,-1,1555,1555,1555,-1,1556,1556,1556,-1,1557,1557,1557,-1,1558,1558,1558,-1,1559,1559,1559,-1,1560,1561,1562,-1,1560,1562,1563,-1,1564,1560,1563,-1,1565,1565,1565,-1,1566,1566,1566,-1,1567,1567,1567,-1,1568,1569,1570,-1,1571,1572,1573,-1,1574,1574,1574,-1,1575,1576,1577,-1,1578,1578,1578,-1,1579,1579,1579,-1,1580,1581,1582,-1,1583,1583,1583,-1,1584,1585,1586,-1,1587,1588,1589,-1,1590,1590,1590,-1,1591,1591,1591,-1,1592,1593,1594,-1,1592,1594,1595,-1,1592,1595,1596,-1,1592,1596,1597,-1,1592,1597,1598,-1,1592,1598,1599,-1,1592,1599,1600,-1,1592,1600,1601,-1,1602,1603,1604,-1,1602,1604,1605,-1,1606,1607,1608,-1,1609,1609,1609,-1,1610,1610,1610,-1,1611,1611,1611,-1,1612,1612,1612,-1,1613,1613,1613,-1,1614,1614,1614,-1,1615,1615,1615,-1,1616,1616,1616,-1,1617,1617,1617,-1,1618,1618,1618,-1,1619,1619,1619,-1,1620,1621,1622,-1,1620,1622,1623,-1,1620,1623,1624,-1,1625,1625,1625,-1,1626,1627,1628,-1,1626,1628,1629,-1,1630,1631,1632,-1,1633,1634,1635,-1,1636,1637,1638,-1,1639,1640,1641,-1,1642,1643,1644,-1,1636,1638,1636,-1,1645,1645,1645,-1,1646,1647,1648,-1,1649,1650,1651,-1,1652,1652,1652,-1,1653,1653,1653,-1,1654,1654,1654,-1,1655,1655,1655,-1,1656,1656,1656,-1,1657,1658,1659,-1,1660,1660,1660,-1,1661,1662,1663,-1,1664,1664,1664,-1,1665,1665,1665,-1,1666,1666,1666,-1,1667,1667,1667,-1,1668,1668,1668,-1,1669,1670,1671,-1,1672,1672,1672,-1,1673,1674,1675,-1,1676,1677,1678,-1,1679,1679,1679,-1,1680,1681,1682,-1,1683,1683,1683,-1,1684,1685,1686,-1,1687,1687,1687,-1,1688,1689,1690,-1,1688,1691,1689,-1,1688,1692,1691,-1,1688,1693,1692,-1,1688,1694,1693,-1,1688,1695,1694,-1,1688,1696,1695,-1,1688,1697,1696,-1,1642,1644,1698,-1,1699,1700,1701,-1,1699,1702,1700,-1,1642,1698,1703,-1,1704,1705,1706,-1,1704,1705,1705,-1,1642,1703,1707,-1,1708,1709,1708,-1,1708,1709,1709,-1,1642,1707,1710,-1,1711,1712,1713,-1,1711,1714,1712,-1,1715,1716,1717,-1,1718,1719,1720,-1,1718,1721,1719,-1,1722,1722,1722,-1,1720,1723,1724,-1,1720,1719,1723,-1,1725,1726,1727,-1,1728,1729,1730,-1,1728,1731,1729,-1,1732,1733,1734,-1,820,1735,820,-1,820,820,1736,-1,1737,1738,1739,-1,1737,1739,1740,-1,1741,1741,1741,-1,1742,1743,1744,-1,1745,1745,1745,-1,1746,1747,1748,-1,1749,1749,1749,-1,1750,1750,1750,-1,1751,1752,1753,-1,1754,1755,1756,-1,1757,1758,1759,-1,1760,1760,1760,-1,1761,1762,1763,-1,1761,1764,1762,-1,1761,1765,1764,-1,1761,1766,1765,-1,1761,1767,1766,-1,1761,1768,1767,-1,1761,1769,1768,-1,1761,1770,1769,-1,1771,1772,1773,-1,780,780,780,-1,1774,1774,1774,-1,1775,1775,1775,-1,1776,1776,1776,-1,1777,1777,1777,-1,1778,1778,1778,-1,1779,1779,1779,-1,1780,1781,1782,-1,1783,1783,1783,-1,1784,1784,1784,-1,1785,1785,1785,-1,1786,1787,1788,-1,1789,1789,1789,-1,1790,1791,1792,-1,1793,1794,1795,-1,1796,1797,1798,-1,1799,1800,1801,-1,1802,1803,1804,-1,1805,1806,1807,-1,1808,1808,1808,-1,1809,1809,1809,-1,1810,1810,1810,-1,1811,1812,1813,-1,1814,1815,1816,-1,1817,1818,1819,-1,1820,1820,1820,-1,1821,1821,1821,-1,1822,1822,1822,-1,1823,1824,1825,-1,1823,1825,1826,-1,1823,1826,1827,-1,1823,1827,1828,-1,1823,1828,1829,-1,1823,1829,1830,-1,1823,1830,1831,-1,1823,1831,1832,-1,1833,1833,1833,-1,1834,1835,1836,-1,1837,1838,1839,-1,1840,1841,1842,-1,1843,1844,1845,-1,1846,1847,1848,-1,1849,1850,1851,-1,1852,1852,1852,-1,1853,1854,1855,-1,1856,1856,1856,-1,1857,1857,1857,-1,1858,1859,1860,-1,1861,1862,1863,-1,1864,1864,1864,-1,1865,1866,1867,-1,1868,1869,1869,-1,1868,1869,1870,-1,1871,1871,1871,-1,1872,1873,1874,-1,1875,1875,1875,-1,1876,1876,1876,-1,1877,1877,1877,-1,1878,1878,1878,-1,1879,1879,1879,-1,1880,1880,1880,-1,1881,1882,1883,-1,1884,1884,1884,-1,1885,1886,1887,-1,1888,1888,1888,-1,1889,1890,1891,-1,1892,1892,1892,-1,1893,1893,1893,-1,1894,1894,1894,-1,1895,1896,1897,-1,1898,1899,1900,-1,1901,1901,1901,-1,1902,1902,1902,-1,1903,1903,1903,-1,1904,1904,1904            ]
          }
        }
        Shape {
          appearance USE M1
          geometry IndexedFaceSet {
            solid FALSE
            coord Coordinate {
              point [
16886.19995117 3978.9818143 11911.59908319,16886.19995117 3979.0020322 11911.59908318,16887.39929199 3979.74208345 11911.49913799,16886.19995117 3979.80197422 11911.59908305,16888.49945068 3980.46191683 11911.49913788,16886.19995117 3980.59199802 11911.59908292,16889.1998291 3981.12185944 11911.3991927,16886.19995117 3981.32213108 11911.59908281,16889.50042725 3981.7119931 11911.39919261,16892.79937744 3981.4720486 11911.09935744,16889.1998291 3982.19188202 11911.39919253,16886.19995117 3982.48179904 11911.59908262,16886.19995117 3981.96185581 11911.5990827,16886.19995117 3982.87204257 11911.59908255,16888.49945068 3982.56190767 11911.49913754,16892.1005249 3981.92180142 11911.19930243,16890.49987793 3982.29182707 11911.29924744,16894.70062256 3981.71199304 11910.99941233,16895.89996338 3981.27177696 11910.89946734,16894.70062256 3980.78196985 11910.99941248,16899.20043945 3981.11194109 11910.59963216,16892.1005249 3980.94180569 11911.19930259,16894.70062256 3980.84186059 11910.99941247,16895.89996338 3980.7117794 11910.89946743,16894.70062256 3980.44208032 11910.99941254,16894.70062256 3981.30191308 11910.9994124,16895.89996338 3981.08180503 11910.89946737,16894.70062256 3981.6620205 11910.99941234,16895.89996338 3981.42207603 11910.89946731,16895.89996338 3981.61204795 11910.89946728,16892.1005249 3981.96185574 11911.19930243,16890.49987793 3982.00191008 11911.29924749,16892.1005249 3981.79210171 11911.19930246,16888.40026855 3982.06180086 11911.49913762,16889.1998291 3981.91188324 11911.39919257,16892.70019531 3981.61204799 11911.09935742,16889.50042725 3981.78180206 11911.39919259,16889.1998291 3981.66202057 11911.39919261,16892.1005249 3981.49188504 11911.1993025,16888.40026855 3981.57199373 11911.4991377,16890.49987793 3981.41177641 11911.29924759,16887.39929199 3981.48196687 11911.49913771,16888.40026855 3981.3518857 11911.49913773,16892.1005249 3981.25194058 11911.19930254,16889.1998291 3981.2218045 11911.39919269,16892.70019531 3981.07188685 11911.0993575,16889.50042725 3981.08180512 11911.39919271,16889.1998291 3980.94180573 11911.39919273,16892.1005249 3980.89183316 11911.1993026,16888.40026855 3980.80180635 11911.49913782,16890.49987793 3980.71177946 11911.2992477,16887.39929199 3980.65188875 11911.49913785,16888.40026855 3980.53210726 11911.49913787,16892.1005249 3980.60191617 11911.19930265,16889.1998291 3980.39210785 11911.39919282,16892.79937744 3980.46191676 11911.0993576,16889.50042725 3980.25210846 11911.39919284,16889.1998291 3980.10180939 11911.39919287,16892.1005249 3980.26202664 11911.19930271,16888.49945068 3979.9518918 11911.49913796,16890.49987793 3980.0220822 11911.29924781,16887.39929199 3979.81189241 11911.49913798,16888.49945068 3979.76191988 11911.49913799,16892.1005249 3980.09189114 11911.19930273,16889.1998291 3979.73178375 11911.39919293,16892.70019531 3980.17199977 11911.09935765,16895.89996338 3980.62175254 11910.89946744,16892.1005249 3980.25210843 11911.19930271,16889.1998291 3979.70202911 11911.39919293,16888.49945068 3979.71194734 11911.499138,16890.49987793 3980.35205351 11911.29924776,16886.19995117 3979.05200473 11911.59908318,16886.19995117 3979.13211338 11911.59908316,16889.50042725 3979.70202911 11911.39919293,16886.19995117 3979.23205844 11911.59908315,16886.19995117 3979.36175815 11911.59908313,16886.19995117 3979.50175754 11911.5990831,16886.19995117 3979.66197483 11911.59908308,16886.19995117 3979.83211032 11911.59908305,16886.19995117 3979.84202854 11911.59908305,16886.19995117 3979.89200107 11911.59908304,16886.19995117 3979.97210971 11911.59908303,16886.19995117 3980.07205478 11911.59908301,16886.19995117 3980.20175449 11911.59908299,16886.19995117 3980.34175388 11911.59908297,16886.19995117 3980.50197116 11911.59908294,16886.19995117 3980.67210666 11911.59908291,16886.19995117 3980.77205173 11911.5990829,16886.19995117 3980.88191501 11911.59908288,16886.19995117 3980.98186008 11911.59908286,16886.19995117 3981.09210483 11911.59908284,16886.19995117 3981.1920499 11911.59908283,16886.19995117 3981.30191318 11911.59908281,16886.19995117 3981.40185825 11911.59908279,16886.19995117 3981.512103 11911.59908277,16886.19995117 3981.61204807 11911.59908276,16886.19995117 3981.72191135 11911.59908274,16886.19995117 3981.82185642 11911.59908272,16886.19995117 3981.93210117 11911.59908271,16886.19995117 3982.04196445 11911.59908269,16886.19995117 3982.14190952 11911.59908267,16886.19995117 3982.2517728 11911.59908265,16887.39929199 3982.22201814 11911.49913759,16886.19995117 3982.35209934 11911.59908264,16886.19995117 3982.37193576 11911.59908263,16888.49945068 3982.20180025 11911.49913759,16886.19995117 3982.4219083 11911.59908263,16889.1998291 3982.23193634 11911.39919252,16886.19995117 3982.49209873 11911.59908262,16889.50042725 3982.30212677 11911.39919251,16892.70019531 3981.98207362 11911.09935736,16889.1998291 3982.42190826 11911.39919249,16892.1005249 3982.09193692 11911.19930241,16888.49945068 3982.60196199 11911.49913753,16886.19995117 3982.73204318 11911.59908258,16886.19995117 3982.60196201 11911.5990826,16887.39929199 3982.83198824 11911.49913749,16886.19995117 3983.03187839 11911.59908253,16886.19995117 3983.19209568 11911.5990825,16886.19995117 3983.11198703 11911.59908251              ]
            }
            coordIndex [
0,1,2,-1,0,2,3,-1,3,2,4,-1,3,4,5,-1,5,4,6,-1,5,6,7,-1,7,6,8,-1,6,9,8,-1,10,8,9,-1,11,12,8,-1,13,10,14,-1,14,10,15,-1,10,9,15,-1,14,15,16,-1,16,15,17,-1,15,9,18,-1,15,18,17,-1,19,20,18,-1,21,19,18,-1,21,18,9,-1,17,18,20,-1,22,20,23,-1,24,23,20,-1,25,20,26,-1,22,26,20,-1,27,20,28,-1,25,28,20,-1,17,20,29,-1,27,29,20,-1,30,29,27,-1,31,30,27,-1,31,27,32,-1,32,27,28,-1,33,31,32,-1,33,32,34,-1,34,32,35,-1,32,28,35,-1,34,35,36,-1,37,36,35,-1,37,35,38,-1,38,35,28,-1,39,37,38,-1,39,38,40,-1,40,38,25,-1,38,28,25,-1,41,39,40,-1,41,40,42,-1,42,40,43,-1,40,25,43,-1,42,43,44,-1,44,43,45,-1,43,25,26,-1,43,26,45,-1,44,45,46,-1,47,46,45,-1,47,45,48,-1,48,45,26,-1,49,47,48,-1,49,48,50,-1,50,48,22,-1,48,26,22,-1,51,49,50,-1,51,50,52,-1,52,50,53,-1,50,22,53,-1,52,53,54,-1,54,53,55,-1,53,22,23,-1,53,23,55,-1,54,55,56,-1,57,56,55,-1,57,55,58,-1,58,55,23,-1,59,58,60,-1,60,58,24,-1,58,23,24,-1,61,59,60,-1,61,60,62,-1,62,60,63,-1,60,24,63,-1,62,63,64,-1,64,63,65,-1,63,24,66,-1,63,66,65,-1,67,65,66,-1,67,66,19,-1,68,65,67,-1,69,68,67,-1,69,67,70,-1,70,67,19,-1,2,69,70,-1,2,70,4,-1,4,70,21,-1,70,19,21,-1,71,68,69,-1,1,71,69,-1,1,69,2,-1,71,72,68,-1,72,73,68,-1,72,74,73,-1,75,73,74,-1,68,73,65,-1,64,65,73,-1,75,64,73,-1,76,64,75,-1,76,62,64,-1,77,62,76,-1,77,61,62,-1,78,61,77,-1,78,79,61,-1,79,59,61,-1,79,80,59,-1,80,81,57,-1,81,56,57,-1,81,82,56,-1,83,56,82,-1,83,54,56,-1,84,54,83,-1,84,52,54,-1,85,52,84,-1,85,51,52,-1,86,51,85,-1,86,87,51,-1,87,49,51,-1,87,88,49,-1,88,47,49,-1,88,89,47,-1,89,46,47,-1,89,90,46,-1,91,46,90,-1,91,44,46,-1,92,44,91,-1,92,42,44,-1,93,42,92,-1,93,41,42,-1,94,41,93,-1,94,95,41,-1,95,39,41,-1,95,96,39,-1,96,37,39,-1,96,97,37,-1,97,36,37,-1,97,98,36,-1,99,36,98,-1,99,34,36,-1,100,34,99,-1,100,33,34,-1,101,33,100,-1,101,102,33,-1,103,102,101,-1,103,104,102,-1,104,105,102,-1,104,106,105,-1,106,107,105,-1,102,105,31,-1,105,107,30,-1,105,30,31,-1,108,109,107,-1,106,108,107,-1,107,109,110,-1,107,110,30,-1,111,110,109,-1,30,110,29,-1,112,29,110,-1,111,112,110,-1,113,112,111,-1,13,113,111,-1,13,111,114,-1,114,111,109,-1,114,109,115,-1,108,115,109,-1,116,16,113,-1,117,116,113,-1,117,113,13,-1,113,16,112,-1,118,116,117,-1,118,119,116,-1,119,14,116,-1,119,13,14,-1,116,14,16,-1,16,17,112,-1,112,17,29,-1,102,31,33,-1,4,21,6,-1,6,21,9            ]
            ccw TRUE
            normalPerVertex TRUE
            normal Normal {
              vector [
-0.08098 0.99672 0,0.08311 -0.99654 0,0.07686 -0.99044 -0.11457,0.04339 -0.99906 0,0.0488 -0.99391 0.0988,0.06654 -0.99778 0,0.06429 -0.99738 -0.03316,0.08717 -0.9953 -0.04227,0.09434 -0.99394 0.05637,0.06035 -0.99818 0,0.0089 -0.96956 -0.24467,0.05248 -0.98581 -0.15943,0.05599 -0.99016 -0.12828,0.05583 -0.98981 -0.13102,0.05552 -0.98909 -0.13645,0.14112 -0.92828 0.34407,0.08375 -0.99087 0.10569,0.05536 -0.98872 -0.13916,0.07478 -0.99707 -0.01595,0.08969 -0.99588 -0.01313,0.07763 -0.99693 0.00974,0.07081 -0.99291 0.09544,0.06986 -0.99272 0.09811,0.07317 -0.99336 0.08884,0.09187 -0.99559 0.01882,-0.08675 0.99589 -0.02614,-0.09827 0.99349 0.05759,-0.08981 0.99547 -0.0311,-0.091 0.99536 0.03138,-0.09642 0.99375 -0.0563,-0.08716 0.99571 0.03092,0.07253 -0.99348 -0.08792,-0.08032 0.99527 0.05469,-0.08566 0.9944 -0.06183,-0.05773 0.98292 0.17474,-0.08341 0.97753 -0.1936,-0.0745 0.99676 0.03044,-0.09887 0.95209 -0.28941,-0.05036 0.93783 0.34343,-0.05024 0.9382 0.34242,-0.05007 0.93873 0.34101,-0.04993 0.93913 0.33992,-0.03359 0.91349 0.40547,-0.10401 0.96814 -0.2278,-0.08015 0.97789 0.19316,-0.08575 0.93676 -0.33929,-0.07912 0.92187 -0.37933,-0.08355 0.95119 -0.29707,-0.07304 0.96823 0.23917,-0.06766 0.98933 0.12899,-0.07956 0.99648 -0.02638,-0.04474 0.86664 0.49692,-0.06693 0.85516 -0.51402,-0.08508 0.96818 -0.23536,-0.0731 0.9884 -0.13313,-0.06904 0.95313 0.29458,-0.06902 0.95367 0.29284,-0.06899 0.95446 0.29025,-0.06897 0.95499 0.2885,-0.07727 0.99676 0.02255,-0.06003 0.94146 0.33174,-0.09205 0.97771 -0.1887,-0.0908 0.97832 0.18613,-0.07107 0.95656 -0.28274,-0.05744 0.93947 -0.33779,-0.07098 0.96101 -0.26723,-0.08429 0.97688 0.19649,-0.07394 0.98996 0.12045,-0.07741 0.99678 -0.02087,-0.06618 0.8943 0.44254,-0.05068 0.90591 -0.42042,-0.07525 0.9773 -0.19805,-0.06817 0.99277 -0.09884,-0.08269 0.97411 0.2104,-0.08515 0.96416 0.25129,-0.07941 0.99658 0.02279,-0.08343 0.9571 0.27748,-0.07873 0.98384 -0.16081,-0.10168 0.97586 0.19329,-0.04905 0.95426 -0.29493,-0.03141 0.92921 -0.3682,-0.10557 0.94937 0.29591,-0.08778 0.97693 0.19469,-0.07333 0.99687 -0.02939,-0.09223 0.66866 0.73783,-0.02235 0.86472 -0.50175,-0.04047 0.92355 -0.38134,-0.05434 0.98348 -0.17265,-0.11286 0.91575 0.38558,-0.12121 -0.09913 0.98767,0.02367 -0.95853 0.28401,-0.14144 0.06318 0.98793,0.10811 -0.92591 -0.36195,0.08047 -0.99667 -0.01355,0.12049 -0.95333 -0.27685,0.12902 -0.93867 -0.31977,0.12966 -0.94055 -0.31394,0.12864 -0.93752 -0.32328,0.06812 -0.99335 0.09276,0.06533 -0.99606 0.05998,0.00768 -0.95943 0.28183,0.09074 -0.98578 -0.14142,0.09428 -0.99202 -0.08376,0.07466 -0.99652 -0.03717,0.13003 -0.94165 -0.31046,-0.04269 0.99909 0,0.00347 -0.99216 0.12494,-0.06607 0.99782 0,0 -0.94335 0.3318,-0.06036 0.99818 0,-0.06034 0.99818 0,-0.06033 0.99818 0,-0.06031 0.99818 0,0 -0.85558 0.51766,-0.03542 0.93975 -0.34001,-0.02842 0.95664 -0.28987,-0.06697 0.99776 0,-0.09642 0.83986 0.53416,-0.04345 0.99906 0,-0.02003 0.90235 -0.43054,-0.07929 0.99685 0,-0.07751 0.99699 -0,-0.08341 0.99652 0,-0.07526 0.99716 0,-0.06179 0.88009 0.47077,-0.04335 0.99906 0,-0.06615 0.99781 0,-0.07221 0.98667 0.14586,-0.06037 0.99818 0,-0.06038 0.99818 0,-0.06039 0.99817 0,-0.05787 0.99031 -0.12626,-0.06687 0.99776 0,-0.0683 0.95274 0.296,-0.04543 0.99897 0,-0.03841 0.94575 -0.32261,-0.08291 0.99656 0,-0.08305 0.99655 0,-0.08243 0.9966 0,-0.04732 0.94743 0.31644,-0.04558 0.99896 0,-0.05474 0.93185 -0.35869,-0.06695 0.99776 0,-0.06372 0.98824 0.13903,-0.06089 0.99814 0,-0.06041 0.99817 0,-0.06043 0.99817 0,-0.05992 0.9982 0,-0.06459 0.98802 -0.14016,-0.06682 0.99777 0,-0.05033 0.91471 0.40097,-0.04568 0.99896 0,-0.05044 0.91959 -0.38964,-0.08307 0.99654 0,-0.08304 0.99655 0,-0.08267 0.99658 0,-0.08345 0.99651 0,-0.03484 0.92142 0.387,-0.04532 0.99897 0,-0.06885 0.90981 -0.40928,-0.06596 0.99782 0,-0.0585 0.98735 0.14734,-0.06004 0.9982 0,-0.0604 0.99817 0,-0.06039 0.99817 0,-0.06074 0.99815 0,-0.0727 0.98268 -0.17046,-0.02245 0.88038 0.47374,-0.08377 0.84781 -0.52365,-0.08206 0.99663 0,-0.08144 0.99668 -0,-0.0833 0.99652 0,0.01135 0.79584 0.6054,-0.04271 0.99909 0,-0.091 0.80902 -0.5807,0.01403 0.62362 0.7816,-0.10518 0.88329 -0.45687,-0.04511 0.90155 0.43032,-0.04732 0.97754 0.20537,-0.06643 0.99779 0,-0.06295 0.96432 0.25715,-0.11267 0.7989 -0.59082,-0.11888 0.95103 -0.28531,-0.11605 0.80732 -0.57858,0.06127 0.53428 0.84308,0.05417 0.59442 0.80233,-0.00919 0.89731 0.4413,0.03295 0.8146 0.57908,-0.06661 0.99778 0,-0.08773 0.97102 -0.22232,-0.06042 0.99817 0,-0.06042 0.99817 0,-0.06054 0.99817 0,-0.17809 0.4657 -0.86684,-0.18768 0.44702 -0.87461,-0.04331 0.99906 0,-0.0593 -0.64834 -0.75904,-0.08292 0.99656 0,0.08228 -0.99661 0,0.24225 -0.13347 0.96099,0.04333 -0.99906 0,0.16057 -0.72744 0.66712,-0.01751 -0.79728 -0.60335,0.09159 -0.99314 0.07267,-0.09341 0.8064 -0.58395,0.0731 -0.99488 0.06976,0.07411 -0.99352 0.08618              ]
            }
            normalIndex [
0,0,0,-1,1,1,1,-1,2,2,2,-1,3,3,3,-1,4,4,4,-1,5,5,5,-1,6,6,6,-1,7,7,7,-1,8,8,8,-1,9,9,9,-1,10,10,10,-1,11,11,11,-1,12,13,14,-1,15,15,15,-1,16,16,16,-1,14,13,17,-1,18,18,18,-1,19,19,19,-1,20,20,20,-1,21,22,23,-1,24,24,24,-1,25,25,25,-1,26,26,26,-1,27,27,27,-1,28,28,28,-1,29,29,29,-1,30,30,30,-1,31,31,31,-1,32,32,32,-1,33,33,33,-1,34,34,34,-1,35,35,35,-1,36,36,36,-1,37,37,37,-1,38,39,40,-1,40,39,41,-1,42,42,42,-1,43,43,43,-1,44,44,44,-1,45,45,45,-1,46,46,46,-1,47,47,47,-1,48,48,48,-1,49,49,49,-1,50,50,50,-1,51,51,51,-1,52,52,52,-1,53,53,53,-1,54,54,54,-1,55,56,57,-1,57,56,58,-1,59,59,59,-1,60,60,60,-1,61,61,61,-1,62,62,62,-1,63,63,63,-1,64,64,64,-1,65,65,65,-1,66,66,66,-1,67,67,67,-1,68,68,68,-1,69,69,69,-1,70,70,70,-1,71,71,71,-1,72,72,72,-1,73,73,73,-1,74,74,74,-1,75,75,75,-1,76,76,76,-1,77,77,77,-1,78,78,78,-1,79,79,79,-1,80,80,80,-1,81,81,81,-1,82,82,82,-1,83,83,83,-1,84,84,84,-1,85,85,85,-1,86,86,86,-1,87,87,87,-1,88,88,88,-1,89,89,89,-1,90,90,90,-1,91,91,91,-1,92,92,92,-1,93,93,93,-1,94,94,94,-1,95,96,97,-1,98,98,98,-1,99,99,99,-1,100,100,100,-1,101,101,101,-1,102,102,102,-1,103,103,103,-1,104,96,95,-1,105,105,105,-1,106,106,106,-1,107,107,107,-1,108,108,108,-1,109,110,111,-1,112,111,110,-1,113,113,113,-1,114,114,114,-1,115,115,115,-1,116,116,116,-1,117,117,117,-1,118,118,118,-1,119,119,119,-1,120,121,122,-1,120,123,121,-1,124,124,124,-1,125,125,125,-1,126,126,126,-1,127,127,127,-1,109,128,129,-1,130,129,128,-1,131,131,131,-1,132,132,132,-1,133,133,133,-1,134,134,134,-1,135,135,135,-1,136,137,122,-1,136,138,137,-1,139,139,139,-1,140,140,140,-1,141,141,141,-1,142,142,142,-1,143,143,143,-1,144,145,146,-1,147,146,145,-1,148,148,148,-1,149,149,149,-1,150,150,150,-1,151,151,151,-1,152,152,152,-1,153,154,155,-1,153,156,154,-1,157,157,157,-1,158,158,158,-1,159,159,159,-1,160,160,160,-1,161,161,161,-1,162,163,164,-1,165,164,163,-1,166,166,166,-1,142,142,142,-1,167,167,167,-1,140,140,140,-1,168,168,168,-1,169,170,171,-1,169,0,170,-1,172,172,172,-1,173,173,173,-1,174,174,174,-1,175,175,175,-1,176,176,176,-1,177,177,177,-1,178,178,178,-1,179,179,179,-1,180,180,180,-1,181,181,181,-1,182,182,182,-1,183,183,183,-1,184,184,184,-1,185,185,185,-1,186,186,186,-1,187,187,187,-1,188,188,188,-1,189,189,189,-1,112,190,191,-1,192,191,190,-1,193,193,193,-1,194,194,194,-1,195,195,195,-1,196,196,196,-1,197,197,197,-1,198,198,198,-1,199,199,199,-1,200,200,200,-1,201,201,201,-1,202,202,202,-1,203,203,203,-1,204,204,204,-1,205,205,205,-1,206,21,23            ]
          }
        }
        Shape {
          appearance USE M0
          geometry IndexedFaceSet {
            coord Coordinate {
              point [
3608.95004272 5078.5020631 12756.89919702,3408.95004272 5281.26199658 12756.89916399,3408.95004272 5078.5020631 12756.89919702,3408.95004272 5281.26196399 12556.89916399,3408.95004272 5078.50203052 12556.89919702,3608.95004272 5281.26199658 12756.89916399,3608.95004272 5078.50203052 12556.89919702,3608.95004272 5281.26196399 12556.89916399,3608.82987976 2679.08247896 15157.69914848,3408.82987976 5283.08237978 15157.69872424,3408.82987976 2679.08247896 15157.69914848,3408.82987976 5283.0823472 14957.69872424,3408.82987976 2679.08244638 14957.69914848,3608.82987976 5283.08237978 15157.69872424,3608.82987976 2679.08244638 14957.69914848,3608.82987976 5283.0823472 14957.69872424,3606.82983398 5081.081943 12757.69952009,7010.82992554 5281.081943 12757.6994875,3606.82983398 5281.081943 12757.6994875,7010.82992554 5281.08191041 12557.6994875,3606.82983398 5281.08191041 12557.6994875,7010.82992554 5081.081943 12757.69952009,3606.82983398 5081.08191041 12557.69952009,7010.82992554 5081.08191041 12557.69952009,3606.82983398 5081.082334 15157.69875715,7010.82992554 5281.082334 15157.69872456,3606.82983398 5281.082334 15157.69872456,7010.82992554 5281.08230142 14957.69872456,3606.82983398 5281.08230142 14957.69872456,7010.82992554 5081.082334 15157.69875715,3606.82983398 5081.08230142 14957.69875715,7010.82992554 5081.08230142 14957.69875715,7208.83026123 2679.08247896 15157.69914848,7008.83026123 5283.08237978 15157.69872424,7008.83026123 2679.08247896 15157.69914848,7008.83026123 5283.0823472 14957.69872424,7008.83026123 2679.08244638 14957.69914848,7208.83026123 5283.08237978 15157.69872424,7208.83026123 2679.08244638 14957.69914848,7208.83026123 5283.0823472 14957.69872424,7208.83026123 5081.08230142 14957.69875715,7208.83026123 5281.08194298 12757.5987795,7208.83026123 5281.08230142 14957.69872456,7008.83026123 5281.08194298 12757.5987795,7008.83026123 5281.08230142 14957.69872456,7208.83026123 5081.08194298 12757.59881208,7008.83026123 5081.08230142 14957.69875715,7008.83026123 5081.08194298 12757.59881208,3608.82987976 5081.08230142 14957.69875715,3608.82987976 5281.08194298 12757.5987795,3608.82987976 5281.08230142 14957.69872456,3408.82987976 5281.08194298 12757.5987795,3408.82987976 5281.08230142 14957.69872456,3608.82987976 5081.08194298 12757.59881208,3408.82987976 5081.08230142 14957.69875715,3408.82987976 5081.08194298 12757.59881208,7210.74981689 5078.51198159 12758.59902612,7010.74981689 5281.27191507 12758.59899309,7010.74981689 5078.51198159 12758.59902612,7010.74981689 5281.27188248 12558.59899309,7010.74981689 5078.51194901 12558.59902612,7210.74981689 5281.27191507 12758.59899309,7210.74981689 5078.51194901 12558.59902612,7210.74981689 5281.27188248 12558.59899309              ]
            }
            coordIndex [
0,1,2,-1,2,1,3,-1,2,3,4,-1,4,0,2,-1,0,5,1,-1,6,5,0,-1,4,6,0,-1,6,7,5,-1,4,7,6,-1,7,3,1,-1,4,3,7,-1,7,1,5,-1,8,9,10,-1,10,9,11,-1,10,11,12,-1,12,8,10,-1,8,13,9,-1,14,13,8,-1,12,14,8,-1,14,15,13,-1,12,15,14,-1,15,11,9,-1,12,11,15,-1,15,9,13,-1,16,17,18,-1,18,17,19,-1,18,19,20,-1,20,16,18,-1,16,21,17,-1,22,21,16,-1,20,22,16,-1,22,23,21,-1,20,23,22,-1,23,19,17,-1,20,19,23,-1,23,17,21,-1,24,25,26,-1,26,25,27,-1,26,27,28,-1,28,24,26,-1,24,29,25,-1,30,29,24,-1,28,30,24,-1,30,31,29,-1,28,31,30,-1,31,27,25,-1,28,27,31,-1,31,25,29,-1,32,33,34,-1,34,33,35,-1,34,35,36,-1,36,32,34,-1,32,37,33,-1,38,37,32,-1,36,38,32,-1,38,39,37,-1,36,39,38,-1,39,35,33,-1,36,35,39,-1,39,33,37,-1,40,41,42,-1,42,41,43,-1,42,43,44,-1,44,40,42,-1,40,45,41,-1,46,45,40,-1,44,46,40,-1,46,47,45,-1,44,47,46,-1,47,43,41,-1,44,43,47,-1,47,41,45,-1,48,49,50,-1,50,49,51,-1,50,51,52,-1,52,48,50,-1,48,53,49,-1,54,53,48,-1,52,54,48,-1,54,55,53,-1,52,55,54,-1,55,51,49,-1,52,51,55,-1,55,49,53,-1,56,57,58,-1,58,57,59,-1,58,59,60,-1,60,56,58,-1,56,61,57,-1,62,61,56,-1,60,62,56,-1,62,63,61,-1,60,63,62,-1,63,59,57,-1,60,59,63,-1,63,57,61            ]
            ccw TRUE
            normalPerVertex TRUE
            normal Normal {
              vector [
0 -1 0,-1 0 0,0 0 -1,1 0 0,0 1 0,0 0 1              ]
            }
            normalIndex [
0,0,0,-1,1,1,1,-1,1,1,1,-1,2,2,2,-1,0,0,0,-1,3,3,3,-1,2,2,2,-1,3,3,3,-1,4,4,4,-1,5,5,5,-1,4,4,4,-1,5,5,5,-1,0,0,0,-1,1,1,1,-1,1,1,1,-1,2,2,2,-1,0,0,0,-1,3,3,3,-1,2,2,2,-1,3,3,3,-1,4,4,4,-1,5,5,5,-1,4,4,4,-1,5,5,5,-1,0,0,0,-1,5,5,5,-1,5,5,5,-1,1,1,1,-1,0,0,0,-1,2,2,2,-1,1,1,1,-1,2,2,2,-1,4,4,4,-1,3,3,3,-1,4,4,4,-1,3,3,3,-1,0,0,0,-1,5,5,5,-1,5,5,5,-1,1,1,1,-1,0,0,0,-1,2,2,2,-1,1,1,1,-1,2,2,2,-1,4,4,4,-1,3,3,3,-1,4,4,4,-1,3,3,3,-1,0,0,0,-1,1,1,1,-1,1,1,1,-1,2,2,2,-1,0,0,0,-1,3,3,3,-1,2,2,2,-1,3,3,3,-1,4,4,4,-1,5,5,5,-1,4,4,4,-1,5,5,5,-1,3,3,3,-1,5,5,5,-1,5,5,5,-1,0,0,0,-1,3,3,3,-1,2,2,2,-1,0,0,0,-1,2,2,2,-1,1,1,1,-1,4,4,4,-1,1,1,1,-1,4,4,4,-1,3,3,3,-1,5,5,5,-1,5,5,5,-1,0,0,0,-1,3,3,3,-1,2,2,2,-1,0,0,0,-1,2,2,2,-1,1,1,1,-1,4,4,4,-1,1,1,1,-1,4,4,4,-1,0,0,0,-1,1,1,1,-1,1,1,1,-1,2,2,2,-1,0,0,0,-1,3,3,3,-1,2,2,2,-1,3,3,3,-1,4,4,4,-1,5,5,5,-1,4,4,4,-1,5,5,5            ]
          }
        }
        Shape {
          appearance USE M4
          geometry IndexedFaceSet {
            solid FALSE
            coord Coordinate {
              point [
7131.77032471 2781.09242666 15057.69913186,3529.29000854 5181.0926174 15057.69874085,7131.77032471 5181.0926174 15057.69874085,3529.29000854 2781.09242666 15057.69913186,3529.29000854 2781.09203565 12657.6998948,7131.77032471 2781.09203565 12657.6998948,7131.77032471 5181.09222639 12657.69950379,3529.29000854 5181.09222639 12657.69950379              ]
            }
            coordIndex [
0,1,2,-1,0,3,1,-1,4,3,0,-1,4,0,5,-1,6,2,1,-1,6,1,7,-1,0,1,2,-1,0,3,1,-1,4,3,0,-1,4,0,5,-1,6,2,1,-1,6,1,7,-1,0,2,1,-1,0,1,3,-1,4,0,3,-1,4,5,0,-1,6,1,2,-1,6,7,1,-1,0,2,1,-1,0,1,3,-1,4,0,3,-1,4,5,0,-1,6,1,2,-1,6,7,1            ]
            ccw TRUE
            normalPerVertex TRUE
            normal Normal {
              vector [
5E-05 -1 0,-5E-05 -1 -0,-0 -1 5E-05,0 -1 -5E-05,0.00035 0.00052 -1,-0.00062 0 -1,0 -0.00062 -1,-0 0.00062 -1,-0.00035 -0.00052 -1,0.00062 -0 -1,-0.00035 0.00052 1,0.00062 0 1,-0 -0.00062 1,0 0.00062 1,0.00035 -0.00052 1,-0.00062 -0 1,0 1 0,-0.00048 -0.00072 1,0.00086 0 1,0 0.00086 1,-0 -0.00086 1,0.00048 0.00072 1,-0.00086 0 1,0.00048 -0.00072 -1,-0.00086 0 -1,-0 0.00086 -1,0 -0.00086 -1,-0.00048 0.00072 -1,0.00086 0 -1,-5E-05 1 -0,0 1 -5E-05,5E-05 1 0,-0 1 5E-05,-0.00027 -0.0004 1,0 0.00048 1,0.00048 -0 1,-0 -0.00048 1,-0.00048 0 1,0.00027 0.0004 1,0.00027 -0.0004 -1,-0 0.00048 -1,-0.00048 -0 -1,0 -0.00048 -1,0.00048 0 -1,-0.00027 0.0004 -1,0 -1 0,0.00037 0.00056 -1,-0 -0.00067 -1,-0.00067 0 -1,0 0.00067 -1,0.00067 -0 -1,-0.00037 -0.00056 -1,-0.00037 0.00056 1,0 -0.00067 1,0.00067 0 1,-0 0.00067 1,-0.00067 -0 1,0.00037 -0.00056 1              ]
            }
            normalIndex [
0,1,2,-1,0,3,1,-1,4,5,6,-1,7,8,9,-1,10,11,12,-1,13,14,15,-1,16,16,16,-1,16,16,16,-1,17,18,19,-1,20,21,22,-1,23,24,25,-1,26,27,28,-1,29,30,31,-1,29,31,32,-1,33,34,35,-1,36,37,38,-1,39,40,41,-1,42,43,44,-1,45,45,45,-1,45,45,45,-1,46,47,48,-1,49,50,51,-1,52,53,54,-1,55,56,57            ]
          }
        }
        Shape {
          appearance USE M4
          geometry IndexedFaceSet {
            solid FALSE
            coord Coordinate {
              point [
16886.19995117 2604.81243388 15235.00018597,7139.81018066 3312.18240021 15058.29871575,16886.19995117 2604.71248881 15235.00018599,7108.83026123 3233.61260641 15057.69905814,7108.83026123 3187.15245474 15057.69906571,16886.19995117 2604.60243479 15235.00018601,16887.39929199 2604.65240733 15235.000186,7108.83026123 3140.68238485 15057.69907328,16886.19995117 2604.50248973 15235.00018602,7108.83026123 3094.22242391 15057.69908085,16886.19995117 2604.39243571 15235.00018604,7108.83026123 3047.75254476 15057.69908842,16886.19995117 2604.29249064 15235.00018606,7108.83026123 3001.29239309 15057.69909599,16886.19995117 2604.18243663 15235.00018608,7108.83026123 2954.83243215 15057.69910356,16886.19995117 2604.08249156 15235.00018609,7108.83026123 2908.36236227 15057.69911113,16886.19995117 2603.97243754 15235.00018611,7108.83026123 2861.90240133 15057.6991187,16886.19995117 2603.87249247 15235.00018613,7108.83026123 2966.94237936 15057.69910158,7108.83026123 2930.68253687 15054.20026716,16886.19995117 2603.87249244 15234.80029599,7108.83026123 2895.82249638 15043.59999208,16886.19995117 2603.87249239 15234.49969785,7108.83026123 2863.69244292 15026.40029028,16886.19995117 2603.87249236 15234.29980771,7108.83026123 2835.52242573 15003.30001411,16886.19995117 2603.87249233 15234.09991757,7108.83026123 2812.41241291 14975.19943194,16886.19995117 2603.87249229 15233.90002744,7108.83026123 2795.24245528 14942.99881218,16886.19995117 2603.87249226 15233.7001373,7108.83026123 2784.66238674 14908.19961956,16886.19995117 2603.87249223 15233.50024716,7108.83026123 2781.09239639 14871.89896097,16886.19995117 2603.8724922 15233.29883115,7108.83026123 2781.09238323 14791.09909524,7139.80026245 2778.72245876 14522.3002675,16886.19995117 2034.97235069 13858.99930225,16886.19995117 2034.97235072 13859.19919239,7108.83026123 2781.09232661 14443.60001077,7139.81018066 2778.92234897 14522.79922987,16886.19995117 2034.97235074 13859.29990039,7139.81018066 2779.14245709 14523.29971812,16886.19995117 2604.08249131 15233.50024713,16887.39929199 2604.02240986 15233.70013727,16888.40026855 2604.17251823 15233.90002739,16886.19995117 2604.29249043 15233.70013723,16889.1998291 2604.34246303 15234.0999175,16890.4006958 2604.07257321 15234.19909967,16891.79992676 2604.20246369 15234.39898978,16892.39959717 2604.36249025 15234.49969777,16893.699646 2604.0924097 15234.59887994,16894.40002441 2604.23240911 15234.69958792,16891.79992676 2604.57248937 15234.69958787,16895.30029297 2604.15249122 15234.80029594,16893.699646 2604.43249 15234.8002959,16890.4006958 2604.81243385 15234.80029584,16888.40026855 2604.96254217 15234.6995878,16889.1998291 2604.7424341 15234.4996977,16886.19995117 2605.1324869 15234.49969764,16886.19995117 2604.92248778 15234.29980754,16889.50042725 2604.53243499 15234.2998076,16886.19995117 2604.71248866 15234.09991744,16886.19995117 2604.50248955 15233.90002733,7139.81018066 2779.38240164 14523.89938849,7139.81018066 2779.63245515 14524.49905886,16886.19995117 2034.97235079 13859.59897266,16886.19995117 2034.97235081 13859.69968067,7139.81018066 2779.8723997 14525.10025511,16886.19995117 2034.97235082 13859.80038868,7139.81018066 2780.11234426 14525.69992548,7139.81018066 2780.33245237 14526.19888785,16886.19995117 2034.97235084 13859.8995708,7139.81018066 2780.53234259 14526.6993761,16886.19995117 2605.34248603 15234.80029575,16887.39929199 2605.20248664 15234.80029577,16886.19995117 2605.55248515 15235.00018585,16917.19970703 2603.30257678 15235.49914862,16917.19970703 3981.09273934 15806.19899739,16886.19995117 3983.19272981 15803.89949754,7139.80026245 3316.53229979 15060.09925215,7139.81018066 3316.06232906 15059.89936209,16886.19995117 2605.44243113 15235.00018587,16886.19995117 3982.3725699 15803.89949767,16886.19995117 3981.5825461 15803.8994978,7139.81018066 3315.53246757 15059.69947204,16886.19995117 3980.85241304 15803.89949792,7139.81018066 3314.95263356 15059.499582,16886.19995117 2605.34248606 15235.00018589,16888.40026855 2605.07240548 15234.89947792,16889.1998291 2604.95243325 15234.89947794,16886.19995117 2605.23243205 15235.00018591,16889.50042725 2604.84256999 15235.00018597,16891.79992676 2604.68254342 15234.89947799,16892.39959717 2604.58240763 15235.00018601,16889.1998291 2604.76246134 15235.00018598,16894.40002441 2604.34246316 15234.89947804,16891.79992676 2604.52251689 15235.00018602,16888.40026855 2604.7025706 15235.00018599,16886.19995117 2604.92248789 15235.00018596,16886.19995117 2605.02243296 15235.00018594,7139.81018066 3313.17231421 15058.70002174,16886.19995117 2605.13248698 15235.00018592,7139.81018066 3313.75252972 15058.99909391,16886.19995117 3979.30250154 15803.89949817,16886.19995117 3979.06255708 15803.89949821,7139.81018066 3312.64245273 15058.50013169,16886.19995117 3978.98244844 15803.89949823,16886.19995117 3979.15258394 15803.8994982,7108.83026123 3395.24247396 15057.69903181,16887.39929199 3979.35247409 15803.99868029,16888.49945068 3979.58250034 15803.99868026,16886.19995117 3979.31241975 15803.89949817,7108.83026123 3441.7024349 15057.69902424,7108.83026123 3488.16239584 15057.69901667,16886.19995117 3979.45241914 15803.89949815,7108.83026123 3534.63227499 15057.6990091,16889.1998291 3979.75263585 15804.09938824,16889.50042725 3979.88271703 15804.09938822,16886.19995117 3979.58250032 15803.89949813,16886.19995117 3979.68244539 15803.89949811,7108.83026123 3581.0926174 15057.69900153,7108.83026123 3627.55257833 15057.69899396,16886.19995117 3979.76255403 15803.8994981,7108.83026123 3674.01253927 15057.69898639,16886.19995117 3979.81252656 15803.89949809,16888.49945068 3979.97274387 15803.99868019,16889.1998291 3979.95252599 15804.0993882,16892.1005249 3980.22260659 15804.2992783,16892.70019531 3980.19247049 15804.39998631,16895.89996338 3980.56249616 15804.59987639,16892.1005249 3980.0826072 15804.29927832,16890.49987793 3979.89263526 15804.20009622,16894.70062256 3980.47246929 15804.49916839,16892.1005249 3980.26266091 15804.29927829,16895.89996338 3980.90238569 15804.59987633,16899.20043945 3981.06260302 15804.89894857,16894.70062256 3981.74276348 15804.49916819,16895.89996338 3981.5524101 15804.59987623,16894.70062256 3981.39257427 15804.49916824,16894.70062256 3981.34260174 15804.49916825,16895.89996338 3981.47268293 15804.59987624,16894.70062256 3980.88254925 15804.49916833,16895.89996338 3981.10265729 15804.5998763,16894.70062256 3980.51252361 15804.49916839,16895.89996338 3980.7623863 15804.59987635,16890.49987793 3980.18255225 15804.20009618,16892.1005249 3980.39274208 15804.29927827,16888.40026855 3980.11274326 15803.99868017,16889.1998291 3980.26266087 15804.09938815,16892.70019531 3980.57241434 15804.39998625,16889.50042725 3980.40266026 15804.09938813,16889.1998291 3980.51252355 15804.09938811,16892.1005249 3980.69257729 15804.29927822,16888.40026855 3980.6124686 15803.99868009,16890.49987793 3980.76238623 15804.20009608,16887.39929199 3980.69257724 15803.99868008,16888.40026855 3980.83257663 15803.99868005,16892.1005249 3980.93252175 15804.29927818,16889.1998291 3980.96265782 15804.09938804,16892.70019531 3981.10265726 15804.39998616,16889.50042725 3981.10265721 15804.09938802,16889.1998291 3981.2426566 15804.09938799,16892.1005249 3981.29262917 15804.29927812,16888.40026855 3981.38265598 15803.99867996,16890.49987793 3981.47268286 15804.20009596,16887.39929199 3981.53257358 15803.99867994,16888.40026855 3981.65273654 15803.99867992,16892.1005249 3981.57262795 15804.29927808,16889.1998291 3981.78243626 15804.09938791,16892.79937744 3981.72254557 15804.39998606,16889.50042725 3981.92243565 15804.09938788,16889.1998291 3982.07273473 15804.09938786,16892.1005249 3981.92243569 15804.29927802,16889.1998291 3982.48243321 15804.09938779,16892.70019531 3982.01246256 15804.39998601,16888.49945068 3982.47251498 15803.99867979,16890.49987793 3981.83240882 15804.20009591,16888.49945068 3982.23257053 15803.99867983,16890.49987793 3982.1627616 15804.20009585,16887.39929199 3982.37256992 15803.9986798,16888.49945068 3982.41262424 15803.9986798,16892.1005249 3982.09257119 15804.29927799,16889.1998291 3982.45267857 15804.0993878,16886.19995117 3982.6724051 15803.89949762,16886.19995117 3982.82270418 15803.8994976,16889.50042725 3982.48243321 15804.09938779,16886.19995117 3982.95240388 15803.89949758,16886.19995117 3983.05273042 15803.89949756,7139.81018066 4648.43232403 15058.99887646,16886.19995117 3983.13245759 15803.89949755,7139.81018066 4647.83227218 15059.1987667,16886.19995117 5357.47242214 15234.09946895,7139.81018066 4649.00262122 15058.6998041,16886.19995117 5357.68261192 15233.89957878,16889.1998291 5357.84244777 15234.09946889,16889.50042725 5357.66239409 15234.29935906,16886.19995117 5357.89242024 15233.69968861,16886.19995117 5357.26261382 15234.29935912,16889.1998291 5357.45258577 15234.49924923,16892.5994873 5357.84244784 15234.49924917,16891.99981689 5357.63263952 15234.69913934,16895.30029297 5358.01258337 15234.69913928,16891.99981689 5358.00266509 15234.299359,16890.4006958 5358.12244653 15233.99876084,16894.20013428 5358.14266451 15234.49924912,16888.40026855 5358.01258324 15233.89957873,16891.99981689 5358.22239163 15234.19865096,16895.30029297 5358.26244602 15234.59843123,16897.20001221 5358.18233741 15234.79984726,16894.20013428 5358.23230996 15234.89902938,16895.30029297 5358.28266395 15234.79984724,16894.20013428 5358.31241855 15234.59843122,16894.20013428 5357.93247477 15234.99973743,16895.30029297 5358.12244668 15234.8990294,16894.20013428 5357.79247535 15234.79984732,16895.30029297 5357.91263833 15234.89902943,16890.4006958 5357.38239539 15234.79984739,16891.99981689 5357.5223948 15234.89902949,16888.40026855 5357.11231484 15234.89902956,16889.1998291 5357.24239602 15234.89902954,16892.5994873 5357.63263955 15234.89902947,16889.50042725 5357.34234111 15234.99973753,16889.1998291 5357.42244975 15234.99973752,16891.99981689 5357.6826121 15234.99973747,16888.40026855 5357.4823405 15234.99973751,16890.4006958 5357.70244853 15234.99973747,16887.39929199 5357.53231303 15234.9997375,16888.40026855 5357.69253031 15234.99973747,16891.99981689 5357.89242045 15234.99973744,16889.1998291 5357.84244792 15234.99973745,16892.5994873 5358.05263774 15234.99973741,16889.50042725 5357.97252909 15234.99973743,16889.1998291 5358.08239237 15234.99973741,16891.99981689 5358.162501 15234.89902939,16888.40026855 5358.17241921 15234.89902939,16890.4006958 5358.23230996 15234.89902938,16887.39929199 5358.24260964 15234.89902938,16888.40026855 5358.27236427 15234.79984724,16891.99981689 5358.28266395 15234.79984724,16889.1998291 5358.30250036 15234.69913923,16892.5994873 5358.32233678 15234.69913923,16889.50042725 5358.32233677 15234.59843122,16889.1998291 5358.33263643 15234.49924909,16891.99981689 5358.33263645 15234.59843122,16888.40026855 5358.33263642 15234.39854108,16890.4006958 5358.33263642 15234.39854108,16887.39929199 5358.3223367 15234.19865094,16888.40026855 5358.32233669 15234.09946882,16891.99981689 5358.32233672 15234.29935895,16889.1998291 5358.32233669 15234.09946882,16892.5994873 5358.29258208 15234.29935896,16889.50042725 5358.30250024 15233.99876081,16889.1998291 5358.27236412 15233.89957869,16886.19995117 5358.31241839 15233.59898054,16886.19995117 5358.31241838 15233.49979841,16888.40026855 5358.22239157 15233.79887069,16886.19995117 5358.31241836 15233.3990904,16887.39929199 5358.16250079 15233.59898056,16886.19995117 5358.31241834 15233.29838239,16886.19995117 5358.10261003 15233.49979844,7139.81018066 4650.00245331 15058.29849779,7139.81018066 4649.53248264 15058.49991388,16886.19995117 3983.18243013 15803.89949754,16887.39929199 3982.43246066 15803.99867979,16888.49945068 3981.7225455 15803.99867991,16889.1998291 3981.05268468 15804.09938803,16892.1005249 3981.23273842 15804.29927813,16892.79937744 3980.70249552 15804.39998623,16889.50042725 3980.46255101 15804.09938812,16889.1998291 3979.98266209 15804.0993882,16886.19995117 3979.69274507 15803.89949811,16888.49945068 3979.61263644 15803.99868025,7139.81018066 3314.35258163 15059.19898395,16886.19995117 3980.22260652 15803.89949802,7139.80026245 5183.4523019 14522.29987572,7139.81018066 5183.26233005 14522.79883816,16886.19995117 5927.20219328 13855.59900992,16917.19970703 5929.57226503 13857.69861891,16917.19970703 5358.87241626 15235.49869968,16886.19995117 5927.20219342 13856.49927848,16886.19995117 5927.20219355 13857.29883902,7139.81018066 5183.0422221 14523.29932647,16886.19995117 5927.20219367 13857.99921744,7139.81018066 5182.80227774 14523.89899692,16886.19995117 5927.20219377 13858.59888785,7139.81018066 5182.55241517 14524.49866737,16886.19995117 5927.20219385 13859.09937613,7139.81018066 5182.3025526 14525.0998637,16886.19995117 5358.31241841 15233.69968854,16886.19995117 5358.31241842 15233.79887067,16886.19995117 5358.31241844 15233.89957868,7139.81018066 5182.06222677 14525.69953415,16886.19995117 5927.20219391 13859.49915641,16886.19995117 5927.20219396 13859.79975455,7139.81018066 5181.84250029 14526.19849659,16886.19995117 5927.20219398 13859.89893668,7139.81018066 5181.65252844 14526.6989849,16886.19995117 5358.31241846 15233.99876081,16886.19995117 5358.31241847 15234.09946882,7108.83026123 5181.09254367 14605.19935121,7108.83026123 5181.09255125 14651.69898499,16886.19995117 5358.31241849 15234.19865095,7108.83026123 5181.09255883 14698.19861878,16886.19995117 5358.31241851 15234.29935895,7108.83026123 5181.09256638 14744.59907044,16886.19995117 5358.31241852 15234.39854108,7108.83026123 5181.09257396 14791.09870423,16886.19995117 5358.31241854 15234.49924909,7108.83026123 5181.09258152 14837.49915589,16886.19995117 5358.31241857 15234.69913923,7108.83026123 5181.0925891 14883.99878968,16886.19995117 5358.31241859 15234.79984724,7108.83026123 5181.09259667 14930.49842347,16886.19995117 5358.3124186 15234.89902936,7108.83026123 5181.09260423 14976.89887513,16886.19995117 5358.31241862 15234.99973737,7108.83026123 5181.09258712 14871.89856996,7108.83026123 5177.52241787 14908.19922972,16886.19995117 5358.20255534 15234.99973739,7108.83026123 5166.94236067 14942.99842578,16886.19995117 5358.10261027 15234.99973741,7108.83026123 5149.77241352 14975.19905113,16886.19995117 5357.99236552 15234.99973742,7108.83026123 5126.65230092 15003.29964084,16886.19995117 5357.89242045 15234.99973744,7108.83026123 5098.49259093 15026.39992619,16886.19995117 5357.78255717 15234.99973746,7108.83026123 5066.36254308 15043.59963845,16886.19995117 5357.6826121 15234.99973747,7108.83026123 5031.50231531 15054.19992489,16886.19995117 5357.57236735 15234.99973749,7108.83026123 4995.24247396 15057.69877113,16886.19995117 5357.47242228 15234.99973751,7108.83026123 5100.28245199 15057.69875402,7108.83026123 5053.81257284 15057.69876159,16886.19995117 5357.362559 15234.99973753,7108.83026123 5007.3526119 15057.69876916,16886.19995117 5357.26261393 15234.99973754,7108.83026123 4960.88235128 15057.69877673,16886.19995117 5357.15236918 15234.99973756,7108.83026123 4914.42239034 15057.6987843,16886.19995117 5357.05242411 15234.99973758,7108.83026123 4867.96242941 15057.69879187,16886.19995117 5356.94256083 15234.9997376,7108.83026123 4821.50246847 15057.69879944,16886.19995117 5356.84261576 15234.99973761,7108.83026123 4775.03258932 15057.69880701,16886.19995117 5356.73237101 15234.99973763,7108.83026123 4728.57262838 15057.69881458,16886.19995117 5356.63242594 15234.99973765,7139.80026245 4645.65255431 15060.09903561,7139.81018066 4646.12252498 15059.89914539,16886.19995117 3982.35273347 15803.89949768,16886.19995117 3982.51256929 15803.89949765,7108.83026123 4566.94237936 15057.69884091,7139.81018066 4646.6523864 15059.69925517,16886.19995117 5356.84261573 15234.79984747,16887.39929199 5356.98261512 15234.79984745,16888.40026855 5357.22255956 15234.6991394,16886.19995117 5357.05242403 15234.4992493,7139.81018066 4647.23260182 15059.49936494,7108.83026123 4520.48241842 15057.69884848,16886.19995117 3982.33251558 15803.89949768,7108.83026123 4474.01253927 15057.69885605,16886.19995117 3982.29246126 15803.89949769,7108.83026123 4427.55257833 15057.69886362,16886.19995117 3982.21273408 15803.8994977,7108.83026123 4381.0926174 15057.69887119,16886.19995117 3982.10248933 15803.89949772,7108.83026123 4334.63227499 15057.69887876,16886.19995117 3981.98270784 15803.89949774,7108.83026123 4288.16239584 15057.69888633,16886.19995117 3981.83240877 15803.89949776,7108.83026123 4241.7024349 15057.6988939,16886.19995117 3981.67257295 15803.89949779,7108.83026123 4195.24247396 15057.69890147,16886.19995117 3981.51273714 15803.89949781,7108.83026123 4300.27253378 15057.69888436,7108.83026123 4253.81257284 15057.69889193,16886.19995117 3981.40249238 15803.89949783,7108.83026123 4207.3526119 15057.6988995,16886.19995117 3981.30254732 15803.89949785,7108.83026123 4160.88235128 15057.69890707,16886.19995117 3981.19268404 15803.89949787,7108.83026123 4114.42239034 15057.69891464,16886.19995117 3981.09273897 15803.89949788,7108.83026123 4067.96242941 15057.69892221,16886.19995117 3980.98249422 15803.8994979,7108.83026123 4021.50246847 15057.69892978,16886.19995117 3980.88254915 15803.89949792,7108.83026123 3975.03258932 15057.69893735,16886.19995117 3980.77268587 15803.89949793,7108.83026123 3928.57262838 15057.69894492,16886.19995117 3980.6727408 15803.89949795,7108.83026123 4033.60230673 15057.6989278,7108.83026123 3987.14234579 15057.69893537,16886.19995117 3980.56249605 15803.89949797,7108.83026123 3940.68238485 15057.69894294,16886.19995117 3980.46255098 15803.89949798,7108.83026123 3894.22242391 15057.69895051,16886.19995117 3980.3526877 15803.899498,7108.83026123 3847.75254476 15057.69895808,16886.19995117 3980.25274263 15803.89949802,7108.83026123 3801.29258383 15057.69896565,16886.19995117 3980.14249788 15803.89949804,7108.83026123 3754.83262289 15057.69897322,16886.19995117 3980.04255281 15803.89949805,7108.83026123 3708.37228048 15057.69898079,16886.19995117 3979.93268953 15803.89949807,7108.83026123 3661.91231954 15057.69898836,16886.19995117 3979.83274446 15803.89949809,7108.83026123 3766.94237936 15057.69897125,7108.83026123 3720.48241842 15057.69897882,16887.39929199 3979.96244418 15803.9986802,7108.83026123 5181.09251735 14443.59961976,16886.19995117 5927.20219394 13859.69904654,7108.83026123 5181.09250977 14397.09846009,16887.39929199 5927.30213898 13859.49915639,16888.49945068 5927.38224759 13859.29926624,16890.49987793 5927.53216513 13858.89948594,16889.1998291 5927.43222009 13859.0993761,16892.1005249 5927.65232808 13858.79877792,16894.70062256 5927.85221815 13858.39899761,16892.70019531 5927.70230058 13858.59888777,16895.89996338 5927.9521632 13858.29828959,16892.1005249 5927.65232804 13858.59888778,16894.70062256 5927.85221813 13858.2982896,16899.20043945 5928.20240726 13857.79932714,16894.70062256 5927.85221794 13857.09894878,16895.89996338 5927.95216304 13857.2988389,16894.70062256 5927.85221798 13857.39954693,16895.89996338 5927.95216313 13857.89850931,16894.70062256 5927.852218 13857.49872905,16895.89996338 5927.95216305 13857.39954691,16894.70062256 5927.85221808 13857.99921734,16895.89996338 5927.9521631 13857.69861918,16895.89996338 5927.95216317 13858.09839945,16892.1005249 5927.65232798 13858.19910751,16890.49987793 5927.532165 13858.09839952,16892.1005249 5927.65232793 13857.89850936,16888.40026855 5927.38224738 13857.99921741,16889.1998291 5927.4322199 13857.8985094,16892.70019531 5927.70230043 13857.69861922,16889.50042725 5927.46235597 13857.69861925,16889.1998291 5927.43221985 13857.59943713,16892.1005249 5927.65232788 13857.5994371,16890.49987793 5927.53216482 13856.9997667,16888.40026855 5927.38224723 13857.09894886,16889.1998291 5927.43221988 13857.79932727,16892.70019531 5927.7023005 13858.09839949,16888.40026855 5927.3822473 13857.49872913,16890.49987793 5927.53216488 13857.39954698,16887.39929199 5927.30213862 13857.29883901,16888.40026855 5927.38224725 13857.19965687,16892.1005249 5927.65232783 13857.29883895,16889.1998291 5927.43221977 13857.09894885,16892.70019531 5927.70230033 13857.09894881,16889.50042725 5927.46235584 13856.89905871,16889.1998291 5927.43221972 13856.79835071,16892.1005249 5927.65232777 13856.89905868,16889.1998291 5927.43221965 13856.39857043,16892.70019531 5927.70230028 13856.79835066,16888.40026855 5927.38224712 13856.39857044,16888.40026855 5927.38224715 13856.59846058,16890.49987793 5927.53216477 13856.69916856,16887.39929199 5927.30213849 13856.49927846,16892.1005249 5927.65232773 13856.69916854,16886.19995117 5927.20219339 13856.29938834,7139.80026245 5183.45208536 13193.1998391,16886.19995117 5927.20219337 13856.19868033,7139.81018066 5183.26211335 13192.69935085,16886.19995117 5358.31197013 12482.19898664,7139.81018066 5183.04200524 13192.19886261,16886.19995117 5358.10216175 12481.99909654,16887.39929199 5358.16205248 12481.89915146,16888.40026855 5358.01213483 12481.59931628,16886.19995117 5357.8919719 12481.79920643,16889.1998291 5357.8419993 12481.39942617,16890.4006958 5358.12199809 12481.49937119,16891.99981689 5358.00221655 12481.19877307,16892.5994873 5357.84199923 12480.99888296,16894.20013428 5358.14221591 12480.99888291,16895.30029297 5358.0121347 12480.79899279,16891.99981689 5357.63219085 12480.79899285,16897.20001221 5358.19218839 12480.69904769,16894.20013428 5357.79202665 12480.69904776,16890.4006958 5357.38194669 12480.69904783,16888.40026855 5357.22211089 12480.79899292,16889.1998291 5357.45213717 12480.99888302,16886.19995117 5357.05197541 12480.89893802,16886.19995117 5357.26216528 12481.19877319,16889.50042725 5357.66194555 12481.19877312,16886.19995117 5357.47197366 12481.39942623,16886.19995117 5357.68216352 12481.59931633,7139.81018066 5182.80206068 13191.59919224,7139.81018066 5182.55219791 13190.99952187,16886.19995117 5927.20219333 13855.89960807,16886.19995117 5927.20219331 13855.79890006,7139.81018066 5182.30233515 13190.3998515,16886.19995117 5927.20219329 13855.69971793,7139.81018066 5182.06200912 13189.79865525,7139.81018066 5181.84228248 13189.29969288,7139.81018066 5181.65231047 13188.79920463,16886.19995117 5356.84216703 12480.69904791,16887.39929199 5356.98216642 12480.69904789,16886.19995117 5356.63197718 12480.49915781,16917.19970703 5358.87196733 12479.9994321,16886.19995117 5356.73192225 12480.4991578,16888.40026855 5357.11186611 12480.5991028,16886.19995117 5356.842167 12480.49915778,16889.1998291 5357.24194729 12480.59910278,16891.99981689 5357.52194607 12480.59910273,16892.5994873 5357.6321908 12480.49915765,16895.30029297 5357.9121896 12480.59910267,16894.20013428 5357.93202601 12480.4991576,16891.99981689 5357.68216334 12480.49915764,16890.4006958 5357.70199976 12480.49915764,16888.40026855 5357.48189173 12480.49915767,16889.1998291 5357.42200098 12480.49915768,16886.19995117 5357.26216517 12480.49915771,16886.19995117 5357.15192042 12480.49915773,16889.50042725 5357.34189234 12480.4991577,16886.19995117 5357.05197535 12480.49915774,16886.19995117 5356.94211207 12480.49915776,16887.39929199 5357.53186426 12480.49915767,16886.19995117 5357.36211024 12480.49915769,16888.40026855 5357.69208155 12480.49915764,16886.19995117 5357.57191859 12480.49915766,16889.1998291 5357.84199915 12480.49915761,16891.99981689 5357.89197169 12480.49915761,16886.19995117 5357.68216334 12480.49915764,16892.5994873 5358.05218897 12480.49915758,16895.30029297 5358.12199795 12480.59910264,16891.99981689 5358.16205227 12480.59910263,16894.20013428 5358.23186123 12480.59910262,16890.4006958 5358.23186123 12480.59910262,16888.40026855 5358.17197048 12480.59910263,16889.1998291 5358.08194361 12480.49915758,16886.19995117 5358.10216151 12480.49915757,16886.19995117 5357.99191675 12480.49915759,16889.50042725 5357.97208033 12480.49915759,16886.19995117 5357.89197169 12480.49915761,16886.19995117 5357.7821084 12480.49915762,16886.19995117 5358.20210657 12480.49915756,16887.39929199 5358.24216091 12480.59910262,16886.19995117 5358.31196985 12480.49915754,16886.19995117 5358.31196987 12480.59910261,16888.40026855 5358.27191557 12480.69904768,16886.19995117 5358.31196989 12480.69904767,16889.1998291 5358.30205169 12480.79899274,16891.99981689 5358.28221525 12480.69904768,16892.5994873 5358.32188812 12480.79899274,16895.30029297 5358.28221525 12480.69904768,16891.99981689 5358.33218782 12480.89893781,16894.20013428 5358.31196992 12480.89893781,16890.4006958 5358.33218785 12481.09882794,16888.40026855 5358.33218785 12481.09882794,16889.1998291 5358.33218783 12480.99888288,16886.19995117 5358.31196997 12481.19877302,16886.19995117 5358.31196995 12481.09882795,16889.50042725 5358.32188813 12480.89893781,16886.19995117 5358.31196992 12480.89893781,16886.19995117 5358.3119699 12480.79899274,7108.83026123 5166.94200705 12772.49900561,7108.83026123 5177.52207559 12807.29896116,16886.19995117 5358.31196999 12481.29948102,7108.83026123 5181.09225667 12843.59961976,16886.19995117 5358.31197 12481.39942609,7108.83026123 5181.09223957 12738.59931458,7108.83026123 5181.09224713 12784.99900331,16886.19995117 5358.31197002 12481.49937116,7108.83026123 5181.0922547 12831.49940003,16886.19995117 5358.31197003 12481.59931623,7108.83026123 5181.09226228 12877.99903382,16886.19995117 5358.31197005 12481.6992613,7108.83026123 5181.09226984 12924.39948548,16886.19995117 5358.31197007 12481.79920637,7108.83026123 5181.09227741 12970.89911927,16886.19995117 5358.31197008 12481.89915143,7108.83026123 5181.09228497 13017.29957093,16886.19995117 5358.3119701 12481.9990965,7108.83026123 5181.09229255 13063.79920472,16886.19995117 5358.31197012 12482.09904157,7108.83026123 5181.09230012 13110.29883851,16888.40026855 5358.22194319 12481.69926131,16889.1998291 5358.27191571 12481.59931624,16891.99981689 5358.22194313 12481.29948104,16892.5994873 5358.29213354 12481.19877302,16895.30029297 5358.26199739 12480.89893782,16891.99981689 5358.33218786 12481.19877301,16889.1998291 5358.32188821 12481.39942609,16888.40026855 5358.32188821 12481.39942609,16887.39929199 5358.3218882 12481.29948102,16889.50042725 5358.3020518 12481.49937116,19983.20007324 5644.06228037 13168.8986166,19983.20007324 5477.72197394 12857.69869253,19983.20007324 5253.87206072 12584.89904638,19983.20007324 5746.49229753 13506.49930792,19983.20007324 5781.08212221 13857.6986431,19983.20007324 5746.49241197 14208.89951544,19983.20007324 5644.06250481 14546.49871425,19983.20007324 5477.72229978 14857.69869253,19983.20007324 5253.87247545 15130.49841161,19983.20007324 4981.10258393 15354.29911523,19983.20007324 4669.91257808 15520.69931242,19983.20007324 4332.24245927 15623.09957495,19983.20007324 3981.08241546 15657.69893636,19983.20007324 3629.91244218 15623.09968937,19983.20007324 3292.25258968 15520.69953687,19983.20007324 2981.05242066 15354.29944108,19983.20007324 2708.28245622 15130.49882634,19983.20007324 2484.43235227 14857.6991802,19983.20007324 2318.0924273 14546.49925612,16917.19970703 2032.61219728 13857.69925381,19983.20007324 2215.66241014 14208.90009068,19983.20007324 2318.09220286 13168.89915847,16917.19970703 2603.30212785 12479.99988104,16886.19995117 2603.87204398 12482.19943539,19983.20007324 2215.6622957 13506.49988316,19983.20007324 2181.08231294 13857.69922962,19983.20007324 2484.43202643 12857.6991802,19983.20007324 2708.28204149 12584.89946111,7139.80026245 2778.72224222 13193.20023088,7139.81018066 2778.92213227 13192.69974257,16886.19995117 2603.87204397 12482.09949033,16887.39929199 2604.01204333 12481.89960017,16886.19995117 2604.08204304 12481.99954522,16886.19995117 2034.97235056 13858.1997417,7139.81018066 2779.14224022 13192.19925425,16886.19995117 2034.97235045 13857.49936329,7139.81018066 2779.38218458 13191.5995838,16886.19995117 2603.87204395 12481.99954526,16888.40026855 2603.96207076 12481.69971004,16889.1998291 2603.91209821 12481.59976498,16886.19995117 2603.87204394 12481.89960019,16889.50042725 2603.87204387 12481.49981992,16891.99981689 2603.96207069 12481.29992976,16892.5994873 2603.89207098 12481.19922177,16891.99981689 2603.85201666 12481.19922177,16895.30029297 2603.92201631 12480.89938656,16889.1998291 2603.85201669 12481.39987485,16894.20013428 2603.86212556 12480.89938657,16897.20001221 2603.99201597 12480.69949641,16894.20013428 2604.03207034 12480.99933161,16890.4006958 2604.06201579 12481.49981989,16891.99981689 2604.18198797 12481.19922172,16895.30029297 2604.16196075 12480.79944145,16892.5994873 2604.34201449 12480.99933156,16891.99981689 2604.55201354 12480.79944139,16894.20013428 2604.38206876 12480.69949635,16890.4006958 2604.80206693 12480.69949628,16891.99981689 2604.65195858 12480.59955123,16895.30029297 2604.27201473 12480.5995513,16892.5994873 2604.5520135 12480.49960618,16891.99981689 2604.50204096 12480.49960619,16894.20013428 2604.25198756 12480.49960623,16890.4006958 2604.4820138 12480.49960619,16891.99981689 2604.29204188 12480.49960622,16895.30029297 2604.05209743 12480.59955133,16892.5994873 2604.13201533 12480.49960625,16891.99981689 2604.02196133 12480.59955134,16894.20013428 2603.95196163 12480.59955135,16890.4006958 2603.95196163 12480.59955135,16891.99981689 2603.90198911 12480.69949642,16895.30029297 2603.8920709 12480.69949643,16892.5994873 2603.86212554 12480.7994415,16891.99981689 2603.8420984 12480.89938657,16889.1998291 2603.85201663 12480.99933164,16888.40026855 2603.85201664 12481.09927671,16890.4006958 2603.84209843 12481.09927671,16887.39929199 2603.86212562 12481.29992978,16888.40026855 2603.85201669 12481.39987485,16886.19995117 2603.87204387 12481.49981992,16886.19995117 2603.87204389 12481.59976498,7139.81018066 2780.33223456 13189.30008414,16886.19995117 2603.8720439 12481.69971005,7139.81018066 2780.11212661 13189.79904657,16886.19995117 2034.97235015 13855.70035205,16886.19995117 2034.97235014 13855.59964405,7139.81018066 2780.53212462 13188.79959582,16886.19995117 2603.87204385 12481.39987485,7108.83026123 2781.09210939 13110.29922952,7108.83026123 2781.09213572 13271.89896097,16886.19995117 2034.97235017 13855.79953418,7108.83026123 2781.09214329 13318.40012063,16887.39929199 2034.88232335 13855.99942434,16888.49945068 2034.80221474 13856.19931448,16886.19995117 2034.9723502 13855.99942432,16888.49945068 2034.80221475 13856.30002249,16889.1998291 2034.74232405 13856.59909477,7139.81018066 2779.87218225 13190.4002429,16886.19995117 2034.97235027 13856.39920459,16889.1998291 2034.74232402 13856.39920463,16886.19995117 2034.97235022 13856.10013233,7108.83026123 2781.09215085 13364.79904641,7108.83026123 2781.09215843 13411.30020608,16886.19995117 2034.97235023 13856.19931446,7108.83026123 2781.09216599 13457.69913186,16886.19995117 2034.97235025 13856.30002247,16889.50042725 2034.72229688 13856.49991264,16892.70019531 2034.47224354 13856.89969296,16892.1005249 2034.52221607 13856.89969295,16895.89996338 2034.23229913 13857.20029114,16892.1005249 2034.52221604 13856.69980281,16890.49987793 2034.65229718 13856.49991265,16894.70062256 2034.32232597 13857.09958312,16895.89996338 2034.23229919 13857.60007141,16899.20043945 2033.9822458 13857.69925358,16894.70062256 2034.33224439 13858.39963194,16895.89996338 2034.23229929 13858.19974182,16894.70062256 2034.33224434 13858.0990338,16894.70062256 2034.32232611 13857.99985167,16895.89996338 2034.23229927 13858.09903382,16894.70062256 2034.32232603 13857.49936339,16895.89996338 2034.23229923 13857.79996155,16894.70062256 2034.32232598 13857.20029113,16895.89996338 2034.23229916 13857.40018128,16890.49987793 2034.65229723 13856.79898492,16892.1005249 2034.52221609 13857.00040096,16888.40026855 2034.80221483 13856.7989849,16889.1998291 2034.7423241 13856.89969291,16892.70019531 2034.47224359 13857.2002911,16889.50042725 2034.72229698 13857.09958305,16889.1998291 2034.74232415 13857.20029106,16892.1005249 2034.52221614 13857.29947322,16888.40026855 2034.80221492 13857.29947318,16890.49987793 2034.65229733 13857.40018121,16887.39929199 2034.88232358 13857.40018117,16888.40026855 2034.80221495 13857.49936331,16892.1005249 2034.52221619 13857.60007137,16889.1998291 2034.74232422 13857.60007133,16892.70019531 2034.47224368 13857.79996151,16889.50042725 2034.72229709 13857.79996147,16889.1998291 2034.74232427 13857.8991436,16892.1005249 2034.52221623 13857.89914363,16890.49987793 2034.65229751 13858.5003399,16888.40026855 2034.8022151 13858.39963187,16889.1998291 2034.74232423 13857.69925346,16892.70019531 2034.47224362 13857.40018124,16888.40026855 2034.80221503 13857.99985159,16890.49987793 2034.65229744 13858.09903375,16887.39929199 2034.88232371 13858.19974172,16888.40026855 2034.80221508 13858.29892386,16892.1005249 2034.52221628 13858.19974178,16889.1998291 2034.74232435 13858.39963188,16892.70019531 2034.47224378 13858.39963192,16889.50042725 2034.72229722 13858.59952202,16889.1998291 2034.7423244 13858.70023002,16892.1005249 2034.52221635 13858.59952205,16889.1998291 2034.74232446 13859.1000103,16892.70019531 2034.47224383 13858.70023007,16888.40026855 2034.80221521 13859.10001029,16888.40026855 2034.80221518 13858.90012015,16890.49987793 2034.65229756 13858.79941217,16887.39929199 2034.88232384 13858.99930226,16892.1005249 2034.52221636 13858.70023006,16886.19995117 2034.97235067 13858.90012012,7108.83026123 2781.09231148 14350.69992532,7108.83026123 2781.09229632 14257.69913186,16886.19995117 2034.97235066 13858.79941211,7108.83026123 2781.0923039 14304.20029153,7108.83026123 2781.09228876 14211.30020608,16886.19995117 2034.97235063 13858.59952198,7108.83026123 2781.09228119 14164.79904641,16886.19995117 2034.97235061 13858.50033985,7108.83026123 2781.09227363 14118.40012063,16886.19995117 2034.97235058 13858.29892383,7108.83026123 2781.09226605 14071.89896097,7108.83026123 2781.09228316 14176.89926614,7108.83026123 2781.0922756 14130.49881448,16886.19995117 2034.97235054 13858.0990337,7108.83026123 2781.09226802 14083.99918069,16886.19995117 2034.97235053 13857.99985157,7108.83026123 2781.09226045 14037.4995469,16886.19995117 2034.97235051 13857.89914356,7108.83026123 2781.09225289 13991.09909524,16886.19995117 2034.97235048 13857.69925342,7108.83026123 2781.09224531 13944.59946145,16886.19995117 2034.97235046 13857.60007129,7108.83026123 2781.09223775 13898.19900979,7108.83026123 2781.09223018 13851.699376,16886.19995117 2034.97235043 13857.40018116,7108.83026123 2781.0922226 13805.19974222,16886.19995117 2034.97235041 13857.29947315,7108.83026123 2781.09223973 13910.29922952,7108.83026123 2781.09223215 13863.79959573,16886.19995117 2034.9723504 13857.20029102,7108.83026123 2781.09222457 13817.29996194,16886.19995117 2034.97235038 13857.09958301,7108.83026123 2781.09221701 13770.89951028,16886.19995117 2034.97235037 13857.00040088,7108.83026123 2781.09220944 13724.39987649,16886.19995117 2034.97235035 13856.89969288,7108.83026123 2781.09220188 13677.99942483,16886.19995117 2034.97235033 13856.79898487,7108.83026123 2781.0921943 13631.49979104,16886.19995117 2034.97235032 13856.69980274,7108.83026123 2781.09218673 13585.00015725,16886.19995117 2034.9723503 13856.59909473,7108.83026123 2781.09217917 13538.59970559,16886.19995117 2034.97235028 13856.4999126,7108.83026123 2781.09219627 13643.60001077,7108.83026123 2781.0921887 13597.0988511,7108.83026123 2781.09218114 13550.69992532,7108.83026123 2781.09217356 13504.20029153,16888.49945068 2034.8022148 13856.59909476,16887.39929199 2034.88232344 13856.59909475,7139.81018066 2779.63223789 13190.99991335,16886.19995117 2603.87204392 12481.79965512,7108.83026123 2781.09231903 14397.0988511,16889.50042725 2034.7222973 13859.1000103,16886.19995117 2034.97235077 13859.49979053,16887.39929199 2034.88232385 13859.10001027,7108.83026123 2781.09210181 13063.79959573,16886.19995117 2603.87204384 12481.29992978,7108.83026123 2781.09209424 13017.29996194,16886.19995117 2603.87204382 12481.19922177,7108.83026123 2781.09208668 12970.89951028,16886.19995117 2603.87204381 12481.0992767,7108.83026123 2781.0920791 12924.39987649,16886.19995117 2603.87204377 12480.89938657,7108.83026123 2781.09207154 12877.99942483,16886.19995117 2603.87204376 12480.7994415,7108.83026123 2781.09206397 12831.49979104,16886.19995117 2603.87204374 12480.69949643,7108.83026123 2781.09205639 12784.99939431,16886.19995117 2603.87204372 12480.59955136,7108.83026123 2781.09204883 12738.59970559,16886.19995117 2603.87204371 12480.49960629,7108.83026123 2781.09206594 12843.60001077,7108.83026123 2784.66204446 12807.29935101,16886.19995117 2603.97198878 12480.49960628,7108.83026123 2795.24210166 12772.49939201,16886.19995117 2604.08204279 12480.49960626,16888.40026855 2604.01204311 12480.59955134,16889.1998291 2604.10206995 12480.49960626,16886.19995117 2604.18198786 12480.49960624,16889.50042725 2604.20201502 12480.49960624,16886.19995117 2604.39198694 12480.49960621,16886.19995117 2604.29204188 12480.49960622,16889.1998291 2604.34201441 12480.49960622,16886.19995117 2604.50204096 12480.49960619,16888.40026855 2604.4820138 12480.49960619,16886.19995117 2604.60198603 12480.49960617,16887.39929199 2604.65195856 12480.49960617,16886.19995117 2604.71204005 12480.49960616,16886.19995117 2604.81198511 12480.49960614,16888.40026855 2604.69201288 12480.49960616,16886.19995117 2604.92203913 12480.49960612,16889.1998291 2604.76201258 12480.49960615,16886.19995117 2605.0219842 12480.49960611,16889.50042725 2604.84212122 12480.49960614,16886.19995117 2605.23198328 12480.49960607,16886.19995117 2605.13203821 12480.49960609,16889.1998291 2604.94206631 12480.59955119,16886.19995117 2605.3420373 12480.49960605,16888.40026855 2605.06203854 12480.59955117,16886.19995117 2605.44198237 12480.49960604,16887.39929199 2605.20203794 12480.69949621,16886.19995117 2605.55203638 12480.49960602,16886.19995117 2605.34203733 12480.69949619,16888.40026855 2604.9620935 12480.79944132,16886.19995117 2605.13203828 12480.89938636,16889.1998291 2604.73206729 12480.99933149,16886.19995117 2604.92203924 12481.1992216,16889.50042725 2604.52206824 12481.19922167,16886.19995117 2604.50204114 12481.59976488,16886.19995117 2604.71204019 12481.39987471,16889.1998291 2604.34201456 12481.39987477,16886.19995117 2604.29204209 12481.79965505,16888.40026855 2604.17206983 12481.59976494,16887.39929199 2603.94204342 12480.59955135,16888.40026855 2603.90198911 12480.69949642,16889.1998291 2603.87204376 12480.7994415,16889.50042725 2603.86212556 12480.89938657,16887.39929199 5927.30213848 13856.39857045,16889.50042725 5927.46235576 13856.39857043,16886.19995117 5927.20219334 13855.9987902,7108.83026123 5181.09232645 13271.89856996,7108.83026123 5181.09233403 13318.39972962,7108.83026123 5181.09234159 13364.7986554,7108.83026123 5181.09234916 13411.29981507,16886.19995117 5927.20219344 13856.59846061,7108.83026123 5181.09235672 13457.69874085,16886.19995117 5927.20219346 13856.69916861,7108.83026123 5181.0923643 13504.19990052,16886.19995117 5927.20219349 13856.89905875,7108.83026123 5181.09237187 13550.69953431,16886.19995117 5927.2021935 13856.99976676,7108.83026123 5181.09237943 13597.09846009,16886.19995117 5927.20219354 13857.19965689,7108.83026123 5181.09238701 13643.59961976,7108.83026123 5181.0923699 13538.59931458,7108.83026123 5181.09237746 13584.99976624,16886.19995117 5927.20219357 13857.39954703,7108.83026123 5181.09238504 13631.49940003,16886.19995117 5927.20219359 13857.49872916,7108.83026123 5181.09239261 13677.99903382,16886.19995117 5927.2021936 13857.59943717,7108.83026123 5181.09240017 13724.39948548,16886.19995117 5927.20219362 13857.6986193,7108.83026123 5181.09240775 13770.89911927,16886.19995117 5927.20219365 13857.89850943,7108.83026123 5181.09241531 13817.29957093,7108.83026123 5181.09242288 13863.79920472,16886.19995117 5927.20219368 13858.09839957,7108.83026123 5181.09243046 13910.29883851,16886.19995117 5927.2021937 13858.19910758,7108.83026123 5181.09241334 13805.19935121,7108.83026123 5181.09242091 13851.69898499,16886.19995117 5927.20219372 13858.29828971,7108.83026123 5181.09242849 13898.19861878,16886.19995117 5927.20219373 13858.39899772,7108.83026123 5181.09243605 13944.59907044,16886.19995117 5927.20219375 13858.49970572,7108.83026123 5181.09244362 13991.09870423,7108.83026123 5181.09245118 14037.49915589,16886.19995117 5927.20219378 13858.69959586,7108.83026123 5181.09245876 14083.99878968,16886.19995117 5927.2021938 13858.79877799,7108.83026123 5181.09246634 14130.49842347,16886.19995117 5927.20219381 13858.899486,7108.83026123 5181.09247389 14176.89887513,16886.19995117 5927.20219383 13858.99866813,7108.83026123 5181.09245679 14071.89856996,7108.83026123 5181.09246436 14118.39972962,7108.83026123 5181.09247192 14164.7986554,7108.83026123 5181.0924795 14211.29981507,16886.19995117 5927.20219386 13859.19855826,7108.83026123 5181.09248706 14257.69874085,16886.19995117 5927.20219388 13859.29926627,7108.83026123 5181.09249463 14304.19990052,16886.19995117 5927.2021939 13859.3984484,7108.83026123 5181.09250221 14350.69953431,16889.50042725 5927.46235618 13858.99866808,16889.1998291 5927.43222006 13858.89948596,16889.50042725 5927.46235609 13858.39899767,16888.49945068 5927.38224753 13858.89948597,16888.49945068 5927.38224757 13859.19855823,16889.1998291 5927.43221996 13858.29828967,16892.70019531 5927.70230053 13858.29828963,16889.1998291 5927.43222001 13858.59888781,16888.40026855 5927.38224749 13858.69959583,16892.1005249 5927.65232801 13858.39899764,16890.49987793 5927.5321651 13858.69959581,16887.39929199 5927.30213888 13858.89948598,16888.40026855 5927.38224741 13858.19910755,16887.39929199 5927.30213875 13858.09839955,16890.4006958 2604.49257151 15235.00018603,16888.40026855 2604.49257151 15235.00018603,16891.79992676 2604.3125178 15235.00018606,16893.699646 2604.30240885 15235.00018606,16894.40002441 2604.13246407 15234.89947808,16893.699646 2604.01249183 15234.80029597,16891.79992676 2604.04243722 15234.89947809,16892.39959717 2604.15249125 15235.00018608,16889.1998291 2604.11243691 15234.89947808,16889.50042725 2604.21257273 15235.00018607,16889.1998291 2604.34246318 15235.00018605,16888.40026855 2604.02241006 15234.89947809,16887.39929199 2603.94249213 15234.80029598,16890.4006958 2603.97243751 15234.80029597,16888.40026855 2603.91254674 15234.69958798,16891.79992676 2603.94249212 15234.69958797,16889.1998291 2603.90243776 15234.49969784,16892.39959717 2603.94249209 15234.49969783,16894.40002441 2604.02241003 15234.69958796,16891.79992676 2603.9924646 15234.39898982,16888.40026855 2603.96251915 15233.90002742,16889.1998291 2603.92246486 15234.09991756,16889.50042725 2603.90243773 15234.2998077              ]
            }
            coordIndex [
0,1,2,-1,2,1,3,-1,4,2,3,-1,4,5,2,-1,2,5,6,-1,2,6,0,-1,7,5,4,-1,7,8,5,-1,9,8,7,-1,9,10,8,-1,11,10,9,-1,11,12,10,-1,13,12,11,-1,13,14,12,-1,15,14,13,-1,15,16,14,-1,17,16,15,-1,17,18,16,-1,19,18,17,-1,20,19,21,-1,19,20,18,-1,20,21,22,-1,20,22,23,-1,23,22,24,-1,23,24,25,-1,25,24,26,-1,25,26,27,-1,27,26,28,-1,27,28,29,-1,29,28,30,-1,29,30,31,-1,31,30,32,-1,31,32,33,-1,33,32,34,-1,33,34,35,-1,35,34,36,-1,35,36,37,-1,37,36,38,-1,37,38,39,-1,39,40,41,-1,40,39,42,-1,37,39,43,-1,39,41,43,-1,43,41,44,-1,43,44,45,-1,46,43,45,-1,37,43,46,-1,37,46,47,-1,46,48,47,-1,46,45,49,-1,46,49,48,-1,49,50,48,-1,47,48,51,-1,48,50,52,-1,48,52,51,-1,50,53,52,-1,51,52,54,-1,52,53,55,-1,52,55,54,-1,56,55,53,-1,54,55,57,-1,58,57,55,-1,56,58,55,-1,59,58,56,-1,60,59,56,-1,60,56,61,-1,61,56,53,-1,62,60,61,-1,62,61,63,-1,63,61,64,-1,61,53,64,-1,63,64,65,-1,66,65,64,-1,66,64,50,-1,50,64,53,-1,49,67,66,-1,49,66,50,-1,66,68,65,-1,66,67,68,-1,68,69,70,-1,67,69,68,-1,68,70,71,-1,65,68,71,-1,71,70,72,-1,71,72,73,-1,63,71,73,-1,65,71,63,-1,73,72,74,-1,62,73,74,-1,63,73,62,-1,74,72,75,-1,74,75,76,-1,77,74,76,-1,62,74,77,-1,77,78,60,-1,79,78,77,-1,77,76,79,-1,77,60,62,-1,75,80,79,-1,75,79,76,-1,79,80,81,-1,79,81,82,-1,82,83,79,-1,79,83,84,-1,79,84,85,-1,79,85,78,-1,84,86,87,-1,83,86,84,-1,84,87,88,-1,85,84,88,-1,88,87,89,-1,88,89,90,-1,91,88,90,-1,85,88,91,-1,85,91,92,-1,91,93,92,-1,91,90,94,-1,91,94,93,-1,94,95,93,-1,92,93,96,-1,93,95,97,-1,93,97,96,-1,98,97,95,-1,96,97,99,-1,100,99,97,-1,98,100,97,-1,101,100,98,-1,102,101,98,-1,102,98,103,-1,103,98,95,-1,103,104,102,-1,103,95,105,-1,105,106,103,-1,103,106,104,-1,104,107,108,-1,106,107,104,-1,104,108,109,-1,102,104,109,-1,109,108,110,-1,109,110,1,-1,0,109,1,-1,102,109,0,-1,111,112,110,-1,110,112,1,-1,110,108,113,-1,110,113,111,-1,111,113,114,-1,111,114,115,-1,115,116,111,-1,111,116,112,-1,115,117,116,-1,118,119,117,-1,118,117,115,-1,118,120,121,-1,115,120,118,-1,118,121,122,-1,122,119,118,-1,123,124,122,-1,123,122,121,-1,122,124,119,-1,123,125,124,-1,126,127,125,-1,126,125,123,-1,128,127,126,-1,128,126,129,-1,126,130,129,-1,126,123,130,-1,123,121,130,-1,129,130,131,-1,130,121,132,-1,130,132,131,-1,120,132,121,-1,131,132,133,-1,134,133,132,-1,120,134,132,-1,135,136,134,-1,114,135,134,-1,114,134,120,-1,134,136,133,-1,137,138,136,-1,135,137,136,-1,136,138,139,-1,136,139,133,-1,140,139,141,-1,142,141,139,-1,142,139,138,-1,143,139,144,-1,140,144,139,-1,145,139,146,-1,143,146,139,-1,147,139,148,-1,145,148,139,-1,147,133,139,-1,131,133,147,-1,149,131,147,-1,149,147,150,-1,150,147,148,-1,151,149,150,-1,151,150,152,-1,152,150,153,-1,150,148,153,-1,152,153,154,-1,155,154,153,-1,155,153,156,-1,156,153,148,-1,157,155,156,-1,157,156,158,-1,158,156,145,-1,156,148,145,-1,159,157,158,-1,159,158,160,-1,160,158,161,-1,158,145,161,-1,160,161,162,-1,162,161,163,-1,161,145,146,-1,161,146,163,-1,162,163,164,-1,165,164,163,-1,165,163,166,-1,166,163,146,-1,167,165,166,-1,167,166,168,-1,168,166,143,-1,166,146,143,-1,169,167,168,-1,169,168,170,-1,170,168,171,-1,168,143,171,-1,170,171,172,-1,172,171,173,-1,171,143,144,-1,171,144,173,-1,172,173,174,-1,175,174,173,-1,175,173,176,-1,176,173,144,-1,177,178,176,-1,179,177,176,-1,179,176,180,-1,180,176,142,-1,176,178,141,-1,176,141,142,-1,181,175,176,-1,181,176,182,-1,182,176,140,-1,176,144,140,-1,183,181,182,-1,183,182,184,-1,184,182,185,-1,182,140,185,-1,184,185,186,-1,186,185,178,-1,185,140,141,-1,185,141,178,-1,187,184,186,-1,187,186,188,-1,188,186,189,-1,186,178,189,-1,188,189,190,-1,191,190,189,-1,191,189,177,-1,177,189,178,-1,192,191,193,-1,193,191,177,-1,194,190,191,-1,194,191,192,-1,195,194,192,-1,192,193,196,-1,197,192,196,-1,195,192,197,-1,197,198,199,-1,200,198,197,-1,197,196,200,-1,197,199,195,-1,201,195,199,-1,201,199,202,-1,202,199,203,-1,198,203,199,-1,202,203,204,-1,204,203,205,-1,206,205,203,-1,198,206,203,-1,207,208,206,-1,209,207,206,-1,209,206,198,-1,206,208,205,-1,210,211,208,-1,207,210,208,-1,208,211,212,-1,208,212,205,-1,213,212,214,-1,215,214,212,-1,215,212,211,-1,216,212,217,-1,213,217,212,-1,218,212,219,-1,216,219,212,-1,218,205,212,-1,204,205,218,-1,220,204,218,-1,220,218,221,-1,221,218,219,-1,222,220,221,-1,222,221,223,-1,223,221,224,-1,221,219,224,-1,223,224,225,-1,226,225,224,-1,226,224,227,-1,227,224,219,-1,228,226,227,-1,228,227,229,-1,229,227,216,-1,227,219,216,-1,230,228,229,-1,230,229,231,-1,231,229,232,-1,229,216,232,-1,231,232,233,-1,233,232,234,-1,232,216,217,-1,232,217,234,-1,233,234,235,-1,236,235,234,-1,236,234,237,-1,237,234,217,-1,238,236,237,-1,238,237,239,-1,239,237,213,-1,237,217,213,-1,240,238,239,-1,240,239,241,-1,241,239,242,-1,239,213,242,-1,241,242,243,-1,243,242,244,-1,242,213,214,-1,242,214,244,-1,243,244,245,-1,246,245,244,-1,246,244,247,-1,247,244,214,-1,248,246,247,-1,248,247,249,-1,249,247,215,-1,247,214,215,-1,250,248,249,-1,250,249,251,-1,251,249,252,-1,249,215,252,-1,251,252,253,-1,253,252,254,-1,252,215,211,-1,252,211,254,-1,253,254,255,-1,256,255,254,-1,210,254,211,-1,256,254,210,-1,257,255,256,-1,258,257,256,-1,258,256,259,-1,259,256,210,-1,260,258,259,-1,260,259,261,-1,261,259,207,-1,259,210,207,-1,262,260,261,-1,262,261,263,-1,263,261,209,-1,261,207,209,-1,263,264,262,-1,263,209,200,-1,200,265,263,-1,263,265,264,-1,82,262,264,-1,265,82,264,-1,265,266,82,-1,196,266,265,-1,200,196,265,-1,82,266,267,-1,266,179,267,-1,196,193,266,-1,266,193,179,-1,82,267,86,-1,86,267,268,-1,267,179,180,-1,267,180,268,-1,86,268,87,-1,87,268,269,-1,268,180,270,-1,268,270,269,-1,180,142,270,-1,269,270,271,-1,270,142,138,-1,270,138,271,-1,269,271,272,-1,273,272,271,-1,137,271,138,-1,273,271,137,-1,274,272,273,-1,107,274,273,-1,107,273,275,-1,275,273,137,-1,108,107,275,-1,108,275,113,-1,113,275,135,-1,275,137,135,-1,106,274,107,-1,276,277,274,-1,274,277,272,-1,276,274,106,-1,90,277,276,-1,94,90,276,-1,105,276,106,-1,94,276,105,-1,89,272,277,-1,90,89,277,-1,89,269,272,-1,87,269,89,-1,262,278,279,-1,280,278,262,-1,262,281,280,-1,82,282,262,-1,262,282,281,-1,262,279,260,-1,279,283,284,-1,278,283,279,-1,279,284,285,-1,260,279,285,-1,285,284,286,-1,285,286,287,-1,258,285,287,-1,260,285,258,-1,287,286,288,-1,287,288,289,-1,257,287,289,-1,258,287,257,-1,289,288,290,-1,289,290,291,-1,292,289,291,-1,257,289,292,-1,257,292,255,-1,293,255,292,-1,292,291,293,-1,293,253,255,-1,294,253,293,-1,293,295,294,-1,293,291,295,-1,295,296,297,-1,291,296,295,-1,295,297,298,-1,294,295,298,-1,298,297,299,-1,298,299,300,-1,301,298,300,-1,294,298,301,-1,301,250,251,-1,302,250,301,-1,301,300,302,-1,301,251,294,-1,302,300,303,-1,302,303,304,-1,302,304,305,-1,302,305,250,-1,305,304,306,-1,305,306,307,-1,307,306,308,-1,307,308,309,-1,309,308,310,-1,309,310,311,-1,311,310,312,-1,311,312,313,-1,313,312,314,-1,313,314,315,-1,315,314,316,-1,315,316,317,-1,317,316,318,-1,317,318,319,-1,319,318,320,-1,319,320,321,-1,319,321,322,-1,322,321,323,-1,322,323,324,-1,324,323,325,-1,324,325,326,-1,326,325,327,-1,326,327,328,-1,328,327,329,-1,328,329,330,-1,330,329,331,-1,330,331,332,-1,332,331,333,-1,332,333,334,-1,334,333,335,-1,334,335,336,-1,336,335,337,-1,336,337,338,-1,336,338,339,-1,339,338,340,-1,339,340,341,-1,341,340,342,-1,341,342,343,-1,343,342,344,-1,343,344,345,-1,345,344,346,-1,345,346,347,-1,347,346,348,-1,347,348,349,-1,349,348,350,-1,349,350,351,-1,351,350,352,-1,351,352,353,-1,353,352,354,-1,353,354,355,-1,354,356,357,-1,356,354,358,-1,354,357,355,-1,355,357,187,-1,355,187,359,-1,360,355,359,-1,353,355,360,-1,353,360,361,-1,360,362,361,-1,360,359,363,-1,360,363,362,-1,363,202,362,-1,361,362,220,-1,362,202,204,-1,362,204,220,-1,363,364,201,-1,363,201,202,-1,363,359,364,-1,364,188,190,-1,359,188,364,-1,364,190,194,-1,201,364,194,-1,353,361,351,-1,351,361,222,-1,361,220,222,-1,359,187,188,-1,357,183,184,-1,356,183,357,-1,357,184,187,-1,356,358,365,-1,356,365,366,-1,366,365,367,-1,366,367,368,-1,368,367,369,-1,368,369,370,-1,370,369,371,-1,370,371,372,-1,372,371,373,-1,372,373,374,-1,374,373,375,-1,374,375,376,-1,376,375,377,-1,376,377,378,-1,378,377,379,-1,378,379,380,-1,380,379,381,-1,380,381,382,-1,380,382,383,-1,383,382,384,-1,383,384,385,-1,385,384,386,-1,385,386,387,-1,387,386,388,-1,387,388,389,-1,389,388,390,-1,389,390,391,-1,391,390,392,-1,391,392,393,-1,393,392,394,-1,393,394,395,-1,395,394,396,-1,395,396,397,-1,397,396,398,-1,397,398,399,-1,397,399,400,-1,400,399,401,-1,400,401,402,-1,402,401,403,-1,402,403,404,-1,404,403,405,-1,404,405,406,-1,406,405,407,-1,406,407,408,-1,408,407,409,-1,408,409,410,-1,410,409,411,-1,410,411,412,-1,412,411,413,-1,412,413,414,-1,414,413,415,-1,414,415,416,-1,414,416,128,-1,128,416,127,-1,414,128,417,-1,414,417,412,-1,128,129,417,-1,412,417,151,-1,417,129,149,-1,417,149,151,-1,412,151,410,-1,410,151,152,-1,410,152,408,-1,408,152,154,-1,408,154,406,-1,404,406,154,-1,402,404,155,-1,404,154,155,-1,400,402,157,-1,402,155,157,-1,397,400,159,-1,400,157,159,-1,397,159,395,-1,395,159,160,-1,395,160,393,-1,393,160,162,-1,393,162,391,-1,391,162,164,-1,391,164,389,-1,387,389,164,-1,385,387,165,-1,387,164,165,-1,383,385,167,-1,385,165,167,-1,380,383,169,-1,383,167,169,-1,380,169,378,-1,378,169,170,-1,378,170,376,-1,376,170,172,-1,376,172,374,-1,374,172,174,-1,374,174,372,-1,370,372,174,-1,368,370,175,-1,370,174,175,-1,366,368,181,-1,368,175,181,-1,356,366,183,-1,366,181,183,-1,351,222,349,-1,349,222,223,-1,349,223,347,-1,347,223,225,-1,347,225,345,-1,343,345,225,-1,341,343,226,-1,343,225,226,-1,339,341,228,-1,341,226,228,-1,336,339,230,-1,339,228,230,-1,336,230,334,-1,334,230,231,-1,334,231,332,-1,332,231,233,-1,332,233,330,-1,330,233,235,-1,330,235,328,-1,326,328,235,-1,324,326,236,-1,326,235,236,-1,322,324,238,-1,324,236,238,-1,319,322,240,-1,322,238,240,-1,319,240,317,-1,317,240,241,-1,317,241,315,-1,315,241,243,-1,315,243,313,-1,313,243,245,-1,313,245,311,-1,309,311,245,-1,307,309,246,-1,309,245,246,-1,305,307,248,-1,307,246,248,-1,305,248,250,-1,299,418,300,-1,419,418,299,-1,419,420,418,-1,419,421,422,-1,299,421,419,-1,419,422,296,-1,296,420,419,-1,421,423,422,-1,296,422,424,-1,422,423,425,-1,422,425,424,-1,423,426,425,-1,424,425,427,-1,425,426,428,-1,425,428,427,-1,429,427,428,-1,429,428,430,-1,430,428,431,-1,426,431,428,-1,432,431,433,-1,434,433,431,-1,434,431,435,-1,426,435,431,-1,436,431,437,-1,432,437,431,-1,438,431,439,-1,436,439,431,-1,430,431,440,-1,438,440,431,-1,441,440,438,-1,442,441,438,-1,442,438,443,-1,443,438,439,-1,444,442,443,-1,444,443,445,-1,445,443,446,-1,443,439,446,-1,445,446,447,-1,448,447,446,-1,448,446,449,-1,449,446,439,-1,450,434,449,-1,451,450,449,-1,451,449,452,-1,452,449,453,-1,449,434,435,-1,449,435,453,-1,454,448,449,-1,454,449,455,-1,455,449,436,-1,449,439,436,-1,456,454,455,-1,456,455,457,-1,457,455,458,-1,455,436,458,-1,457,458,459,-1,459,458,460,-1,458,436,437,-1,458,437,460,-1,459,460,461,-1,462,461,460,-1,462,460,463,-1,463,460,437,-1,464,465,463,-1,466,464,463,-1,466,463,450,-1,450,463,434,-1,463,465,433,-1,463,433,434,-1,467,462,463,-1,467,463,468,-1,468,463,432,-1,463,437,432,-1,469,467,468,-1,469,468,466,-1,466,468,470,-1,468,432,470,-1,466,470,464,-1,464,470,465,-1,470,432,433,-1,470,433,465,-1,283,467,469,-1,283,469,471,-1,471,469,466,-1,472,283,471,-1,471,466,473,-1,474,471,473,-1,472,471,474,-1,475,472,474,-1,474,473,476,-1,477,474,476,-1,475,474,477,-1,475,477,478,-1,477,479,478,-1,477,476,480,-1,477,480,479,-1,480,481,479,-1,478,479,482,-1,479,481,483,-1,479,483,482,-1,481,484,483,-1,482,483,485,-1,483,484,486,-1,483,486,485,-1,487,486,484,-1,485,486,488,-1,489,488,486,-1,487,489,486,-1,490,489,487,-1,491,490,487,-1,491,487,492,-1,492,487,484,-1,493,491,492,-1,493,492,494,-1,494,492,495,-1,492,484,495,-1,494,495,496,-1,497,496,495,-1,497,495,481,-1,481,495,484,-1,480,498,497,-1,480,497,481,-1,497,499,496,-1,497,498,499,-1,499,500,501,-1,498,500,499,-1,499,501,502,-1,496,499,502,-1,502,501,503,-1,502,503,504,-1,494,502,504,-1,496,502,494,-1,504,503,505,-1,493,504,505,-1,494,504,493,-1,505,503,280,-1,505,280,506,-1,507,505,506,-1,493,505,507,-1,507,508,491,-1,509,508,507,-1,507,506,509,-1,507,491,493,-1,280,510,509,-1,280,509,506,-1,509,511,508,-1,511,512,508,-1,511,513,512,-1,513,514,512,-1,508,512,490,-1,512,514,515,-1,512,515,490,-1,514,516,515,-1,490,515,489,-1,515,516,517,-1,515,517,489,-1,518,488,517,-1,519,518,517,-1,519,517,516,-1,489,517,488,-1,520,518,519,-1,521,520,519,-1,521,519,522,-1,522,519,516,-1,523,521,522,-1,524,522,525,-1,522,516,525,-1,524,525,526,-1,527,526,525,-1,514,525,516,-1,527,525,514,-1,513,527,514,-1,528,520,521,-1,529,528,521,-1,528,530,520,-1,531,530,528,-1,530,532,533,-1,534,532,530,-1,530,533,520,-1,532,535,533,-1,520,533,518,-1,533,535,536,-1,533,536,518,-1,537,536,535,-1,518,536,488,-1,538,488,536,-1,537,538,536,-1,539,538,537,-1,540,539,537,-1,540,537,541,-1,541,537,535,-1,542,540,541,-1,542,541,543,-1,543,541,544,-1,541,535,544,-1,543,544,545,-1,546,545,544,-1,546,544,532,-1,532,544,535,-1,547,540,542,-1,547,548,540,-1,549,548,547,-1,549,550,548,-1,550,551,548,-1,550,552,551,-1,552,553,551,-1,548,551,539,-1,551,553,554,-1,551,554,539,-1,553,555,554,-1,539,554,538,-1,554,555,556,-1,554,556,538,-1,557,556,555,-1,538,556,488,-1,558,488,556,-1,557,558,556,-1,559,558,557,-1,560,559,557,-1,560,557,561,-1,561,557,555,-1,562,560,561,-1,562,561,563,-1,563,561,564,-1,561,555,564,-1,563,564,565,-1,566,565,564,-1,566,564,553,-1,553,564,555,-1,552,566,553,-1,563,567,562,-1,562,567,568,-1,562,568,569,-1,569,568,570,-1,569,570,571,-1,571,570,572,-1,571,572,573,-1,571,573,574,-1,574,573,575,-1,574,575,576,-1,576,575,577,-1,576,577,578,-1,578,577,579,-1,578,579,580,-1,580,579,581,-1,580,581,582,-1,582,581,583,-1,582,583,584,-1,584,583,585,-1,584,585,586,-1,586,585,587,-1,586,587,475,-1,475,587,472,-1,586,478,588,-1,475,478,586,-1,586,588,584,-1,478,482,588,-1,584,588,589,-1,588,482,590,-1,588,590,589,-1,482,485,590,-1,589,590,591,-1,590,485,592,-1,590,592,591,-1,593,591,592,-1,593,592,558,-1,558,592,488,-1,485,488,592,-1,594,591,593,-1,595,594,593,-1,595,593,559,-1,559,593,558,-1,576,594,595,-1,574,576,595,-1,574,595,596,-1,596,595,559,-1,571,574,596,-1,571,596,569,-1,569,596,560,-1,596,559,560,-1,578,597,594,-1,576,578,594,-1,594,597,591,-1,582,597,580,-1,578,580,597,-1,589,591,597,-1,582,589,597,-1,584,589,582,-1,569,560,562,-1,548,539,540,-1,510,598,281,-1,280,281,510,-1,510,599,598,-1,510,600,599,-1,281,598,601,-1,281,601,602,-1,281,602,603,-1,281,603,604,-1,282,604,605,-1,281,604,282,-1,282,605,606,-1,282,606,607,-1,282,607,608,-1,81,608,609,-1,282,608,81,-1,81,609,610,-1,81,610,611,-1,81,611,612,-1,80,612,613,-1,81,612,80,-1,80,613,614,-1,80,614,615,-1,80,615,616,-1,617,616,618,-1,80,616,617,-1,617,619,620,-1,621,620,617,-1,621,617,75,-1,75,617,80,-1,617,622,619,-1,617,618,623,-1,617,623,622,-1,620,619,624,-1,620,624,625,-1,621,626,627,-1,75,626,621,-1,621,627,628,-1,621,628,629,-1,621,629,630,-1,627,40,631,-1,626,40,627,-1,627,631,632,-1,628,627,632,-1,632,631,633,-1,632,633,634,-1,635,632,634,-1,628,632,635,-1,628,635,636,-1,635,637,636,-1,635,634,638,-1,635,638,637,-1,638,639,637,-1,636,637,640,-1,637,639,641,-1,637,641,640,-1,642,643,641,-1,644,642,641,-1,644,641,639,-1,640,641,643,-1,645,646,643,-1,642,645,643,-1,647,643,646,-1,640,643,647,-1,648,640,647,-1,648,647,649,-1,649,647,650,-1,647,646,650,-1,649,650,651,-1,652,651,650,-1,652,650,653,-1,653,650,646,-1,654,652,653,-1,654,653,655,-1,655,653,656,-1,653,646,656,-1,655,656,657,-1,658,657,656,-1,658,656,659,-1,659,656,646,-1,660,658,659,-1,660,659,661,-1,661,659,662,-1,659,646,662,-1,661,662,663,-1,664,663,662,-1,664,662,665,-1,665,662,646,-1,666,664,665,-1,666,665,667,-1,667,665,668,-1,665,646,668,-1,667,668,669,-1,670,669,668,-1,670,668,645,-1,645,668,646,-1,671,669,670,-1,672,671,670,-1,672,670,673,-1,673,670,645,-1,674,672,673,-1,674,673,675,-1,675,673,642,-1,673,645,642,-1,676,674,675,-1,676,675,677,-1,677,675,644,-1,675,642,644,-1,677,678,676,-1,677,644,679,-1,679,680,677,-1,677,680,678,-1,678,681,682,-1,680,681,678,-1,678,682,683,-1,676,678,683,-1,676,683,684,-1,684,683,685,-1,682,686,683,-1,687,686,682,-1,687,688,686,-1,687,689,690,-1,682,689,687,-1,687,690,691,-1,691,688,687,-1,680,691,681,-1,681,691,692,-1,691,693,692,-1,694,695,691,-1,691,695,693,-1,691,690,696,-1,691,696,697,-1,697,698,691,-1,694,691,680,-1,691,698,688,-1,697,699,698,-1,700,701,699,-1,700,699,697,-1,702,701,700,-1,702,700,703,-1,697,703,700,-1,702,703,693,-1,693,703,704,-1,696,704,703,-1,697,696,703,-1,693,704,705,-1,705,704,706,-1,707,706,704,-1,696,707,704,-1,708,709,707,-1,690,708,707,-1,690,707,696,-1,707,709,706,-1,705,710,709,-1,708,705,709,-1,709,710,711,-1,709,711,706,-1,712,711,713,-1,714,713,711,-1,714,711,710,-1,715,711,716,-1,712,716,711,-1,717,711,718,-1,715,718,711,-1,719,711,720,-1,717,720,711,-1,719,706,711,-1,705,706,719,-1,721,705,719,-1,721,719,722,-1,722,719,720,-1,723,721,722,-1,723,722,724,-1,724,722,725,-1,722,720,725,-1,724,725,726,-1,727,726,725,-1,727,725,728,-1,728,725,720,-1,729,727,728,-1,729,728,730,-1,730,728,717,-1,728,720,717,-1,731,729,730,-1,731,730,732,-1,732,730,733,-1,730,717,733,-1,732,733,734,-1,734,733,735,-1,733,717,718,-1,733,718,735,-1,734,735,736,-1,737,736,735,-1,737,735,738,-1,738,735,718,-1,739,714,738,-1,740,739,738,-1,740,738,741,-1,741,738,742,-1,738,714,710,-1,738,710,742,-1,743,737,738,-1,743,738,744,-1,744,738,715,-1,738,718,715,-1,745,743,744,-1,745,744,746,-1,746,744,747,-1,744,715,747,-1,746,747,748,-1,748,747,749,-1,747,715,716,-1,747,716,749,-1,748,749,750,-1,751,750,749,-1,751,749,752,-1,752,749,716,-1,753,754,752,-1,755,753,752,-1,755,752,739,-1,739,752,714,-1,752,754,713,-1,752,713,714,-1,756,751,752,-1,756,752,757,-1,757,752,712,-1,752,716,712,-1,758,756,757,-1,758,757,755,-1,755,757,759,-1,757,712,759,-1,755,759,753,-1,753,759,754,-1,759,712,713,-1,759,713,754,-1,40,756,758,-1,40,758,41,-1,41,758,755,-1,760,751,756,-1,40,760,756,-1,40,761,760,-1,760,750,751,-1,760,762,763,-1,760,763,750,-1,760,761,764,-1,760,764,762,-1,763,762,765,-1,763,765,766,-1,766,765,767,-1,766,767,768,-1,768,767,769,-1,768,769,770,-1,770,769,771,-1,770,771,631,-1,631,771,772,-1,631,772,773,-1,631,773,774,-1,774,773,775,-1,774,775,776,-1,776,775,777,-1,776,777,778,-1,778,777,779,-1,778,779,780,-1,780,779,781,-1,780,781,782,-1,782,781,783,-1,782,783,633,-1,633,783,784,-1,633,784,785,-1,785,784,786,-1,785,786,787,-1,787,786,788,-1,787,788,789,-1,787,789,790,-1,790,789,791,-1,790,791,792,-1,792,791,793,-1,792,793,794,-1,794,793,795,-1,794,795,796,-1,796,795,797,-1,796,797,798,-1,798,797,799,-1,798,799,800,-1,800,799,801,-1,800,801,802,-1,802,801,803,-1,802,803,804,-1,804,803,805,-1,804,805,806,-1,804,806,807,-1,804,807,695,-1,695,807,808,-1,695,808,702,-1,702,808,701,-1,804,809,810,-1,804,810,802,-1,804,695,809,-1,695,693,809,-1,810,809,721,-1,809,693,705,-1,809,705,721,-1,802,810,723,-1,810,721,723,-1,802,723,800,-1,800,723,724,-1,800,724,798,-1,798,724,726,-1,798,726,796,-1,695,796,726,-1,633,726,796,-1,794,796,726,-1,634,633,796,-1,811,796,695,-1,634,796,811,-1,638,634,811,-1,811,695,694,-1,812,811,694,-1,638,811,812,-1,638,812,639,-1,679,639,812,-1,812,694,679,-1,792,794,727,-1,794,726,727,-1,790,792,729,-1,792,727,729,-1,787,790,731,-1,790,729,731,-1,787,731,785,-1,785,731,732,-1,785,732,633,-1,782,734,736,-1,633,734,782,-1,782,736,780,-1,778,780,736,-1,776,778,737,-1,778,736,737,-1,774,776,743,-1,776,737,743,-1,631,774,745,-1,774,743,745,-1,770,745,746,-1,631,745,770,-1,770,746,768,-1,768,746,748,-1,768,748,766,-1,766,748,750,-1,766,750,763,-1,40,813,761,-1,40,42,813,-1,753,754,814,-1,815,814,69,-1,70,69,814,-1,70,814,753,-1,815,753,814,-1,44,753,815,-1,45,44,815,-1,67,815,69,-1,45,815,67,-1,72,753,755,-1,72,755,816,-1,816,755,739,-1,44,755,753,-1,41,755,44,-1,75,72,816,-1,75,816,40,-1,40,816,740,-1,816,739,740,-1,72,70,753,-1,741,742,726,-1,693,726,742,-1,705,742,710,-1,693,742,705,-1,631,740,741,-1,631,741,633,-1,633,741,726,-1,40,740,631,-1,633,732,734,-1,695,726,693,-1,692,705,708,-1,689,692,708,-1,689,708,690,-1,692,693,705,-1,695,702,693,-1,679,694,680,-1,681,692,689,-1,682,681,689,-1,684,685,817,-1,684,817,818,-1,818,817,819,-1,818,819,820,-1,820,819,821,-1,820,821,822,-1,822,821,823,-1,822,823,824,-1,824,823,825,-1,824,825,826,-1,826,825,827,-1,826,827,828,-1,828,827,829,-1,828,829,830,-1,830,829,831,-1,830,831,832,-1,832,831,833,-1,832,833,834,-1,832,834,835,-1,835,834,836,-1,835,836,837,-1,835,837,838,-1,837,839,838,-1,837,840,839,-1,840,841,839,-1,838,839,664,-1,839,841,663,-1,839,663,664,-1,842,841,843,-1,840,843,841,-1,844,663,841,-1,842,844,841,-1,845,844,842,-1,845,846,844,-1,847,846,845,-1,847,848,846,-1,849,848,847,-1,849,850,848,-1,850,851,848,-1,850,852,851,-1,852,853,851,-1,848,851,660,-1,851,853,658,-1,851,658,660,-1,854,855,853,-1,852,854,853,-1,853,855,657,-1,853,657,658,-1,856,855,857,-1,854,857,855,-1,858,657,855,-1,856,858,855,-1,859,858,856,-1,859,860,858,-1,861,860,859,-1,861,862,860,-1,863,862,861,-1,863,864,862,-1,864,865,862,-1,864,866,865,-1,866,867,865,-1,862,865,654,-1,865,867,652,-1,865,652,654,-1,868,869,867,-1,866,868,867,-1,867,869,651,-1,867,651,652,-1,870,869,871,-1,868,871,869,-1,872,651,869,-1,870,872,869,-1,873,872,870,-1,873,874,872,-1,630,874,873,-1,629,648,874,-1,630,629,874,-1,874,648,649,-1,874,649,872,-1,872,649,651,-1,862,654,860,-1,860,654,655,-1,860,655,858,-1,858,655,657,-1,848,660,846,-1,846,660,661,-1,846,661,844,-1,844,661,663,-1,835,838,875,-1,875,838,666,-1,838,664,666,-1,832,835,875,-1,832,875,830,-1,830,875,876,-1,875,666,876,-1,830,876,828,-1,828,876,877,-1,876,666,667,-1,876,667,877,-1,828,877,826,-1,826,877,878,-1,877,667,669,-1,877,669,878,-1,826,878,824,-1,822,824,878,-1,822,878,671,-1,671,878,669,-1,820,822,671,-1,818,820,672,-1,820,671,672,-1,684,818,674,-1,818,672,674,-1,684,674,676,-1,679,644,639,-1,636,640,648,-1,629,636,648,-1,628,636,629,-1,626,75,40,-1,508,490,491,-1,280,503,879,-1,503,466,879,-1,503,464,466,-1,503,501,464,-1,280,879,283,-1,283,879,451,-1,879,466,450,-1,879,450,451,-1,501,880,464,-1,501,500,880,-1,881,880,500,-1,464,465,880,-1,881,464,880,-1,473,464,881,-1,476,473,881,-1,498,881,500,-1,476,881,498,-1,480,476,498,-1,283,472,882,-1,283,882,883,-1,283,883,884,-1,283,884,885,-1,283,885,886,-1,886,885,887,-1,886,887,888,-1,888,887,889,-1,888,889,890,-1,890,889,891,-1,890,891,892,-1,892,891,893,-1,892,893,894,-1,894,893,895,-1,894,895,284,-1,284,895,896,-1,284,896,897,-1,284,897,898,-1,898,897,899,-1,898,899,900,-1,900,899,901,-1,900,901,902,-1,902,901,903,-1,902,903,904,-1,904,903,905,-1,904,905,906,-1,906,905,907,-1,906,907,286,-1,286,907,908,-1,286,908,909,-1,909,908,910,-1,909,910,911,-1,911,910,912,-1,911,912,913,-1,911,913,914,-1,914,913,915,-1,914,915,916,-1,916,915,917,-1,916,917,918,-1,918,917,919,-1,918,919,288,-1,288,919,920,-1,288,920,921,-1,921,920,922,-1,921,922,923,-1,923,922,924,-1,923,924,925,-1,925,924,926,-1,925,926,927,-1,927,926,928,-1,927,928,929,-1,927,929,930,-1,927,930,290,-1,290,930,931,-1,290,931,932,-1,932,931,933,-1,932,933,934,-1,934,933,935,-1,934,935,936,-1,936,935,937,-1,936,937,296,-1,296,937,420,-1,936,424,938,-1,296,424,936,-1,936,938,934,-1,932,934,938,-1,932,938,939,-1,939,938,427,-1,424,427,938,-1,290,932,939,-1,290,940,939,-1,290,939,941,-1,296,290,939,-1,941,939,429,-1,939,453,429,-1,939,427,429,-1,942,939,429,-1,296,939,942,-1,939,940,453,-1,452,453,940,-1,286,452,940,-1,286,940,288,-1,290,288,940,-1,918,288,940,-1,921,940,288,-1,918,940,943,-1,943,940,944,-1,945,944,940,-1,921,945,940,-1,946,947,945,-1,923,946,945,-1,923,945,921,-1,945,947,944,-1,948,430,947,-1,946,948,947,-1,947,430,440,-1,947,440,944,-1,941,429,948,-1,949,941,948,-1,949,948,946,-1,948,429,430,-1,927,941,949,-1,927,949,925,-1,925,949,946,-1,925,946,923,-1,943,944,441,-1,441,944,440,-1,916,918,943,-1,916,943,950,-1,950,943,441,-1,914,916,950,-1,914,950,951,-1,951,950,442,-1,950,441,442,-1,911,914,951,-1,911,951,909,-1,909,951,444,-1,951,442,444,-1,297,296,942,-1,297,942,421,-1,421,942,423,-1,942,429,423,-1,927,290,941,-1,909,444,286,-1,906,445,447,-1,286,445,906,-1,906,447,904,-1,902,904,447,-1,900,902,448,-1,902,447,448,-1,898,900,454,-1,900,448,454,-1,284,898,456,-1,898,454,456,-1,894,456,457,-1,284,456,894,-1,894,457,892,-1,892,457,459,-1,892,459,890,-1,890,459,461,-1,890,461,888,-1,886,888,461,-1,283,886,462,-1,886,461,462,-1,473,466,464,-1,283,462,467,-1,429,453,435,-1,284,451,452,-1,284,452,286,-1,283,451,284,-1,286,444,445,-1,429,435,426,-1,423,429,426,-1,299,297,421,-1,291,290,296,-1,294,251,253,-1,278,280,283,-1,82,81,282,-1,200,209,198,-1,201,194,195,-1,193,177,179,-1,129,131,149,-1,113,135,114,-1,115,114,120,-1,94,105,95,-1,0,101,102,-1,6,952,101,-1,0,6,101,-1,101,952,100,-1,953,954,952,-1,6,953,952,-1,952,954,955,-1,952,955,100,-1,954,956,955,-1,100,955,99,-1,955,956,57,-1,955,57,99,-1,957,57,956,-1,958,957,956,-1,958,956,959,-1,954,959,956,-1,960,958,959,-1,960,959,961,-1,962,961,959,-1,962,959,954,-1,10,961,962,-1,8,10,962,-1,8,962,953,-1,953,962,954,-1,14,960,961,-1,14,961,12,-1,10,12,961,-1,963,958,960,-1,16,963,960,-1,16,960,14,-1,964,965,963,-1,18,964,963,-1,18,963,16,-1,963,965,958,-1,966,967,965,-1,964,966,965,-1,965,967,957,-1,965,957,958,-1,968,969,967,-1,966,968,967,-1,967,969,970,-1,967,970,957,-1,971,970,969,-1,957,970,57,-1,54,57,970,-1,971,54,970,-1,51,54,971,-1,972,51,971,-1,972,971,973,-1,973,971,969,-1,33,972,973,-1,33,973,31,-1,31,973,974,-1,973,969,974,-1,31,974,29,-1,27,29,974,-1,27,974,968,-1,968,974,969,-1,47,51,972,-1,35,47,972,-1,35,972,33,-1,25,27,968,-1,25,968,966,-1,23,25,966,-1,23,966,964,-1,20,23,964,-1,20,964,18,-1,5,8,953,-1,5,953,6,-1,96,99,58,-1,58,99,57,-1,92,96,59,-1,59,96,58,-1,85,92,78,-1,78,92,59,-1,83,82,86,-1,78,59,60,-1,49,45,67,-1,37,47,35,-1,0,2,1,-1,2,3,1,-1,4,3,2,-1,4,2,5,-1,2,6,5,-1,2,0,6,-1,7,4,5,-1,7,5,8,-1,9,7,8,-1,9,8,10,-1,11,9,10,-1,11,10,12,-1,13,11,12,-1,13,12,14,-1,15,13,14,-1,15,14,16,-1,17,15,16,-1,17,16,18,-1,19,17,18,-1,20,21,19,-1,19,18,20,-1,20,22,21,-1,20,23,22,-1,23,24,22,-1,23,25,24,-1,25,26,24,-1,25,27,26,-1,27,28,26,-1,27,29,28,-1,29,30,28,-1,29,31,30,-1,31,32,30,-1,31,33,32,-1,33,34,32,-1,33,35,34,-1,35,36,34,-1,35,37,36,-1,37,38,36,-1,37,39,38,-1,39,41,40,-1,40,42,39,-1,37,43,39,-1,39,43,41,-1,43,44,41,-1,43,45,44,-1,46,45,43,-1,37,46,43,-1,37,47,46,-1,46,47,48,-1,46,49,45,-1,46,48,49,-1,49,48,50,-1,47,51,48,-1,48,52,50,-1,48,51,52,-1,50,52,53,-1,51,54,52,-1,52,55,53,-1,52,54,55,-1,56,53,55,-1,54,57,55,-1,58,55,57,-1,56,55,58,-1,59,56,58,-1,60,56,59,-1,60,61,56,-1,61,53,56,-1,62,61,60,-1,62,63,61,-1,63,64,61,-1,61,64,53,-1,63,65,64,-1,66,64,65,-1,66,50,64,-1,50,53,64,-1,49,66,67,-1,49,50,66,-1,66,65,68,-1,66,68,67,-1,68,70,69,-1,67,68,69,-1,68,71,70,-1,65,71,68,-1,71,72,70,-1,71,73,72,-1,63,73,71,-1,65,63,71,-1,73,74,72,-1,62,74,73,-1,63,62,73,-1,74,75,72,-1,74,76,75,-1,77,76,74,-1,62,77,74,-1,77,60,78,-1,79,77,78,-1,77,79,76,-1,77,62,60,-1,75,79,80,-1,75,76,79,-1,79,81,80,-1,79,82,81,-1,82,79,83,-1,79,84,83,-1,79,85,84,-1,79,78,85,-1,84,87,86,-1,83,84,86,-1,84,88,87,-1,85,88,84,-1,88,89,87,-1,88,90,89,-1,91,90,88,-1,85,91,88,-1,85,92,91,-1,91,92,93,-1,91,94,90,-1,91,93,94,-1,94,93,95,-1,92,96,93,-1,93,97,95,-1,93,96,97,-1,98,95,97,-1,96,99,97,-1,100,97,99,-1,98,97,100,-1,101,98,100,-1,102,98,101,-1,102,103,98,-1,103,95,98,-1,103,102,104,-1,103,105,95,-1,105,103,106,-1,103,104,106,-1,104,108,107,-1,106,104,107,-1,104,109,108,-1,102,109,104,-1,109,110,108,-1,109,1,110,-1,0,1,109,-1,102,0,109,-1,111,110,112,-1,110,1,112,-1,110,113,108,-1,110,111,113,-1,111,114,113,-1,111,115,114,-1,115,111,116,-1,111,112,116,-1,115,116,117,-1,118,117,119,-1,118,115,117,-1,118,121,120,-1,115,118,120,-1,118,122,121,-1,122,118,119,-1,123,122,124,-1,123,121,122,-1,122,119,124,-1,123,124,125,-1,126,125,127,-1,126,123,125,-1,128,126,127,-1,128,129,126,-1,126,129,130,-1,126,130,123,-1,123,130,121,-1,129,131,130,-1,130,132,121,-1,130,131,132,-1,120,121,132,-1,131,133,132,-1,134,132,133,-1,120,132,134,-1,135,134,136,-1,114,134,135,-1,114,120,134,-1,134,133,136,-1,137,136,138,-1,135,136,137,-1,136,139,138,-1,136,133,139,-1,140,141,139,-1,142,139,141,-1,142,138,139,-1,143,144,139,-1,140,139,144,-1,145,146,139,-1,143,139,146,-1,147,148,139,-1,145,139,148,-1,147,139,133,-1,131,147,133,-1,149,147,131,-1,149,150,147,-1,150,148,147,-1,151,150,149,-1,151,152,150,-1,152,153,150,-1,150,153,148,-1,152,154,153,-1,155,153,154,-1,155,156,153,-1,156,148,153,-1,157,156,155,-1,157,158,156,-1,158,145,156,-1,156,145,148,-1,159,158,157,-1,159,160,158,-1,160,161,158,-1,158,161,145,-1,160,162,161,-1,162,163,161,-1,161,146,145,-1,161,163,146,-1,162,164,163,-1,165,163,164,-1,165,166,163,-1,166,146,163,-1,167,166,165,-1,167,168,166,-1,168,143,166,-1,166,143,146,-1,169,168,167,-1,169,170,168,-1,170,171,168,-1,168,171,143,-1,170,172,171,-1,172,173,171,-1,171,144,143,-1,171,173,144,-1,172,174,173,-1,175,173,174,-1,175,176,173,-1,176,144,173,-1,177,176,178,-1,179,176,177,-1,179,180,176,-1,180,142,176,-1,176,141,178,-1,176,142,141,-1,181,176,175,-1,181,182,176,-1,182,140,176,-1,176,140,144,-1,183,182,181,-1,183,184,182,-1,184,185,182,-1,182,185,140,-1,184,186,185,-1,186,178,185,-1,185,141,140,-1,185,178,141,-1,187,186,184,-1,187,188,186,-1,188,189,186,-1,186,189,178,-1,188,190,189,-1,191,189,190,-1,191,177,189,-1,177,178,189,-1,192,193,191,-1,193,177,191,-1,194,191,190,-1,194,192,191,-1,195,192,194,-1,192,196,193,-1,197,196,192,-1,195,197,192,-1,197,199,198,-1,200,197,198,-1,197,200,196,-1,197,195,199,-1,201,199,195,-1,201,202,199,-1,202,203,199,-1,198,199,203,-1,202,204,203,-1,204,205,203,-1,206,203,205,-1,198,203,206,-1,207,206,208,-1,209,206,207,-1,209,198,206,-1,206,205,208,-1,210,208,211,-1,207,208,210,-1,208,212,211,-1,208,205,212,-1,213,214,212,-1,215,212,214,-1,215,211,212,-1,216,217,212,-1,213,212,217,-1,218,219,212,-1,216,212,219,-1,218,212,205,-1,204,218,205,-1,220,218,204,-1,220,221,218,-1,221,219,218,-1,222,221,220,-1,222,223,221,-1,223,224,221,-1,221,224,219,-1,223,225,224,-1,226,224,225,-1,226,227,224,-1,227,219,224,-1,228,227,226,-1,228,229,227,-1,229,216,227,-1,227,216,219,-1,230,229,228,-1,230,231,229,-1,231,232,229,-1,229,232,216,-1,231,233,232,-1,233,234,232,-1,232,217,216,-1,232,234,217,-1,233,235,234,-1,236,234,235,-1,236,237,234,-1,237,217,234,-1,238,237,236,-1,238,239,237,-1,239,213,237,-1,237,213,217,-1,240,239,238,-1,240,241,239,-1,241,242,239,-1,239,242,213,-1,241,243,242,-1,243,244,242,-1,242,214,213,-1,242,244,214,-1,243,245,244,-1,246,244,245,-1,246,247,244,-1,247,214,244,-1,248,247,246,-1,248,249,247,-1,249,215,247,-1,247,215,214,-1,250,249,248,-1,250,251,249,-1,251,252,249,-1,249,252,215,-1,251,253,252,-1,253,254,252,-1,252,211,215,-1,252,254,211,-1,253,255,254,-1,256,254,255,-1,210,211,254,-1,256,210,254,-1,257,256,255,-1,258,256,257,-1,258,259,256,-1,259,210,256,-1,260,259,258,-1,260,261,259,-1,261,207,259,-1,259,207,210,-1,262,261,260,-1,262,263,261,-1,263,209,261,-1,261,209,207,-1,263,262,264,-1,263,200,209,-1,200,263,265,-1,263,264,265,-1,82,264,262,-1,265,264,82,-1,265,82,266,-1,196,265,266,-1,200,265,196,-1,82,267,266,-1,266,267,179,-1,196,266,193,-1,266,179,193,-1,82,86,267,-1,86,268,267,-1,267,180,179,-1,267,268,180,-1,86,87,268,-1,87,269,268,-1,268,270,180,-1,268,269,270,-1,180,270,142,-1,269,271,270,-1,270,138,142,-1,270,271,138,-1,269,272,271,-1,273,271,272,-1,137,138,271,-1,273,137,271,-1,274,273,272,-1,107,273,274,-1,107,275,273,-1,275,137,273,-1,108,275,107,-1,108,113,275,-1,113,135,275,-1,275,135,137,-1,106,107,274,-1,276,274,277,-1,274,272,277,-1,276,106,274,-1,90,276,277,-1,94,276,90,-1,105,106,276,-1,94,105,276,-1,89,277,272,-1,90,277,89,-1,89,272,269,-1,87,89,269,-1,262,279,278,-1,280,262,278,-1,262,280,281,-1,82,262,282,-1,262,281,282,-1,262,260,279,-1,279,284,283,-1,278,279,283,-1,279,285,284,-1,260,285,279,-1,285,286,284,-1,285,287,286,-1,258,287,285,-1,260,258,285,-1,287,288,286,-1,287,289,288,-1,257,289,287,-1,258,257,287,-1,289,290,288,-1,289,291,290,-1,292,291,289,-1,257,292,289,-1,257,255,292,-1,293,292,255,-1,292,293,291,-1,293,255,253,-1,294,293,253,-1,293,294,295,-1,293,295,291,-1,295,297,296,-1,291,295,296,-1,295,298,297,-1,294,298,295,-1,298,299,297,-1,298,300,299,-1,301,300,298,-1,294,301,298,-1,301,251,250,-1,302,301,250,-1,301,302,300,-1,301,294,251,-1,302,303,300,-1,302,304,303,-1,302,305,304,-1,302,250,305,-1,305,306,304,-1,305,307,306,-1,307,308,306,-1,307,309,308,-1,309,310,308,-1,309,311,310,-1,311,312,310,-1,311,313,312,-1,313,314,312,-1,313,315,314,-1,315,316,314,-1,315,317,316,-1,317,318,316,-1,317,319,318,-1,319,320,318,-1,319,321,320,-1,319,322,321,-1,322,323,321,-1,322,324,323,-1,324,325,323,-1,324,326,325,-1,326,327,325,-1,326,328,327,-1,328,329,327,-1,328,330,329,-1,330,331,329,-1,330,332,331,-1,332,333,331,-1,332,334,333,-1,334,335,333,-1,334,336,335,-1,336,337,335,-1,336,338,337,-1,336,339,338,-1,339,340,338,-1,339,341,340,-1,341,342,340,-1,341,343,342,-1,343,344,342,-1,343,345,344,-1,345,346,344,-1,345,347,346,-1,347,348,346,-1,347,349,348,-1,349,350,348,-1,349,351,350,-1,351,352,350,-1,351,353,352,-1,353,354,352,-1,353,355,354,-1,354,357,356,-1,356,358,354,-1,354,355,357,-1,355,187,357,-1,355,359,187,-1,360,359,355,-1,353,360,355,-1,353,361,360,-1,360,361,362,-1,360,363,359,-1,360,362,363,-1,363,362,202,-1,361,220,362,-1,362,204,202,-1,362,220,204,-1,363,201,364,-1,363,202,201,-1,363,364,359,-1,364,190,188,-1,359,364,188,-1,364,194,190,-1,201,194,364,-1,353,351,361,-1,351,222,361,-1,361,222,220,-1,359,188,187,-1,357,184,183,-1,356,357,183,-1,357,187,184,-1,356,365,358,-1,356,366,365,-1,366,367,365,-1,366,368,367,-1,368,369,367,-1,368,370,369,-1,370,371,369,-1,370,372,371,-1,372,373,371,-1,372,374,373,-1,374,375,373,-1,374,376,375,-1,376,377,375,-1,376,378,377,-1,378,379,377,-1,378,380,379,-1,380,381,379,-1,380,382,381,-1,380,383,382,-1,383,384,382,-1,383,385,384,-1,385,386,384,-1,385,387,386,-1,387,388,386,-1,387,389,388,-1,389,390,388,-1,389,391,390,-1,391,392,390,-1,391,393,392,-1,393,394,392,-1,393,395,394,-1,395,396,394,-1,395,397,396,-1,397,398,396,-1,397,399,398,-1,397,400,399,-1,400,401,399,-1,400,402,401,-1,402,403,401,-1,402,404,403,-1,404,405,403,-1,404,406,405,-1,406,407,405,-1,406,408,407,-1,408,409,407,-1,408,410,409,-1,410,411,409,-1,410,412,411,-1,412,413,411,-1,412,414,413,-1,414,415,413,-1,414,416,415,-1,414,128,416,-1,128,127,416,-1,414,417,128,-1,414,412,417,-1,128,417,129,-1,412,151,417,-1,417,149,129,-1,417,151,149,-1,412,410,151,-1,410,152,151,-1,410,408,152,-1,408,154,152,-1,408,406,154,-1,404,154,406,-1,402,155,404,-1,404,155,154,-1,400,157,402,-1,402,157,155,-1,397,159,400,-1,400,159,157,-1,397,395,159,-1,395,160,159,-1,395,393,160,-1,393,162,160,-1,393,391,162,-1,391,164,162,-1,391,389,164,-1,387,164,389,-1,385,165,387,-1,387,165,164,-1,383,167,385,-1,385,167,165,-1,380,169,383,-1,383,169,167,-1,380,378,169,-1,378,170,169,-1,378,376,170,-1,376,172,170,-1,376,374,172,-1,374,174,172,-1,374,372,174,-1,370,174,372,-1,368,175,370,-1,370,175,174,-1,366,181,368,-1,368,181,175,-1,356,183,366,-1,366,183,181,-1,351,349,222,-1,349,223,222,-1,349,347,223,-1,347,225,223,-1,347,345,225,-1,343,225,345,-1,341,226,343,-1,343,226,225,-1,339,228,341,-1,341,228,226,-1,336,230,339,-1,339,230,228,-1,336,334,230,-1,334,231,230,-1,334,332,231,-1,332,233,231,-1,332,330,233,-1,330,235,233,-1,330,328,235,-1,326,235,328,-1,324,236,326,-1,326,236,235,-1,322,238,324,-1,324,238,236,-1,319,240,322,-1,322,240,238,-1,319,317,240,-1,317,241,240,-1,317,315,241,-1,315,243,241,-1,315,313,243,-1,313,245,243,-1,313,311,245,-1,309,245,311,-1,307,246,309,-1,309,246,245,-1,305,248,307,-1,307,248,246,-1,305,250,248,-1,299,300,418,-1,419,299,418,-1,419,418,420,-1,419,422,421,-1,299,419,421,-1,419,296,422,-1,296,419,420,-1,421,422,423,-1,296,424,422,-1,422,425,423,-1,422,424,425,-1,423,425,426,-1,424,427,425,-1,425,428,426,-1,425,427,428,-1,429,428,427,-1,429,430,428,-1,430,431,428,-1,426,428,431,-1,432,433,431,-1,434,431,433,-1,434,435,431,-1,426,431,435,-1,436,437,431,-1,432,431,437,-1,438,439,431,-1,436,431,439,-1,430,440,431,-1,438,431,440,-1,441,438,440,-1,442,438,441,-1,442,443,438,-1,443,439,438,-1,444,443,442,-1,444,445,443,-1,445,446,443,-1,443,446,439,-1,445,447,446,-1,448,446,447,-1,448,449,446,-1,449,439,446,-1,450,449,434,-1,451,449,450,-1,451,452,449,-1,452,453,449,-1,449,435,434,-1,449,453,435,-1,454,449,448,-1,454,455,449,-1,455,436,449,-1,449,436,439,-1,456,455,454,-1,456,457,455,-1,457,458,455,-1,455,458,436,-1,457,459,458,-1,459,460,458,-1,458,437,436,-1,458,460,437,-1,459,461,460,-1,462,460,461,-1,462,463,460,-1,463,437,460,-1,464,463,465,-1,466,463,464,-1,466,450,463,-1,450,434,463,-1,463,433,465,-1,463,434,433,-1,467,463,462,-1,467,468,463,-1,468,432,463,-1,463,432,437,-1,469,468,467,-1,469,466,468,-1,466,470,468,-1,468,470,432,-1,466,464,470,-1,464,465,470,-1,470,433,432,-1,470,465,433,-1,283,469,467,-1,283,471,469,-1,471,466,469,-1,472,471,283,-1,471,473,466,-1,474,473,471,-1,472,474,471,-1,475,474,472,-1,474,476,473,-1,477,476,474,-1,475,477,474,-1,475,478,477,-1,477,478,479,-1,477,480,476,-1,477,479,480,-1,480,479,481,-1,478,482,479,-1,479,483,481,-1,479,482,483,-1,481,483,484,-1,482,485,483,-1,483,486,484,-1,483,485,486,-1,487,484,486,-1,485,488,486,-1,489,486,488,-1,487,486,489,-1,490,487,489,-1,491,487,490,-1,491,492,487,-1,492,484,487,-1,493,492,491,-1,493,494,492,-1,494,495,492,-1,492,495,484,-1,494,496,495,-1,497,495,496,-1,497,481,495,-1,481,484,495,-1,480,497,498,-1,480,481,497,-1,497,496,499,-1,497,499,498,-1,499,501,500,-1,498,499,500,-1,499,502,501,-1,496,502,499,-1,502,503,501,-1,502,504,503,-1,494,504,502,-1,496,494,502,-1,504,505,503,-1,493,505,504,-1,494,493,504,-1,505,280,503,-1,505,506,280,-1,507,506,505,-1,493,507,505,-1,507,491,508,-1,509,507,508,-1,507,509,506,-1,507,493,491,-1,280,509,510,-1,280,506,509,-1,509,508,511,-1,511,508,512,-1,511,512,513,-1,513,512,514,-1,508,490,512,-1,512,515,514,-1,512,490,515,-1,514,515,516,-1,490,489,515,-1,515,517,516,-1,515,489,517,-1,518,517,488,-1,519,517,518,-1,519,516,517,-1,489,488,517,-1,520,519,518,-1,521,519,520,-1,521,522,519,-1,522,516,519,-1,523,522,521,-1,524,525,522,-1,522,525,516,-1,524,526,525,-1,527,525,526,-1,514,516,525,-1,527,514,525,-1,513,514,527,-1,528,521,520,-1,529,521,528,-1,528,520,530,-1,531,528,530,-1,530,533,532,-1,534,530,532,-1,530,520,533,-1,532,533,535,-1,520,518,533,-1,533,536,535,-1,533,518,536,-1,537,535,536,-1,518,488,536,-1,538,536,488,-1,537,536,538,-1,539,537,538,-1,540,537,539,-1,540,541,537,-1,541,535,537,-1,542,541,540,-1,542,543,541,-1,543,544,541,-1,541,544,535,-1,543,545,544,-1,546,544,545,-1,546,532,544,-1,532,535,544,-1,547,542,540,-1,547,540,548,-1,549,547,548,-1,549,548,550,-1,550,548,551,-1,550,551,552,-1,552,551,553,-1,548,539,551,-1,551,554,553,-1,551,539,554,-1,553,554,555,-1,539,538,554,-1,554,556,555,-1,554,538,556,-1,557,555,556,-1,538,488,556,-1,558,556,488,-1,557,556,558,-1,559,557,558,-1,560,557,559,-1,560,561,557,-1,561,555,557,-1,562,561,560,-1,562,563,561,-1,563,564,561,-1,561,564,555,-1,563,565,564,-1,566,564,565,-1,566,553,564,-1,553,555,564,-1,552,553,566,-1,563,562,567,-1,562,568,567,-1,562,569,568,-1,569,570,568,-1,569,571,570,-1,571,572,570,-1,571,573,572,-1,571,574,573,-1,574,575,573,-1,574,576,575,-1,576,577,575,-1,576,578,577,-1,578,579,577,-1,578,580,579,-1,580,581,579,-1,580,582,581,-1,582,583,581,-1,582,584,583,-1,584,585,583,-1,584,586,585,-1,586,587,585,-1,586,475,587,-1,475,472,587,-1,586,588,478,-1,475,586,478,-1,586,584,588,-1,478,588,482,-1,584,589,588,-1,588,590,482,-1,588,589,590,-1,482,590,485,-1,589,591,590,-1,590,592,485,-1,590,591,592,-1,593,592,591,-1,593,558,592,-1,558,488,592,-1,485,592,488,-1,594,593,591,-1,595,593,594,-1,595,559,593,-1,559,558,593,-1,576,595,594,-1,574,595,576,-1,574,596,595,-1,596,559,595,-1,571,596,574,-1,571,569,596,-1,569,560,596,-1,596,560,559,-1,578,594,597,-1,576,594,578,-1,594,591,597,-1,582,580,597,-1,578,597,580,-1,589,597,591,-1,582,597,589,-1,584,582,589,-1,569,562,560,-1,548,540,539,-1,510,281,598,-1,280,510,281,-1,510,598,599,-1,510,599,600,-1,281,601,598,-1,281,602,601,-1,281,603,602,-1,281,604,603,-1,282,605,604,-1,281,282,604,-1,282,606,605,-1,282,607,606,-1,282,608,607,-1,81,609,608,-1,282,81,608,-1,81,610,609,-1,81,611,610,-1,81,612,611,-1,80,613,612,-1,81,80,612,-1,80,614,613,-1,80,615,614,-1,80,616,615,-1,617,618,616,-1,80,617,616,-1,617,620,619,-1,621,617,620,-1,621,75,617,-1,75,80,617,-1,617,619,622,-1,617,623,618,-1,617,622,623,-1,620,624,619,-1,620,625,624,-1,621,627,626,-1,75,621,626,-1,621,628,627,-1,621,629,628,-1,621,630,629,-1,627,631,40,-1,626,627,40,-1,627,632,631,-1,628,632,627,-1,632,633,631,-1,632,634,633,-1,635,634,632,-1,628,635,632,-1,628,636,635,-1,635,636,637,-1,635,638,634,-1,635,637,638,-1,638,637,639,-1,636,640,637,-1,637,641,639,-1,637,640,641,-1,642,641,643,-1,644,641,642,-1,644,639,641,-1,640,643,641,-1,645,643,646,-1,642,643,645,-1,647,646,643,-1,640,647,643,-1,648,647,640,-1,648,649,647,-1,649,650,647,-1,647,650,646,-1,649,651,650,-1,652,650,651,-1,652,653,650,-1,653,646,650,-1,654,653,652,-1,654,655,653,-1,655,656,653,-1,653,656,646,-1,655,657,656,-1,658,656,657,-1,658,659,656,-1,659,646,656,-1,660,659,658,-1,660,661,659,-1,661,662,659,-1,659,662,646,-1,661,663,662,-1,664,662,663,-1,664,665,662,-1,665,646,662,-1,666,665,664,-1,666,667,665,-1,667,668,665,-1,665,668,646,-1,667,669,668,-1,670,668,669,-1,670,645,668,-1,645,646,668,-1,671,670,669,-1,672,670,671,-1,672,673,670,-1,673,645,670,-1,674,673,672,-1,674,675,673,-1,675,642,673,-1,673,642,645,-1,676,675,674,-1,676,677,675,-1,677,644,675,-1,675,644,642,-1,677,676,678,-1,677,679,644,-1,679,677,680,-1,677,678,680,-1,678,682,681,-1,680,678,681,-1,678,683,682,-1,676,683,678,-1,676,684,683,-1,684,685,683,-1,682,683,686,-1,687,682,686,-1,687,686,688,-1,687,690,689,-1,682,687,689,-1,687,691,690,-1,691,687,688,-1,680,681,691,-1,681,692,691,-1,691,692,693,-1,694,691,695,-1,691,693,695,-1,691,696,690,-1,691,697,696,-1,697,691,698,-1,694,680,691,-1,691,688,698,-1,697,698,699,-1,700,699,701,-1,700,697,699,-1,702,700,701,-1,702,703,700,-1,697,700,703,-1,702,693,703,-1,693,704,703,-1,696,703,704,-1,697,703,696,-1,693,705,704,-1,705,706,704,-1,707,704,706,-1,696,704,707,-1,708,707,709,-1,690,707,708,-1,690,696,707,-1,707,706,709,-1,705,709,710,-1,708,709,705,-1,709,711,710,-1,709,706,711,-1,712,713,711,-1,714,711,713,-1,714,710,711,-1,715,716,711,-1,712,711,716,-1,717,718,711,-1,715,711,718,-1,719,720,711,-1,717,711,720,-1,719,711,706,-1,705,719,706,-1,721,719,705,-1,721,722,719,-1,722,720,719,-1,723,722,721,-1,723,724,722,-1,724,725,722,-1,722,725,720,-1,724,726,725,-1,727,725,726,-1,727,728,725,-1,728,720,725,-1,729,728,727,-1,729,730,728,-1,730,717,728,-1,728,717,720,-1,731,730,729,-1,731,732,730,-1,732,733,730,-1,730,733,717,-1,732,734,733,-1,734,735,733,-1,733,718,717,-1,733,735,718,-1,734,736,735,-1,737,735,736,-1,737,738,735,-1,738,718,735,-1,739,738,714,-1,740,738,739,-1,740,741,738,-1,741,742,738,-1,738,710,714,-1,738,742,710,-1,743,738,737,-1,743,744,738,-1,744,715,738,-1,738,715,718,-1,745,744,743,-1,745,746,744,-1,746,747,744,-1,744,747,715,-1,746,748,747,-1,748,749,747,-1,747,716,715,-1,747,749,716,-1,748,750,749,-1,751,749,750,-1,751,752,749,-1,752,716,749,-1,753,752,754,-1,755,752,753,-1,755,739,752,-1,739,714,752,-1,752,713,754,-1,752,714,713,-1,756,752,751,-1,756,757,752,-1,757,712,752,-1,752,712,716,-1,758,757,756,-1,758,755,757,-1,755,759,757,-1,757,759,712,-1,755,753,759,-1,753,754,759,-1,759,713,712,-1,759,754,713,-1,40,758,756,-1,40,41,758,-1,41,755,758,-1,760,756,751,-1,40,756,760,-1,40,760,761,-1,760,751,750,-1,760,763,762,-1,760,750,763,-1,760,764,761,-1,760,762,764,-1,763,765,762,-1,763,766,765,-1,766,767,765,-1,766,768,767,-1,768,769,767,-1,768,770,769,-1,770,771,769,-1,770,631,771,-1,631,772,771,-1,631,773,772,-1,631,774,773,-1,774,775,773,-1,774,776,775,-1,776,777,775,-1,776,778,777,-1,778,779,777,-1,778,780,779,-1,780,781,779,-1,780,782,781,-1,782,783,781,-1,782,633,783,-1,633,784,783,-1,633,785,784,-1,785,786,784,-1,785,787,786,-1,787,788,786,-1,787,789,788,-1,787,790,789,-1,790,791,789,-1,790,792,791,-1,792,793,791,-1,792,794,793,-1,794,795,793,-1,794,796,795,-1,796,797,795,-1,796,798,797,-1,798,799,797,-1,798,800,799,-1,800,801,799,-1,800,802,801,-1,802,803,801,-1,802,804,803,-1,804,805,803,-1,804,806,805,-1,804,807,806,-1,804,695,807,-1,695,808,807,-1,695,702,808,-1,702,701,808,-1,804,810,809,-1,804,802,810,-1,804,809,695,-1,695,809,693,-1,810,721,809,-1,809,705,693,-1,809,721,705,-1,802,723,810,-1,810,723,721,-1,802,800,723,-1,800,724,723,-1,800,798,724,-1,798,726,724,-1,798,796,726,-1,695,726,796,-1,633,796,726,-1,794,726,796,-1,634,796,633,-1,811,695,796,-1,634,811,796,-1,638,811,634,-1,811,694,695,-1,812,694,811,-1,638,812,811,-1,638,639,812,-1,679,812,639,-1,812,679,694,-1,792,727,794,-1,794,727,726,-1,790,729,792,-1,792,729,727,-1,787,731,790,-1,790,731,729,-1,787,785,731,-1,785,732,731,-1,785,633,732,-1,782,736,734,-1,633,782,734,-1,782,780,736,-1,778,736,780,-1,776,737,778,-1,778,737,736,-1,774,743,776,-1,776,743,737,-1,631,745,774,-1,774,745,743,-1,770,746,745,-1,631,770,745,-1,770,768,746,-1,768,748,746,-1,768,766,748,-1,766,750,748,-1,766,763,750,-1,40,761,813,-1,40,813,42,-1,753,814,754,-1,815,69,814,-1,70,814,69,-1,70,753,814,-1,815,814,753,-1,44,815,753,-1,45,815,44,-1,67,69,815,-1,45,67,815,-1,72,755,753,-1,72,816,755,-1,816,739,755,-1,44,753,755,-1,41,44,755,-1,75,816,72,-1,75,40,816,-1,40,740,816,-1,816,740,739,-1,72,753,70,-1,741,726,742,-1,693,742,726,-1,705,710,742,-1,693,705,742,-1,631,741,740,-1,631,633,741,-1,633,726,741,-1,40,631,740,-1,633,734,732,-1,695,693,726,-1,692,708,705,-1,689,708,692,-1,689,690,708,-1,692,705,693,-1,695,693,702,-1,679,680,694,-1,681,689,692,-1,682,689,681,-1,684,817,685,-1,684,818,817,-1,818,819,817,-1,818,820,819,-1,820,821,819,-1,820,822,821,-1,822,823,821,-1,822,824,823,-1,824,825,823,-1,824,826,825,-1,826,827,825,-1,826,828,827,-1,828,829,827,-1,828,830,829,-1,830,831,829,-1,830,832,831,-1,832,833,831,-1,832,834,833,-1,832,835,834,-1,835,836,834,-1,835,837,836,-1,835,838,837,-1,837,838,839,-1,837,839,840,-1,840,839,841,-1,838,664,839,-1,839,663,841,-1,839,664,663,-1,842,843,841,-1,840,841,843,-1,844,841,663,-1,842,841,844,-1,845,842,844,-1,845,844,846,-1,847,845,846,-1,847,846,848,-1,849,847,848,-1,849,848,850,-1,850,848,851,-1,850,851,852,-1,852,851,853,-1,848,660,851,-1,851,658,853,-1,851,660,658,-1,854,853,855,-1,852,853,854,-1,853,657,855,-1,853,658,657,-1,856,857,855,-1,854,855,857,-1,858,855,657,-1,856,855,858,-1,859,856,858,-1,859,858,860,-1,861,859,860,-1,861,860,862,-1,863,861,862,-1,863,862,864,-1,864,862,865,-1,864,865,866,-1,866,865,867,-1,862,654,865,-1,865,652,867,-1,865,654,652,-1,868,867,869,-1,866,867,868,-1,867,651,869,-1,867,652,651,-1,870,871,869,-1,868,869,871,-1,872,869,651,-1,870,869,872,-1,873,870,872,-1,873,872,874,-1,630,873,874,-1,629,874,648,-1,630,874,629,-1,874,649,648,-1,874,872,649,-1,872,651,649,-1,862,860,654,-1,860,655,654,-1,860,858,655,-1,858,657,655,-1,848,846,660,-1,846,661,660,-1,846,844,661,-1,844,663,661,-1,835,875,838,-1,875,666,838,-1,838,666,664,-1,832,875,835,-1,832,830,875,-1,830,876,875,-1,875,876,666,-1,830,828,876,-1,828,877,876,-1,876,667,666,-1,876,877,667,-1,828,826,877,-1,826,878,877,-1,877,669,667,-1,877,878,669,-1,826,824,878,-1,822,878,824,-1,822,671,878,-1,671,669,878,-1,820,671,822,-1,818,672,820,-1,820,672,671,-1,684,674,818,-1,818,674,672,-1,684,676,674,-1,679,639,644,-1,636,648,640,-1,629,648,636,-1,628,629,636,-1,626,40,75,-1,508,491,490,-1,280,879,503,-1,503,879,466,-1,503,466,464,-1,503,464,501,-1,280,283,879,-1,283,451,879,-1,879,450,466,-1,879,451,450,-1,501,464,880,-1,501,880,500,-1,881,500,880,-1,464,880,465,-1,881,880,464,-1,473,881,464,-1,476,881,473,-1,498,500,881,-1,476,498,881,-1,480,498,476,-1,283,882,472,-1,283,883,882,-1,283,884,883,-1,283,885,884,-1,283,886,885,-1,886,887,885,-1,886,888,887,-1,888,889,887,-1,888,890,889,-1,890,891,889,-1,890,892,891,-1,892,893,891,-1,892,894,893,-1,894,895,893,-1,894,284,895,-1,284,896,895,-1,284,897,896,-1,284,898,897,-1,898,899,897,-1,898,900,899,-1,900,901,899,-1,900,902,901,-1,902,903,901,-1,902,904,903,-1,904,905,903,-1,904,906,905,-1,906,907,905,-1,906,286,907,-1,286,908,907,-1,286,909,908,-1,909,910,908,-1,909,911,910,-1,911,912,910,-1,911,913,912,-1,911,914,913,-1,914,915,913,-1,914,916,915,-1,916,917,915,-1,916,918,917,-1,918,919,917,-1,918,288,919,-1,288,920,919,-1,288,921,920,-1,921,922,920,-1,921,923,922,-1,923,924,922,-1,923,925,924,-1,925,926,924,-1,925,927,926,-1,927,928,926,-1,927,929,928,-1,927,930,929,-1,927,290,930,-1,290,931,930,-1,290,932,931,-1,932,933,931,-1,932,934,933,-1,934,935,933,-1,934,936,935,-1,936,937,935,-1,936,296,937,-1,296,420,937,-1,936,938,424,-1,296,936,424,-1,936,934,938,-1,932,938,934,-1,932,939,938,-1,939,427,938,-1,424,938,427,-1,290,939,932,-1,290,939,940,-1,290,941,939,-1,296,939,290,-1,941,429,939,-1,939,429,453,-1,939,429,427,-1,942,429,939,-1,296,942,939,-1,939,453,940,-1,452,940,453,-1,286,940,452,-1,286,288,940,-1,290,940,288,-1,918,940,288,-1,921,288,940,-1,918,943,940,-1,943,944,940,-1,945,940,944,-1,921,940,945,-1,946,945,947,-1,923,945,946,-1,923,921,945,-1,945,944,947,-1,948,947,430,-1,946,947,948,-1,947,440,430,-1,947,944,440,-1,941,948,429,-1,949,948,941,-1,949,946,948,-1,948,430,429,-1,927,949,941,-1,927,925,949,-1,925,946,949,-1,925,923,946,-1,943,441,944,-1,441,440,944,-1,916,943,918,-1,916,950,943,-1,950,441,943,-1,914,950,916,-1,914,951,950,-1,951,442,950,-1,950,442,441,-1,911,951,914,-1,911,909,951,-1,909,444,951,-1,951,444,442,-1,297,942,296,-1,297,421,942,-1,421,423,942,-1,942,423,429,-1,927,941,290,-1,909,286,444,-1,906,447,445,-1,286,906,445,-1,906,904,447,-1,902,447,904,-1,900,448,902,-1,902,448,447,-1,898,454,900,-1,900,454,448,-1,284,456,898,-1,898,456,454,-1,894,457,456,-1,284,894,456,-1,894,892,457,-1,892,459,457,-1,892,890,459,-1,890,461,459,-1,890,888,461,-1,886,461,888,-1,283,462,886,-1,886,462,461,-1,473,464,466,-1,283,467,462,-1,429,435,453,-1,284,452,451,-1,284,286,452,-1,283,284,451,-1,286,445,444,-1,429,426,435,-1,423,426,429,-1,299,421,297,-1,291,296,290,-1,294,253,251,-1,278,283,280,-1,82,282,81,-1,200,198,209,-1,201,195,194,-1,193,179,177,-1,129,149,131,-1,113,114,135,-1,115,120,114,-1,94,95,105,-1,0,102,101,-1,6,101,952,-1,0,101,6,-1,101,100,952,-1,953,952,954,-1,6,952,953,-1,952,955,954,-1,952,100,955,-1,954,955,956,-1,100,99,955,-1,955,57,956,-1,955,99,57,-1,957,956,57,-1,958,956,957,-1,958,959,956,-1,954,956,959,-1,960,959,958,-1,960,961,959,-1,962,959,961,-1,962,954,959,-1,10,962,961,-1,8,962,10,-1,8,953,962,-1,953,954,962,-1,14,961,960,-1,14,12,961,-1,10,961,12,-1,963,960,958,-1,16,960,963,-1,16,14,960,-1,964,963,965,-1,18,963,964,-1,18,16,963,-1,963,958,965,-1,966,965,967,-1,964,965,966,-1,965,957,967,-1,965,958,957,-1,968,967,969,-1,966,967,968,-1,967,970,969,-1,967,957,970,-1,971,969,970,-1,957,57,970,-1,54,970,57,-1,971,970,54,-1,51,971,54,-1,972,971,51,-1,972,973,971,-1,973,969,971,-1,33,973,972,-1,33,31,973,-1,31,974,973,-1,973,974,969,-1,31,29,974,-1,27,974,29,-1,27,968,974,-1,968,969,974,-1,47,972,51,-1,35,972,47,-1,35,33,972,-1,25,968,27,-1,25,966,968,-1,23,966,25,-1,23,964,966,-1,20,964,23,-1,20,18,964,-1,5,953,8,-1,5,6,953,-1,96,58,99,-1,58,57,99,-1,92,59,96,-1,59,58,96,-1,85,78,92,-1,78,59,92,-1,83,86,82,-1,78,60,59,-1,49,67,45,-1,37,35,47            ]
            ccw TRUE
            normalPerVertex TRUE
            normal Normal {
              vector [
-0.01817 -0.99983 0,-0.01816 -0.99983 -0.00045,-0.01815 -0.99984 -0,-0.01814 -0.99984 -0.0002,-0.01813 -0.99984 0,-0.01812 -0.99984 0,0 -1 0,-0.01813 -0.99984 0,-0.01809 -0.99984 0,-0.01813 -0.99984 0,-0.01811 -0.99984 0,-0.01813 -0.99984 0,-0.01814 -0.99984 0,-0.01813 -0.99984 0,-0.01813 -0.99984 0,-0.01813 -0.99984 0,-0.01809 -0.99984 0,-0.01808 -0.99984 0,-0.01813 -0.99984 0,0.01813 0.99984 0,-0.01811 -0.99984 0,-0.02161 -0.99515 -0.096,-0.03309 0 -0.99945,-0.02739 -0.95638 -0.29084,-0.02996 0 -0.99955,-0.03129 -0.8812 -0.47171,-0.02633 0 -0.99965,-0.03327 -0.77286 -0.63371,-0.02394 0 -0.99971,-0.03327 -0.63484 -0.77193,-0.02119 0 -0.99978,-0.03125 -0.47025 -0.88198,-0.0198 0 -0.9998,-0.02736 -0.29077 -0.9564,-0.01851 0 -0.99983,-0.02165 -0.09786 -0.99496,-0.0181 0 -0.99984,-0.01812 0 -0.99984,-0.01831 -0.00394 -0.99982,-0.01827 -0.00332 -0.99983,-0.01842 -0.00669 -0.99981,-0.07609 8E-05 -0.9971,-0.0764 4E-05 -0.99708,-0.07486 0 -0.99719,-0.07609 4E-05 -0.9971,0.04378 0.37213 0.92715,-0.04517 -0.37014 -0.92788,-0.0798 0 -0.99681,-0.07795 0 -0.99696,-0.07811 0 -0.99694,-0.04236 -0.4018 -0.91475,0.04569 0.40178 0.91459,0.06512 0.72193 0.68889,0.15315 0.71443 0.68274,0.16942 0.97018 0.17333,0.06501 0.72194 0.68889,0.10255 0.71758 0.68888,0.10608 0.86064 0.49804,0.15506 0.96108 0.22866,0.12524 0.88142 0.45542,0.1459 0.98817 -0.04716,0.12148 0.9794 0.16129,0.11561 0.96364 0.24091,0.1101 0.97163 0.2093,0.11191 0.98516 0.1301,0.10936 0.55005 0.82794,0.12019 0.98737 0.10325,0.13663 0.60357 0.78551,0.08819 0.72626 0.68174,0.08936 0.60559 0.79075,0.09039 0.62097 0.77861,0.09626 0.53966 0.83636,0.09671 0.56638 0.81845,0.11186 0.49964 0.85898,0.0885 0.71541 0.69308,0.08926 0.65747 0.74818,0.08924 0.65556 0.74985,0.08925 0.65695 0.74863,0.08923 0.65508 0.75027,0.08179 0.72811 0.68057,0.08072 0.71795 0.6914,0.08482 0.74857 0.65761,0.09038 0.75678 0.64739,0.0648 0.72195 0.6889,0.08468 0.72108 0.68766,0.06491 0.72195 0.6889,0.04459 0.38474 0.92195,-0.07786 0 -0.99696,-0.07633 0 -0.99708,-0.07766 0 -0.99698,-0.0441 -0.38359 -0.92245,-0.0454 -0.36822 -0.92863,0.04365 0.37036 0.92786,-0.07959 -0 -0.99683,-0.07398 0 -0.99726,-0.04543 -0.37017 -0.92785,0.04361 0.37031 0.92788,0.06511 0.72538 0.68526,-0.04247 -0.4047 -0.91346,0.04552 0.40179 0.9146,0.0651 0.72543 0.6852,-0.07402 0 -0.99726,-0.07388 0 -0.99727,-0.07393 0 -0.99726,-0.04558 -0.3702 -0.92783,-0.04523 -0.37393 -0.92635,-0.04471 -0.37955 -0.92409,0.04354 0.37023 0.92792,0.05661 0.57437 0.81664,0.07374 0.76893 0.63507,0.08068 0.72422 0.68484,0.06459 0.71858 0.69244,0.11502 0.57124 0.81269,-0.07301 -0.38221 -0.92119,-0.04439 -0.38288 -0.92273,-0.04261 -0.92304 -0.38234,-0.09401 -0.92019 -0.38001,-0.04439 -0.92338 -0.38131,-0.04459 -0.92264 -0.38307,-0.04492 -0.9214 -0.38601,-0.04516 -0.92053 -0.38805,-0.01799 -0.99984 0,0.16332 -0.98657 0,0.07611 0.9971 0,0.04336 0.91776 0.39476,0.0472 0.93314 0.35641,-0.04253 -0.93567 -0.35031,0.07612 0.9971 0,0.06657 0.99778 0,0.0666 0.99778 -0,0.04995 0.94598 0.32037,-0.04067 -0.94335 -0.32931,-0.01801 -0.99984 0,0.04568 -0.99896 0,0.12748 -0.50521 0.85353,0.03349 -0.99944 0,0.09493 -0.59082 0.8012,0.07 -0.64049 0.76477,0.09615 -0.35088 0.93147,0 -0.99953 0.03064,0.12444 -0.20583 0.97064,0.02229 -0.97318 -0.22898,0 -0.99996 -0.00848,0 -0.99997 -0.0082,0 -0.99993 -0.01195,0 -0.99988 -0.01549,-0 -0.99999 0.00378,-0 -0.99997 0.00761,-0 -1 0.00193,-0.01808 -0.99984 0,-0.04932 -0.88809 -0.45701,0.07626 0.99709 0,0.03654 0.88859 0.45724,0.04743 0.93547 0.35022,-0.04254 -0.9345 -0.35341,0.07642 0.99708 0,0.0767 0.99705 -0,0.08169 0.99666 0,0.04258 0.9145 0.40235,-0.04562 -0.91439 -0.40226,-0.01806 -0.99984 0,-0.07595 -0.99711 -0,-0.07572 -0.99713 0,-0.08191 -0.99664 -0,-0.07485 -0.99698 -0.02071,0.08202 0.99663 0,-0.08232 -0.99661 0,-0.1828 -0.43968 0.87936,-0.04311 -0.99907 0,-0.07752 -0.99699 -0,-0.0761 -0.9971 0,-0.07634 -0.99708 0,-0.0761 -0.9971 0,-0.0761 -0.9971 0,-0.07737 -0.997 -0,-0.0761 -0.9971 0,-0.0849 -0.97613 0.19988,-0.06661 -0.99778 0,-0.06065 -0.99816 0,-0.06033 -0.99818 0,-0.0603 -0.99818 0,-0.07591 -0.99712 0,-0.07727 -0.99701 -0,-0.0761 -0.9971 0,-0.05991 -0.9982 0,-0.07643 -0.99707 0,-0.0774 -0.997 0,-0.0761 -0.9971 0,-0.07622 -0.99709 0,-0.04271 -0.99909 0,-0.08994 -0.74845 0.65706,-0.06623 -0.9978 0,-0.04704 -0.97738 -0.20619,-0.10906 -0.85998 0.49854,-0.06309 -0.95542 -0.28843,-0.1053 -0.79257 0.60062,-0.11557 -0.95266 0.28123,-0.11214 -0.81723 0.5653,0.06009 -0.50875 -0.85881,0.0503 -0.53739 -0.84183,0.00538 0.93877 0.3445,-0.04544 0.68509 0.72704,-0.002 -0.87789 -0.47885,0.0906 0.99568 -0.02035,0.07458 0.9972 0.00549,0.08445 0.99355 -0.0757,0.09131 0.9957 -0.01546,0.07749 0.99499 0.06317,0.15919 0.90615 0.39185,0.08705 0.99606 -0.01706,0.08936 0.99594 0.01049,-0.08692 -0.996 0.02064,-0.09743 -0.99413 -0.04706,-0.08944 -0.99569 0.02451,-0.09065 -0.99556 -0.0255,-0.09532 -0.99461 0.0408,-0.08757 -0.99584 -0.02513,-0.08104 -0.99575 -0.04377,-0.08742 -0.99593 0.02177,-0.05726 -0.98974 -0.13088,-0.08348 -0.98761 0.1329,-0.0742 -0.9972 -0.00939,-0.10098 -0.94417 0.31359,-0.04809 -0.94386 -0.32682,-0.04712 -0.91832 -0.39303,-0.03327 -0.9024 -0.4296,-0.10239 -0.96722 0.23237,-0.07928 -0.97005 -0.2296,-0.08514 -0.92022 0.38202,-0.07912 -0.91238 0.40162,-0.0847 -0.96346 0.2541,-0.07181 -0.95949 -0.27245,-0.06701 -0.99298 -0.09747,-0.07931 -0.99681 0.0088,-0.04315 -0.8456 -0.53206,-0.06763 -0.87416 0.48091,-0.08511 -0.97027 0.22656,-0.0745 -0.99309 0.09064,-0.06949 -0.95931 -0.27368,-0.06821 -0.93562 -0.34636,-0.07717 -0.99699 -0.00752,-0.05781 -0.92594 -0.37322,-0.09105 -0.97402 0.20738,-0.09137 -0.97399 -0.20737,-0.07045 -0.94844 0.30902,-0.05846 -0.93904 0.33879,-0.07136 -0.96613 0.24799,-0.08442 -0.9751 -0.20505,-0.0742 -0.9935 -0.08634,-0.07743 -0.99697 0.00696,-0.06684 -0.89426 -0.44252,-0.05056 -0.90636 0.41947,-0.0745 -0.97386 0.2146,-0.06819 -0.99481 0.07551,-0.08446 -0.97505 -0.20527,-0.08391 -0.95784 -0.27479,-0.08281 -0.9586 -0.27246,-0.08351 -0.95812 -0.27394,-0.07968 -0.99679 -0.00774,-0.08244 -0.95886 -0.27166,-0.0792 -0.98064 0.17911,-0.10078 -0.97202 -0.21217,-0.04938 -0.94193 0.33217,-0.03067 -0.9258 0.37677,0.11791 0.94655 0.30025,0.13037 0.93796 0.32131,0.13048 0.93672 0.32486,0.1303 0.93872 0.31911,0.06708 0.99252 -0.10202,0.06492 0.99692 -0.04392,0.1058 0.92674 0.36051,0.08085 0.99672 0.00452,-0.04272 -0.92826 0.36946,-0.10655 -0.94236 -0.31717,-0.08902 -0.98619 -0.13964,-0.07363 -0.99724 0.00978,-0.09361 -0.67803 -0.72905,-0.01965 -0.85031 0.52591,-0.03677 -0.90166 0.43089,-0.0543 -0.99067 0.12501,-0.1113 -0.92638 -0.35976,-0.10554 0.08568 -0.99072,0.03957 0.99721 -0.06331,-0.13677 -0.08582 -0.98688,-0.09281 -0.84633 -0.52451,-0.07577 -0.99713 -0,-0.06665 -0.99778 0,-0.06697 -0.99775 -0,-0.0284 -0.95585 0.29247,-0.03495 -0.92727 0.37277,-0.06031 -0.99818 0,-0.06043 -0.99817 0,-0.06046 -0.99817 0,-0.06059 -0.99816 0,0 0.94233 -0.33469,0 0.8299 -0.55791,-0.07595 -0.99711 0,-0.07559 -0.99714 0,-0.06683 -0.99776 -0,-0.0664 -0.99779 0,-0.07587 -0.99712 0,-0.05086 -0.94822 0.3135,0.04005 0.94869 -0.31368,-0.03597 -0.88537 0.46349,0.04965 0.88484 -0.46324,0.06325 0.72573 -0.68507,0.0848 0.73184 -0.67618,0.0866 0.73761 -0.66965,0.08529 0.7334 -0.67442,0.08485 0.72042 -0.68833,0.06266 0.71825 -0.69295,0.08248 0.71844 -0.69069,0.0832 0.72278 -0.68605,0.0832 0.72278 -0.68605,0.08392 0.7271 -0.68138,0.09158 0.6554 -0.74971,0.09044 0.65615 -0.74919,0.08718 0.65827 -0.74771,0.086 0.65904 -0.74718,0.08709 0.73914 -0.66789,0.09291 0.57021 -0.81623,0.09275 0.56941 -0.8168,0.09386 0.57397 -0.81348,0.09395 0.57399 -0.81346,0.09534 0.78104 -0.61716,0.09674 0.78263 -0.61492,0.09272 0.77806 -0.62132,0.09132 0.77644 -0.62353,0.10978 0.81269 -0.57226,0.07342 0.68131 -0.7283,0.09061 0.83039 -0.54977,0.1085 0.88601 -0.4508,0.11708 0.94625 -0.30152,0.13212 0.98668 -0.09486,0.10053 0.98941 -0.10474,0.09172 0.8439 -0.5286,0.03514 -0.72479 0.68808,0.05189 0.13813 0.98905,0.04715 0.03051 0.99842,0.0417 -0.97098 0.23551,0.03722 -0.93872 0.34265,0.12481 0.21889 -0.96773,0.08503 -0.97426 -0.20877,0.10172 0.60183 -0.79212,0.08441 0.68185 -0.72661,0.08537 0.61034 -0.78753,0.10095 0.30617 -0.94661,0.11871 0.09789 -0.98809,0.10529 0.3934 -0.91332,0.09559 -0.5431 -0.83421,0.02371 -0.99609 0.08508,0.06444 -0.72437 -0.6864,0.06844 -0.73729 -0.6721,-0 -0.99992 -0.01298,0 -0.99993 -0.01217,0 -0.9999 -0.01409,0 -0.99994 0.01075,0.06481 -0.81862 -0.57067,0 -0.99989 -0.0149,0 -0.99988 0.01533,-0 -0.99994 0.01081,0 -0.99991 0.01309,0 -0.99999 0.00502,0 -0.99991 -0.01348,0 -0.99999 -0.00491,0 -1 -0.00103,-0.00924 -0.8607 0.50903,0.04064 -0.98485 -0.16859,0 -0.99998 -0.00706,0 -1 -0.00186,0.00606 -0.72297 0.69085,0.00862 -0.71192 0.7022,0.00295 -0.64561 0.76366,0.00425 -0.64164 0.767,0.00214 -0.64807 0.76158,0.00339 -0.32421 0.94598,-0.00262 -0.41397 0.91029,0 -0.45744 0.88924,0 -0.45623 0.88986,-0 -0.45456 0.89071,-0.00277 -0.26652 0.96383,-0.00562 -0.34381 0.93902,0 -0.45338 0.89132,0 -0.36493 0.93103,-0.00577 -0.17623 0.98433,-0.00386 -0.12041 0.99272,-0.00401 -0.11467 0.9934,-0.00397 -0.11638 0.9932,-0.0038 -0.12248 0.99246,0.01358 -0.01766 0.99975,-0.00021 0 1,-0.00037 0 1,-8E-05 0 1,0 0 1,0.00959 0.07431 0.99719,0.00903 -0.09748 0.9952,0 0.05146 0.99868,-0.00214 0.0236 0.99972,-0.0018 0.02073 0.99978,-0.00269 0.02822 0.9996,0.00321 0.05505 0.99848,0.00595 0.00967 0.99994,0.04067 0.56882 0.82146,0.04274 0.29004 0.95606,0.04817 0.32401 0.94483,0.01688 0.13803 0.99028,0.04127 0.41719 0.90788,0.10686 0.91882 0.37993,0.1049 0.906 0.41008,0.05426 0.4266 0.90281,0.01354 0 0.99991,0.13073 0.98837 -0.07771,0.10768 0.97001 0.21792,0.10788 0.97256 0.20611,0.10784 0.97202 0.20866,0.04073 0 0.99917,0.18276 0.96711 0.1769,0.10758 0.7351 0.66936,0.10767 0.96986 0.21856,0.12653 0 0.99196,0.09476 0.7193 -0.68821,0.09106 0.67171 -0.7352,0.07352 0.62834 -0.77446,0.06326 0.72187 -0.68913,0.10293 0.718 -0.68839,0.0632 0.72573 -0.68507,0.04507 0.91751 -0.39514,-0.04361 -0.91911 0.39157,-0.04439 -0.92273 0.38288,-0.0441 -0.92139 0.38613,-0.04329 -0.91757 0.3952,-0.07302 -0.99733 0,-0.04743 -0.93547 0.35022,0.04244 0.9345 -0.35341,-0.08717 -0.99619 0,0.00439 0.99223 -0.12435,-0.0763 -0.99708 0,-0.04205 -0.99912 0,0.08206 0.99663 -0,0.08266 0.99658 0,0.08244 0.9966 -0,0.07606 0.99003 0.1186,0.01009 0.96279 -0.27005,0.0913 0.98591 0.14014,0.04312 0.99907 0,0.04892 0.9935 -0.10283,0.09505 0.99144 0.08951,0.07312 0.99495 -0.06876,0.07459 0.99687 0.02617,0.07406 0.99227 -0.09958,0.07105 0.9924 -0.1005,0.0732 0.99231 -0.09985,0.07762 0.99698 -0.00324,0.07019 0.99243 -0.10077,0.0873 0.99507 0.04695,0.09479 0.99353 -0.06261,0.05459 0.98749 0.14791,0.0545 0.98702 0.15108,0.05463 0.98773 0.14633,0.05445 0.98678 0.15265,0.07086 0.99646 -0.04533,0.0669 0.99776 0,0.07608 0.9971 -0,0.06643 0.99779 0,0.00853 0.96602 0.25833,0.05129 0.98572 0.16039,0.04279 0.99908 0,0.2289 -0.06861 -0.97103,0.16894 0.68728 -0.70648,0.14639 0.91001 -0.38787,0.07633 0.99708 0,0.07625 0.99709 0,0.06033 0.99818 0,0.06036 0.99818 0,0.06037 0.99818 0,0.05086 0.94824 0.31344,0.03762 0.89226 0.44995,-0.04872 -0.89421 -0.44499,-0.04002 -0.9468 -0.31931,-0.01809 -0.99984 0,0.0604 0.99817 0,0.07614 0.9971 0,0.06445 0.99736 0.03348,0.0664 0.99779 0,-0.04283 -0.35609 0.93347,-0.04438 -0.38129 0.92339,-0.09605 -0.3799 0.92003,-0.07229 -0.92122 0.38226,-0.04382 -0.38232 0.92299,-0.01777 0 0.99984,0.07616 0 -0.9971,0.082 0.00255 -0.99663,0.08162 0 -0.99666,0.04684 0.35669 -0.93305,0.04231 0.4018 -0.91475,-0.04569 -0.40178 0.91459,0.07646 0 -0.99707,0.07623 0 -0.99709,0.07717 -0.0053 -0.997,0.04543 0.37017 -0.92785,-0.04364 -0.37036 0.92786,-0.01785 0 0.99984,0.07592 0 -0.99711,0.07722 0 -0.99701,0.04433 0.38451 -0.92206,-0.04462 -0.38449 0.92205,-0.0175 0 0.99985,0.0761 0 -0.9971,0.07759 0 -0.99699,0.07879 0 -0.99689,0.0443 0.38342 -0.92251,-0.04455 -0.3834 0.92251,-0.01812 0 0.99984,0.00268 0 1,0.0032 0 0.99999,0.00323 0 0.99999,0.00379 0 0.99999,0.01181 0.15242 0.98825,-0.00302 0 1,-0.04368 -0.37086 0.92766,0.0763 0 -0.99709,0.07708 0 -0.99702,0.07696 0 -0.99703,0.04554 0.37191 -0.92715,0.04249 0.40413 -0.91372,-0.04569 -0.40125 0.91483,0.07415 0 -0.99725,0.07443 -0 -0.99723,0.08015 -0 -0.99678,0.04717 0.35421 -0.93398,-0.04273 -0.35423 0.93418,-0.00511 -0 0.99999,-0.01823 0 0.99983,-0.01797 0 0.99984,-0.00303 0.03112 0.99951,-0.0178 1E-05 0.99984,-0.00839 0.00171 0.99996,-0.00806 0 0.99997,-0.01812 2E-05 0.99984,-0.00476 0 0.99999,-0.01812 1E-05 0.99984,-0.01764 0 0.99984,-0.01388 0.00599 0.99989,-0.01812 0 0.99984,-0.0178 0 0.99984,-0.01812 0 0.99984,-0.01942 0 0.99981,-0.01846 0 0.99983,-0.0183 0 0.99983,-0.01812 0 0.99984,-0.01831 0 0.99983,-0.01812 0 0.99984,-0.01833 0 0.99983,-0.01812 0 0.99984,-0.01817 0 0.99983,-0.01812 0 0.99984,-0.01743 0 0.99985,0.01812 0 -0.99984,-0.02167 -0.09786 0.99496,-0.0335 -0.99944 0,-0.02739 -0.29077 0.9564,-0.02997 -0.99955 0,-0.03129 -0.47029 0.88196,-0.0266 -0.99965 0,-0.03331 -0.63501 0.77179,-0.02373 -0.99972 0,-0.0333 -0.77269 0.63391,-0.02144 -0.99977 0,-0.03131 -0.8812 0.47171,-0.01952 -0.99981 0,-0.02739 -0.95638 0.29084,-0.0184 -0.99983 0,-0.0216 -0.99515 0.096,-0.01811 -0.99984 0,0.01813 0.99984 0,-0.01818 -0.99983 0,-0.01813 -0.99984 0,-0.01813 -0.99984 0,-0.01815 -0.99984 0,-0.01813 -0.99984 0,-0.01811 -0.99984 0,-0.01813 -0.99984 0,-0.01812 -0.99984 0,-0.01813 -0.99984 0,-0.01815 -0.99984 0,-0.01815 -0.99984 0,-0.01819 -0.99983 0,-0.01813 -0.99984 0,-0.01826 -0.99983 0,-0.01813 -0.99984 0,-0.01794 -0.99984 0,-0.01952 -0.99958 0.02163,0.04514 0.92053 -0.38805,-0.07612 -0.9971 -0.00046,-0.07636 -0.99708 -0.00021,-0.08275 -0.99657 0,-0.07611 -0.9971 -0.00021,-0.04336 -0.91776 0.39476,-0.07618 -0.99709 0,-0.04731 -0.93313 0.3564,0.04242 0.93333 -0.3565,0.06341 0.72572 -0.68506,0.07995 0.72507 -0.68402,0.07355 0.76894 -0.63508,0.07017 0.5737 -0.81605,0.11489 0.57075 -0.81305,0.11299 0.52267 -0.84502,0.09118 0.72675 -0.68082,0.09429 0.57605 -0.81196,0.09328 0.55259 -0.82822,0.06301 0.72229 -0.68871,0.0908 0.71559 -0.69259,0.0406 0.94343 -0.32909,-0.07601 -0.99711 0,-0.05014 -0.94601 0.32024,-0.03764 -0.89211 0.45025,0.04869 0.89408 -0.44525,0.16361 -0.98653 0,0.15066 0.28277 -0.94728,0.13074 0.03342 -0.99085,-0.07602 -0.99711 0,-0.01716 -0.8789 0.47669,-0.08048 -0.99676 -0,-0.0761 -0.9971 0,-0.07633 -0.99708 -0,-0.0761 -0.9971 0,-0.07757 -0.99699 -0,-0.0761 -0.9971 0,-0.07735 -0.997 -0,-0.0761 -0.9971 0,-0.0763 -0.99708 0,-0.0761 -0.9971 0,-0.07726 -0.99701 -0,-0.0761 -0.9971 0,-0.07705 -0.99703 0,-0.0761 -0.9971 0,-0.07595 -0.99711 0,-0.08235 -0.9966 0,-0.07634 -0.99708 0,-0.07643 -0.99707 0,0.0761 0.9971 0,-0.07643 -0.99707 0,-0.07571 -0.99713 0,-0.0761 -0.9971 0,-0.07732 -0.99701 -0,-0.0761 -0.9971 0,-0.07732 -0.99701 -0,-0.0761 -0.9971 0,-0.07611 -0.9971 0,-0.0761 -0.9971 0,-0.07686 -0.99704 -0,-0.0761 -0.9971 0,-0.07669 -0.99705 -0,-0.0761 -0.9971 0,-0.07592 -0.99711 0,-0.0761 -0.9971 0,-0.07883 -0.99689 0,-0.07536 -0.99716 0,-0.07559 -0.99714 0,0.0761 0.9971 0,-0.07533 -0.99716 0,-0.0761 -0.9971 0,-0.07728 -0.99701 -0,-0.0761 -0.9971 0,-0.07738 -0.997 -0,-0.0761 -0.9971 0,-0.07616 -0.9971 0,-0.07675 -0.99705 -0,-0.0761 -0.9971 0,-0.07692 -0.99704 -0,-0.0761 -0.9971 0,-0.07592 -0.99711 0,-0.07932 -0.99685 0,-0.07541 -0.99715 0,-0.07449 -0.99722 -0,0.0761 0.9971 0,-0.0761 -0.9971 0,-0.07485 -0.99719 0,-0.08003 -0.99679 0,0.00515 -0.81254 -0.58288,-0.08145 -0.82424 0.56035,0.00737 -0.69018 -0.7236,-0.09592 -0.77158 0.62886,-0.04502 -0.99899 0,-0.02449 -0.87309 -0.48695,-0.06737 -0.99773 0,-0.07155 -0.9849 0.15765,-0.06054 -0.99817 0,-0.06024 -0.99818 0,-0.06024 -0.99818 0,-0.06631 -0.9978 0,-0.05751 -0.98543 -0.16009,-0.04467 -0.999 0,-0.06721 -0.91029 0.40847,-0.08246 -0.99659 0,-0.03208 -0.91035 -0.4126,-0.05147 -0.92322 0.3808,-0.04499 -0.99899 0,-0.04978 -0.90474 -0.42304,-0.06649 -0.99779 0,-0.06501 -0.98766 0.14248,-0.06006 -0.99819 0,-0.06043 -0.99817 0,-0.06045 -0.99817 0,-0.06084 -0.99815 0,-0.06634 -0.9978 0,-0.06333 -0.98819 -0.13953,-0.04495 -0.99899 0,-0.055 -0.92366 0.37924,-0.08229 -0.99661 0,-0.0456 -0.94842 -0.31371,-0.03941 -0.93998 0.33894,-0.04495 -0.99899 0,-0.06769 -0.94013 -0.33404,-0.06698 -0.99775 0,-0.05744 -0.9903 0.12655,-0.06051 -0.99817 0,-0.06028 -0.99818 0,-0.06026 -0.99818 0,-0.06004 -0.9982 0,-0.06594 -0.99782 0,-0.07307 -0.98624 -0.1483,-0.04277 -0.99908 0,-0.027 -0.88684 0.46129,-0.05842 -0.88605 -0.4599,0.0453 -0.99897 0,0.12174 -0.65205 -0.74834,0.0336 -0.99944 0,0.10204 -0.53212 -0.8405,0 -1 -0.0019,0 -0.99997 -0.00752,-0 -0.99999 -0.00374,0 -0.99988 0.01552,0 -0.99989 -0.01481,-0 -0.99999 0.00325,-0 -0.99998 0.00656,-0 -1 0.00169,0 -0.99996 -0.00837,0.04535 -0.99897 0,0.00507 -0.63914 0.76907,0.08407 -0.99646 0,0.04427 -0.77828 0.62635,0.05811 0 0.99831,0.04394 -0.66236 0.7479,0.01766 0 0.99984,0.01644 -0.40153 0.9157,0.00342 0 0.99999,0.00317 -0.20489 0.97878,-0.0029 0 1,-0.00296 0 1,-0.00299 0 1,-0.00308 0 1,-0.00635 0 0.99998,-0.01092 -0.13242 0.99113,-0.00874 0.00158 0.99996,-0.01551 -0.11966 0.99269,-0.07481 -0.02117 0.99697,-0.07702 -0 0.99703,-0.07679 0 0.99705,-0.08303 -0 0.99655,-0.07641 0 0.99708,-0.07609 0 0.9971,-0.07608 0 0.9971,-0.15922 0.60015 0.78388,-0.08346 0 0.99651,-0.07773 0 0.99697,-0.07538 0 0.99715,0.0619 0.1238 -0.99038,-0.08177 0.03299 0.99611,-0.07924 0.02646 0.9965,-0.0808 0.03049 0.99626,0.07486 -0.00135 -0.99719,-0.07826 0.02396 0.99664,0.07079 0.02155 -0.99726,-0.071 -0.03069 0.997,-0.07574 -0.02478 0.99682,-0.07279 -0.02846 0.99694,0.09088 -0.09364 -0.99145,-0.07754 -0.02253 0.99673,-0.08257 0.05781 0.99491,-0.08077 0.06314 0.99473,-0.0832 0.05535 0.99499,-0.08316 0.05337 0.99511,-0.08326 0.05217 0.99516,0.08748 -0.11094 -0.98997,-0 -0.41738 -0.90873,0 -0.42111 -0.90701,0 -0.41211 -0.91114,0.0809 0.03056 -0.99625,0.08076 0.02173 -0.9965,0.08087 0.03338 -0.99617,0.07675 -0.01637 -0.99692,0.07624 -0.01751 -0.99694,0.0784 -0.01013 -0.99687,0.07532 0.01997 -0.99696,0.07519 0.01952 -0.99698,0.0754 0.02025 -0.99695,-0.07974 -0.03882 0.99606,-0.07983 -0.03809 0.99608,-0.07962 -0.03974 0.99603,-0.06678 0.05886 0.99603,-0.07623 -0.02607 0.99675,-0.07556 -0.02745 0.99676,-0.07775 -0.02009 0.99677,-0.07564 0.05882 0.9954,-0.06802 -0.10403 0.99225,-0.07932 0.04359 0.9959,-0.07899 0.04152 0.99601,-0.07953 0.04495 0.99582,-0.07878 0.04013 0.99608,-0.07685 -0.01454 0.99694,-0.07552 0.01212 0.99707,-0.07866 -0.01851 0.99673,-0.07178 -0.02146 0.99719,-0.07448 0.10398 0.99179,-0.07632 -0.02155 0.99685,-0.07682 -0.01996 0.99685,-0.07527 -0.03729 0.99647,-0.07483 -0.03811 0.99647,-0.07624 -0.03552 0.99646,-0.07514 0.07497 0.99435,-0.07524 0.07091 0.99464,-0.07508 0.0772 0.99418,-0.07387 0.04185 0.99639,-0.07518 0.03912 0.9964,-0.0772 0.03341 0.99646,-0.0782 0.03187 0.99643,0.0753 -0.0065 -0.99714,0.07531 -0.00634 -0.99714,0.07585 0.00441 -0.99711,0.07147 -0.00965 -0.9974,0.07172 -0.01093 -0.99736,0.0713 -0.00876 -0.99742,0.07614 0.0154 -0.99698,0.07524 0.01415 -0.99706,0.07843 0.01857 -0.99675,0.07572 -0.0051 -0.99712,0.07899 -0.01047 -0.99682,0.07615 -0.00982 -0.99705,-0.07692 -0.10738 0.99124,-0.07205 0.02543 0.99708,-0.07178 0.02146 0.99719,-0.07245 0.03143 0.99688,-0.07552 -0.01212 0.99707,-0.07722 0.03126 0.99652,-0.07273 0.03543 0.99672,-0.07529 -0.04488 0.99615,-0.07488 -0.02401 0.9969,-0.07685 0.01454 0.99694,-0.06856 0.06603 0.99546,-0.0779 -0.01786 0.9968,-0.07896 -0.01371 0.99678,-0.07827 -0.01643 0.9968,-0.07953 -0.04051 0.99601,-0.07932 -0.01231 0.99677,-0.07768 -0.03421 0.99639,-0.07742 -0.03498 0.99639,-0.07835 -0.03222 0.9964,-0.06533 0.08655 0.9941,-0.06716 0.08433 0.99417,-0.06427 0.08784 0.99406,-0.07581 0.02411 0.99683,-0.07542 0.02343 0.99688,-0.07484 0.02241 0.99694,-0.07439 0.02162 0.99699,0.08105 0.02106 -0.99649,0.0809 0.01972 -0.99653,0.08008 0.01794 -0.99663,0.06072 -0.07701 -0.99518,0.07411 0.01064 -0.99719,0.07523 -0.00786 -0.99713,-0.07863 -0.06219 0.99496,-0.06738 0.04756 0.99659,-0.07929 -0.0415 0.99599,-0.0754 0.03798 0.99643,-0.06213 0.17313 0.98294,-0.07599 -0.03543 0.99648,-0.07561 -0.0327 0.9966,-0.07503 -0.02864 0.99677,-0.07464 -0.02591 0.99687,-0.07432 0.01293 0.99715,-0.06186 0.12867 0.98976,0.05816 -0.10727 -0.99253,0 -0.40837 -0.91282,0 -0.46916 -0.88312,-0.08447 -0.03303 0.99588,-0.07548 0 0.99715,-0.0821 0.00338 0.99662,-0.08107 0.00584 0.99669,-0.0799 0.00245 0.9968,-0.07609 5E-05 0.9971,-0.07951 0 0.99683,-0.07981 0 0.99681,-0.04686 0.3542 0.93399,0.04271 -0.35503 -0.93388,-0.04254 0.4018 0.91474,0.0458 -0.40178 -0.91459,0.06514 -0.72508 -0.68558,0.09501 -0.72612 -0.68098,0.09235 -0.67496 -0.73205,0.06477 -0.72226 -0.68858,0.10293 -0.718 -0.68839,0.10538 -0.85719 -0.5041,0.07371 -0.63192 -0.77152,0.09114 -0.83336 -0.54517,0.0739 -0.68129 -0.72827,0.09095 -0.7715 -0.62969,0.09234 -0.77352 -0.62701,0.09493 -0.77727 -0.62196,0.10978 -0.81269 -0.57226,0.09632 -0.77927 -0.61924,0.1092 -0.89172 -0.43922,0.09325 -0.57 -0.81634,0.0935 -0.57125 -0.81544,0.09321 -0.57217 -0.81482,0.09338 -0.8495 -0.51926,0.10795 -0.5934 -0.79764,0.08376 -0.68189 -0.72665,0.08608 -0.61993 -0.77992,0.09386 -0.56009 -0.8231,0.09208 -0.57136 -0.81552,0.09052 -0.57487 -0.81322,0.08946 -0.57718 -0.8117,0.08973 -0.571 -0.81603,0.09125 -0.65305 -0.75179,0.08709 -0.6578 -0.74814,0.09018 -0.65428 -0.75086,0.086 -0.65904 -0.74718,0.08309 -0.71721 -0.69188,0.0833 -0.72027 -0.68867,0.0833 -0.72027 -0.68867,0.08351 -0.72332 -0.68545,0.08497 -0.73331 -0.67456,0.08537 -0.73399 -0.67377,0.08637 -0.73566 -0.67182,0.08675 -0.73631 -0.67106,0.06483 -0.72164 -0.68923,0.08485 -0.72042 -0.68833,0.04462 -0.38449 -0.92205,-0.07756 0 0.99699,-0.07766 0 0.99698,-0.0804 0 0.99676,-0.0442 0.38342 0.92252,0.04448 -0.38453 -0.92204,-0.07562 0 0.99714,-0.07475 0 0.9972,-0.0749 0 0.99719,-0.04564 0.37191 0.92715,0.0435 -0.37082 -0.92768,0.06504 -0.72163 -0.68922,-0.04246 0.40277 0.91432,0.04572 -0.4026 -0.91423,0.05625 -0.57215 -0.81821,-0.07514 0 0.99717,-0.07578 -0 0.99712,-0.08216 0 0.99662,-0.04733 0.35545 0.9335,0.0425 -0.35423 -0.93419,0.07393 -0.78119 -0.6199,0.07957 -0.72168 -0.68764,0.06467 -0.71888 -0.69212,0.08544 -0.71875 -0.69,-0.07274 0.38222 0.9212,-0.04439 0.38287 0.92274,0.16361 0.98653 0,0.1511 -0.28275 -0.94722,0.0453 0.99897 0,0.12039 0.65216 -0.74847,0.1317 -0.03342 -0.99073,0 0.99942 0.03402,0.10276 -0.38046 -0.91907,0.08894 0.44847 -0.88936,0.10264 -0.30962 -0.9453,0.10963 0.3622 -0.92563,0.11463 -0.09381 -0.98897,0.08398 0.97007 -0.22786,0.06511 0.82723 -0.55808,0.01617 0.98255 0.18531,0.12979 -0.25861 -0.95722,-0 0.99998 0.00705,0 0.99994 -0.01075,-0 1 -0.00308,0 1 0,0 0.99992 0.01268,0 0.99999 0.00403,0 0.99997 0.00776,0 0.99997 -0.00741,0 0.9999 -0.01423,0.07563 0.58325 -0.80877,0.10207 0.53624 -0.83787,0.03335 0.99944 0,0 0.99995 -0.01038,0 0.99995 0.01026,0 0.99992 -0.01256,-0 0.99998 -0.00561,0 0.99995 -0.00973,0 0.99999 0.00386,0 1 -0.00284,0 0.99991 0.01348,0.04061 0.98859 -0.14506,-0.00931 0.86787 0.49671,0.00786 0.71926 0.6947,0.00852 0.71696 0.69707,0.00674 0.72313 0.69068,0.04068 0.96061 0.27489,0.03577 0.93296 0.35819,0 0.99979 0.02026,0.00201 0.6578 0.75319,0.00608 0.7254 0.68831,0.00531 0.64508 0.76409,0 1 -0.00194,-0 0.99999 -0.00391,-0 1 -0.00311,0 0.99991 -0.01308,0 0.99998 0.00642,0 0.99997 0.00798,-0 0.99994 0.01099,0 0.99992 0.01256,0.04501 0.99899 0,0.04422 0.78558 0.61718,0.08295 0.99655 0,0.04297 0.64774 0.76065,0.01875 0 0.99982,0.01681 0.41067 0.91163,0.0033 0.31495 0.9491,-0.00284 0.27319 0.96196,-0.00265 0.41853 0.9082,-0.00552 0.33747 0.94132,0 0.44389 0.89608,0 0.3695 0.92923,0 0.4587 0.88859,0.01453 0.01889 0.99972,0.03307 0.71379 0.69958,0.04693 -0.11014 0.99281,0.00898 0.09696 0.99525,0.00938 -0.07272 0.99731,-0.00433 0.12895 0.99164,-0.01498 0.11559 0.99318,-0.00669 -0 0.99998,-0.00645 0 0.99998,-0.01957 -0 0.99981,-0.01131 0.13705 0.9905,-0.00401 0.11467 0.9934,-0.00294 0 1,-0.00293 0 1,-0.00292 0 1,0.00319 0.20568 0.97861,-0.00555 0.17623 0.98433,-0.01968 0 0.99981,-0.02738 0.29077 0.9564,-0.01795 -0 0.99984,-0.01807 0 0.99984,-0.0107 -0.00607 0.99992,-0.02166 0.09786 0.99496,-0.01843 0 0.99983,-0.0181 -0 0.99984,0.01812 0 -0.99984,-0.01779 0 0.99984,-0.01932 -0 0.99981,-0.01812 0 0.99984,-0.01827 0 0.99983,-0.01812 0 0.99984,-0.01828 0 0.99983,-0.01812 0 0.99984,-0.0183 0 0.99983,-0.01812 0 0.99984,-0.01861 0 0.99983,-0.01812 0 0.99984,-0.01862 0 0.99983,-0.01812 0 0.99984,-0.01849 0 0.99983,-0.01812 0 0.99984,-0.01948 0.02118 0.99959,0.18276 -0.96711 0.1769,0.12901 0 0.99164,0.03986 0 0.99921,0.10758 -0.7351 0.66936,0.13003 -0.9831 -0.12883,0.10765 -0.96972 0.2192,0.10767 -0.96986 0.21856,0.10736 -0.9677 0.22811,0.10728 -0.96712 0.23057,0.13174 -0.9838 -0.1216,0.10531 -0.90952 0.4021,0.11752 -0.94985 -0.28978,0.10686 -0.91882 0.37993,0.0616 -0.45296 0.8894,0.04342 -0.25577 0.96576,0.04631 -0.08502 0.9953,0.10161 -0.99178 -0.07779,0.04798 -0.69353 0.71883,-0 -0.05144 0.99868,-0 -0.05027 0.99874,0 -0.05225 0.99863,-0.00232 -0.02737 0.99962,-0.00163 -0.02406 0.99971,-0.00173 -0.02142 0.99977,0.00299 0.0464 0.99892,0 -0.04938 0.99878,-0.00399 0 0.99999,-0.00308 -0.03159 0.9995,-0.00213 -0.02345 0.99972,-0.00807 -0.00175 0.99997,-0.00875 -0.00159 0.99996,0 -0.05146 0.99868,0.0128 -0.16023 0.987,-0.00298 0 1,0.01788 -0.14617 0.9891,0.00357 0 0.99999,0.00312 0 1,0.00315 0 1,0.04101 -0.40205 0.9147,0.05524 -0.43936 0.89661,0.01411 0 0.9999,-5E-05 -0.38271 -0.92387,-0.04463 0.38235 0.92294,-0.02388 -0.47126 -0.88167,-0.04812 -0.63361 -0.77216,-0.02388 -0.29026 -0.95665,-0.04814 -0.0979 -0.99403,-0.04814 0.0979 -0.99403,-0.02388 0.29026 -0.95665,-0.02389 0.47126 -0.88167,-6E-05 0.38268 -0.92388,-0.04814 0.63361 -0.77215,-0.04814 0.77219 -0.63357,-0.02392 0.88159 -0.47141,-0.02391 0.95669 -0.29013,-5E-05 0.92388 -0.38268,-0.04815 0.99403 -0.09793,-0.04814 0.99403 0.09793,-0.0239 0.95669 0.29013,-0.02392 0.8816 0.4714,-5E-05 0.92388 0.38268,-0.04814 0.77219 0.63357,-0.04814 0.63361 0.77215,-0.02389 0.47126 0.88167,-0.02387 0.29025 0.95665,-5E-05 0.38268 0.92388,-5E-05 -0.3827 0.92387,-0.0441 0.38233 -0.92297,-0.097 0.37987 -0.91994,-0.04314 -0.38233 -0.92302,-0.02387 -0.29025 0.95665,-0.04814 0.09787 0.99403,-0.04814 -0.09788 0.99403,-0.02387 -0.47126 0.88167,-0.04812 -0.63361 0.77216,-0.0439 0.37404 -0.92637,-0.0442 0.37859 -0.92451,-0.0437 0.37104 -0.92759,-0.04438 0.3813 -0.92339,-0.01781 0 -0.99984,0.11905 0 -0.99289,0.10062 -0.72592 0.68038,0.07613 0 0.9971,0.07589 0.00313 0.99711,0.07649 -0.00105 0.99707,0.04528 -0.37013 0.92787,0.04231 -0.4018 0.91475,-0.04569 0.40178 -0.91459,0.07644 0 0.99707,0.0762 -0.00235 0.99709,0.04537 -0.37034 0.92779,-0.04361 0.37036 -0.92787,-0.01817 0 -0.99983,0.04053 0 -0.99918,0.12944 -0.98318 0.12884,0.01361 0 -0.99991,0.06445 -0.533 -0.84366,0.10765 -0.96972 -0.2192,0.10728 -0.96712 -0.23057,0.10736 -0.9677 -0.22811,0.05541 -0.50975 -0.85853,0.1045 -0.9092 -0.40302,0.06084 -0.45328 -0.88929,0.04832 -0.6738 -0.73733,0.02013 -0.14051 -0.98988,0.10649 -0.91842 -0.381,0.05536 -0.1688 -0.98409,0.05062 -0.34252 -0.93814,0.1008 -0.99146 0.08271,0.11864 -0.94119 0.31637,0.13025 -0.98329 0.12716,0.11247 -0.82105 0.55967,0.11084 -0.89556 0.43091,0.09131 -0.84361 0.52914,0.09856 -0.78243 0.61489,0.09433 -0.56455 0.81999,0.09392 -0.57148 0.81522,0.0963 -0.56564 0.81901,0.08752 -0.66876 0.73831,0.10336 -0.61284 0.78342,0.08978 -0.59758 0.79677,0.10696 -0.25685 0.96052,0.11089 -0.15915 0.98101,0.12414 -0.31492 0.94096,0.1096 0.29256 0.94995,0.01617 0.98255 -0.18531,0.06506 0.82754 0.55763,0.08416 0.97014 0.22748,-0 0.99998 -0.00705,-0 1 0.00308,0 0.99994 0.01074,0 0.99991 -0.01348,0 0.99999 -0.0039,-0.00884 0.87937 -0.47605,0.04298 0.96727 -0.25009,0.04108 0.98822 0.14743,0.00631 0.72439 -0.68936,0.00616 0.72538 -0.68832,0.00641 0.72377 -0.69002,0.03582 0.91861 -0.39354,-0 0.44345 -0.8963,0 0.44111 -0.89745,-0 0.44697 -0.89455,-0.0026 0.50238 -0.86465,0.03396 0.76025 -0.64874,-0.00279 0.35569 -0.9346,-0.00286 0.35668 -0.93422,-0.0027 0.35425 -0.93515,0.00483 0.17252 -0.98499,0.00881 0.09845 -0.9951,0.05178 -0.13679 -0.98925,-0.01327 0.26952 -0.9629,-0.00494 0.03959 -0.9992,-0.00502 0.03959 -0.9992,-0.00487 0.03959 -0.9992,-0.00483 0.03959 -0.9992,0.00905 -0.07205 -0.99736,-0.00502 -0.02575 -0.99966,-0.00796 0.02041 -0.99976,0.00288 -0.05208 -0.99864,0.00578 -0.00819 -0.99995,-0.00985 0.00513 -0.99994,-0.00677 0.00419 -0.99997,-0.00947 0.00687 -0.99993,-0.01764 -0 -0.99984,-0.00898 0 -0.99996,-0.0092 0 -0.99996,0 -0.09932 -0.99506,0 0 -1,-0.01786 0 -0.99984,-0.00694 0 -0.99998,-0.00727 0 -0.99997,-0.01812 0 -0.99984,-0.046 0.40454 -0.91336,0.07513 0 0.99717,0.07448 0 0.99722,0.07461 0 0.99721,0.04239 -0.40335 0.91407,0.04574 -0.37148 0.92731,-0.04372 0.37023 -0.92791,-0.01779 0 -0.99984,-0.01802 -1E-05 -0.99984,-0.01812 -1E-05 -0.99984,-0.07482 0.02117 -0.99697,-0.0756 0 -0.99714,-0.07618 0 -0.99709,-0.07571 0 -0.99713,-0.07564 0 -0.99714,-0.07609 0 -0.9971,-0.07609 0 -0.9971,-0.09208 -0.1637 -0.9822,-0.0751 0 -0.99718,-0.07326 0 -0.99731,-0.07708 0 -0.99702,0.07577 0 0.99713,0.07478 0 0.9972,0.07427 0 0.99724,0.07391 0 0.99727,0.06867 -0.03977 0.99685,0.06997 -0.03741 0.99685,0.07196 -0.0347 0.9968,0.07568 0 0.99713,0.076 0 0.99711,0.07596 0 0.99711,0.07629 0 0.99709,-0.0698 0.06058 -0.99572,-0.07111 0.05713 -0.99583,-0.07033 0.05919 -0.99577,-0.07571 0 -0.99713,-0.0763 0 -0.99709,-0.07728 -0 -0.99701,0.04583 -0.37231 0.92698,-0.07657 -0 -0.99706,-0.07717 -0 -0.99702,-0.07494 -0 -0.99719,-0.07567 0 -0.99713,-0.0758 0 -0.99712,-0.07365 0.02401 -0.997,-0.07409 0.0242 -0.99696,-0.07407 0.02419 -0.99696,-0.0745 0.02438 -0.99692,-0.08143 -0.04891 -0.99548,-0.082 -0.0509 -0.99533,-0.08053 -0.04575 -0.9957,-0.07997 -0.04381 -0.99583,-0.08367 -0.06876 -0.99412,-0.08696 -0.09299 -0.99186,-0.07184 0.03389 -0.99684,-0.07171 0.03504 -0.99681,-0.07204 0.03204 -0.99689,-0.07216 0.03087 -0.99691,0.10667 0.16 0.98134,0.10344 0.22537 0.96877,-0.07166 0.05569 -0.99587,0.07248 -0.02303 0.9971,0.07667 0.00474 0.99704,0.07636 0.00363 0.99707,0.07254 -0.00129 0.99736,0.07371 -0.02444 0.99698,0.07064 -0.00298 0.9975,0.0691 -0.00416 0.9976,0.00229 0.47628 0.87929,0.07969 -0.03334 0.99626,0.07754 -0.02864 0.99658,0.08006 -0.03304 0.99624,0.07616 0.01751 0.99694,-0.07519 -0.00117 -0.99717,-0.07527 1E-05 -0.99716,-0.07471 -0.00761 -0.99718,-0.06858 -0.05993 -0.99584,-0.06859 -0.05993 -0.99584,-0.06858 -0.05994 -0.99584,-0.07596 -0.00052 -0.99711,-0.07666 -0.0034 -0.99705,-0.07536 -0.00306 -0.99715,-0.0758 -0.00112 -0.99712,-0.07469 0.00198 -0.9972,-0.07442 0.01394 -0.99713,-0.08421 -0.07925 -0.99329,-0.06976 0.08468 -0.99396,-0.06898 0.08667 -0.99385,-0.07091 0.08175 -0.99413,-0.08032 -0.01858 -0.9966,-0.07167 0.07979 -0.99423,-0.07665 -0.01133 -0.99699,-0.07546 0.024 -0.99686,-0.07406 0.02923 -0.99683,-0.07494 0.02593 -0.99685,-0.07355 0.03115 -0.99681,-0.07803 -0.01724 -0.9968,-0.07848 -0.01752 -0.99676,-0.07714 -0.0167 -0.99688,-0.07542 0.02883 -0.99673,-0.07287 0.02612 -0.997,-0.07681 0.0303 -0.99659,-0.0759 -0.03505 -0.9965,-0.07587 -0.03508 -0.9965,-0.07553 -0.03544 -0.99651,-0.0752 -0.03578 -0.99653,-0.07554 0.00395 -0.99713,-0.07956 0.00312 -0.99682,-0.07636 0.00656 -0.99706,-0.0753 -0.08992 -0.9931,-0.08017 -0.03113 -0.99629,-0.07573 0.01014 -0.99708,-0.07442 -0.05934 -0.99546,-0.07489 0.05759 -0.99553,-0.07406 0.0595 -0.99548,-0.07476 0.05441 -0.99572,-0.07332 0.05764 -0.99564,-0.07706 0.02596 -0.99669,-0.07695 -0.01102 -0.99697,-0.07724 -0.00831 -0.99698,-0.07652 -0.01517 -0.99695,-0.07564 0.02128 -0.99691,-0.07507 0.02406 -0.99689,-0.07543 0.02229 -0.9969,-0.0771 -0.00565 -0.99701,-0.07486 0.02511 -0.99688,-0.07799 -0.01638 -0.99682,-0.07811 -0.01674 -0.9968,-0.07792 -0.01614 -0.99683,-0.07756 0.03314 -0.99644,-0.07584 0.03173 -0.99661,-0.07855 0.03397 -0.99633,-0.0757 -0.04289 -0.99621,-0.07559 -0.04512 -0.99612,-0.07543 -0.0487 -0.99596,-0.07533 -0.05092 -0.99586,0.0727 0.01561 0.99723,0.07401 0.01876 0.99708,0.07341 0.02186 0.99706,0.07203 0.02033 0.9972,0.0762 0.00275 0.99709,0.07582 0.00249 0.99712,0.07657 0.00192 0.99706,0.07588 0.00832 0.99708,0.07462 0.02093 0.99699,0.07572 0.0094 0.99708,-0.07518 0.01086 -0.99711,-0.07581 0.01511 -0.99701,-0.07476 0.00804 -0.99717,-0.07332 -0.05764 -0.99564,-0.07706 -0.02596 -0.99669,-0.07511 0.00776 -0.99715,-0.07332 -0.03576 -0.99667,-0.07493 0.04489 -0.99618,-0.07801 0.06388 -0.9949,-0.08017 0.03113 -0.99629,-0.0751 -0.00333 -0.99717,-0.07283 -0.00509 -0.99733,-0.07816 -0.00507 -0.99693,-0.07817 0.01792 -0.99678,-0.07765 0.0194 -0.99679,-0.07804 0.01828 -0.99678,-0.07502 -0.01004 -0.99713,-0.07751 0.01979 -0.9968,-0.07694 -0.01511 -0.99692,-0.07735 -0.01536 -0.99689,-0.07588 -0.01446 -0.99701,-0.07633 0.03834 -0.99635,-0.07593 0.03763 -0.9964,-0.0765 0.03865 -0.99632,-0.07546 -0.024 -0.99686,-0.07405 -0.02679 -0.99689,-0.07168 -0.0315 -0.99693,-0.07026 -0.03433 -0.99694,0.0794 -0.0208 0.99663,0.07897 -0.0221 0.99663,0.07918 -0.0328 0.99632,0.07457 0.00594 0.9972,0.07975 -0.02942 0.99638,0.07968 -0.03112 0.99633,-0.07599 0.00319 -0.9971,-0.07731 0.00797 -0.99698,-0.07647 0.00479 -0.99706,-0.06355 -0.12711 -0.98985,-0.05895 -0.16696 -0.9842,-0.06888 -0.05975 -0.99583,-0.06963 -0.18975 -0.97936,-0.07446 0.03511 -0.99661,-0.08659 0.12042 -0.98894,-0.08905 0.14929 -0.98478,-0.07601 -0.00755 -0.99708,-0.08055 0.0499 -0.9955,-0.0813 0.05168 -0.99535,-0.0809 0.05072 -0.99543,0.0475 0.19179 0.98028,-0.08164 0.05249 -0.99528,-0.07778 -0.05186 -0.99562,-0.07364 0 -0.99729,-0.07892 0.01874 -0.9967,-0.07686 0.0037 -0.99704,-0.07642 -0 -0.99708,-0.07574 0.03728 -0.99643,-0.07485 -0 -0.99719,-0.07558 0 -0.99714,-0.07716 -0 -0.99702,-0.07609 0 -0.9971,-0.07609 0 -0.9971,-0.07609 -0 -0.9971,-0.07518 -0 -0.99717,-0.07618 -0.00445 -0.99708,-0.07609 0 -0.9971,-0.0765 0 -0.99707,-0.07609 0 -0.9971,-0.07592 0 -0.99711,-0.07556 0 -0.99714,-0.07581 0 -0.99712,0.07609 0 0.9971,-0.07609 0 -0.9971,-0.07609 0 -0.9971,-0.0758 0 -0.99712,-0.07518 -0 -0.99717,-0.0767 -0 -0.99705,-0.07485 -0 -0.99719,-0.07579 0 -0.99712,-0.07609 0 -0.9971,-0.07571 0 -0.99713,-0.0749 -0 -0.99719,-0.07557 0 -0.99714,-0.07743 -0 -0.997,-0.07609 -0 -0.9971,-0.07657 -0 -0.99706,-0.0769 0 -0.99704,-0.07609 0 -0.9971,-0.07489 0 -0.99719,-0.07523 0 -0.99717,-0.07716 -1E-05 -0.99702,0.07609 0 0.9971,-0.07609 0 -0.9971,-0.07752 -0 -0.99699,-0.07631 0 -0.99708,-0.07728 -0 -0.99701,-0.07604 0.00464 -0.99709,-0.07609 0 -0.9971,-0.07484 -0 -0.9972,-0.07485 -0 -0.99719,-0.07809 0 -0.99695,-0.07609 0 -0.9971,-0.07607 0 -0.9971,-0.07642 -0 -0.99708,-0.07565 -0 -0.99713,-0.07728 -0 -0.99701,-0.07502 -0 -0.99718,-0.07609 0 -0.9971,-0.07444 0 -0.99723,-0.07449 0 -0.99722,0.07609 0 0.9971,-0.07611 -0 -0.9971,-0.07609 0 -0.9971,-0.07609 0 -0.9971,-0.07485 -0 -0.99719,-0.07637 0 -0.99708,-0.07518 -0 -0.99717,-0.0706 0.03182 -0.997,-0.0708 0.02873 -0.99708,-0.07108 0.02429 -0.99717,-0.07333 0 -0.99731,-0.07624 0 -0.99709,-0.08351 -0.13279 -0.98762,-0.07128 0.02122 -0.99723,-0.08124 -0.0917 -0.99247,-0.09745 -0.17827 -0.97914,-0.07614 0.02517 -0.99678,-0.07113 0.04388 -0.9965,-0.07466 0 -0.99721,-0.08052 -0.02899 -0.99633,-0.07701 0 -0.99703,-0.07673 -0.01644 -0.99692,-0.07337 0 -0.9973,0.07625 0.00391 0.99708,0.07569 0 0.99713,0.07283 -0.00124 0.99734,0.07588 0 0.99712,-0.07976 0 -0.99681,0.07596 0 0.99711,0.07611 0 0.9971,0.04418 -0.38468 0.92199,-0.04464 0.38474 -0.92195,0.04568 -0.37248 0.92692,-0.04391 0.37245 -0.92701,-0.01746 0 -0.99985,-0.07153 0.02469 -0.99713,-0.07395 0 -0.99726,-0.07952 -0.01888 -0.99665,-0.07621 0.05081 -0.9958,-0.07671 0 -0.99705,-0.07785 -0.01592 -0.99684,-0.07449 0 -0.99722,-0.07814 0 -0.99694,-0.07478 0.03084 -0.99672,-0.07509 0 -0.99718,-0.07623 0.0179 -0.99693,-0.07542 0 -0.99715,-0.07788 -0.0178 -0.9968,-0.07586 0.02679 -0.99676,-0.07543 -0.01419 -0.99705,-0.07609 0 -0.9971,-0.06334 -0.08604 -0.99428,-0.07489 0 -0.99719,-0.07589 0 -0.99712,0.06531 0.0508 0.99657,-0.06815 -0.07951 -0.9945,-0.07632 0 -0.99708,-0.07739 0 -0.997,-0.0762 0 -0.99709,-0.07516 0 -0.99717,-0.07549 0 -0.99715,-0.04568 -0.37248 -0.92692,0.07447 0.00713 0.9972,0.07967 -0.00848 0.99678,0.0802 -0.03089 0.9963,-0.07167 -0.02404 -0.99714,-0.07378 0 -0.99727,0.07477 0 0.9972,0.07486 0.00135 0.99719,0.07178 0.01171 0.99735,-0.07366 0 -0.99728,0.07832 0.00618 0.99691,0.07803 0.00694 0.99693,0.07434 -0.01044 0.99718,0.0744 -0.01 0.99718,0.07429 -0.01086 0.99718,0.07444 -0.00967 0.99718,-0.07623 -0.0179 -0.99693,0.07314 -0.03172 0.99682,0.06895 -0.04053 0.9968,0.0769 0.01262 0.99696,-0.08183 -0.0663 -0.99444,-0.07689 0 -0.99704,-0.04365 0.37036 -0.92786,0.0998 0.11405 0.98845,0.07394 0 0.99726,-0.01812 0 -0.99984,-0.01298 -0.00612 -0.9999,-0.01812 0 -0.99984,-0.01806 -0 -0.99984,-0.01812 0 -0.99984,-0.01914 -0 -0.99982,-0.01812 0 -0.99984,-0.01831 0 -0.99983,-0.01846 -0 -0.99983,-0.0183 0 -0.99983,-0.01812 0 -0.99984,-0.01812 0 -0.99984,-0.01812 0 -0.99984,-0.01812 0 -0.99984,0.01812 0 0.99984,-0.02167 0.09785 -0.99497,-0.03356 0.99944 0,-0.02739 0.29077 -0.9564,-0.02991 0.99955 0,0.04549 0.99896 0,0.00502 0.64553 -0.76372,0 0.99997 0.00737,-0 0.99996 0.00918,0 0.99992 0.01258,0.00209 0.6578 -0.75319,0 0.9999 0.01441,0.00608 0.72597 -0.6877,-0 0.99999 -0.00338,-0 1 -0.00272,0 0.99999 -0.00527,0 0.99993 -0.01154,0 0.99999 0.00476,-0 0.99999 -0.00352,-0 0.99998 -0.00556,-0 0.99999 -0.00506,0 0.99997 0.00826,0 0.99998 0.00677,-0 0.99999 -0.00414,0 1 -0.00222,0 0.99999 -0.00425,-0 0.99995 -0.00955,0 0.99999 0.00532,-0 0.99999 0.00345,0 0.99992 0.01249,0 0.9999 0.01423,0 0.99999 -0.00403,0.07563 0.58325 0.80877,0.09945 0.53854 0.83671,0.03326 0.99945 0,0.1314 0.44072 0.88797,0.04522 0.99898 0,0.15676 -0.21919 0.96301,0.16332 0.98657 0,0.0803 -0.72083 0.68845,0.07432 -0.78117 0.61988,0.08538 -0.7192 0.68954,0.08936 -0.57712 0.81176,0.08962 -0.57193 0.81539,0.08924 -0.57954 0.81005,0.09127 -0.73153 0.67568,0.09373 -0.56129 0.82229,0.0931 -0.57204 0.81493,0.09393 -0.55915 0.82373,0.09146 -0.65265 0.75212,0.09032 -0.65405 0.75104,0.08709 -0.65803 0.74794,0.08969 -0.57064 0.81629,0.08596 -0.65941 0.74685,0.08355 -0.72302 0.68575,0.08326 -0.72057 0.68837,0.08326 -0.72057 0.68836,0.08298 -0.71811 0.69096,0.08627 -0.73562 0.67188,0.08666 -0.73631 0.67107,0.08535 -0.73398 0.67378,0.08497 -0.73331 0.67456,0.08468 -0.72108 0.68766,0.10562 -0.85689 0.50456,0.10255 -0.71758 0.68888,0.07405 -0.65004 0.75628,0.09959 -0.7068 0.70037,0.07407 -0.68206 0.72753,0.09099 -0.83312 0.54555,0.09101 -0.77116 0.6301,0.13148 0.06672 0.98907,0.10595 -0.2987 0.94845,0 0.99894 -0.04593,0.09642 0.35252 0.93082,0 0.99995 0.01041,0 1 0.00285,0.04638 0.75788 -0.65074,0 0.9998 -0.0202,0.08299 0.99655 0,0.0575 0 -0.99835,0.04107 0.68936 -0.72326,0.00296 0.39738 -0.91765,0.01371 0 -0.99991,0.01247 0.38082 -0.92457,0 0.4493 -0.89338,0 0.2922 -0.95636,0 0.09945 -0.99504,-0.00216 0.09184 -0.99577,-0.00077 0.09675 -0.99531,-0.00264 0.35326 -0.93552,-0.00292 0.08916 -0.99601,-0.00301 0 -1,-0.00304 0 -1,-0.00304 0 -1,-0.00306 0 -1,-0.01103 0.13475 -0.99082,-0.00348 0.11256 -0.99364,-0.0067 0 -0.99998,-0.00882 -0.00147 -0.99996,-0.01445 0.11453 -0.99331,0.0103 -0.16915 -0.98554,0.10767 -0.96986 -0.21856,0.10524 -0.70266 -0.7037,0.18308 -0.96351 -0.19529,0.07612 0 0.9971,0.09118 -0.73216 -0.675,-0.08305 0 0.99655,0.07995 -0.00553 -0.99678,0.06121 -0.06016 -0.99631,-0.07402 0 0.99726,0.082 0 -0.99663,0.08272 0.00085 -0.99657,0.08236 0.00203 -0.9966,0.08041 0.0304 -0.9963,0.07188 -0.01178 -0.99734,0.09542 0.11132 -0.98919,-0.0786 0 0.99691,-0.07612 0 0.9971,-0.08966 -0.17932 0.9797,-0.10094 -0.17234 0.97985,-0.07564 0 0.99713,-0.07617 0 0.9971,-0.07558 0 0.99714,-0.07507 0 0.99718,-0.04569 0.37231 0.92698,0.04377 -0.37142 -0.92743,-0.07609 2E-05 0.9971,-0.07609 0 0.9971,-0.07609 0 0.9971,-0.07518 0 0.99717,-0.07595 -0 0.99711,-0.07738 0 0.997,-0.07628 -0 0.99709,-0.07561 0 0.99714,-0.07615 0 0.9971,-0.07485 0 0.99719,-0.07483 -0 0.9972,-0.07642 0 0.99708,-0.07671 0 0.99705,-0.07609 0 0.9971,-0.08438 -0 0.99643,-0.07556 0 0.99714,-0.07607 0 0.9971,0.07609 0 -0.9971,-0.07609 0 0.9971,-0.07609 0 0.9971,-0.07442 0 0.99723,-0.07494 0 0.99719,-0.0754 0 0.99715,-0.0748 0 0.9972,-0.0745 0 0.99722,-0.07609 0 0.9971,-0.07604 -0 0.9971,-0.07609 0 0.9971,-0.0765 0 0.99707,-0.07828 0 0.99693,-0.07719 0 0.99702,-0.07609 0 0.9971,-0.07672 0 0.99705,-0.07609 0 0.9971,-0.07966 0 0.99682,-0.07523 0 0.99717,-0.07586 0 0.99712,0.07609 0 -0.9971,-0.07609 0 0.9971,-0.07642 0 0.99708,-0.0791 -0.00554 0.99685,-0.07728 0 0.99701,-0.07628 0 0.99709,-0.07609 0 0.9971,-0.07567 0 0.99713,-0.07609 0 0.9971,-0.07543 0 0.99715,-0.07609 0 0.9971,-0.07593 0 0.99711,-0.07642 0 0.99708,-0.07555 -0 0.99714,-0.07718 0 0.99702,-0.07724 -0 0.99701,-0.07932 0 0.99685,-0.07572 0 0.99713,-0.08273 -0 0.99657,0.07609 0 -0.9971,-0.07464 0 0.99721,-0.07609 0 0.9971,-0.07609 0 0.9971,-0.0748 0 0.9972,-0.07616 0 0.9971,-0.07609 0 0.9971,-0.07525 0 0.99716,-0.07723 0 0.99701,-0.07696 -0 0.99703,-0.07666 0 0.99706,-0.07587 0 0.99712,-0.07719 0 0.99702,-0.06852 -0.10098 0.99253,-0.07498 0 0.99718,-0.07905 0 0.99687,-0.08166 0.05342 0.99523,-0.0817 0.05395 0.9952,-0.08177 0.05497 0.99513,-0.0818 0.05543 0.99511,-0.06045 -0.1209 0.99082,0.07496 0.01441 -0.99708,0.07457 0.01476 -0.99711,0.07381 0.01166 -0.9972,-0.06955 -0.07482 0.99477,0.07611 0 -0.9971,0.07607 0 -0.9971,0.07581 0 -0.99712,-0.07413 -0.04448 0.99626,0.07405 0.01255 -0.99718,0.07646 0.00751 -0.99704,-0.0797 0.06615 0.99462,0.0787 -0.01593 -0.99677,0.0805 -0.02002 -0.99655,0.07766 -0.01354 -0.99689,0.08156 -0.02244 -0.99642,0.07809 -0.00474 -0.99694,0.07896 0 -0.99688,-0.07925 0 0.99685,-0.07574 0 0.99713,-0.0812 0.05785 0.99502,-0.08003 0.06069 0.99494,-0.07784 0.06602 0.99478,-0.07666 0.06889 0.99467,-0.0739 -0.03924 0.99649,-0.07311 -0.0399 0.99653,-0.07567 -0.03775 0.99642,-0.0765 -0.03706 0.99638,-0.08013 0.19842 0.97684,-0.09582 0.24547 0.96466,-0.07426 0 0.99724,-0.07448 -0.07585 0.99433,-0.07922 0.01373 0.99676,-0.07184 -0.01998 0.99722,-0.07431 -0.05032 0.99596,-0.0736 -0.0498 0.99604,-0.07677 -0.05215 0.99568,-0.07778 -0.05289 0.99557,-0.07789 0.00519 0.99695,-0.07383 -0.02167 0.99704,-0.06999 -0.04339 0.9966,-0.06867 -0.03561 0.997,-0.07037 -0.12891 0.98916,-0.08284 0 0.99656,-0.08428 0.01635 0.99631,-0.07918 0 0.99686,-0.07652 0.03528 0.99644,-0.07726 0.03191 0.9965,-0.07847 0.0264 0.99657,-0.07921 0.02302 0.99659,-0.07595 0 0.99711,-0.07354 -0.09015 0.99321,-0.07354 -0.08868 0.99334,-0.07354 -0.0865 0.99353,-0.07354 -0.08498 0.99366,-0.07977 -0.00239 0.99681,-0.08232 -0.00202 0.9966,-0.07442 0.05934 0.99546,-0.07288 0.03355 0.99678,-0.08447 0.03303 0.99588,-0.07461 -0.06027 0.99539,0.07778 0 -0.99697,0.2041 -0.47624 -0.8553,0.07394 -0.0169 -0.99712,0.07157 0.00462 -0.99742,-0.08085 0 0.99673,-0.07953 0 0.99683,-0.07667 -0.03474 0.99645,-0.07814 0 0.99694,-0.08104 0 0.99671,-0.07571 0 0.99713,-0.0753 0.06867 0.99479,-0.08256 -0.00842 0.99655,-0.08125 0 0.99669,-0.08162 -0.00233 0.99666,-0.07962 -0.14941 0.98556,-0.08347 0 0.99651,-0.08304 -0.01148 0.99648,-0.08037 0.01741 0.99661,-0.08282 0 0.99656,-0.0712 0.08634 0.99372,-0.07789 0 0.99696,-0.07862 -0.03145 0.99641,-0.07984 0 0.99681,-0.07995 0 0.9968,-0.06822 0.08305 0.99421,-0.06098 0.21065 0.97566,-0.08323 -0.09123 0.99235,0.07709 0.00679 -0.997,0.07934 0.01984 -0.99665,-0.07962 0.14941 0.98556,0.07505 0.01904 -0.997,0.07835 -0.01798 -0.99676,0.08062 0 -0.99674,0.07635 0 -0.99708,0 0.04866 0.99882,0.07581 0 -0.99712,-0.04256 -0.92305 0.38231,0.10584 0.86094 -0.49758,0.06264 0.71846 -0.69274,0.13054 0.93596 0.327,-0.0452 -0.89939 -0.4348,-0.18211 -0.47314 0.86196,0.03933 -0.76502 -0.6428,0 -0.99988 0.01532,0 -0.99996 0.00935,-0 -1 0.0016,0 -0.99989 -0.01457,0 -0.99991 0.01307,-0.00273 -0.85606 -0.51687,0.07394 -0.76795 0.63623,0.11149 -0.99016 -0.08461,0.1354 -0.98725 0.08372,0.07409 -0.5012 -0.86215,0.0251 -0.7014 -0.71232,0.02558 -0.65578 -0.75452,0.05107 -0.97913 0.19672,-0.01673 -0.77965 -0.62599,-0.01434 -0.7331 -0.67997,0 -0.99965 -0.02659,0 -0.99998 0.00637,0 -0.99996 0.009,0 -0.99998 -0.00651,0 -1 -0.00168,0 -0.99999 -0.00325,0 -0.99989 0.01479,0.00654 -0.69603 -0.71798,0.03495 -0.94913 -0.31293,0.03353 -0.99944 0,0.00813 -0.57312 -0.81943,0.03773 -0.36604 -0.92984,0.0458 -0.99895 0,0.0051 -0.53244 -0.84646,0.0082 -0.39075 -0.92046,0.00944 -0.37042 -0.92882,0.01071 -0.41553 -0.90952,0.01072 -0.47433 -0.88028,0.0124 -0.03731 -0.99923,0.00911 -0.08696 -0.99617,0.0097 -0.08903 -0.99598,0.00877 -0.08573 -0.99628,0.03081 -0.09273 -0.99521,0.03034 -0.1131 -0.99312,0.10576 0.85994 -0.49932,0.07728 -0.4498 -0.88978,0.1285 0.9842 -0.12183,0.11434 0.96955 -0.21656,0.11587 0.93947 -0.32243,0.14431 0.98771 0.05997,0.07885 0.48667 -0.87002,0.11531 0.89609 -0.42863,0.08191 0.50604 -0.85861,0.01661 0 -0.99986,0.02582 0.13696 -0.99024,0.02368 0.13551 -0.99049,0.02511 0.13648 -0.99032,0.02293 0.135 -0.99058,0.00882 0 -0.99996,0.00925 -0.00493 -0.99995,0.00894 0 -0.99996,0.00919 -0.00991 -0.99991,0.01182 -0.01772 -0.99977,0.01259 -0.01889 -0.99974,0.15948 0.91196 -0.37801,0.18272 0.96523 -0.18694,0.04046 0 -0.99918,0.00964 0 -0.99995,0.01004 -0.09026 -0.99587,0.01823 0 -0.99983,0.0436 -0.65657 -0.753,0.05865 0 -0.99828,0.1643 -0.98641 0,0.13235 0.01753 0.99105,0.16092 0.30068 0.94005,0.10993 0.2957 0.94894,0.10997 0.29774 0.94829,0.11003 0.30075 0.94733,0.11007 0.3028 0.94668,0.14905 0.2524 0.95607,0.12767 -0.00394 0.99181,0.07606 0.9971 0,0.08762 0.73685 0.67035,0.04374 0.37142 0.92743,0.12464 0 -0.9922,0.01817 0.99983 0,0.01815 0.99984 0,0.01816 0.99983 0.00045,0.01814 0.99984 0.0002,0.01813 0.99984 0,0.01812 0.99984 0,0.01813 0.99984 0,0.01809 0.99984 0,0.01813 0.99984 0,0.01811 0.99984 0,0.01813 0.99984 0,0.01814 0.99984 0,0.01813 0.99984 0,0.01813 0.99984 0,0.01813 0.99984 0,0.01809 0.99984 0,0.01808 0.99984 0,0.01813 0.99984 0,-0.01813 -0.99984 0,0.01811 0.99984 0,0.02161 0.99515 0.096,0.03309 0 0.99945,0.02739 0.95638 0.29084,0.02996 0 0.99955,0.03129 0.8812 0.47171,0.02633 0 0.99965,0.03327 0.77286 0.63371,0.02394 0 0.99971,0.03327 0.63484 0.77193,0.02119 0 0.99978,0.03125 0.47025 0.88198,0.0198 0 0.9998,0.02736 0.29077 0.9564,0.01851 0 0.99983,0.02165 0.09786 0.99496,0.0181 0 0.99984,0.01831 0.00394 0.99982,0.01812 0 0.99984,0.01827 0.00332 0.99983,0.01842 0.00669 0.99981,0.07609 -8E-05 0.9971,0.07486 0 0.99719,0.0764 -4E-05 0.99708,0.07609 -4E-05 0.9971,-0.04378 -0.37213 -0.92715,0.04517 0.37014 0.92788,0.0798 0 0.99681,0.07811 0 0.99694,0.07795 0 0.99696,0.04236 0.4018 0.91475,-0.04569 -0.40178 -0.91459,-0.06512 -0.72193 -0.68889,-0.15315 -0.71443 -0.68274,-0.16942 -0.97018 -0.17333,-0.06501 -0.72194 -0.68889,-0.10255 -0.71758 -0.68888,-0.10608 -0.86064 -0.49804,-0.15506 -0.96108 -0.22866,-0.12524 -0.88142 -0.45542,-0.1459 -0.98817 0.04716,-0.12148 -0.9794 -0.16129,-0.11561 -0.96364 -0.24091,-0.1101 -0.97163 -0.2093,-0.11191 -0.98516 -0.1301,-0.10936 -0.55005 -0.82794,-0.12019 -0.98737 -0.10325,-0.13663 -0.60357 -0.78551,-0.08819 -0.72626 -0.68174,-0.08936 -0.60559 -0.79075,-0.09039 -0.62097 -0.77861,-0.09626 -0.53966 -0.83636,-0.09671 -0.56638 -0.81845,-0.11186 -0.49964 -0.85898,-0.0885 -0.71541 -0.69308,-0.08926 -0.65747 -0.74818,-0.08925 -0.65695 -0.74863,-0.08924 -0.65549 -0.74991,-0.08923 -0.65508 -0.75027,-0.08179 -0.72811 -0.68057,-0.08072 -0.71795 -0.6914,-0.08482 -0.74857 -0.65761,-0.09038 -0.75678 -0.64739,-0.0648 -0.72195 -0.6889,-0.08468 -0.72108 -0.68766,-0.06491 -0.72195 -0.6889,-0.04459 -0.38474 -0.92195,0.07786 0 0.99696,0.07766 0 0.99698,0.07633 0 0.99708,0.0441 0.38359 0.92245,0.0454 0.36822 0.92863,-0.04365 -0.37036 -0.92786,0.07393 -0 0.99726,0.07959 0 0.99683,0.04543 0.37017 0.92785,-0.04361 -0.37031 -0.92788,-0.06511 -0.72538 -0.68526,0.04247 0.4047 0.91346,-0.04552 -0.40179 -0.9146,-0.0651 -0.72543 -0.6852,0.07402 0 0.99726,0.07393 0 0.99726,0.07388 0 0.99727,0.04558 0.3702 0.92783,0.04471 0.37954 0.92409,0.04523 0.37393 0.92635,-0.04354 -0.37023 -0.92792,-0.05661 -0.57437 -0.81664,-0.07374 -0.76893 -0.63507,-0.08068 -0.72422 -0.68484,-0.06459 -0.71858 -0.69244,-0.11502 -0.57124 -0.81269,0.07301 0.38221 0.92119,0.04439 0.38288 0.92273,0.04261 0.92304 0.38234,0.09401 0.92019 0.38001,0.04439 0.92338 0.38131,0.04492 0.9214 0.38601,0.04459 0.92264 0.38309,0.04516 0.92053 0.38805,0.01799 0.99984 0,-0.16332 0.98657 0,-0.07611 -0.9971 0,-0.04336 -0.91776 -0.39476,-0.0472 -0.93314 -0.35641,0.04253 0.93567 0.35031,-0.07612 -0.9971 0,-0.06663 -0.99778 0,-0.06655 -0.99778 -0,-0.04995 -0.94598 -0.32037,0.04067 0.94335 0.32931,0.01801 0.99984 0,-0.04568 0.99896 0,-0.12748 0.50521 -0.85353,-0.03349 0.99944 0,-0.09493 0.59082 -0.8012,-0.07 0.64049 -0.76477,-0.09615 0.35088 -0.93147,0 0.99953 -0.03064,-0.12444 0.20583 -0.97064,-0.02229 0.97318 0.22898,-0 0.99996 0.00848,0 0.99993 0.01195,0 0.99997 0.0082,0 0.99988 0.01549,-0 0.99997 -0.00761,0 0.99999 -0.00376,0 1 -0.00193,0.01808 0.99984 0,0.04932 0.88809 0.45701,-0.07626 -0.99709 0,-0.03654 -0.88859 -0.45724,-0.04743 -0.93547 -0.35022,0.04254 0.9345 0.35341,-0.07642 -0.99708 0,-0.08168 -0.99666 -0,-0.07666 -0.99706 0,-0.04258 -0.9145 -0.40235,0.04562 0.91439 0.40226,0.01806 0.99984 0,0.0759 0.99712 -0,0.08191 0.99664 0,0.07572 0.99713 0,0.07485 0.99698 0.02071,-0.08202 -0.99663 0,0.08232 0.99661 0,0.1828 0.43968 -0.87936,0.04311 0.99907 0,0.07751 0.99699 0,0.07634 0.99708 0,0.0761 0.9971 0,0.0761 0.9971 0,0.0761 0.9971 0,0.07735 0.997 0,0.0761 0.9971 0,0.0849 0.97613 -0.19988,0.06661 0.99778 0,0.06065 0.99816 0,0.0603 0.99818 0,0.06033 0.99818 0,0.07591 0.99712 0,0.07726 0.99701 0,0.0761 0.9971 0,0.05991 0.9982 0,0.07643 0.99707 -0,0.07739 0.997 -0,0.0761 0.9971 0,0.07622 0.99709 0,0.04271 0.99909 0,0.08994 0.74845 -0.65706,0.06623 0.9978 0,0.04704 0.97738 0.20619,0.10906 0.85998 -0.49854,0.06309 0.95542 0.28843,0.1053 0.79257 -0.60062,0.11557 0.95266 -0.28123,0.11214 0.81723 -0.5653,-0.06009 0.50875 0.85881,-0.0503 0.53739 0.84183,-0.00538 -0.93877 -0.3445,0.04544 -0.68509 -0.72704,0.002 0.87789 0.47885,-0.0906 -0.99568 0.02035,-0.07458 -0.9972 -0.00549,-0.08445 -0.99355 0.0757,-0.09131 -0.9957 0.01546,-0.07749 -0.99499 -0.06317,-0.15919 -0.90615 -0.39185,-0.08705 -0.99606 0.01706,-0.08936 -0.99594 -0.01049,0.08692 0.996 -0.02064,0.09743 0.99413 0.04706,0.08944 0.99569 -0.02451,0.09065 0.99556 0.0255,0.09532 0.99461 -0.0408,0.08757 0.99584 0.02513,0.08104 0.99575 0.04377,0.08742 0.99593 -0.02177,0.05726 0.98974 0.13088,0.08348 0.98761 -0.1329,0.0742 0.9972 0.00939,0.10098 0.94417 -0.31359,0.04809 0.94386 0.32682,0.04712 0.91832 0.39303,0.03327 0.9024 0.4296,0.10239 0.96722 -0.23237,0.07928 0.97005 0.2296,0.08514 0.92022 -0.38202,0.07912 0.91238 -0.40162,0.0847 0.96346 -0.2541,0.07181 0.95949 0.27245,0.06701 0.99298 0.09747,0.07931 0.99681 -0.0088,0.04315 0.8456 0.53206,0.06763 0.87416 -0.48091,0.08511 0.97027 -0.22656,0.0745 0.99309 -0.09064,0.06949 0.95931 0.27368,0.06821 0.93562 0.34636,0.07717 0.99699 0.00752,0.05781 0.92594 0.37322,0.09105 0.97402 -0.20738,0.09137 0.97399 0.20737,0.07045 0.94844 -0.30902,0.05846 0.93904 -0.33879,0.07136 0.96613 -0.24799,0.08442 0.9751 0.20505,0.0742 0.9935 0.08634,0.07743 0.99697 -0.00696,0.06684 0.89426 0.44252,0.05056 0.90636 -0.41947,0.0745 0.97386 -0.2146,0.06819 0.99481 -0.07551,0.08446 0.97505 0.20527,0.08391 0.95784 0.27479,0.08353 0.9581 0.27398,0.0828 0.95861 0.27242,0.07968 0.99679 0.00774,0.08244 0.95886 0.27166,0.0792 0.98064 -0.17911,0.10078 0.97202 0.21217,0.04938 0.94193 -0.33217,0.03067 0.9258 -0.37677,-0.11791 -0.94655 -0.30025,-0.13037 -0.93796 -0.32129,-0.1303 -0.93872 -0.31911,-0.13048 -0.93671 -0.32487,-0.06708 -0.99252 0.10202,-0.06492 -0.99692 0.04392,-0.1058 -0.92674 -0.36051,-0.08085 -0.99672 -0.00452,0.04272 0.92826 -0.36946,0.10655 0.94236 0.31717,0.08902 0.98619 0.13964,0.07363 0.99724 -0.00978,0.09361 0.67803 0.72905,0.01965 0.85031 -0.52591,0.03677 0.90166 -0.43089,0.0543 0.99067 -0.12501,0.1113 0.92638 0.35976,0.10554 -0.08568 0.99072,-0.03957 -0.99721 0.06331,0.13677 0.08582 0.98688,0.09281 0.84633 0.52451,0.0758 0.99712 -0,0.06699 0.99775 0,0.06665 0.99778 0,0.0284 0.95585 -0.29247,0.03495 0.92727 -0.37277,0.06031 0.99818 0,0.06046 0.99817 0,0.06043 0.99817 0,0.06059 0.99816 0,0 -0.94233 0.33469,0 -0.8299 0.55791,0.07595 0.99711 0,0.06685 0.99776 0,0.07562 0.99714 -0,0.0664 0.99779 0,0.07587 0.99712 0,0.05086 0.94822 -0.3135,-0.04005 -0.94869 0.31368,0.03597 0.88537 -0.46349,-0.04965 -0.88484 0.46324,-0.06325 -0.72573 0.68507,-0.0848 -0.73184 0.67618,-0.08529 -0.7334 0.67443,-0.0866 -0.73761 0.66965,-0.08485 -0.72042 0.68833,-0.06266 -0.71825 0.69295,-0.08248 -0.71844 0.69069,-0.0832 -0.72278 0.68605,-0.0832 -0.72278 0.68605,-0.08392 -0.7271 0.68138,-0.09158 -0.6554 0.74971,-0.0872 -0.65826 0.74773,-0.09044 -0.65614 0.7492,-0.086 -0.65904 0.74718,-0.08709 -0.73914 0.66789,-0.09291 -0.57022 0.81622,-0.09385 -0.57392 0.81351,-0.09275 -0.56941 0.8168,-0.09395 -0.57399 0.81346,-0.09533 -0.78103 0.61717,-0.09273 -0.77806 0.6213,-0.09674 -0.78263 0.61492,-0.09132 -0.77644 0.62353,-0.10978 -0.81269 0.57226,-0.07342 -0.68131 0.7283,-0.09061 -0.83039 0.54977,-0.1085 -0.88601 0.4508,-0.11708 -0.94625 0.30152,-0.13212 -0.98668 0.09486,-0.10053 -0.98941 0.10474,-0.09172 -0.8439 0.5286,-0.03514 0.72479 -0.68808,-0.05189 -0.13813 -0.98905,-0.04715 -0.03051 -0.99842,-0.0417 0.97098 -0.23551,-0.03722 0.93872 -0.34265,-0.12481 -0.21889 0.96773,-0.08503 0.97426 0.20877,-0.10172 -0.60183 0.79212,-0.08441 -0.68185 0.72661,-0.08537 -0.61034 0.78753,-0.10095 -0.30617 0.94661,-0.11871 -0.09789 0.98809,-0.10529 -0.3934 0.91332,-0.09559 0.5431 0.83421,-0.02371 0.99609 -0.08508,-0.06444 0.72437 0.6864,-0.06844 0.73729 0.6721,0 0.99992 0.01298,-0 0.9999 0.01409,0 0.99993 0.01217,-0.06481 0.81862 0.57067,0 0.99989 0.0149,0 0.99988 -0.01533,0 0.99994 -0.01081,0 0.99999 -0.00502,0 0.99991 -0.01309,0 0.99999 0.00491,-0 1 0.00103,0.00924 0.8607 -0.50903,-0.04064 0.98485 0.16859,0 0.99998 0.00706,-0 1 0.00185,-0.00606 0.72297 -0.69085,-0.00862 0.71192 -0.7022,-0.00296 0.64558 -0.76369,-0.00214 0.64807 -0.76158,-0.00426 0.64162 -0.76701,-0.00339 0.32421 -0.94598,0.00262 0.41397 -0.91029,0 0.45744 -0.88924,0 0.45456 -0.89072,-0 0.45623 -0.88986,0.00277 0.26652 -0.96383,0.00562 0.34381 -0.93902,0 0.45338 -0.89132,0 0.36493 -0.93103,0.00577 0.17623 -0.98433,0.00385 0.12046 -0.99271,0.00397 0.11633 -0.9932,0.00401 0.11467 -0.9934,0.0038 0.12248 -0.99246,-0.01358 0.01766 -0.99975,0.00021 0 -1,8E-05 0 -1,0.00037 0 -1,-0.00959 -0.07431 -0.99719,-0.00903 0.09748 -0.9952,0 -0.05146 -0.99868,0.00214 -0.02361 -0.99972,0.00269 -0.02822 -0.9996,0.0018 -0.02073 -0.99978,-0.00321 -0.05505 -0.99848,-0.00595 -0.00967 -0.99994,-0.04067 -0.56882 -0.82146,-0.04274 -0.29004 -0.95606,-0.04817 -0.32401 -0.94483,-0.01688 -0.13803 -0.99028,-0.04127 -0.41719 -0.90788,-0.10686 -0.91882 -0.37993,-0.1049 -0.906 -0.41008,-0.05426 -0.4266 -0.90281,-0.01354 0 -0.99991,-0.13073 -0.98837 0.07771,-0.10768 -0.97001 -0.21792,-0.10784 -0.97202 -0.20866,-0.10788 -0.97256 -0.20611,-0.04073 0 -0.99917,-0.18276 -0.96711 -0.1769,-0.10758 -0.7351 -0.66936,-0.10767 -0.96986 -0.21856,-0.12653 0 -0.99196,-0.09476 -0.7193 0.68821,-0.09106 -0.67171 0.7352,-0.07352 -0.62834 0.77446,-0.06326 -0.72187 0.68913,-0.10293 -0.718 0.68839,-0.0632 -0.72573 0.68507,-0.04507 -0.91751 0.39514,0.04361 0.91911 -0.39157,0.0441 0.92137 -0.38617,0.04439 0.92273 -0.38288,0.04329 0.91757 -0.3952,0.07302 0.99733 0,0.04743 0.93547 -0.35022,-0.04244 -0.9345 0.35341,0.08717 0.99619 0,-0.00439 -0.99223 0.12435,0.0763 0.99708 0,0.04205 0.99912 0,-0.0821 -0.99662 -0,-0.08248 -0.99659 -0,-0.08266 -0.99658 0,-0.07606 -0.99003 -0.1186,-0.01009 -0.96279 0.27005,-0.0913 -0.98591 -0.14014,-0.04312 -0.99907 0,-0.04892 -0.9935 0.10283,-0.09505 -0.99144 -0.08951,-0.07312 -0.99495 0.06876,-0.07459 -0.99687 -0.02617,-0.07406 -0.99227 0.09958,-0.0731 -0.99231 0.09988,-0.071 -0.9924 0.10052,-0.07762 -0.99698 0.00324,-0.07019 -0.99243 0.10077,-0.0873 -0.99507 -0.04695,-0.09479 -0.99353 0.06261,-0.05459 -0.98749 -0.1479,-0.05463 -0.98773 -0.14633,-0.0545 -0.98702 -0.15107,-0.05445 -0.98678 -0.15265,-0.07086 -0.99646 0.04533,-0.06687 -0.99776 -0,-0.06643 -0.99779 0,-0.0761 -0.9971 0,-0.00853 -0.96602 -0.25833,-0.05129 -0.98572 -0.16039,-0.04279 -0.99908 0,-0.2289 0.06861 0.97103,-0.16894 -0.68728 0.70648,-0.14639 -0.91001 0.38787,-0.07633 -0.99708 0,-0.07625 -0.99709 0,-0.06033 -0.99818 0,-0.06037 -0.99818 0,-0.06036 -0.99818 0,-0.05086 -0.94824 -0.31344,-0.03762 -0.89226 -0.44995,0.04872 0.89421 0.44499,0.04002 0.9468 0.31931,0.01809 0.99984 0,-0.0604 -0.99817 0,-0.07614 -0.9971 0,-0.06445 -0.99736 -0.03348,-0.0664 -0.99779 0,0.04283 0.35609 -0.93347,0.04438 0.38129 -0.92339,0.09605 0.3799 -0.92003,0.07229 0.92122 -0.38226,0.04382 0.38232 -0.92299,0.01777 0 -0.99984,-0.07616 0 0.9971,-0.08156 -0 0.99667,-0.08203 -0.00257 0.99663,-0.04684 -0.35669 0.93305,-0.04231 -0.4018 0.91475,0.04569 0.40178 -0.91459,-0.07646 0 0.99707,-0.07717 0.0053 0.997,-0.07623 0 0.99709,-0.04543 -0.37017 0.92785,0.04364 0.37036 -0.92786,0.01785 0 -0.99984,-0.07592 0 0.99711,-0.07722 0 0.99701,-0.04433 -0.38451 0.92206,0.04462 0.38449 -0.92205,0.0175 0 -0.99985,-0.0761 0 0.9971,-0.07883 -0 0.99689,-0.07759 0 0.99699,-0.0443 -0.38342 0.92251,0.04455 0.3834 -0.92251,0.01812 0 -0.99984,-0.00268 0 -1,-0.00323 0 -0.99999,-0.0032 0 -0.99999,-0.00379 0 -0.99999,-0.01181 -0.15242 -0.98825,0.00302 0 -1,0.04368 0.37086 -0.92766,-0.0763 0 0.99709,-0.07696 0 0.99703,-0.07708 0 0.99702,-0.04554 -0.37191 0.92715,-0.04249 -0.40413 0.91372,0.04569 0.40125 -0.91483,-0.07415 0 0.99725,-0.08014 -0 0.99678,-0.07444 0 0.99723,-0.04717 -0.35421 0.93398,0.04273 0.35423 -0.93418,0.0051 0 -0.99999,0.01797 -0 -0.99984,0.00303 -0.03112 -0.99951,0.01782 -1E-05 -0.99984,0.00808 0 -0.99997,0.00839 -0.00174 -0.99996,0.01812 -2E-05 -0.99984,0.00476 0 -0.99999,0.01812 -1E-05 -0.99984,0.01745 -0 -0.99985,0.01387 -0.00596 -0.99989,0.01812 0 -0.99984,0.01782 -0 -0.99984,0.01812 0 -0.99984,0.0194 -0 -0.99981,0.01846 -0 -0.99983,0.0183 0 -0.99983,0.01812 0 -0.99984,0.01831 0 -0.99983,0.01812 0 -0.99984,0.01833 0 -0.99983,0.01812 0 -0.99984,0.01817 0 -0.99983,0.01812 0 -0.99984,0.01743 0 -0.99985,-0.01812 0 0.99984,0.02167 0.09786 -0.99496,0.0335 0.99944 0,0.02739 0.29077 -0.9564,0.02997 0.99955 0,0.03129 0.47029 -0.88196,0.0266 0.99965 0,0.03331 0.63501 -0.77179,0.02373 0.99972 0,0.0333 0.77269 -0.63391,0.02144 0.99977 0,0.03131 0.8812 -0.47171,0.01952 0.99981 0,0.02739 0.95638 -0.29084,0.0184 0.99983 0,0.0216 0.99515 -0.096,0.01811 0.99984 0,-0.01813 -0.99984 0,0.01818 0.99983 0,0.01813 0.99984 0,0.01813 0.99984 0,0.01815 0.99984 0,0.01813 0.99984 0,0.01811 0.99984 0,0.01813 0.99984 0,0.01812 0.99984 0,0.01813 0.99984 0,0.01815 0.99984 0,0.01815 0.99984 0,0.01819 0.99983 0,0.01813 0.99984 0,0.01826 0.99983 0,0.01813 0.99984 0,0.01794 0.99984 0,0.01952 0.99958 -0.02163,-0.04514 -0.92053 0.38805,0.07612 0.9971 0.00046,0.08271 0.99657 -0,0.0763 0.99708 0.00018,0.07611 0.9971 0.00021,0.04336 0.91776 -0.39476,0.07618 0.99709 0,0.04731 0.93313 -0.3564,-0.04242 -0.93333 0.3565,-0.06341 -0.72572 0.68506,-0.07995 -0.72507 0.68402,-0.07355 -0.76894 0.63508,-0.07017 -0.5737 0.81605,-0.11489 -0.57075 0.81305,-0.11299 -0.52267 0.84502,-0.09118 -0.72675 0.68082,-0.09429 -0.57605 0.81196,-0.09328 -0.55259 0.82822,-0.06301 -0.72229 0.68871,-0.0908 -0.71559 0.69259,-0.0406 -0.94343 0.32909,0.07601 0.99711 0,0.05014 0.94601 -0.32024,0.03764 0.89211 -0.45025,-0.04869 -0.89408 0.44525,-0.16361 0.98653 0,-0.15066 -0.28277 0.94728,-0.13074 -0.03342 0.99085,0.07602 0.99711 0,0.01716 0.8789 -0.47669,0.08057 0.99675 0,0.0761 0.9971 0,0.07618 0.99709 0,0.0761 0.9971 0,0.07756 0.99699 -0,0.0761 0.9971 0,0.07734 0.997 -0,0.0761 0.9971 0,0.0763 0.99708 0,0.0761 0.9971 0,0.07719 0.99702 0,0.0761 0.9971 0,0.07704 0.99703 -0,0.0761 0.9971 0,0.07595 0.99711 0,0.08236 0.9966 -0,0.07642 0.99708 -0,0.07634 0.99708 0,-0.0761 -0.9971 0,0.07643 0.99707 -0,0.0757 0.99713 -0,0.0761 0.9971 0,0.07731 0.99701 0,0.0761 0.9971 0,0.07731 0.99701 0,0.0761 0.9971 0,0.07611 0.9971 0,0.0761 0.9971 0,0.07689 0.99704 -3E-05,0.0761 0.9971 0,0.07663 0.99706 0,0.0761 0.9971 0,0.07592 0.99711 0,0.0761 0.9971 0,0.07883 0.99689 0,0.07553 0.99714 -2E-05,0.07536 0.99716 0,-0.0761 -0.9971 0,0.07533 0.99716 -0,0.0761 0.9971 0,0.07731 0.99701 0,0.0761 0.9971 0,0.07737 0.997 -0,0.0761 0.9971 0,0.07616 0.9971 0,0.07678 0.99705 0,0.0761 0.9971 0,0.0769 0.99704 0,0.0761 0.9971 0,0.07592 0.99711 0,0.07932 0.99685 0,0.07448 0.99722 -0,0.07541 0.99715 0,-0.0761 -0.9971 0,0.0749 0.99719 -0,0.0761 0.9971 0,0.08003 0.99679 -0,-0.00515 0.81254 0.58288,0.08145 0.82424 -0.56035,-0.00737 0.69018 0.7236,0.09592 0.77158 -0.62886,0.04502 0.99899 0,0.02449 0.87309 0.48695,0.06737 0.99773 0,0.07155 0.9849 -0.15765,0.06054 0.99817 0,0.06024 0.99818 0,0.06024 0.99818 0,0.06631 0.9978 0,0.05751 0.98543 0.16009,0.04467 0.999 0,0.06721 0.91029 -0.40847,0.08246 0.99659 0,0.03208 0.91035 0.4126,0.05147 0.92322 -0.3808,0.04499 0.99899 0,0.04978 0.90474 0.42304,0.06649 0.99779 0,0.06501 0.98766 -0.14248,0.06006 0.99819 0,0.06045 0.99817 0,0.06043 0.99817 0,0.06084 0.99815 0,0.06634 0.9978 0,0.06333 0.98819 0.13953,0.04495 0.99899 0,0.055 0.92366 -0.37924,0.08229 0.99661 0,0.0456 0.94842 0.31371,0.03941 0.93998 -0.33894,0.04495 0.99899 0,0.06769 0.94013 0.33404,0.06698 0.99775 0,0.05744 0.9903 -0.12655,0.06051 0.99817 0,0.06026 0.99818 0,0.06028 0.99818 0,0.06004 0.9982 0,0.06594 0.99782 0,0.07307 0.98624 0.1483,0.04277 0.99908 0,0.027 0.88684 -0.46129,0.05842 0.88605 0.4599,-0.0453 0.99897 0,-0.12174 0.65205 0.74834,-0.0336 0.99944 0,-0.10204 0.53212 0.8405,-0 1 0.0019,0 0.99997 0.00752,0 0.99999 0.00372,0 0.99988 -0.01552,0 0.99989 0.01481,-0 0.99998 -0.00656,0 0.99999 -0.00323,0 1 -0.00171,0 0.99997 0.00837,-0.04535 0.99897 0,-0.00507 0.63914 -0.76907,-0.08407 0.99646 0,-0.04427 0.77828 -0.62635,-0.05811 0 -0.99831,-0.04394 0.66236 -0.7479,-0.01766 0 -0.99984,-0.01644 0.40153 -0.9157,-0.00342 0 -0.99999,-0.00317 0.20489 -0.97878,0.0029 0 -1,0.00299 0 -1,0.00296 0 -1,0.00308 0 -1,0.00635 0 -0.99998,0.01092 0.13242 -0.99113,0.00875 -0.00158 -0.99996,0.01551 0.11966 -0.99269,0.07481 0.02117 -0.99697,0.07701 -0 -0.99703,0.08304 0 -0.99655,0.07679 0 -0.99705,0.07641 0 -0.99708,0.07608 0 -0.9971,0.07609 0 -0.9971,0.15922 -0.60015 -0.78388,0.08346 0 -0.99651,0.07533 -0 -0.99716,0.07773 0 -0.99697,-0.0619 -0.1238 0.99038,0.08177 -0.03299 -0.99611,0.0808 -0.03049 -0.99626,0.07924 -0.02647 -0.9965,-0.07486 0.00135 0.99719,0.07826 -0.02396 -0.99664,-0.07079 -0.02155 0.99726,0.071 0.03069 -0.997,0.07278 0.02847 -0.99694,0.07575 0.02477 -0.99682,-0.09088 0.09364 0.99145,0.07754 0.02253 -0.99673,0.08257 -0.05779 -0.99491,0.0832 -0.05535 -0.99499,0.08077 -0.06315 -0.99473,0.08317 -0.05332 -0.99511,0.08326 -0.05217 -0.99516,-0.08748 0.11094 0.98997,0 0.41735 0.90875,-0 0.41208 0.91115,0 0.42111 0.90701,-0.08091 -0.03052 0.99625,-0.08087 -0.03338 0.99617,-0.08076 -0.02177 0.9965,-0.07675 0.01638 0.99692,-0.07839 0.01016 0.99687,-0.07624 0.01751 0.99694,-0.07535 -0.02007 0.99696,-0.0754 -0.02025 0.99695,-0.07517 -0.01943 0.99698,0.07974 0.03882 -0.99606,0.07962 0.03974 -0.99603,0.07983 0.03809 -0.99608,0.06678 -0.05886 -0.99603,0.07621 0.02612 -0.99675,0.07775 0.02009 -0.99677,0.07556 0.02745 -0.99676,0.07564 -0.05882 -0.9954,0.06802 0.10403 -0.99225,0.07932 -0.04359 -0.9959,0.07953 -0.04495 -0.99582,0.07899 -0.04152 -0.99601,0.07878 -0.04013 -0.99608,0.07685 0.01454 -0.99694,0.07552 -0.01212 -0.99707,0.07867 0.01851 -0.99673,0.07178 0.02146 -0.99719,0.07448 -0.10398 -0.99179,0.07632 0.02155 -0.99685,0.07683 0.01992 -0.99685,0.07525 0.03733 -0.99647,0.07622 0.03556 -0.99646,0.07483 0.03811 -0.99647,0.07514 -0.07501 -0.99435,0.07508 -0.0772 -0.99418,0.07524 -0.07092 -0.99464,0.07387 -0.04185 -0.99639,0.0772 -0.03339 -0.99646,0.07518 -0.03912 -0.9964,0.07816 -0.03184 -0.99643,-0.0753 0.00651 0.99714,-0.07585 -0.00441 0.99711,-0.07531 0.00634 0.99714,-0.07147 0.0096 0.9974,-0.0713 0.00876 0.99742,-0.0717 0.01083 0.99737,-0.07614 -0.01539 0.99698,-0.07846 -0.01861 0.99674,-0.07524 -0.01415 0.99706,-0.07572 0.0051 0.99712,-0.07615 0.00982 0.99705,-0.07899 0.01047 0.99682,0.07692 0.10738 -0.99124,0.07205 -0.02543 -0.99708,0.07245 -0.03143 -0.99688,0.07178 -0.02146 -0.99719,0.07552 0.01212 -0.99707,0.07722 -0.03126 -0.99652,0.07273 -0.03543 -0.99672,0.07529 0.04488 -0.99615,0.07488 0.02401 -0.9969,0.07685 -0.01454 -0.99694,0.06856 -0.06603 -0.99546,0.0779 0.01786 -0.9968,0.07828 0.01638 -0.9968,0.07895 0.01376 -0.99678,0.07953 0.04051 -0.99601,0.07932 0.01231 -0.99677,0.07768 0.0342 -0.99639,0.07837 0.03217 -0.99641,0.07742 0.03498 -0.99639,0.06533 -0.08656 -0.9941,0.06427 -0.08784 -0.99406,0.06715 -0.08434 -0.99417,0.07581 -0.02411 -0.99683,0.07484 -0.02241 -0.99694,0.07542 -0.02343 -0.99688,0.07439 -0.02162 -0.99699,-0.08105 -0.02106 0.99649,-0.08007 -0.01789 0.99663,-0.08089 -0.01967 0.99653,-0.06072 0.07701 0.99518,-0.07411 -0.01064 0.99719,-0.07523 0.00786 0.99713,0.07863 0.06219 -0.99496,0.06738 -0.04756 -0.99659,0.07929 0.0415 -0.99599,0.0754 -0.03798 -0.99643,0.06213 -0.17313 -0.98294,0.07599 0.03543 -0.99648,0.07503 0.02864 -0.99677,0.07561 0.03269 -0.9966,0.07464 0.02591 -0.99687,0.07432 -0.01293 -0.99715,0.06186 -0.12867 -0.98976,-0.05816 0.10727 0.99253,0 0.40837 0.91282,0 0.46916 0.88312,0.08447 0.03303 -0.99588,0.07548 -0 -0.99715,0.08107 -0.00585 -0.99669,0.0821 -0.00339 -0.99662,0.0799 -0.00244 -0.9968,0.07609 -5E-05 -0.9971,0.07951 0 -0.99683,0.07981 0 -0.99681,0.04686 -0.3542 -0.93399,-0.04271 0.35503 0.93388,0.04254 -0.4018 -0.91474,-0.0458 0.40178 0.91459,-0.06514 0.72508 0.68558,-0.09501 0.72612 0.68098,-0.09235 0.67496 0.73205,-0.06477 0.72226 0.68858,-0.10293 0.718 0.68839,-0.10538 0.85719 0.5041,-0.07371 0.63192 0.77152,-0.09114 0.83336 0.54517,-0.0739 0.68129 0.72827,-0.09095 0.7715 0.62969,-0.09493 0.77727 0.62197,-0.09233 0.77351 0.62702,-0.10978 0.81269 0.57226,-0.09632 0.77927 0.61924,-0.1092 0.89172 0.43922,-0.09325 0.57 0.81634,-0.09317 0.57229 0.81474,-0.0935 0.57125 0.81544,-0.09338 0.8495 0.51926,-0.10795 0.5934 0.79764,-0.08376 0.68189 0.72665,-0.08608 0.61993 0.77992,-0.09386 0.56009 0.8231,-0.09208 0.57136 0.81552,-0.09052 0.57486 0.81323,-0.08946 0.57718 0.8117,-0.08973 0.571 0.81603,-0.09125 0.65305 0.75179,-0.09019 0.65427 0.75086,-0.08708 0.65781 0.74814,-0.086 0.65904 0.74718,-0.08309 0.71721 0.69188,-0.0833 0.72027 0.68867,-0.0833 0.72027 0.68867,-0.08351 0.72332 0.68545,-0.08497 0.73331 0.67456,-0.08635 0.73563 0.67185,-0.08537 0.73399 0.67377,-0.08675 0.73631 0.67106,-0.06483 0.72164 0.68923,-0.08485 0.72042 0.68833,-0.04462 0.38449 0.92205,0.07756 0 -0.99699,0.0804 -0 -0.99676,0.07766 0 -0.99698,0.0442 -0.38342 -0.92252,-0.04448 0.38453 0.92204,0.07562 0 -0.99714,0.0749 0 -0.99719,0.07475 0 -0.9972,0.04564 -0.37191 -0.92715,-0.0435 0.37082 0.92768,-0.06504 0.72163 0.68922,0.04246 -0.40277 -0.91432,-0.04572 0.4026 0.91423,-0.05625 0.57215 0.81821,0.07514 0 -0.99717,0.08222 -0 -0.99661,0.07577 0 -0.99713,0.04733 -0.35545 -0.9335,-0.0425 0.35423 0.93419,-0.07393 0.78119 0.6199,-0.07957 0.72168 0.68764,-0.06467 0.71888 0.69212,-0.08544 0.71875 0.69,0.07274 -0.38222 -0.9212,0.04439 -0.38287 -0.92274,-0.16361 -0.98653 0,-0.1511 0.28275 0.94722,-0.0453 -0.99897 0,-0.12039 -0.65216 0.74847,-0.1317 0.03342 0.99073,0 -0.99942 -0.03402,-0.10276 0.38046 0.91907,-0.08894 -0.44847 0.88936,-0.10264 0.30962 0.9453,-0.10963 -0.3622 0.92563,-0.11463 0.09381 0.98897,-0.08398 -0.97007 0.22786,-0.06511 -0.82723 0.55808,-0.01617 -0.98255 -0.18531,-0.12979 0.25861 0.95722,0 -0.99998 -0.00705,0 -1 0.00309,0 -0.99992 -0.01268,0 -0.99999 -0.00403,0 -0.99997 -0.00776,0 -0.99997 0.00741,0 -0.9999 0.01423,-0.07563 -0.58325 0.80877,-0.10207 -0.53624 0.83787,-0.03335 -0.99944 0,0 -0.99995 0.01038,0 -0.99995 -0.01026,0 -0.99992 0.01256,-0 -0.99995 0.00973,-0 -0.99998 0.00561,-0 -0.99999 -0.00387,0 -1 0.00284,-0.04061 -0.98859 0.14506,0.00931 -0.86787 -0.49671,-0.00786 -0.71926 -0.6947,-0.00673 -0.72315 -0.69066,-0.00852 -0.71696 -0.69707,-0.04068 -0.96061 -0.27489,-0.03577 -0.93296 -0.35819,0 -0.99979 -0.02026,-0.00201 -0.6578 -0.75319,-0.00608 -0.7254 -0.68831,-0.00531 -0.64508 -0.76409,-0 -0.99999 0.00391,-0 -1 0.00193,0 -1 0.00312,0 -0.99991 0.01308,0 -0.99998 -0.00642,0 -0.99994 -0.01099,-0 -0.99997 -0.00799,0 -0.99992 -0.01256,-0.04501 -0.99899 0,-0.04422 -0.78558 -0.61718,-0.08295 -0.99655 0,-0.04297 -0.64774 -0.76065,-0.01875 0 -0.99982,-0.01681 -0.41067 -0.91163,-0.0033 -0.31495 -0.9491,0.00284 -0.27319 -0.96196,0.00265 -0.41853 -0.9082,0.00552 -0.33747 -0.94132,0 -0.44389 -0.89608,0 -0.3695 -0.92923,0 -0.4587 -0.88859,-0.01453 -0.01889 -0.99972,-0.03307 -0.71379 -0.69958,-0.04693 0.11014 -0.99281,-0.00898 -0.09696 -0.99525,-0.00938 0.07272 -0.99731,0.00433 -0.12895 -0.99164,0.01498 -0.11559 -0.99318,0.00667 -0 -0.99998,0.01958 -0 -0.99981,0.00645 0 -0.99998,0.01131 -0.13705 -0.9905,0.00401 -0.11467 -0.9934,0.00294 0 -1,0.00292 0 -1,0.00293 0 -1,-0.00319 -0.20568 -0.97861,0.00555 -0.17623 -0.98433,0.01968 0 -0.99981,0.02738 -0.29077 -0.9564,0.01798 0 -0.99984,0.01069 0.00609 -0.99992,0.01807 0 -0.99984,0.02166 -0.09786 -0.99496,0.01813 0 -0.99984,0.01843 0 -0.99983,-0.01812 0 0.99984,0.01779 -0 -0.99984,0.01936 -0 -0.99981,0.01812 0 -0.99984,0.01827 0 -0.99983,0.01812 0 -0.99984,0.01828 0 -0.99983,0.01812 0 -0.99984,0.0183 0 -0.99983,0.01812 0 -0.99984,0.01861 0 -0.99983,0.01812 0 -0.99984,0.01862 0 -0.99983,0.01812 0 -0.99984,0.01849 0 -0.99983,0.01812 0 -0.99984,0.01948 -0.02118 -0.99959,-0.18276 0.96711 -0.1769,-0.12901 0 -0.99164,-0.03986 0 -0.99921,-0.10758 0.7351 -0.66936,-0.13003 0.9831 0.12883,-0.10765 0.96972 -0.2192,-0.10736 0.9677 -0.22811,-0.10767 0.96986 -0.21856,-0.10728 0.96712 -0.23057,-0.13174 0.9838 0.1216,-0.10531 0.90952 -0.4021,-0.11752 0.94985 0.28978,-0.10686 0.91882 -0.37993,-0.0616 0.45296 -0.8894,-0.04342 0.25577 -0.96576,-0.04631 0.08502 -0.9953,-0.10161 0.99178 0.07779,-0.04798 0.69353 -0.71883,-0 0.05159 -0.99867,0 0.05225 -0.99863,0 0.05027 -0.99874,0.00232 0.02737 -0.99962,0.00173 0.02142 -0.99977,0.00163 0.02406 -0.99971,-0.00299 -0.0464 -0.99892,0 0.04938 -0.99878,0.00399 0 -0.99999,0.00308 0.03159 -0.9995,0.00213 0.02346 -0.99972,0.00807 0.00173 -0.99997,0.00874 0.00154 -0.99996,0 0.05146 -0.99868,-0.0128 0.16023 -0.987,0.00298 0 -1,-0.01788 0.14617 -0.9891,-0.00357 0 -0.99999,-0.00315 0 -1,-0.00312 0 -1,-0.04101 0.40205 -0.9147,-0.05524 0.43936 -0.89661,-0.01411 0 -0.9999,5E-05 0.38271 0.92387,0.04463 -0.38235 -0.92294,0.02388 0.47126 0.88167,0.04812 0.63361 0.77216,0.02388 0.29026 0.95665,0.04814 0.0979 0.99403,0.04814 -0.0979 0.99403,0.02388 -0.29026 0.95665,0.02389 -0.47126 0.88167,6E-05 -0.38268 0.92388,0.04814 -0.63361 0.77215,0.04814 -0.77219 0.63357,0.02392 -0.88159 0.47141,0.02391 -0.95669 0.29013,5E-05 -0.92388 0.38268,0.04815 -0.99403 0.09793,0.04814 -0.99403 -0.09793,0.0239 -0.95669 -0.29013,0.02392 -0.8816 -0.4714,5E-05 -0.92388 -0.38268,0.04814 -0.77219 -0.63357,0.04814 -0.63361 -0.77215,0.02389 -0.47126 -0.88167,0.02387 -0.29025 -0.95665,5E-05 -0.38268 -0.92388,5E-05 0.3827 -0.92387,0.0441 -0.38233 0.92297,0.097 -0.37987 0.91994,0.04314 0.38233 0.92302,0.02387 0.29025 -0.95665,0.04814 -0.09787 -0.99403,0.04814 0.09788 -0.99403,0.02387 0.47126 -0.88167,0.04812 0.63361 -0.77216,0.0439 -0.37404 0.92637,0.0437 -0.37104 0.92759,0.0442 -0.3786 0.92451,0.04438 -0.3813 0.92339,0.01781 0 0.99984,-0.11905 0 0.99289,-0.10062 0.72592 -0.68038,-0.07613 0 -0.9971,-0.07649 0.00105 -0.99707,-0.07589 -0.00318 -0.99711,-0.04528 0.37013 -0.92787,-0.04231 0.4018 -0.91475,0.04569 -0.40178 0.91459,-0.07644 0 -0.99707,-0.0762 0.00235 -0.99709,-0.04537 0.37034 -0.92779,0.04361 -0.37036 0.92787,0.01817 0 0.99983,-0.04053 0 0.99918,-0.12944 0.98318 -0.12884,-0.01361 0 0.99991,-0.06445 0.533 0.84366,-0.10765 0.96972 0.2192,-0.10736 0.9677 0.22811,-0.10728 0.96712 0.23057,-0.05541 0.50975 0.85853,-0.1045 0.9092 0.40302,-0.06084 0.45328 0.88929,-0.04832 0.6738 0.73733,-0.02013 0.14051 0.98988,-0.10649 0.91842 0.381,-0.05536 0.1688 0.98409,-0.05062 0.34252 0.93814,-0.1008 0.99146 -0.08271,-0.11864 0.94119 -0.31637,-0.13025 0.98329 -0.12716,-0.11247 0.82105 -0.55967,-0.11084 0.89556 -0.43091,-0.09131 0.84361 -0.52914,-0.09856 0.78243 -0.61489,-0.09433 0.56456 -0.81999,-0.0963 0.56564 -0.81901,-0.09392 0.57148 -0.81523,-0.08752 0.66876 -0.73831,-0.10336 0.61284 -0.78342,-0.08978 0.59758 -0.79677,-0.10696 0.25685 -0.96052,-0.11089 0.15915 -0.98101,-0.12414 0.31492 -0.94096,-0.1096 -0.29256 -0.94995,-0.01617 -0.98255 0.18531,-0.06506 -0.82754 -0.55763,-0.08416 -0.97014 -0.22748,0 -0.99998 0.00705,0 -0.99994 -0.01074,0 -1 -0.00308,-0 -0.99999 0.0039,0 -0.99991 0.01348,0.00884 -0.87937 0.47605,-0.04298 -0.96727 0.25009,-0.04108 -0.98822 -0.14743,-0.00631 -0.72439 0.68936,-0.00641 -0.72377 0.69002,-0.00616 -0.72538 0.68832,-0.03582 -0.91861 0.39354,-0 -0.44345 0.8963,0 -0.44696 0.89455,0 -0.44111 0.89745,0.0026 -0.50238 0.86465,-0.03396 -0.76025 0.64874,0.00279 -0.35569 0.9346,0.0027 -0.35425 0.93515,0.00286 -0.35668 0.93422,-0.00483 -0.17252 0.98499,-0.00881 -0.09845 0.9951,-0.05178 0.13679 0.98925,0.01327 -0.26952 0.9629,0.00494 -0.03959 0.9992,0.00487 -0.03959 0.9992,0.00502 -0.03959 0.9992,0.00483 -0.03959 0.9992,-0.00905 0.07205 0.99736,0.00502 0.02575 0.99966,0.00796 -0.02041 0.99976,-0.00288 0.05208 0.99864,-0.00578 0.00819 0.99995,0.00983 -0.00514 0.99994,0.00947 -0.00687 0.99993,0.00677 -0.0042 0.99997,0.01768 0 0.99984,0.00917 -0 0.99996,0.00898 0 0.99996,0 0.09932 0.99506,0.01788 0 0.99984,0.00725 -0 0.99997,0.00694 0 0.99998,0.01812 0 0.99984,0.046 -0.40454 0.91336,-0.07513 0 -0.99717,-0.07461 0 -0.99721,-0.07448 0 -0.99722,-0.04239 0.40335 -0.91407,-0.04574 0.37148 -0.92731,0.04372 -0.37023 0.92791,0.018 1E-05 0.99984,0.01755 -2E-05 0.99985,0.01812 1E-05 0.99984,0.07482 -0.02117 0.99697,0.0756 0 0.99714,0.07571 0 0.99713,0.07618 0 0.99709,0.07573 -0 0.99713,0.07609 0 0.9971,0.07609 0 0.9971,0.09208 0.1637 0.9822,0.0751 0 0.99718,0.07704 -0 0.99703,0.07326 0 0.99731,-0.07577 0 -0.99713,-0.07494 0 -0.99719,-0.07478 0 -0.9972,-0.07391 0 -0.99727,-0.06867 0.03977 -0.99685,-0.07198 0.03466 -0.9968,-0.06995 0.03744 -0.99685,-0.07568 0 -0.99713,-0.07596 0 -0.99711,-0.076 0 -0.99711,-0.07629 0 -0.99709,0.0698 -0.06058 0.99572,0.07033 -0.05919 0.99577,0.0711 -0.05718 0.99583,0.0763 0 0.99709,0.07571 0 0.99713,0.07738 0 0.997,-0.04583 0.37231 -0.92698,0.07666 0 0.99706,0.07712 0 0.99702,0.07513 0 0.99717,0.07567 0 0.99713,0.0758 0 0.99712,0.07365 -0.02401 0.997,0.0742 -0.02425 0.99695,0.07409 -0.0242 0.99696,0.0745 -0.02438 0.99692,0.08144 0.04892 0.99548,0.08053 0.04575 0.9957,0.082 0.0509 0.99533,0.07997 0.04381 0.99583,0.08367 0.06876 0.99412,0.08696 0.09299 0.99186,0.07184 -0.03389 0.99684,0.07204 -0.03199 0.99689,0.07171 -0.03504 0.99681,0.07216 -0.03087 0.99691,-0.10667 -0.16 -0.98134,-0.10344 -0.22537 -0.96877,0.07166 -0.05569 0.99587,-0.07248 0.02303 -0.9971,-0.07667 -0.00474 -0.99704,-0.07254 0.00129 -0.99736,-0.07637 -0.00368 -0.99707,-0.07371 0.02444 -0.99698,-0.07064 0.00298 -0.9975,-0.0691 0.00416 -0.9976,-0.00229 -0.47628 -0.87929,-0.07969 0.03334 -0.99626,-0.08006 0.03304 -0.99624,-0.07754 0.02864 -0.99658,-0.07616 -0.01751 -0.99694,0.07519 0.00118 0.99717,0.07471 0.0076 0.99718,0.07527 -1E-05 0.99716,0.06838 0.06006 0.99585,0.06858 0.05994 0.99584,0.06859 0.05993 0.99584,0.07596 0.00053 0.99711,0.07667 0.00345 0.99705,0.07536 0.00306 0.99715,0.0758 0.00112 0.99712,0.07469 -0.00198 0.9972,0.07442 -0.01394 0.99713,0.08421 0.07925 0.99329,0.06976 -0.08467 0.99396,0.07091 -0.08175 0.99413,0.06898 -0.08667 0.99385,0.08032 0.01858 0.9966,0.07167 -0.07979 0.99423,0.07665 0.01133 0.99699,0.07546 -0.024 0.99686,0.07494 -0.02593 0.99685,0.07405 -0.02927 0.99682,0.07355 -0.03115 0.99681,0.07803 0.01724 0.9968,0.07706 0.01665 0.99689,0.07848 0.01752 0.99676,0.07543 -0.02884 0.99673,0.07681 -0.0303 0.99659,0.07287 -0.02612 0.997,0.0759 0.03505 0.9965,0.07563 0.03533 0.99651,0.076 0.03494 0.9965,0.0752 0.03578 0.99653,0.07555 -0.004 0.99713,0.07636 -0.00656 0.99706,0.07956 -0.00312 0.99682,0.0753 0.08992 0.9931,0.08017 0.03113 0.99629,0.07573 -0.01014 0.99708,0.07442 0.05934 0.99546,0.07489 -0.05759 0.99553,0.07476 -0.05441 0.99572,0.07408 -0.05954 0.99547,0.07332 -0.05764 0.99564,0.07706 -0.02596 0.99669,0.07695 0.01102 0.99697,0.07652 0.01517 0.99695,0.07724 0.00831 0.99698,0.07564 -0.02128 0.99691,0.07544 -0.02224 0.9969,0.07508 -0.02401 0.99689,0.0771 0.00565 0.99701,0.07486 -0.02511 0.99688,0.07789 0.01606 0.99683,0.07786 0.01596 0.99684,0.07811 0.01674 0.9968,0.07756 -0.03315 0.99644,0.07855 -0.03397 0.99633,0.07584 -0.03172 0.99662,0.0757 0.04289 0.99621,0.07543 0.04869 0.99596,0.0756 0.04507 0.99612,0.07533 0.05092 0.99586,-0.0727 -0.01562 -0.99723,-0.07341 -0.02186 -0.99706,-0.07401 -0.01876 -0.99708,-0.07202 -0.02032 -0.9972,-0.0762 -0.00275 -0.99709,-0.07657 -0.00192 -0.99706,-0.07582 -0.00249 -0.99712,-0.07587 -0.00842 -0.99708,-0.07462 -0.02093 -0.99699,-0.07572 -0.0094 -0.99708,0.07518 -0.01086 0.99711,0.07476 -0.00804 0.99717,0.07581 -0.01511 0.99701,0.07332 0.05764 0.99564,0.07706 0.02596 0.99669,0.07511 -0.00776 0.99715,0.07332 0.03576 0.99667,0.07493 -0.04489 0.99618,0.07801 -0.06388 0.9949,0.08017 -0.03113 0.99629,0.0751 0.00333 0.99717,0.07815 0.00507 0.99693,0.07283 0.00509 0.99733,0.07817 -0.01792 0.99678,0.07807 -0.01819 0.99678,0.0776 -0.01953 0.99679,0.07502 0.01004 0.99713,0.07751 -0.01979 0.9968,0.07694 0.01511 0.99692,0.07588 0.01446 0.99701,0.07735 0.01536 0.99689,0.07637 -0.03843 0.99634,0.0765 -0.03865 0.99632,0.076 -0.03775 0.99639,0.07546 0.024 0.99686,0.07169 0.03149 0.99693,0.07405 0.0268 0.99689,0.07026 0.03433 0.99694,-0.0794 0.0208 -0.99663,-0.07918 0.03281 -0.99632,-0.07897 0.0221 -0.99663,-0.07457 -0.00594 -0.9972,-0.07977 0.02951 -0.99638,-0.07968 0.03113 -0.99633,0.07599 -0.00319 0.9971,0.07647 -0.00479 0.99706,0.07732 -0.00801 0.99697,0.06355 0.12711 0.98985,0.05895 0.16696 0.9842,0.06888 0.05975 0.99583,0.06963 0.18975 0.97936,0.07446 -0.03511 0.99661,0.08659 -0.12042 0.98894,0.08905 -0.14929 0.98478,0.07601 0.00755 0.99708,0.08055 -0.0499 0.9955,0.08092 -0.05076 0.99543,0.08132 -0.05172 0.99534,-0.0475 -0.19179 -0.98028,0.08164 -0.05249 0.99528,0.07778 0.05186 0.99562,0.07364 0 0.99729,0.07892 -0.01874 0.9967,0.07687 -0.00375 0.99703,0.07657 0 0.99706,0.07574 -0.03728 0.99643,0.07558 0 0.99714,0.07475 0 0.9972,0.07716 0 0.99702,0.07609 0 0.9971,0.07609 0 0.9971,0.07589 0 0.99712,0.07518 0 0.99717,0.07619 0.00445 0.99708,0.07609 0 0.9971,0.0765 0 0.99707,0.07609 0 0.9971,0.07592 0 0.99711,0.07581 0 0.99712,0.07556 0 0.99714,-0.07609 0 -0.9971,0.07609 0 0.9971,0.07609 0 0.9971,0.0757 -0 0.99713,0.07518 0 0.99717,0.07674 0 0.99705,0.07476 0 0.9972,0.07579 0 0.99712,0.07609 0 0.9971,0.07561 -0 0.99714,0.07485 0 0.99719,0.07557 0 0.99714,0.07752 0 0.99699,0.07605 0 0.9971,0.07666 0 0.99706,0.0769 0 0.99704,0.07609 0 0.9971,0.07489 0 0.99719,0.07715 1E-05 0.99702,0.07523 0 0.99717,-0.07609 0 -0.9971,0.07757 0 0.99699,0.07609 0 0.9971,0.07631 0 0.99708,0.07738 0 0.997,0.07603 -0.00464 0.99709,0.07609 0 0.9971,0.07489 0 0.99719,0.07475 0 0.9972,0.07814 -0 0.99694,0.07609 0 0.9971,0.07607 0 0.9971,0.07657 0 0.99706,0.0756 0 0.99714,0.07738 0 0.997,0.07502 0 0.99718,0.07609 0 0.9971,0.07444 0 0.99723,0.07449 0 0.99722,-0.07609 0 -0.9971,0.07625 -0 0.99709,0.07609 0 0.9971,0.07609 0 0.9971,0.07475 0 0.9972,0.07623 -0 0.99709,0.07518 0 0.99717,0.0706 -0.03182 0.997,0.07108 -0.02428 0.99717,0.0708 -0.02873 0.99708,0.07333 0 0.99731,0.07624 0 0.99709,0.08351 0.13279 0.98762,0.07128 -0.02122 0.99723,0.08124 0.0917 0.99247,0.09745 0.17827 0.97914,0.07614 -0.02517 0.99678,0.07113 -0.04388 0.9965,0.07466 0 0.99721,0.08052 0.02899 0.99633,0.07701 0 0.99703,0.07673 0.01644 0.99692,0.07337 0 0.9973,-0.07625 -0.00391 -0.99708,-0.0728 0.00125 -0.99735,-0.07569 0 -0.99713,-0.07588 0 -0.99712,0.07976 0 0.99681,-0.07596 0 -0.99711,-0.07611 0 -0.9971,-0.04418 0.38468 -0.92199,0.04464 -0.38474 0.92195,-0.04568 0.37248 -0.92692,0.04391 -0.37245 0.92701,0.01746 0 0.99985,0.07153 -0.02469 0.99713,0.07395 0 0.99726,0.07952 0.01888 0.99665,0.07621 -0.05081 0.9958,0.07671 0 0.99705,0.07785 0.01592 0.99684,0.07449 -0 0.99722,0.07814 0 0.99694,0.07478 -0.03084 0.99672,0.07509 0 0.99718,0.07623 -0.0179 0.99693,0.07542 0 0.99715,0.07788 0.0178 0.9968,0.07586 -0.02679 0.99676,0.07543 0.01419 0.99705,0.07609 0 0.9971,0.06334 0.08604 0.99428,0.07489 0 0.99719,0.07589 0 0.99712,-0.06531 -0.0508 -0.99657,0.06815 0.07951 0.9945,0.07632 0 0.99708,0.0762 0 0.99709,0.07739 0 0.997,0.07516 0 0.99717,0.07549 0 0.99715,0.04568 0.37248 0.92692,-0.07447 -0.00713 -0.9972,-0.07967 0.00848 -0.99678,-0.0802 0.03089 -0.9963,0.07167 0.02404 0.99714,0.07378 0 0.99727,-0.07477 0 -0.9972,-0.07485 -0.00131 -0.99719,-0.07178 -0.01171 -0.99735,0.07366 0 0.99728,-0.07832 -0.00617 -0.99691,-0.07803 -0.00694 -0.99693,-0.07437 0.0102 -0.99718,-0.07429 0.01086 -0.99718,-0.0744 0.01 -0.99718,-0.07444 0.00967 -0.99718,0.07623 0.0179 0.99693,-0.06895 0.04053 -0.9968,-0.07314 0.03171 -0.99682,-0.0769 -0.01262 -0.99696,0.08183 0.0663 0.99444,0.07689 0 0.99704,0.04365 -0.37036 0.92786,-0.0998 -0.11405 -0.98845,-0.07394 0 -0.99726,0.01812 0 0.99984,0.01298 0.0061 0.9999,0.01812 0 0.99984,0.01809 0 0.99984,0.01812 0 0.99984,0.01912 0 0.99982,0.01812 0 0.99984,0.01831 0 0.99983,0.01846 0 0.99983,0.0183 0 0.99983,0.01812 0 0.99984,0.01812 0 0.99984,0.01812 0 0.99984,0.01812 0 0.99984,-0.01812 0 -0.99984,0.02167 -0.09785 0.99497,0.03356 -0.99944 0,0.02739 -0.29077 0.9564,0.02991 -0.99955 0,-0.04549 -0.99896 0,-0.00502 -0.64553 0.76372,0 -0.99997 -0.00737,-0 -0.99992 -0.01258,0 -0.99996 -0.00919,-0.00209 -0.6578 0.75319,0 -0.9999 -0.01441,-0.00608 -0.72597 0.6877,-0 -0.99999 0.00338,-0 -1 0.00273,0 -0.99999 0.00527,0 -0.99993 0.01154,0 -0.99999 -0.00476,0 -0.99999 0.00352,-0 -0.99998 0.00556,0 -0.99999 0.00506,0 -0.99997 -0.00826,-0 -0.99998 -0.00677,-0 -1 0.00218,-0 -0.99999 0.00414,-0 -0.99999 0.00425,0 -0.99995 0.00955,0 -0.99999 -0.00532,-0 -0.99992 -0.01249,0 -0.99999 -0.00345,0 -0.9999 -0.01423,0 -0.99999 0.00403,-0.07563 -0.58325 -0.80877,-0.09945 -0.53854 -0.83671,-0.03326 -0.99945 0,-0.1314 -0.44072 -0.88797,-0.04522 -0.99898 0,-0.15676 0.21919 -0.96301,-0.16332 -0.98657 0,-0.0803 0.72083 -0.68845,-0.07432 0.78117 -0.61988,-0.08538 0.7192 -0.68954,-0.08936 0.57712 -0.81176,-0.08924 0.57954 -0.81005,-0.08962 0.57193 -0.81539,-0.09127 0.73153 -0.67568,-0.09373 0.56129 -0.82229,-0.0931 0.57204 -0.81493,-0.09393 0.55915 -0.82373,-0.09146 0.65265 -0.75212,-0.08709 0.65803 -0.74793,-0.0903 0.65408 -0.75102,-0.08969 0.57064 -0.81629,-0.08596 0.65941 -0.74685,-0.08355 0.72302 -0.68575,-0.08326 0.72057 -0.68836,-0.08326 0.72057 -0.68837,-0.08298 0.71811 -0.69096,-0.08625 0.73559 -0.67191,-0.08535 0.73398 -0.67378,-0.08666 0.73631 -0.67107,-0.08497 0.73331 -0.67456,-0.08468 0.72108 -0.68766,-0.10562 0.85689 -0.50456,-0.10255 0.71758 -0.68888,-0.07405 0.65004 -0.75628,-0.09959 0.7068 -0.70037,-0.07407 0.68206 -0.72753,-0.09099 0.83312 -0.54555,-0.09101 0.77116 -0.6301,-0.13148 -0.06672 -0.98907,-0.10595 0.2987 -0.94845,0 -0.99894 0.04593,-0.09642 -0.35252 -0.93082,-0 -0.99995 -0.01041,0 -1 -0.00285,-0.04638 -0.75788 0.65074,0 -0.9998 0.0202,-0.08299 -0.99655 0,-0.0575 0 0.99835,-0.04107 -0.68936 0.72326,-0.00296 -0.39738 0.91765,-0.01371 0 0.99991,-0.01247 -0.38082 0.92457,0 -0.4493 0.89338,0 -0.2922 0.95636,0 -0.09945 0.99504,0.00076 -0.09676 0.99531,0.00215 -0.09187 0.99577,0.00264 -0.35326 0.93552,0.00292 -0.08916 0.99601,0.00301 0 1,0.00304 0 1,0.00304 0 1,0.00306 0 1,0.01103 -0.13475 0.99082,0.00348 -0.11256 0.99364,0.0067 0 0.99998,0.00882 0.00148 0.99996,0.01445 -0.11453 0.99331,-0.0103 0.16915 0.98554,-0.10767 0.96986 0.21856,-0.10524 0.70266 0.7037,-0.18308 0.96351 0.19529,-0.07612 0 -0.9971,-0.09118 0.73216 0.675,0.08305 0 -0.99655,-0.07995 0.00553 0.99678,-0.06121 0.06016 0.99631,0.07402 0 -0.99726,-0.082 -0 0.99663,-0.08272 -0.00085 0.99657,-0.08236 -0.00203 0.9966,-0.08041 -0.0304 0.9963,-0.07188 0.01178 0.99734,-0.09542 -0.11132 0.98919,0.0786 0 -0.99691,0.07612 0 -0.9971,0.08966 0.17932 -0.9797,0.10094 0.17234 -0.97985,0.07564 0 -0.99713,0.07558 0 -0.99714,0.07617 0 -0.9971,0.07507 0 -0.99718,0.04569 -0.37231 -0.92698,-0.04377 0.37142 0.92743,0.07609 -2E-05 -0.9971,0.07609 0 -0.9971,0.07609 0 -0.9971,0.07542 -0 -0.99715,0.07599 0 -0.99711,0.07724 -0 -0.99701,0.07628 0 -0.99709,0.07542 -0 -0.99715,0.07615 0 -0.9971,0.07494 -0 -0.99719,0.07482 0 -0.9972,0.07609 0 -0.9971,0.07674 -0 -0.99705,0.07609 0 -0.9971,0.08434 0 -0.99644,0.07611 -0 -0.9971,0.07556 0 -0.99714,-0.07609 0 0.9971,0.07609 0 -0.9971,0.07609 0 -0.9971,0.07437 -0 -0.99723,0.07514 -0 -0.99717,0.07555 -0 -0.99714,0.0749 -0 -0.99719,0.07454 -0 -0.99722,0.07609 0 -0.9971,0.07604 3E-05 -0.9971,0.07609 0 -0.9971,0.0764 -0 -0.99708,0.07833 -0 -0.99693,0.07704 -0 -0.99703,0.07609 0 -0.9971,0.07672 -1E-05 -0.99705,0.07609 0 -0.9971,0.07966 0 -0.99682,0.07585 -2E-05 -0.99712,0.07523 0 -0.99717,-0.07609 0 0.9971,0.07609 0 -0.9971,0.07609 0 -0.9971,0.07909 0.0055 -0.99685,0.07738 -0 -0.997,0.07623 -0 -0.99709,0.07609 0 -0.9971,0.07563 -0 -0.99714,0.07609 0 -0.9971,0.07552 -0 -0.99714,0.07609 0 -0.9971,0.07593 0 -0.99711,0.07656 -0 -0.99706,0.0756 0 -0.99714,0.07704 -0 -0.99703,0.07733 0 -0.99701,0.07932 0 -0.99685,0.08269 0 -0.99658,0.07572 0 -0.99713,-0.07609 0 0.9971,0.07459 -0 -0.99721,0.07609 0 -0.9971,0.07609 0 -0.9971,0.0749 -0 -0.99719,0.07616 0 -0.9971,0.07609 0 -0.9971,0.07525 -0 -0.99716,0.07723 -0 -0.99701,0.077 0 -0.99703,0.07675 -0 -0.99705,0.07582 -0 -0.99712,0.07728 -0 -0.99701,0.06852 0.10098 -0.99253,0.07498 0 -0.99718,0.07905 0 -0.99687,0.08166 -0.05342 -0.99523,0.08177 -0.05497 -0.99513,0.0817 -0.05395 -0.9952,0.0818 -0.05543 -0.99511,0.06045 0.1209 -0.99082,-0.07496 -0.01441 0.99708,-0.07381 -0.01166 0.9972,-0.07461 -0.01473 0.9971,0.06955 0.07482 -0.99477,-0.07611 0 0.9971,-0.07581 0 0.99712,-0.07607 0 0.9971,0.07413 0.04448 -0.99626,-0.07643 -0.00755 0.99705,-0.07408 -0.0125 0.99717,0.0797 -0.06615 -0.99462,-0.0787 0.01593 0.99677,-0.07766 0.01354 0.99689,-0.0805 0.02002 0.99655,-0.08156 0.02244 0.99642,-0.07809 0.00473 0.99694,-0.07896 0 0.99688,0.07925 0 -0.99685,0.07574 0 -0.99713,0.0812 -0.05785 -0.99502,0.07784 -0.066 -0.99478,0.08003 -0.0607 -0.99494,0.07666 -0.06889 -0.99467,0.0739 0.03924 -0.99649,0.07564 0.03778 -0.99642,0.07311 0.0399 -0.99653,0.0765 0.03706 -0.99638,0.08013 -0.19842 -0.97684,0.09582 -0.24547 -0.96466,0.07426 0 -0.99724,0.07448 0.07585 -0.99433,0.07922 -0.01373 -0.99676,0.07184 0.01998 -0.99722,0.07432 0.05033 -0.99596,0.07681 0.05217 -0.99568,0.0736 0.0498 -0.99604,0.07778 0.05289 -0.99557,0.07789 -0.00519 -0.99695,0.07383 0.02167 -0.99704,0.06999 0.04339 -0.9966,0.06867 0.03561 -0.997,0.07037 0.12891 -0.98916,0.08284 0 -0.99656,0.08428 -0.01635 -0.99631,0.07918 0 -0.99686,0.07652 -0.03528 -0.99644,0.07847 -0.02639 -0.99657,0.07726 -0.03191 -0.9965,0.07921 -0.02302 -0.99659,0.07595 0 -0.99711,0.07354 0.09015 -0.99321,0.07354 0.08655 -0.99353,0.07354 0.08868 -0.99334,0.07354 0.08498 -0.99366,0.07977 0.00238 -0.99681,0.08232 0.00203 -0.9966,0.07442 -0.05934 -0.99546,0.07288 -0.03355 -0.99678,0.08447 -0.03303 -0.99588,0.07461 0.06027 -0.99539,-0.07778 0 0.99697,-0.2041 0.47624 0.8553,-0.07394 0.0169 0.99712,-0.07157 -0.00462 0.99742,0.08085 0 -0.99673,0.07953 0 -0.99683,0.07667 0.03474 -0.99645,0.07814 0 -0.99694,0.08109 -0 -0.99671,0.07571 0 -0.99713,0.0753 -0.06867 -0.99479,0.08257 0.00843 -0.99655,0.08161 0.00232 -0.99666,0.08125 0 -0.99669,0.07962 0.14941 -0.98556,0.08347 0 -0.99651,0.08304 0.01148 -0.99648,0.08037 -0.01741 -0.99661,0.08282 0 -0.99656,0.0712 -0.08634 -0.99372,0.07789 0 -0.99696,0.07862 0.03145 -0.99641,0.07984 0 -0.99681,0.07995 0 -0.9968,0.06822 -0.08305 -0.99421,0.06098 -0.21065 -0.97566,0.08323 0.09123 -0.99235,-0.07709 -0.00679 0.997,-0.07934 -0.01984 0.99665,0.07962 -0.14941 -0.98556,-0.07505 -0.01904 0.997,-0.07835 0.01798 0.99676,-0.08062 0 0.99674,-0.07635 0 0.99708,0 -0.04866 -0.99882,-0.07581 0 0.99712,0.04256 0.92305 -0.38231,-0.10584 -0.86094 0.49758,-0.06264 -0.71846 0.69274,-0.13054 -0.93596 -0.327,0.0452 0.89939 0.4348,0.18211 0.47314 -0.86196,-0.03933 0.76502 0.6428,0 0.99988 -0.01532,-0 0.99996 -0.00935,-0 1 -0.0016,0 0.99989 0.01457,0 0.99991 -0.01307,0.00273 0.85606 0.51687,-0.07394 0.76795 -0.63623,-0.11149 0.99016 0.08461,-0.1354 0.98725 -0.08372,-0.07409 0.5012 0.86215,-0.0251 0.7014 0.71232,-0.02558 0.65578 0.75452,-0.05107 0.97913 -0.19672,0.01673 0.77965 0.62599,0.01434 0.7331 0.67997,0 0.99965 0.02659,-0 0.99998 -0.00637,0 0.99996 -0.009,0 0.99998 0.00651,0 0.99999 0.00324,-0 1 0.00169,0 0.99989 -0.01479,-0.00654 0.69603 0.71798,-0.03495 0.94913 0.31293,-0.03353 0.99944 0,-0.00813 0.57312 0.81943,-0.03773 0.36604 0.92984,-0.0458 0.99895 0,-0.0051 0.53244 0.84646,-0.0082 0.39075 0.92046,-0.00944 0.37042 0.92882,-0.01071 0.41553 0.90952,-0.01072 0.47433 0.88028,-0.0124 0.03731 0.99923,-0.00909 0.08686 0.99618,-0.00877 0.08573 0.99628,-0.0097 0.08903 0.99598,-0.03081 0.09273 0.99521,-0.03034 0.1131 0.99312,-0.10576 -0.85994 0.49932,-0.07728 0.4498 0.88978,-0.1285 -0.9842 0.12183,-0.11434 -0.96955 0.21656,-0.11587 -0.93947 0.32243,-0.14431 -0.98771 -0.05997,-0.07885 -0.48667 0.87002,-0.11531 -0.89609 0.42863,-0.08191 -0.50604 0.85861,-0.01661 0 0.99986,-0.02582 -0.13696 0.99024,-0.02519 -0.13653 0.99032,-0.02368 -0.13551 0.99049,-0.02293 -0.135 0.99058,-0.00882 0 0.99996,-0.00894 0 0.99996,-0.00924 0.00492 0.99995,-0.00919 0.0099 0.99991,-0.01185 0.01776 0.99977,-0.01259 0.01889 0.99974,-0.15948 -0.91196 0.37801,-0.18272 -0.96523 0.18694,-0.04046 0 0.99918,-0.00964 0 0.99995,-0.01004 0.09026 0.99587,-0.0436 0.65657 0.753,-0.05865 0 0.99828,-0.1643 0.98641 0,-0.13235 -0.01753 -0.99105,-0.16092 -0.30068 -0.94005,-0.10993 -0.2957 -0.94894,-0.11003 -0.30075 -0.94733,-0.10997 -0.2977 -0.9483,-0.11007 -0.3028 -0.94668,-0.14905 -0.2524 -0.95607,-0.12767 0.00394 -0.99181,-0.07606 -0.9971 0,-0.08762 -0.73685 -0.67035,-0.04374 -0.37142 -0.92743,-0.12464 0 0.9922              ]
            }
            normalIndex [
0,1,2,-1,2,1,3,-1,4,2,3,-1,4,5,2,-1,6,6,6,-1,6,6,6,-1,7,5,4,-1,7,8,5,-1,9,8,7,-1,9,10,8,-1,11,10,9,-1,11,12,10,-1,13,12,11,-1,13,14,12,-1,15,14,13,-1,15,16,14,-1,15,16,15,-1,15,17,16,-1,18,17,15,-1,19,19,19,-1,20,20,20,-1,21,21,21,-1,22,22,22,-1,23,23,23,-1,24,24,24,-1,25,25,25,-1,26,26,26,-1,27,27,27,-1,28,28,28,-1,29,29,29,-1,30,30,30,-1,31,31,31,-1,32,32,32,-1,33,33,33,-1,34,34,34,-1,35,35,35,-1,36,37,38,-1,38,37,39,-1,38,39,40,-1,41,42,43,-1,42,41,44,-1,45,45,45,-1,46,46,46,-1,47,48,49,-1,50,50,50,-1,51,51,51,-1,52,52,52,-1,53,53,53,-1,54,54,54,-1,55,55,55,-1,56,56,56,-1,57,57,57,-1,58,58,58,-1,59,59,59,-1,60,60,60,-1,61,61,61,-1,62,62,62,-1,63,63,63,-1,64,64,64,-1,65,65,65,-1,66,66,66,-1,67,67,67,-1,68,68,68,-1,69,69,69,-1,70,70,70,-1,71,71,71,-1,72,72,72,-1,73,73,73,-1,74,74,74,-1,75,76,77,-1,76,78,77,-1,79,79,79,-1,80,80,80,-1,81,81,81,-1,82,82,82,-1,83,83,83,-1,84,84,84,-1,85,85,85,-1,86,86,86,-1,87,88,89,-1,90,90,90,-1,91,91,91,-1,92,92,92,-1,47,93,94,-1,95,95,95,-1,96,96,96,-1,97,97,97,-1,98,98,98,-1,99,99,99,-1,100,100,100,-1,101,102,103,-1,104,105,106,-1,107,107,107,-1,108,108,108,-1,109,109,109,-1,110,110,110,-1,111,111,111,-1,112,112,112,-1,113,113,113,-1,105,114,106,-1,115,115,115,-1,116,116,116,-1,117,118,119,-1,119,118,120,-1,121,121,121,-1,122,122,122,-1,123,123,123,-1,124,124,124,-1,125,125,125,-1,126,126,126,-1,127,128,129,-1,130,130,130,-1,131,131,131,-1,132,132,132,-1,133,133,133,-1,134,134,134,-1,121,121,121,-1,135,135,135,-1,136,136,136,-1,6,6,6,-1,137,137,137,-1,138,138,138,-1,139,139,139,-1,140,140,140,-1,141,141,141,-1,142,143,144,-1,6,143,142,-1,145,145,145,-1,6,146,147,-1,147,146,148,-1,132,132,132,-1,147,148,6,-1,149,149,149,-1,150,150,150,-1,151,151,151,-1,152,152,152,-1,153,153,153,-1,154,154,154,-1,155,156,157,-1,158,158,158,-1,159,159,159,-1,160,160,160,-1,161,162,163,-1,164,164,164,-1,157,156,165,-1,163,166,161,-1,167,167,167,-1,168,168,168,-1,169,170,171,-1,171,170,172,-1,169,173,170,-1,174,175,173,-1,174,173,169,-1,176,176,176,-1,169,177,174,-1,178,179,180,-1,181,175,174,-1,182,183,181,-1,184,180,179,-1,181,183,175,-1,182,185,183,-1,186,187,185,-1,186,185,182,-1,188,187,186,-1,189,189,189,-1,190,190,190,-1,186,182,191,-1,192,192,192,-1,193,193,193,-1,194,194,194,-1,195,195,195,-1,196,196,196,-1,197,197,197,-1,198,198,198,-1,199,199,199,-1,200,200,200,-1,201,201,201,-1,202,202,202,-1,203,203,203,-1,204,204,204,-1,205,205,205,-1,206,206,206,-1,207,207,207,-1,208,208,208,-1,209,209,209,-1,210,210,210,-1,211,211,211,-1,212,212,212,-1,213,213,213,-1,214,214,214,-1,215,215,215,-1,216,216,216,-1,217,217,217,-1,218,218,218,-1,219,219,219,-1,220,220,220,-1,221,221,221,-1,222,222,222,-1,223,223,223,-1,224,224,224,-1,225,225,225,-1,226,226,226,-1,227,227,227,-1,228,228,228,-1,229,229,229,-1,230,230,230,-1,231,231,231,-1,232,232,232,-1,233,233,233,-1,234,234,234,-1,235,235,235,-1,236,236,236,-1,237,237,237,-1,238,238,238,-1,239,239,239,-1,240,240,240,-1,241,241,241,-1,242,242,242,-1,243,243,243,-1,244,244,244,-1,245,245,245,-1,246,246,246,-1,247,247,247,-1,248,248,248,-1,249,249,249,-1,250,250,250,-1,251,251,251,-1,252,252,252,-1,253,253,253,-1,254,254,254,-1,255,256,257,-1,258,258,258,-1,256,259,257,-1,260,260,260,-1,261,261,261,-1,262,262,262,-1,263,263,263,-1,264,264,264,-1,265,266,267,-1,268,268,268,-1,269,269,269,-1,270,270,270,-1,271,271,271,-1,272,272,272,-1,273,273,273,-1,274,274,274,-1,275,275,275,-1,276,276,276,-1,277,277,277,-1,278,278,278,-1,279,279,279,-1,280,280,280,-1,281,281,281,-1,282,282,282,-1,283,283,283,-1,284,284,284,-1,285,286,287,-1,288,288,288,-1,289,289,289,-1,290,291,292,-1,293,292,291,-1,294,294,294,-1,295,295,295,-1,296,297,298,-1,298,297,299,-1,300,300,300,-1,301,301,301,-1,302,302,302,-1,303,303,303,-1,304,304,304,-1,305,305,305,-1,306,307,308,-1,309,309,309,-1,310,310,310,-1,311,312,313,-1,314,313,312,-1,315,316,317,-1,317,316,318,-1,307,319,308,-1,320,321,322,-1,322,321,323,-1,324,325,326,-1,327,324,326,-1,328,328,328,-1,329,329,329,-1,330,330,330,-1,331,331,331,-1,332,332,332,-1,333,333,333,-1,334,334,334,-1,335,335,335,-1,336,336,336,-1,337,337,337,-1,338,338,338,-1,339,339,339,-1,340,340,340,-1,341,341,341,-1,342,342,342,-1,343,343,343,-1,344,344,344,-1,345,345,345,-1,346,346,346,-1,347,347,347,-1,348,348,348,-1,6,6,6,-1,6,6,6,-1,6,6,6,-1,349,349,349,-1,350,350,350,-1,351,351,351,-1,352,352,352,-1,6,6,6,-1,353,354,355,-1,356,356,356,-1,357,357,357,-1,358,353,355,-1,359,359,359,-1,360,361,362,-1,363,363,363,-1,360,362,364,-1,364,362,365,-1,366,366,366,-1,367,367,367,-1,364,365,368,-1,369,368,365,-1,370,370,370,-1,371,371,371,-1,372,373,374,-1,6,6,6,-1,6,6,6,-1,6,6,6,-1,6,6,6,-1,375,375,375,-1,376,376,376,-1,377,378,379,-1,380,380,380,-1,381,381,381,-1,379,378,382,-1,383,383,383,-1,384,384,384,-1,385,386,387,-1,385,387,388,-1,389,389,389,-1,390,391,392,-1,390,392,393,-1,394,394,394,-1,395,395,395,-1,396,396,396,-1,397,398,399,-1,400,400,400,-1,401,401,401,-1,393,393,393,-1,402,402,402,-1,403,403,403,-1,404,404,404,-1,405,405,405,-1,406,406,406,-1,407,407,407,-1,408,408,408,-1,409,409,409,-1,410,410,410,-1,411,411,411,-1,412,413,414,-1,415,415,415,-1,416,416,416,-1,417,417,417,-1,412,414,418,-1,419,419,419,-1,420,420,420,-1,421,421,421,-1,422,422,422,-1,423,423,423,-1,424,424,424,-1,425,425,425,-1,426,426,426,-1,427,428,429,-1,430,427,429,-1,431,431,431,-1,432,432,432,-1,433,433,433,-1,434,434,434,-1,435,435,435,-1,436,436,436,-1,437,437,437,-1,438,439,440,-1,441,441,441,-1,442,442,442,-1,443,443,443,-1,444,444,444,-1,445,445,445,-1,446,446,446,-1,447,447,447,-1,448,448,448,-1,449,450,451,-1,452,452,452,-1,450,453,451,-1,454,454,454,-1,455,455,455,-1,456,457,458,-1,459,457,456,-1,460,460,460,-1,461,462,463,-1,464,464,464,-1,465,465,465,-1,466,466,466,-1,467,467,467,-1,468,468,468,-1,469,469,469,-1,470,462,461,-1,471,471,471,-1,472,473,474,-1,475,475,475,-1,476,476,476,-1,477,477,477,-1,478,478,478,-1,479,479,479,-1,480,474,473,-1,481,481,481,-1,482,482,482,-1,128,483,129,-1,484,484,484,-1,485,485,485,-1,486,486,486,-1,487,487,487,-1,488,488,488,-1,489,489,489,-1,490,491,492,-1,493,493,493,-1,494,494,494,-1,495,495,495,-1,496,497,498,-1,499,499,499,-1,500,500,500,-1,501,501,501,-1,502,498,503,-1,504,504,504,-1,505,505,505,-1,506,506,506,-1,507,508,509,-1,510,510,510,-1,511,511,511,-1,512,512,512,-1,513,514,515,-1,516,515,514,-1,501,501,501,-1,517,517,517,-1,518,518,518,-1,506,506,506,-1,519,519,519,-1,520,521,522,-1,523,523,523,-1,524,524,524,-1,525,525,525,-1,526,527,528,-1,529,529,529,-1,530,530,530,-1,531,532,533,-1,534,397,399,-1,535,536,537,-1,537,538,535,-1,533,539,531,-1,535,538,540,-1,535,540,541,-1,535,541,542,-1,535,542,536,-1,542,541,543,-1,542,543,544,-1,544,543,545,-1,544,545,546,-1,546,545,547,-1,546,547,548,-1,548,547,549,-1,548,549,550,-1,550,549,551,-1,550,551,552,-1,552,551,553,-1,552,553,554,-1,554,553,555,-1,556,556,556,-1,557,557,557,-1,558,558,558,-1,559,559,559,-1,560,560,560,-1,561,561,561,-1,562,562,562,-1,563,563,563,-1,564,564,564,-1,565,565,565,-1,566,566,566,-1,567,567,567,-1,568,568,568,-1,569,569,569,-1,570,570,570,-1,571,571,571,-1,572,572,572,-1,573,573,573,-1,574,574,574,-1,575,576,577,-1,575,577,578,-1,578,577,579,-1,578,579,580,-1,580,579,581,-1,580,581,582,-1,582,581,583,-1,582,583,584,-1,584,583,576,-1,584,576,585,-1,585,576,9,-1,585,9,586,-1,586,9,587,-1,586,587,588,-1,588,587,589,-1,590,590,590,-1,591,591,591,-1,592,592,592,-1,593,594,595,-1,594,593,596,-1,597,597,597,-1,598,598,598,-1,599,599,599,-1,600,600,600,-1,601,601,601,-1,602,602,602,-1,603,603,603,-1,604,604,604,-1,605,605,605,-1,606,606,606,-1,607,607,607,-1,608,320,322,-1,609,609,609,-1,610,610,610,-1,611,611,611,-1,612,612,612,-1,613,613,613,-1,614,614,614,-1,615,615,615,-1,616,616,616,-1,617,617,617,-1,618,618,618,-1,619,619,619,-1,620,285,287,-1,621,621,621,-1,594,622,595,-1,168,168,168,-1,594,596,623,-1,594,623,624,-1,624,623,625,-1,624,625,626,-1,626,625,627,-1,626,627,628,-1,628,627,629,-1,628,629,630,-1,630,629,631,-1,630,631,632,-1,632,631,633,-1,632,633,634,-1,634,633,635,-1,634,635,636,-1,636,635,172,-1,637,638,639,-1,640,640,640,-1,639,173,641,-1,639,641,642,-1,642,641,643,-1,642,643,644,-1,644,643,645,-1,644,645,646,-1,646,645,647,-1,646,647,648,-1,648,647,649,-1,648,649,650,-1,650,649,651,-1,650,651,652,-1,652,651,653,-1,652,653,654,-1,654,653,655,-1,656,657,658,-1,659,659,659,-1,658,655,635,-1,658,635,660,-1,660,635,661,-1,660,661,662,-1,662,661,663,-1,662,663,664,-1,664,663,665,-1,664,665,666,-1,666,665,655,-1,666,655,667,-1,667,655,668,-1,667,668,669,-1,669,668,670,-1,669,670,671,-1,671,670,172,-1,672,673,674,-1,675,675,675,-1,674,676,677,-1,674,677,188,-1,188,677,187,-1,674,188,678,-1,674,678,672,-1,679,679,679,-1,680,680,680,-1,681,681,681,-1,682,682,682,-1,683,683,683,-1,684,684,684,-1,669,685,667,-1,686,686,686,-1,687,688,689,-1,184,689,688,-1,662,664,690,-1,691,691,691,-1,692,692,692,-1,693,693,693,-1,658,660,694,-1,695,695,695,-1,658,694,656,-1,696,696,696,-1,697,697,697,-1,698,698,698,-1,652,699,650,-1,700,700,700,-1,701,702,703,-1,704,703,702,-1,644,646,705,-1,706,706,706,-1,707,707,707,-1,708,708,708,-1,639,642,709,-1,710,710,710,-1,639,709,637,-1,711,711,711,-1,712,712,712,-1,713,713,713,-1,634,714,632,-1,715,715,715,-1,716,717,718,-1,719,718,717,-1,626,628,720,-1,721,721,721,-1,722,722,722,-1,723,723,723,-1,594,624,622,-1,724,724,724,-1,725,725,725,-1,726,726,726,-1,727,727,727,-1,728,728,728,-1,6,729,6,-1,730,6,729,-1,6,730,731,-1,730,729,731,-1,6,6,6,-1,732,732,732,-1,6,6,6,-1,6,6,6,-1,6,6,6,-1,6,6,6,-1,6,6,6,-1,733,733,733,-1,6,734,735,-1,735,734,736,-1,735,736,6,-1,6,6,736,-1,6,737,369,-1,737,368,369,-1,738,738,738,-1,739,373,372,-1,740,740,740,-1,741,741,741,-1,742,742,742,-1,743,743,743,-1,744,744,744,-1,745,745,745,-1,746,746,746,-1,747,747,747,-1,748,749,750,-1,751,750,749,-1,544,546,752,-1,753,753,753,-1,542,544,754,-1,755,755,755,-1,542,754,536,-1,756,756,756,-1,757,758,759,-1,760,761,762,-1,763,763,763,-1,759,764,757,-1,760,765,766,-1,766,761,760,-1,767,767,767,-1,768,769,770,-1,771,771,771,-1,769,772,770,-1,773,773,773,-1,774,775,776,-1,777,777,777,-1,775,778,776,-1,779,780,781,-1,779,781,782,-1,782,781,783,-1,784,784,784,-1,785,786,787,-1,788,789,790,-1,791,792,793,-1,794,795,796,-1,797,798,799,-1,800,800,800,-1,801,802,803,-1,804,804,804,-1,805,805,805,-1,806,807,808,-1,809,807,806,-1,810,810,810,-1,811,811,811,-1,812,801,803,-1,813,813,813,-1,814,814,814,-1,815,812,816,-1,812,803,816,-1,817,818,819,-1,820,821,822,-1,823,824,825,-1,825,824,826,-1,827,828,829,-1,830,831,832,-1,833,834,835,-1,836,837,838,-1,837,791,793,-1,837,793,838,-1,839,839,839,-1,840,841,842,-1,843,843,843,-1,825,826,844,-1,845,840,842,-1,846,846,846,-1,847,847,847,-1,848,848,848,-1,849,849,849,-1,850,851,852,-1,853,797,799,-1,851,854,852,-1,855,856,857,-1,858,859,860,-1,861,862,863,-1,863,862,864,-1,865,866,867,-1,868,868,868,-1,869,869,869,-1,827,870,828,-1,867,866,789,-1,867,789,788,-1,871,871,871,-1,872,872,872,-1,873,873,873,-1,874,874,874,-1,875,875,875,-1,876,877,878,-1,878,877,879,-1,880,880,880,-1,881,881,881,-1,882,882,882,-1,883,785,787,-1,884,884,884,-1,885,885,885,-1,886,887,888,-1,888,887,889,-1,890,886,888,-1,888,889,891,-1,892,888,891,-1,893,893,893,-1,894,894,894,-1,895,895,895,-1,896,896,896,-1,897,897,897,-1,898,898,898,-1,899,899,899,-1,900,900,900,-1,901,901,901,-1,902,902,902,-1,903,903,903,-1,904,904,904,-1,905,905,905,-1,906,907,908,-1,909,909,909,-1,908,907,910,-1,911,911,911,-1,912,913,914,-1,915,915,915,-1,916,916,916,-1,917,917,917,-1,918,918,918,-1,919,919,919,-1,920,912,921,-1,921,912,914,-1,922,920,921,-1,922,921,923,-1,924,925,926,-1,925,927,926,-1,928,929,930,-1,931,930,929,-1,932,933,934,-1,934,933,935,-1,936,936,936,-1,937,937,937,-1,900,900,900,-1,938,938,938,-1,939,940,941,-1,942,942,942,-1,942,942,942,-1,943,943,943,-1,944,945,946,-1,947,947,947,-1,948,948,948,-1,949,949,949,-1,950,950,950,-1,951,951,951,-1,952,952,952,-1,953,954,955,-1,956,956,956,-1,957,957,957,-1,897,897,897,-1,958,958,958,-1,959,959,959,-1,960,960,960,-1,961,961,961,-1,962,962,962,-1,963,963,963,-1,964,964,964,-1,965,965,965,-1,966,966,966,-1,967,967,967,-1,968,968,968,-1,969,969,969,-1,970,970,970,-1,971,971,971,-1,972,972,972,-1,973,973,973,-1,974,974,974,-1,975,975,975,-1,976,976,976,-1,977,977,977,-1,978,978,978,-1,979,980,981,-1,982,979,981,-1,983,983,983,-1,984,984,984,-1,985,985,985,-1,986,986,986,-1,987,987,987,-1,982,982,982,-1,982,982,982,-1,988,988,988,-1,989,989,989,-1,990,990,990,-1,982,979,982,-1,991,991,991,-1,982,982,979,-1,992,992,992,-1,993,994,995,-1,986,986,986,-1,982,996,979,-1,994,997,995,-1,979,996,998,-1,999,999,999,-1,1000,1000,1000,-1,1001,1002,1003,-1,1004,1004,1004,-1,1005,1005,1005,-1,982,982,982,-1,982,982,982,-1,1006,1006,1006,-1,1007,1007,1007,-1,1008,1001,1003,-1,1009,1009,1009,-1,982,1010,1011,-1,1011,1010,1012,-1,1010,1013,1012,-1,1011,1012,982,-1,982,982,1012,-1,1014,1015,1016,-1,1016,1015,1017,-1,1018,1018,1018,-1,1019,1019,1019,-1,1020,1020,1020,-1,742,742,742,-1,1021,1021,1021,-1,1022,1022,1022,-1,1023,1023,1023,-1,1024,1024,1024,-1,1025,1025,1025,-1,1026,1026,1026,-1,1027,1027,1027,-1,1028,1028,1028,-1,1029,1029,1029,-1,1030,1030,1030,-1,1031,1031,1031,-1,1032,1032,1032,-1,1033,1033,1033,-1,1034,1034,1034,-1,1035,1035,1035,-1,393,393,393,-1,393,393,393,-1,1036,1036,1036,-1,1037,1037,1037,-1,1038,1039,1040,-1,1041,1041,1041,-1,1042,1042,1042,-1,1043,1044,1045,-1,748,1045,1044,-1,1046,1046,1046,-1,1047,1047,1047,-1,746,746,746,-1,1040,1048,1038,-1,1049,1049,1049,-1,1050,1051,1052,-1,1053,1053,1053,-1,1052,1054,1055,-1,1056,1056,1056,-1,1055,555,1057,-1,1055,1057,1058,-1,1058,1057,1059,-1,1058,1059,1060,-1,1060,1059,1061,-1,1060,1061,1062,-1,1062,1061,1063,-1,1062,1063,1064,-1,1064,1063,1065,-1,1064,1065,1066,-1,1066,1065,1067,-1,1066,1067,1068,-1,1068,1067,1069,-1,1068,1069,1070,-1,1070,1069,1071,-1,512,512,512,-1,1072,1072,1072,-1,1073,1073,1073,-1,1074,1074,1074,-1,1075,1075,1075,-1,1076,1076,1076,-1,1077,1077,1077,-1,1078,1079,1080,-1,1078,1080,1081,-1,1082,1082,1082,-1,1083,1083,1083,-1,1084,1084,1084,-1,1085,1085,1085,-1,1086,1086,1086,-1,1087,1087,1087,-1,1088,1088,1088,-1,1089,1089,1089,-1,1090,1090,1090,-1,1091,1092,1093,-1,1094,1095,1096,-1,1097,1097,1097,-1,1098,1092,1091,-1,1099,1099,1099,-1,1100,1094,1101,-1,1101,1094,1096,-1,1055,1058,1102,-1,1055,1102,1052,-1,1052,1102,1103,-1,1104,1104,1104,-1,1105,1105,1105,-1,1106,1106,1106,-1,1107,1107,1107,-1,1108,1109,1110,-1,513,1110,1109,-1,1111,1111,1111,-1,1112,1112,1112,-1,1113,1113,1113,-1,1052,1103,1050,-1,982,982,982,-1,1114,1114,1114,-1,1115,1115,1115,-1,1116,1116,1116,-1,1117,1117,1117,-1,1118,1118,1118,-1,1119,1119,1119,-1,1120,1120,1120,-1,1121,1121,1121,-1,1122,1122,1122,-1,1123,1123,1123,-1,1124,1124,1124,-1,1125,1125,1125,-1,1126,1126,1126,-1,1127,1127,1127,-1,1128,1128,1128,-1,1129,1129,1129,-1,1130,1130,1130,-1,1131,1131,1131,-1,1132,1132,1132,-1,1133,1133,1133,-1,1134,1134,1134,-1,1135,1135,1135,-1,1136,1136,1136,-1,1137,1137,1137,-1,1138,1138,1138,-1,1139,1139,1139,-1,1140,1140,1140,-1,1141,1141,1141,-1,1142,1142,1142,-1,1143,1143,1143,-1,1144,1144,1144,-1,1145,1145,1145,-1,1146,1146,1146,-1,1147,1147,1147,-1,1148,1149,1150,-1,1151,1149,1148,-1,1152,1152,1152,-1,1153,1153,1153,-1,1154,1154,1154,-1,1155,1156,1157,-1,1158,1158,1158,-1,1159,1159,1159,-1,1160,1160,1160,-1,1161,1157,1162,-1,1163,1163,1163,-1,1164,1164,1164,-1,1165,1165,1165,-1,1166,1166,1166,-1,1167,1167,1167,-1,1152,1152,1152,-1,1168,1168,1168,-1,1169,1169,1169,-1,1170,1171,1172,-1,1173,1173,1173,-1,1174,1174,1174,-1,1175,1175,1175,-1,1176,1176,1176,-1,1177,1177,1177,-1,1178,1178,1178,-1,1179,1179,1179,-1,1180,1180,1180,-1,1181,1181,1181,-1,1182,1182,1182,-1,1183,1183,1183,-1,1184,1184,1184,-1,1185,1185,1185,-1,1186,1186,1186,-1,1187,1187,1187,-1,1188,1189,1190,-1,1191,1191,1191,-1,1192,1192,1192,-1,1193,1193,1193,-1,1194,1194,1194,-1,1195,1195,1195,-1,1196,1196,1196,-1,1197,1197,1197,-1,1198,1198,1198,-1,1199,1199,1199,-1,1200,1200,1200,-1,1201,1202,1203,-1,1201,1204,1205,-1,1206,1206,1206,-1,1207,1207,1207,-1,1208,1208,1208,-1,1209,1210,1211,-1,982,982,982,-1,1212,1212,1212,-1,982,982,982,-1,1213,1214,1215,-1,1216,1216,1216,-1,1217,1217,1217,-1,1218,1219,1220,-1,1221,1221,1221,-1,1222,1222,1222,-1,1223,1223,1223,-1,1224,1224,1224,-1,1225,1226,1227,-1,1225,1227,1228,-1,1229,1229,1229,-1,1230,1230,1230,-1,1231,1231,1231,-1,1232,1232,1232,-1,1233,1233,1233,-1,1234,1235,1236,-1,1237,1238,1239,-1,1240,1240,1240,-1,1241,1241,1241,-1,1239,1152,1237,-1,1242,1243,1244,-1,1244,1245,1242,-1,1246,1246,1246,-1,1247,1248,1249,-1,1250,1250,1250,-1,1251,1251,1251,-1,1252,1252,1252,-1,1234,1253,1254,-1,1254,1253,1255,-1,1256,1256,1256,-1,1257,1258,1259,-1,1260,1261,1262,-1,1263,1263,1263,-1,1259,1264,1257,-1,1260,1265,1266,-1,1266,1261,1260,-1,1267,1268,1269,-1,1269,1268,1270,-1,1271,1272,1273,-1,1274,1275,1276,-1,1276,1275,1277,-1,1278,1279,1280,-1,1266,1281,1282,-1,1282,1283,1266,-1,1284,1284,1284,-1,1266,1283,1261,-1,1282,1285,1283,-1,1286,1287,1285,-1,1286,1285,1282,-1,1288,1287,1286,-1,1288,1286,1289,-1,1282,1289,1286,-1,1290,1291,1292,-1,1292,1291,1293,-1,1294,1295,1296,-1,1297,1294,1296,-1,1298,1298,1298,-1,1299,1299,1299,-1,1300,1301,1302,-1,1303,1300,1302,-1,1304,1304,1304,-1,1305,1305,1305,-1,1279,1306,1280,-1,1307,1307,1307,-1,1308,1309,1310,-1,1311,1311,1311,-1,1310,1309,1312,-1,1310,1312,1313,-1,1314,1314,1314,-1,1315,1316,1317,-1,1318,1318,1318,-1,1319,1320,1321,-1,1322,1323,1324,-1,1325,1320,1326,-1,1319,1326,1320,-1,1327,1320,1328,-1,1325,1328,1320,-1,1327,1329,1320,-1,1330,1330,1330,-1,1331,1331,1331,-1,1332,1333,1334,-1,1335,1335,1335,-1,1336,1332,1334,-1,1337,1337,1337,-1,1338,1339,1340,-1,1339,1341,1340,-1,1342,1343,1344,-1,1345,1346,1347,-1,1348,1349,1350,-1,1350,1349,1351,-1,1352,1353,1354,-1,1355,1355,1355,-1,1356,1356,1356,-1,1357,1357,1357,-1,1358,1358,1358,-1,1359,1360,1361,-1,1361,1360,1362,-1,1363,1363,1363,-1,1364,1365,1366,-1,1367,1368,1369,-1,1370,1325,1326,-1,1368,1371,1369,-1,1372,1373,1374,-1,1375,1376,1377,-1,1378,1379,1380,-1,1380,1379,1381,-1,1382,1383,1384,-1,1385,1382,1384,-1,1386,1387,1388,-1,1388,1387,1389,-1,1384,1383,1390,-1,1387,1391,1389,-1,1392,1393,1394,-1,1395,1395,1395,-1,1396,1396,1396,-1,1397,1397,1397,-1,1398,1398,1398,-1,1399,1399,1399,-1,1400,1400,1400,-1,1401,1401,1401,-1,1402,1403,1404,-1,1405,1406,1407,-1,1408,1319,1321,-1,1406,1409,1407,-1,1410,1411,1412,-1,1413,1414,1415,-1,1416,1417,1418,-1,1418,1417,1419,-1,1420,1421,1422,-1,1423,1423,1423,-1,1424,1422,1425,-1,1425,1422,1315,-1,1422,1421,1316,-1,1422,1316,1315,-1,1426,1427,1428,-1,1429,1429,1429,-1,1430,1430,1430,-1,1431,1323,1322,-1,1432,1432,1432,-1,1433,1433,1433,-1,1434,1434,1434,-1,1435,1435,1435,-1,1436,1436,1436,-1,1437,1438,1439,-1,1440,1440,1440,-1,1438,1441,1439,-1,1442,1442,1442,-1,42,1443,43,-1,1444,1444,1444,-1,1445,1427,1426,-1,42,1445,1426,-1,42,1446,1445,-1,1447,1414,1413,-1,1445,1448,1449,-1,1445,1449,1450,-1,1445,1446,1451,-1,1445,1451,1448,-1,1449,1448,1452,-1,1449,1452,1453,-1,1453,1452,1454,-1,1453,1454,1455,-1,1455,1454,1456,-1,1455,1456,1457,-1,1457,1456,1458,-1,1459,1460,1461,-1,1462,1462,1462,-1,1461,1463,1464,-1,1461,1464,1465,-1,1465,1464,1466,-1,1465,1466,1467,-1,1467,1466,1468,-1,1467,1468,1469,-1,1469,1468,1470,-1,1469,1470,1471,-1,1471,1470,1472,-1,1471,1472,1473,-1,1473,1472,1474,-1,1473,1474,1475,-1,1475,1474,1476,-1,1475,1476,1477,-1,1477,1476,1478,-1,1479,1480,1481,-1,1482,1482,1482,-1,1481,1483,1484,-1,1481,1484,1485,-1,1485,1484,1486,-1,1485,1486,1487,-1,1487,1486,1488,-1,1487,1488,1489,-1,1489,1488,1490,-1,1489,1490,1491,-1,1491,1490,1492,-1,1491,1492,1493,-1,1493,1492,1494,-1,1493,1494,1495,-1,1495,1494,1496,-1,1495,1496,1497,-1,1497,1496,1498,-1,1499,1460,1500,-1,1501,1501,1501,-1,1502,1503,1504,-1,1502,1504,1505,-1,1502,1505,1506,-1,1506,1505,1507,-1,1506,1507,1288,-1,1288,1507,1287,-1,1508,1509,1510,-1,1500,1511,1499,-1,1502,1506,1512,-1,1513,1513,1513,-1,1510,1509,1514,-1,1515,1515,1515,-1,1516,1516,1516,-1,1517,1517,1517,-1,1518,1518,1518,-1,1497,1519,1495,-1,1520,1520,1520,-1,1495,1521,1493,-1,1522,1342,1344,-1,1493,1523,1491,-1,1524,1525,1526,-1,1162,1526,1527,-1,1489,1491,1528,-1,1529,1162,1527,-1,1530,1525,1524,-1,1531,1531,1531,-1,1532,1532,1532,-1,1533,1533,1533,-1,1534,1534,1534,-1,1152,1152,1152,-1,1241,1241,1241,-1,1241,1241,1241,-1,1535,1535,1535,-1,1487,1489,1353,-1,1536,1346,1345,-1,1485,1487,1352,-1,1487,1353,1352,-1,1481,1485,1537,-1,1538,1538,1538,-1,1481,1537,1479,-1,1539,1359,1361,-1,1477,1540,1475,-1,1541,1372,1374,-1,1475,1281,1473,-1,1473,1542,1471,-1,1469,1471,1542,-1,1467,1469,1543,-1,1544,1376,1375,-1,1465,1467,1545,-1,1546,1393,1392,-1,1461,1465,1547,-1,1548,1548,1548,-1,1549,1549,1549,-1,1461,1547,1459,-1,1457,1402,1455,-1,1455,1402,1404,-1,1455,1404,1453,-1,1550,1410,1412,-1,1453,1450,1449,-1,42,1551,1446,-1,42,44,1551,-1,1552,1552,1552,-1,1553,1554,88,-1,89,88,1554,-1,1555,1555,1555,-1,1556,1556,1556,-1,1557,1558,1559,-1,1560,1557,1559,-1,1561,1553,88,-1,1562,1562,1562,-1,1563,1563,1563,-1,1564,1564,1564,-1,1565,1424,1425,-1,1566,1566,1566,-1,48,1512,49,-1,103,102,1567,-1,1568,1569,1156,-1,1156,1569,1386,-1,1570,1382,1385,-1,94,93,1571,-1,1388,1572,1526,-1,1573,1526,1572,-1,1574,1575,1576,-1,1577,1575,1574,-1,1157,1386,1388,-1,1157,1388,1162,-1,1162,1388,1526,-1,1156,1386,1157,-1,1578,1364,1366,-1,1524,1526,1573,-1,1273,1579,1580,-1,1581,1581,1581,-1,1582,1582,1582,-1,1273,1272,1579,-1,1506,1288,1583,-1,1584,1584,1584,-1,1585,1585,1585,-1,1249,1248,1586,-1,1254,1255,1587,-1,1254,1587,1588,-1,1588,1587,1589,-1,1588,1589,1590,-1,1590,1589,1591,-1,1590,1591,1592,-1,1592,1591,1593,-1,1592,1593,1594,-1,1594,1593,1595,-1,1594,1595,1596,-1,1596,1595,1597,-1,1596,1597,1598,-1,1598,1597,1599,-1,1598,1599,1598,-1,1598,1599,1600,-1,1245,1245,1245,-1,1601,1601,1601,-1,1602,1602,1602,-1,1603,1603,1603,-1,1604,1604,1604,-1,1605,1605,1605,-1,1606,1606,1606,-1,1607,1607,1607,-1,982,982,982,-1,1608,1609,1610,-1,1611,1611,1611,-1,1610,1609,1612,-1,1613,1210,1209,-1,1614,1615,982,-1,982,982,1615,-1,1616,1617,1615,-1,1614,1616,1615,-1,1618,1616,1614,-1,1618,1619,1616,-1,1620,1619,1618,-1,1620,1621,1619,-1,982,1621,1620,-1,982,1622,1621,-1,1622,1623,1621,-1,982,1624,1625,-1,1624,1626,1625,-1,1621,1623,1201,-1,1625,1626,1627,-1,1623,1202,1201,-1,1628,1629,1630,-1,1624,982,1626,-1,1630,1629,1631,-1,1626,1632,1627,-1,982,1629,982,-1,1628,982,1629,-1,1633,1633,1633,-1,1634,1634,1634,-1,1635,1635,1635,-1,1636,1636,1636,-1,1637,1637,1637,-1,1638,1638,1638,-1,1639,1639,1639,-1,1640,1640,1640,-1,1641,1641,1641,-1,1642,1642,1642,-1,1643,1644,1645,-1,1646,1646,1646,-1,1647,1648,1188,-1,1647,1188,1649,-1,1650,1651,1652,-1,1643,1653,1644,-1,1652,1651,1654,-1,1648,1189,1188,-1,1655,1656,1657,-1,1658,1657,1656,-1,1659,1660,1661,-1,1662,1659,1661,-1,1663,1663,1663,-1,1664,1664,1664,-1,1665,1665,1665,-1,1666,1666,1666,-1,1667,1667,1667,-1,1668,1668,1668,-1,1669,1669,1669,-1,1670,1670,1670,-1,1671,1671,1671,-1,1672,1672,1672,-1,1673,1673,1673,-1,1674,1674,1674,-1,1621,1201,1619,-1,1619,1201,1205,-1,1619,1675,1616,-1,1616,1675,1676,-1,1677,1677,1677,-1,982,982,982,-1,1678,1678,1678,-1,1679,1679,1679,-1,1680,1680,1680,-1,1681,1681,1681,-1,1682,1682,1682,-1,1683,1683,1683,-1,1684,1684,1684,-1,1685,1213,1215,-1,1686,1686,1686,-1,1241,1241,1241,-1,1687,1688,1689,-1,1690,1218,1220,-1,1688,1691,1689,-1,1692,1693,1694,-1,1695,1694,1693,-1,1696,1696,1696,-1,1697,1697,1697,-1,1590,1592,1698,-1,1588,1590,1699,-1,1700,1700,1700,-1,1254,1588,1235,-1,1588,1699,1235,-1,1254,1235,1234,-1,1701,1701,1701,-1,1170,1172,1702,-1,1703,1703,1703,-1,1704,1704,1704,-1,1705,1568,1156,-1,1706,1706,1706,-1,955,954,1707,-1,1708,1708,1708,-1,1709,1709,1709,-1,946,945,1710,-1,1711,1712,491,-1,491,1712,1713,-1,1714,1714,1714,-1,1715,831,830,-1,1716,1716,1716,-1,941,940,1717,-1,1718,1717,940,-1,1719,1719,1719,-1,1720,1720,1720,-1,1721,1722,1723,-1,1724,1721,1723,-1,944,1718,940,-1,1725,1725,1725,-1,1726,1726,1726,-1,886,890,1727,-1,886,1727,1728,-1,886,1728,1729,-1,886,1729,1730,-1,886,1730,1731,-1,1731,1730,1732,-1,1731,1732,1733,-1,1733,1732,1734,-1,1733,1734,1735,-1,1735,1734,1736,-1,1735,1736,1737,-1,1737,1736,1738,-1,1737,1738,1739,-1,1739,1738,1740,-1,1741,1742,1743,-1,1744,1744,1744,-1,1743,1745,1746,-1,1743,1746,1747,-1,1747,1746,1748,-1,1747,1748,1749,-1,1749,1748,1750,-1,1749,1750,1751,-1,1751,1750,1752,-1,1751,1752,1753,-1,1753,1752,1754,-1,1753,1754,1755,-1,1755,1754,1756,-1,1755,1756,1757,-1,1757,1756,1758,-1,1757,1758,1759,-1,1759,1758,1760,-1,1761,1762,1763,-1,1764,1764,1764,-1,1763,1765,1766,-1,1763,1766,1767,-1,1767,1766,1768,-1,1767,1768,1769,-1,1769,1768,1770,-1,1769,1770,1771,-1,1771,1770,1772,-1,1771,1772,1773,-1,1773,1772,1774,-1,1773,1774,1775,-1,1775,1774,1776,-1,1775,1776,1777,-1,1777,1776,1778,-1,1777,1778,1779,-1,1779,1778,1745,-1,1780,1781,1782,-1,1783,1783,1783,-1,1784,1785,1786,-1,1784,1786,1787,-1,1784,1787,1788,-1,1788,1787,1789,-1,1788,1789,1790,-1,1790,1789,1791,-1,1790,1791,1792,-1,1792,1791,1793,-1,1792,1793,1794,-1,1794,1793,1795,-1,1794,1795,766,-1,766,1795,761,-1,1796,1796,1796,-1,766,1797,1794,-1,1794,1798,1792,-1,1790,1792,1798,-1,1799,1800,1801,-1,1801,1800,1802,-1,1803,1803,1803,-1,1788,1790,1797,-1,1804,1805,1806,-1,1807,1807,1807,-1,1808,1809,1810,-1,1811,1811,1811,-1,1806,1812,1813,-1,1814,780,779,-1,1815,1816,1817,-1,1818,1816,1815,-1,1806,1805,1812,-1,836,838,1819,-1,498,836,1819,-1,498,1819,503,-1,509,508,1820,-1,1771,1773,1821,-1,1775,1822,1773,-1,1823,1824,1825,-1,1825,1824,1826,-1,1827,1828,1829,-1,1830,1827,1829,-1,1831,1831,1831,-1,1832,1832,1832,-1,1777,1833,1775,-1,1834,1834,1834,-1,1835,1835,1835,-1,1836,1836,1836,-1,1837,1838,1839,-1,1837,1839,1840,-1,1841,1841,1841,-1,1842,1842,1842,-1,1843,1843,1843,-1,1844,1844,1844,-1,1845,1845,1845,-1,1782,1846,1780,-1,1847,1847,1847,-1,1779,1848,1777,-1,1849,1850,1851,-1,1851,1850,1852,-1,1769,1771,1853,-1,1854,1855,1856,-1,1856,1855,1857,-1,1767,1769,1858,-1,1767,1858,1859,-1,1860,1860,1860,-1,1861,1861,1861,-1,1763,1767,1859,-1,1763,1859,1761,-1,1862,1862,1862,-1,1863,1863,1863,-1,522,521,1864,-1,1865,1865,1865,-1,1866,1866,1866,-1,1867,1867,1867,-1,1784,1788,1868,-1,1759,1869,1757,-1,1870,817,819,-1,1757,1871,1755,-1,1755,1872,1753,-1,1751,1753,1872,-1,1749,1751,1873,-1,1874,821,820,-1,1875,1876,1877,-1,1878,1878,1878,-1,1743,1747,1879,-1,1875,1877,1880,-1,1881,1881,1881,-1,1743,1879,1741,-1,1739,1882,1737,-1,1883,1883,1883,-1,1737,1884,1735,-1,1885,855,857,-1,1735,1886,1733,-1,1731,1733,1886,-1,886,1731,1887,-1,1888,859,858,-1,1889,1889,1889,-1,1890,1890,1890,-1,1813,1812,1891,-1,1892,833,835,-1,497,836,498,-1,491,1713,492,-1,1893,1893,1893,-1,1894,795,794,-1,1895,1895,1895,-1,528,527,1896,-1,1897,1809,1808,-1,1898,1898,1898,-1,1899,1711,491,-1,1900,1900,1900,-1,1901,1901,1901,-1,1902,1902,1902,-1,1903,266,265,-1,1904,1904,1904,-1,1905,1905,1905,-1,1906,1906,1906,-1,6,6,148,-1,6,6,6,-1,1907,1907,1907,-1,6,6,6,-1,6,1908,143,-1,6,1909,6,-1,358,358,358,-1,1910,1910,1910,-1,1908,1911,143,-1,1912,1912,1912,-1,1913,1913,1913,-1,1914,1914,1914,-1,1915,1915,1915,-1,1916,1916,1916,-1,1917,1917,1917,-1,1918,1918,1918,-1,1919,1919,1919,-1,1920,1920,1920,-1,1921,1921,1921,-1,1922,1922,1922,-1,1923,1924,1909,-1,1925,1926,1927,-1,6,1925,1927,-1,1928,1928,1928,-1,6,1923,1909,-1,1929,1929,1929,-1,6,1926,6,-1,1925,6,1926,-1,6,6,6,-1,1930,1930,1930,-1,1931,1931,1931,-1,1932,1932,1932,-1,1933,1933,1933,-1,1934,1934,1934,-1,1935,1935,1935,-1,1936,1936,1936,-1,1937,1937,1937,-1,1938,1938,1938,-1,1939,1939,1939,-1,1940,1940,1940,-1,1941,1942,1943,-1,1944,1944,1944,-1,1945,1945,1945,-1,1946,1946,1946,-1,1947,1947,1947,-1,1948,1948,1948,-1,1949,1949,1949,-1,1950,1950,1950,-1,1951,1951,1951,-1,1952,1952,1952,-1,1953,1953,1953,-1,1954,1954,1954,-1,1955,1955,1955,-1,1956,1957,1958,-1,1957,1959,1958,-1,1960,1961,1962,-1,1963,1962,1961,-1,1963,1961,1964,-1,1964,1961,1965,-1,1966,1966,1966,-1,1967,1967,1967,-1,1968,1968,1968,-1,1969,1969,1969,-1,1970,1942,1941,-1,1971,1971,1971,-1,1972,1972,1972,-1,1973,1973,1973,-1,1974,1974,1974,-1,6,6,6,-1,6,6,6,-1,1975,1975,1975,-1,1976,1976,1976,-1,1977,1978,1979,-1,1979,1978,1980,-1,1981,1981,1981,-1,1982,1982,1982,-1,1983,438,440,-1,1984,1984,1984,-1,1985,1985,1985,-1,1986,1986,1986,-1,1987,1988,1989,-1,1988,1990,1989,-1,1991,1990,1988,-1,1991,1988,1992,-1,982,982,982,-1,982,982,982,-1,1993,1991,1992,-1,1993,1992,1994,-1,1995,1993,1994,-1,1995,1994,1996,-1,1997,1995,1996,-1,1997,1996,1998,-1,1999,1997,1998,-1,1999,1998,2000,-1,2001,1999,2000,-1,2001,2000,2002,-1,2001,2001,2002,-1,2001,2002,2003,-1,2004,2001,2003,-1,2005,2005,2005,-1,2006,2006,2006,-1,2007,2007,2007,-1,2008,2008,2008,-1,2009,2009,2009,-1,2010,2010,2010,-1,2011,2011,2011,-1,2012,2012,2012,-1,2013,2013,2013,-1,2014,2014,2014,-1,2015,2015,2015,-1,2016,2016,2016,-1,2017,2017,2017,-1,2018,2018,2018,-1,2019,2019,2019,-1,2020,2020,2020,-1,2021,2021,2021,-1,2022,2023,2024,-1,2023,2025,2024,-1,2023,2026,2025,-1,2027,2028,2029,-1,2029,2030,2027,-1,2031,2031,2031,-1,2032,2032,2032,-1,2033,2034,2035,-1,2036,2036,2036,-1,2037,2037,2037,-1,2038,2038,2038,-1,2039,2039,2039,-1,2040,2040,2040,-1,2041,2041,2041,-1,2042,2042,2042,-1,2043,2043,2043,-1,2044,2044,2044,-1,2045,2045,2045,-1,2046,2046,2046,-1,2047,2047,2047,-1,2048,2048,2048,-1,2049,2049,2049,-1,2050,2050,2050,-1,2051,2051,2051,-1,2052,2052,2052,-1,2053,2053,2053,-1,2054,2054,2054,-1,2055,2055,2055,-1,2056,2056,2056,-1,2057,2057,2057,-1,2058,2058,2058,-1,2059,2059,2059,-1,2060,2060,2060,-1,2061,2062,2063,-1,2063,2062,2064,-1,2065,2065,2065,-1,2066,2066,2066,-1,2067,2067,2067,-1,2068,2068,2068,-1,2069,2069,2069,-1,2070,2070,2070,-1,2071,2071,2071,-1,2072,2072,2072,-1,2073,2074,2075,-1,2076,2076,2076,-1,2077,2077,2077,-1,2078,2078,2078,-1,2033,2079,2080,-1,2081,2081,2081,-1,2082,2082,2082,-1,2083,2083,2083,-1,2084,2084,2084,-1,2085,2085,2085,-1,2086,2086,2086,-1,2087,2088,2089,-1,2090,2091,2092,-1,2093,2093,2093,-1,2094,2094,2094,-1,2095,2095,2095,-1,2096,2096,2096,-1,2097,2097,2097,-1,2098,2098,2098,-1,2099,2099,2099,-1,2092,2091,2100,-1,2101,2101,2101,-1,2102,2102,2102,-1,2103,2104,2105,-1,2104,2106,2105,-1,2107,2107,2107,-1,2108,2108,2108,-1,2109,2109,2109,-1,2110,2110,2110,-1,2111,2111,2111,-1,2112,2112,2112,-1,2113,2114,2115,-1,2116,2116,2116,-1,2117,2117,2117,-1,2118,2118,2118,-1,2119,2119,2119,-1,2120,2120,2120,-1,2107,2107,2107,-1,2121,2121,2121,-1,2122,2122,2122,-1,982,982,982,-1,2123,2123,2123,-1,2124,2124,2124,-1,2125,2125,2125,-1,2126,2126,2126,-1,2127,2127,2127,-1,2128,2129,2130,-1,982,2128,2130,-1,2131,2131,2131,-1,982,2132,2133,-1,2132,2134,2133,-1,2118,2118,2118,-1,2132,982,2134,-1,2135,2135,2135,-1,2136,2136,2136,-1,2137,2137,2137,-1,2138,2138,2138,-1,2139,2139,2139,-1,2140,2140,2140,-1,2141,2142,2143,-1,2144,2144,2144,-1,2145,2145,2145,-1,2146,2146,2146,-1,2147,2148,2149,-1,2150,2150,2150,-1,2142,2151,2143,-1,2148,2147,2152,-1,2153,2153,2153,-1,2154,2154,2154,-1,2155,2156,2157,-1,2156,2158,2157,-1,2155,2157,2159,-1,2160,2159,2161,-1,2160,2155,2159,-1,2162,2162,2162,-1,2155,2160,2163,-1,2164,2165,2166,-1,2167,2160,2161,-1,2168,2167,2169,-1,2170,2166,2165,-1,2167,2161,2169,-1,2168,2169,2171,-1,2172,2171,2173,-1,2172,2168,2171,-1,2174,2172,2173,-1,2175,2175,2175,-1,2176,2176,2176,-1,2172,2177,2168,-1,2178,2178,2178,-1,2179,2179,2179,-1,2180,2180,2180,-1,2181,2181,2181,-1,2182,2182,2182,-1,2183,2183,2183,-1,2184,2184,2184,-1,2185,2185,2185,-1,2186,2186,2186,-1,2187,2187,2187,-1,2188,2188,2188,-1,2189,2189,2189,-1,2190,2190,2190,-1,2191,2191,2191,-1,2192,2192,2192,-1,2193,2193,2193,-1,2194,2194,2194,-1,2195,2195,2195,-1,2196,2196,2196,-1,2197,2197,2197,-1,2198,2198,2198,-1,2199,2199,2199,-1,2200,2200,2200,-1,2201,2201,2201,-1,2202,2202,2202,-1,2203,2203,2203,-1,2204,2204,2204,-1,2205,2205,2205,-1,2206,2206,2206,-1,2207,2207,2207,-1,2208,2208,2208,-1,2209,2209,2209,-1,2210,2210,2210,-1,2211,2211,2211,-1,2212,2212,2212,-1,2213,2213,2213,-1,2214,2214,2214,-1,2215,2215,2215,-1,2216,2216,2216,-1,2217,2217,2217,-1,2218,2218,2218,-1,2219,2219,2219,-1,2220,2220,2220,-1,2221,2221,2221,-1,2222,2222,2222,-1,2223,2223,2223,-1,2224,2224,2224,-1,2225,2225,2225,-1,2226,2226,2226,-1,2227,2227,2227,-1,2228,2228,2228,-1,2229,2229,2229,-1,2230,2230,2230,-1,2231,2231,2231,-1,2232,2232,2232,-1,2233,2233,2233,-1,2234,2234,2234,-1,2235,2235,2235,-1,2236,2236,2236,-1,2237,2237,2237,-1,2238,2238,2238,-1,2239,2239,2239,-1,2240,2240,2240,-1,2241,2242,2243,-1,2244,2244,2244,-1,2243,2242,2245,-1,2246,2246,2246,-1,2247,2247,2247,-1,2248,2248,2248,-1,2249,2249,2249,-1,2250,2250,2250,-1,2251,2252,2253,-1,2254,2254,2254,-1,2255,2255,2255,-1,2256,2256,2256,-1,2257,2257,2257,-1,2258,2258,2258,-1,2259,2259,2259,-1,2260,2260,2260,-1,2261,2261,2261,-1,2262,2262,2262,-1,2263,2263,2263,-1,2264,2264,2264,-1,2265,2265,2265,-1,2266,2266,2266,-1,2267,2267,2267,-1,2268,2268,2268,-1,2269,2269,2269,-1,2270,2270,2270,-1,2271,2272,2273,-1,2274,2274,2274,-1,2275,2275,2275,-1,2276,2277,2278,-1,2279,2278,2277,-1,2280,2280,2280,-1,2281,2281,2281,-1,2282,2283,2284,-1,2283,2285,2284,-1,2286,2286,2286,-1,2287,2287,2287,-1,2288,2288,2288,-1,2289,2289,2289,-1,2290,2290,2290,-1,2291,2291,2291,-1,2292,2293,2294,-1,2295,2295,2295,-1,2296,2296,2296,-1,2297,2298,2299,-1,2300,2299,2298,-1,2301,2302,2303,-1,2302,2304,2303,-1,2294,2293,2305,-1,2306,2307,2308,-1,2307,2309,2308,-1,2310,2311,2312,-1,2313,2311,2310,-1,2314,2314,2314,-1,2315,2315,2315,-1,2316,2316,2316,-1,2317,2317,2317,-1,2318,2318,2318,-1,2319,2319,2319,-1,2320,2320,2320,-1,2321,2321,2321,-1,2322,2322,2322,-1,2323,2323,2323,-1,2324,2324,2324,-1,2325,2325,2325,-1,2326,2326,2326,-1,2327,2327,2327,-1,2328,2328,2328,-1,2329,2329,2329,-1,2330,2330,2330,-1,2331,2331,2331,-1,2332,2332,2332,-1,2333,2333,2333,-1,2334,2334,2334,-1,982,982,982,-1,982,982,982,-1,982,982,982,-1,2335,2335,2335,-1,2336,2336,2336,-1,2337,2337,2337,-1,2338,2338,2338,-1,982,982,982,-1,2339,2340,2341,-1,980,980,980,-1,2342,2342,2342,-1,2343,2340,2339,-1,2344,2344,2344,-1,2345,2346,2347,-1,998,998,998,-1,2345,2348,2346,-1,2348,2349,2346,-1,2350,2350,2350,-1,2351,2351,2351,-1,2348,2352,2349,-1,2353,2349,2352,-1,2354,2354,2354,-1,2355,2355,2355,-1,2356,2357,2358,-1,982,982,982,-1,982,982,982,-1,982,982,982,-1,982,982,982,-1,2359,2359,2359,-1,2360,2360,2360,-1,2361,2362,2363,-1,2364,2364,2364,-1,2365,2365,2365,-1,2362,2366,2363,-1,2367,2367,2367,-1,2368,2368,2368,-1,2369,2370,2371,-1,2369,2372,2370,-1,2373,2373,2373,-1,2374,2375,2376,-1,2374,1241,2375,-1,2377,2377,2377,-1,2378,2378,2378,-1,2379,2379,2379,-1,2380,2381,2382,-1,2383,2383,2383,-1,2384,2384,2384,-1,1241,1241,1241,-1,2385,2385,2385,-1,2386,2386,2386,-1,2387,2387,2387,-1,2388,2388,2388,-1,2389,2389,2389,-1,2390,2390,2390,-1,2391,2391,2391,-1,2392,2392,2392,-1,2393,2393,2393,-1,2394,2394,2394,-1,2395,2396,2397,-1,2398,2398,2398,-1,2399,2399,2399,-1,2400,2400,2400,-1,2395,2401,2396,-1,2402,2402,2402,-1,2403,2403,2403,-1,2404,2404,2404,-1,2405,2405,2405,-1,2406,2406,2406,-1,2407,2407,2407,-1,2408,2408,2408,-1,2409,2409,2409,-1,2410,2411,2412,-1,2413,2411,2410,-1,2414,2414,2414,-1,2415,2415,2415,-1,2416,2416,2416,-1,2417,2417,2417,-1,2418,2418,2418,-1,2419,2419,2419,-1,2420,2420,2420,-1,2421,2422,2423,-1,2424,2424,2424,-1,2425,2425,2425,-1,2426,2426,2426,-1,2427,2427,2427,-1,2428,2428,2428,-1,2429,2429,2429,-1,2430,2430,2430,-1,2431,2431,2431,-1,2432,2433,2434,-1,2435,2435,2435,-1,2434,2433,2436,-1,2437,2437,2437,-1,2438,2438,2438,-1,2439,2440,2441,-1,2442,2439,2441,-1,2443,2443,2443,-1,2444,2445,2446,-1,2447,2447,2447,-1,2448,2448,2448,-1,2449,2449,2449,-1,2450,2450,2450,-1,2451,2451,2451,-1,2452,2452,2452,-1,2453,2444,2446,-1,2454,2454,2454,-1,2455,2456,2457,-1,2458,2458,2458,-1,2459,2459,2459,-1,2460,2460,2460,-1,2461,2461,2461,-1,2462,2462,2462,-1,2463,2457,2456,-1,2464,2464,2464,-1,2465,2465,2465,-1,2115,2114,2466,-1,2467,2467,2467,-1,2468,2468,2468,-1,2469,2469,2469,-1,2470,2470,2470,-1,2471,2471,2471,-1,2472,2472,2472,-1,2473,2474,2475,-1,2476,2476,2476,-1,2477,2477,2477,-1,2478,2478,2478,-1,2479,2480,2481,-1,2482,2482,2482,-1,2483,2483,2483,-1,2484,2484,2484,-1,2485,2486,2480,-1,2487,2487,2487,-1,2488,2488,2488,-1,2489,2489,2489,-1,2490,2491,2492,-1,2493,2493,2493,-1,2494,2494,2494,-1,2495,2495,2495,-1,2496,2497,2498,-1,2499,2498,2497,-1,2484,2484,2484,-1,2500,2500,2500,-1,2501,2501,2501,-1,2489,2489,2489,-1,2502,2502,2502,-1,2503,2504,2505,-1,2506,2506,2506,-1,2507,2507,2507,-1,2508,2508,2508,-1,2509,2510,2511,-1,2512,2512,2512,-1,2513,2513,2513,-1,2514,2515,1971,-1,2516,2381,2380,-1,2517,2518,2519,-1,2518,2517,2520,-1,2515,2514,2521,-1,2517,2522,2520,-1,2517,2523,2522,-1,2517,2524,2523,-1,2517,2519,2524,-1,2524,2525,2523,-1,2524,2526,2525,-1,2526,2527,2525,-1,2526,2528,2527,-1,2528,2529,2527,-1,2528,2530,2529,-1,2530,2531,2529,-1,2530,2532,2531,-1,2532,2533,2531,-1,2532,2534,2533,-1,2534,2535,2533,-1,2534,2536,2535,-1,2536,2537,2535,-1,2538,2538,2538,-1,2539,2539,2539,-1,2540,2540,2540,-1,2541,2541,2541,-1,2542,2542,2542,-1,2543,2543,2543,-1,2544,2544,2544,-1,2545,2545,2545,-1,2546,2546,2546,-1,2547,2547,2547,-1,2548,2548,2548,-1,2549,2549,2549,-1,2550,2550,2550,-1,2551,2551,2551,-1,2552,2552,2552,-1,2553,2553,2553,-1,2554,2554,2554,-1,2555,2555,2555,-1,2556,2556,2556,-1,2557,2558,2559,-1,2557,2560,2558,-1,2560,2561,2558,-1,2560,2562,2561,-1,2562,2563,2561,-1,2562,2564,2563,-1,2564,2565,2563,-1,2564,2566,2565,-1,2566,2559,2565,-1,2566,2567,2559,-1,2567,1995,2559,-1,2567,2568,1995,-1,2568,2569,1995,-1,2568,2570,2569,-1,2570,2571,2569,-1,2572,2572,2572,-1,2573,2573,2573,-1,2574,2574,2574,-1,2575,2576,2577,-1,2577,2578,2575,-1,2579,2579,2579,-1,2580,2580,2580,-1,2581,2581,2581,-1,2582,2582,2582,-1,2583,2583,2583,-1,2584,2584,2584,-1,2585,2585,2585,-1,2586,2586,2586,-1,2587,2587,2587,-1,2588,2588,2588,-1,2589,2589,2589,-1,2590,2307,2306,-1,2591,2591,2591,-1,2592,2592,2592,-1,2593,2593,2593,-1,2594,2594,2594,-1,2595,2595,2595,-1,2596,2596,2596,-1,2597,2597,2597,-1,2598,2598,2598,-1,2599,2599,2599,-1,2600,2600,2600,-1,2601,2601,2601,-1,2602,2272,2271,-1,2603,2603,2603,-1,2577,2576,2604,-1,2154,2154,2154,-1,2577,2605,2578,-1,2577,2606,2605,-1,2606,2607,2605,-1,2606,2608,2607,-1,2608,2609,2607,-1,2608,2610,2609,-1,2610,2611,2609,-1,2610,2612,2611,-1,2612,2613,2611,-1,2612,2614,2613,-1,2614,2615,2613,-1,2614,2616,2615,-1,2616,2617,2615,-1,2616,2618,2617,-1,2618,2158,2617,-1,2619,2620,2621,-1,2622,2622,2622,-1,2620,2623,2159,-1,2620,2624,2623,-1,2624,2625,2623,-1,2624,2626,2625,-1,2626,2627,2625,-1,2626,2628,2627,-1,2628,2629,2627,-1,2628,2630,2629,-1,2630,2631,2629,-1,2630,2632,2631,-1,2632,2633,2631,-1,2632,2634,2633,-1,2634,2635,2633,-1,2634,2636,2635,-1,2636,2637,2635,-1,2638,2639,2640,-1,2641,2641,2641,-1,2639,2617,2637,-1,2639,2642,2617,-1,2642,2643,2617,-1,2642,2644,2643,-1,2644,2645,2643,-1,2644,2646,2645,-1,2646,2647,2645,-1,2646,2648,2647,-1,2648,2637,2647,-1,2648,2649,2637,-1,2649,2650,2637,-1,2649,2651,2650,-1,2651,2652,2650,-1,2651,2653,2652,-1,2653,2158,2652,-1,2654,2655,2656,-1,2657,2657,2657,-1,2655,2658,2659,-1,2655,2174,2658,-1,2174,2173,2658,-1,2655,2660,2174,-1,2655,2654,2660,-1,2661,2661,2661,-1,2662,2662,2662,-1,2663,2663,2663,-1,2664,2664,2664,-1,2665,2665,2665,-1,2666,2666,2666,-1,2651,2649,2667,-1,2668,2668,2668,-1,2669,2670,2671,-1,2170,2671,2670,-1,2644,2672,2646,-1,2673,2673,2673,-1,2674,2674,2674,-1,2675,2675,2675,-1,2639,2676,2642,-1,2677,2677,2677,-1,2639,2638,2676,-1,2678,2678,2678,-1,2679,2679,2679,-1,2680,2680,2680,-1,2634,2632,2681,-1,2682,2682,2682,-1,2683,2684,2685,-1,2686,2685,2684,-1,2626,2687,2628,-1,2688,2688,2688,-1,2689,2689,2689,-1,2690,2690,2690,-1,2620,2691,2624,-1,2692,2692,2692,-1,2620,2619,2691,-1,2693,2693,2693,-1,2694,2694,2694,-1,2695,2695,2695,-1,2616,2614,2696,-1,2697,2697,2697,-1,2698,2699,2700,-1,2701,2700,2699,-1,2608,2702,2610,-1,2703,2703,2703,-1,2704,2704,2704,-1,2705,2705,2705,-1,2577,2604,2606,-1,2706,2706,2706,-1,2707,2707,2707,-1,2708,2708,2708,-1,2709,2709,2709,-1,2710,2710,2710,-1,982,982,2711,-1,2712,2711,982,-1,982,2713,2712,-1,2712,2713,2711,-1,982,982,982,-1,2714,2714,2714,-1,982,982,982,-1,982,982,982,-1,982,982,982,-1,982,982,982,-1,982,982,982,-1,2715,2715,2715,-1,982,2716,2717,-1,2716,2718,2717,-1,2716,982,2718,-1,982,2718,982,-1,982,2353,2719,-1,2719,2353,2352,-1,2720,2720,2720,-1,2721,2356,2358,-1,2722,2722,2722,-1,2723,2723,2723,-1,2724,2724,2724,-1,2725,2725,2725,-1,2726,2726,2726,-1,2727,2727,2727,-1,2728,2728,2728,-1,2729,2729,2729,-1,2730,2731,2732,-1,2733,2732,2731,-1,2526,2734,2528,-1,2735,2735,2735,-1,2524,2736,2526,-1,2737,2737,2737,-1,2524,2519,2736,-1,2738,2738,2738,-1,2739,2740,2741,-1,2742,2743,2744,-1,2745,2745,2745,-1,2740,2739,2746,-1,2742,2747,2748,-1,2747,2742,2744,-1,2749,2749,2749,-1,2750,2751,2752,-1,2753,2753,2753,-1,2752,2751,2754,-1,2755,2755,2755,-1,2756,2757,2758,-1,2759,2759,2759,-1,2758,2757,2760,-1,2761,2762,2763,-1,2761,2764,2762,-1,2764,2765,2762,-1,2766,2766,2766,-1,2767,2768,2769,-1,2770,2771,2772,-1,2773,2774,2775,-1,2776,2777,2778,-1,2779,2780,2781,-1,2782,2782,2782,-1,2783,2784,2785,-1,2786,2786,2786,-1,2787,2787,2787,-1,2788,2789,2790,-1,2791,2788,2790,-1,2792,2792,2792,-1,2793,2793,2793,-1,2794,2784,2783,-1,2795,2795,2795,-1,2796,2796,2796,-1,2797,2798,2794,-1,2794,2798,2784,-1,2799,2800,2801,-1,2802,2803,2804,-1,2805,2806,2807,-1,2806,2808,2807,-1,2809,2810,2811,-1,2812,2813,2814,-1,2815,2816,2817,-1,2818,2819,2820,-1,2820,2774,2773,-1,2820,2819,2774,-1,2821,2821,2821,-1,2822,2823,2824,-1,2825,2825,2825,-1,2806,2826,2808,-1,2827,2823,2822,-1,2828,2828,2828,-1,2829,2829,2829,-1,2830,2830,2830,-1,2831,2831,2831,-1,2832,2833,2834,-1,2835,2780,2779,-1,2834,2833,2836,-1,2837,2838,2839,-1,2840,2841,2842,-1,2843,2844,2845,-1,2844,2846,2845,-1,2847,2848,2849,-1,2850,2850,2850,-1,2851,2851,2851,-1,2809,2811,2852,-1,2848,2772,2849,-1,2848,2770,2772,-1,2853,2853,2853,-1,2854,2854,2854,-1,2855,2855,2855,-1,2856,2856,2856,-1,2857,2857,2857,-1,2858,2859,2860,-1,2859,2861,2860,-1,2862,2862,2862,-1,2863,2863,2863,-1,2864,2864,2864,-1,2865,2768,2767,-1,2866,2866,2866,-1,2867,2867,2867,-1,2868,2869,2870,-1,2869,2871,2870,-1,2872,2869,2868,-1,2869,2873,2871,-1,2874,2873,2869,-1,2875,2875,2875,-1,2876,2876,2876,-1,2877,2877,2877,-1,2878,2878,2878,-1,2879,2879,2879,-1,2880,2880,2880,-1,2881,2881,2881,-1,2882,2882,2882,-1,2883,2883,2883,-1,2884,2884,2884,-1,2885,2885,2885,-1,2886,2886,2886,-1,2887,2887,2887,-1,2888,2889,2890,-1,2891,2891,2891,-1,2889,2892,2890,-1,2893,2893,2893,-1,2894,2895,2896,-1,2897,2897,2897,-1,2898,2898,2898,-1,2899,2899,2899,-1,2900,2900,2900,-1,2901,2901,2901,-1,2902,2903,2894,-1,2903,2895,2894,-1,2904,2903,2902,-1,2904,2905,2903,-1,2906,2907,2908,-1,2908,2907,2909,-1,2910,2911,2912,-1,2913,2912,2911,-1,2914,2915,2916,-1,2915,2917,2916,-1,2918,2918,2918,-1,2919,2919,2919,-1,2882,2882,2882,-1,2920,2920,2920,-1,2921,2922,2923,-1,2924,2924,2924,-1,2924,2924,2924,-1,2925,2925,2925,-1,2926,2927,2928,-1,2929,2929,2929,-1,2930,2930,2930,-1,2931,2931,2931,-1,2932,2932,2932,-1,2933,2933,2933,-1,2934,2934,2934,-1,2935,2936,2937,-1,2938,2938,2938,-1,2939,2939,2939,-1,2879,2879,2879,-1,2940,2940,2940,-1,2941,2941,2941,-1,2942,2942,2942,-1,2943,2943,2943,-1,2944,2944,2944,-1,2945,2945,2945,-1,2946,2946,2946,-1,2947,2947,2947,-1,2948,2948,2948,-1,2949,2949,2949,-1,2950,2950,2950,-1,2951,2951,2951,-1,2952,2952,2952,-1,2953,2953,2953,-1,2954,2954,2954,-1,2955,2955,2955,-1,2956,2956,2956,-1,2957,2957,2957,-1,2958,2958,2958,-1,2959,2959,2959,-1,2960,2960,2960,-1,2961,2962,356,-1,6,2962,2961,-1,2963,2963,2963,-1,2964,2964,2964,-1,2965,2965,2965,-1,2966,2966,2966,-1,2967,2967,2967,-1,6,6,6,-1,6,6,6,-1,2968,2968,2968,-1,2969,2969,2969,-1,2970,2970,2970,-1,6,6,2961,-1,2971,2971,2971,-1,6,2961,6,-1,2972,2972,2972,-1,2973,2974,2975,-1,2966,2966,2966,-1,6,2961,2976,-1,2975,2974,2977,-1,2961,363,2976,-1,2978,2978,2978,-1,2979,2979,2979,-1,2980,2981,2982,-1,2983,2983,2983,-1,2984,2984,2984,-1,6,6,6,-1,6,6,6,-1,2985,2985,2985,-1,2986,2986,2986,-1,2987,2981,2980,-1,2988,2988,2988,-1,6,2989,2990,-1,2989,2991,2990,-1,2990,2991,2992,-1,2989,6,2991,-1,6,2991,6,-1,2993,2994,2995,-1,2994,2996,2995,-1,2997,2997,2997,-1,2998,2998,2998,-1,2999,2999,2999,-1,2724,2724,2724,-1,3000,3000,3000,-1,3001,3001,3001,-1,3002,3002,3002,-1,3003,3003,3003,-1,3004,3004,3004,-1,3005,3005,3005,-1,3006,3006,3006,-1,3007,3007,3007,-1,3008,3008,3008,-1,3009,3009,3009,-1,3010,3010,3010,-1,3011,3011,3011,-1,3012,3012,3012,-1,3013,3013,3013,-1,3014,3014,3014,-1,1241,1241,1241,-1,1241,1241,1241,-1,3015,3015,3015,-1,3016,3016,3016,-1,3017,3018,3019,-1,3020,3020,3020,-1,3021,3021,3021,-1,3022,3023,3024,-1,2730,3024,3023,-1,3025,3025,3025,-1,3026,3026,3026,-1,2728,2728,2728,-1,3018,3017,3027,-1,3028,3028,3028,-1,3029,3030,3031,-1,3032,3032,3032,-1,3030,3033,3034,-1,3035,3035,3035,-1,3033,3036,2537,-1,3033,3037,3036,-1,3037,3038,3036,-1,3037,3039,3038,-1,3039,3040,3038,-1,3039,3041,3040,-1,3041,3042,3040,-1,3041,3043,3042,-1,3043,3044,3042,-1,3043,3045,3044,-1,3045,3046,3044,-1,3045,3047,3046,-1,3047,3048,3046,-1,3047,3049,3048,-1,3049,3050,3048,-1,2495,2495,2495,-1,3051,3051,3051,-1,3052,3052,3052,-1,3053,3053,3053,-1,3054,3054,3054,-1,3055,3055,3055,-1,3056,3056,3056,-1,3057,3058,3059,-1,3057,3060,3058,-1,3061,3061,3061,-1,3062,3062,3062,-1,3063,3063,3063,-1,3064,3064,3064,-1,3065,3065,3065,-1,3066,3066,3066,-1,3067,3067,3067,-1,3068,3068,3068,-1,3069,3069,3069,-1,3070,3071,3072,-1,3073,3074,3075,-1,3076,3076,3076,-1,3077,3070,3072,-1,3078,3078,3078,-1,3079,3080,3073,-1,3080,3074,3073,-1,3033,3081,3037,-1,3033,3030,3081,-1,3030,3082,3081,-1,3083,3083,3083,-1,3084,3084,3084,-1,3085,3085,3085,-1,3086,3086,3086,-1,3087,3088,3089,-1,2496,3089,3088,-1,3090,3090,3090,-1,3091,3091,3091,-1,3092,3092,3092,-1,3030,3029,3082,-1,6,6,6,-1,3093,3093,3093,-1,3094,3094,3094,-1,3095,3095,3095,-1,3096,3096,3096,-1,3097,3097,3097,-1,3098,3098,3098,-1,3099,3099,3099,-1,3100,3100,3100,-1,3101,3101,3101,-1,3102,3102,3102,-1,3103,3103,3103,-1,3104,3104,3104,-1,3105,3105,3105,-1,3106,3106,3106,-1,3107,3107,3107,-1,3108,3108,3108,-1,3109,3109,3109,-1,3110,3110,3110,-1,3111,3111,3111,-1,3112,3112,3112,-1,3113,3113,3113,-1,3114,3114,3114,-1,3115,3115,3115,-1,3116,3116,3116,-1,3117,3117,3117,-1,3118,3118,3118,-1,3119,3119,3119,-1,3120,3120,3120,-1,3121,3121,3121,-1,3122,3122,3122,-1,3123,3123,3123,-1,3124,3124,3124,-1,3125,3125,3125,-1,3126,3126,3126,-1,3127,3128,3129,-1,3130,3127,3129,-1,3131,3131,3131,-1,3132,3132,3132,-1,3133,3133,3133,-1,3134,3135,3136,-1,3137,3137,3137,-1,3138,3138,3138,-1,3139,3139,3139,-1,3140,3141,3135,-1,3142,3142,3142,-1,3143,3143,3143,-1,3144,3144,3144,-1,3145,3145,3145,-1,3146,3146,3146,-1,3131,3131,3131,-1,3147,3147,3147,-1,3148,3148,3148,-1,3149,3150,3151,-1,3152,3152,3152,-1,3153,3153,3153,-1,3154,3154,3154,-1,3155,3155,3155,-1,3156,3156,3156,-1,3157,3157,3157,-1,3158,3158,3158,-1,3159,3159,3159,-1,3160,3160,3160,-1,3161,3161,3161,-1,3162,3162,3162,-1,3163,3163,3163,-1,3164,3164,3164,-1,3165,3165,3165,-1,3166,3166,3166,-1,3167,3168,3169,-1,3170,3170,3170,-1,3171,3171,3171,-1,3172,3172,3172,-1,3173,3173,3173,-1,3174,3174,3174,-1,3175,3175,3175,-1,3176,3176,3176,-1,3177,3177,3177,-1,3178,3178,3178,-1,3179,3179,3179,-1,3180,3181,3182,-1,3180,3183,3184,-1,3185,3185,3185,-1,3186,3186,3186,-1,3187,3187,3187,-1,3188,3189,3190,-1,6,6,6,-1,3191,3191,3191,-1,6,6,6,-1,3192,3193,3194,-1,3195,3195,3195,-1,3196,3196,3196,-1,3197,3198,3199,-1,3200,3200,3200,-1,3201,3201,3201,-1,3202,3202,3202,-1,3203,3203,3203,-1,3204,3205,3206,-1,3204,3207,3205,-1,3208,3208,3208,-1,3209,3209,3209,-1,3210,3210,3210,-1,3211,3211,3211,-1,3212,3212,3212,-1,3213,3214,3215,-1,3216,3217,3218,-1,3219,3219,3219,-1,393,393,393,-1,3217,3216,3131,-1,3220,3221,3222,-1,3221,3220,3223,-1,3224,3224,3224,-1,3225,3226,3227,-1,3228,3228,3228,-1,3229,3229,3229,-1,3230,3230,3230,-1,3213,3231,3232,-1,3231,3233,3232,-1,3234,3234,3234,-1,3235,3236,3237,-1,3238,3239,3240,-1,3241,3241,3241,-1,3236,3235,3242,-1,3238,3243,3244,-1,3243,3238,3240,-1,3245,3246,3247,-1,3246,3248,3247,-1,3249,3250,3251,-1,3252,3253,3254,-1,3253,3255,3254,-1,3256,3257,3258,-1,3243,3259,3260,-1,3259,3243,3261,-1,3262,3262,3262,-1,3243,3240,3261,-1,3259,3261,3263,-1,3264,3263,3265,-1,3264,3259,3263,-1,3266,3264,3265,-1,3266,3267,3264,-1,3259,3264,3267,-1,3268,3269,3270,-1,3269,3271,3270,-1,3272,3273,3274,-1,3275,3273,3272,-1,3276,3276,3276,-1,3277,3277,3277,-1,3278,3279,3280,-1,3281,3279,3278,-1,3282,3282,3282,-1,3283,3283,3283,-1,3258,3257,3284,-1,3285,3285,3285,-1,3286,3287,3288,-1,3289,3289,3289,-1,3287,3290,3288,-1,3287,3291,3290,-1,3292,3292,3292,-1,3293,3294,3295,-1,3296,3296,3296,-1,3297,3298,3299,-1,3300,3301,3302,-1,3303,3304,3299,-1,3297,3299,3304,-1,3305,3306,3299,-1,3303,3299,3306,-1,3305,3299,3307,-1,3308,3308,3308,-1,3309,3309,3309,-1,3310,3311,3312,-1,3313,3313,3313,-1,3314,3311,3310,-1,3315,3315,3315,-1,3316,3317,3318,-1,3318,3317,3319,-1,3320,3321,3322,-1,3323,3324,3325,-1,3326,3327,3328,-1,3327,3329,3328,-1,3330,3331,3332,-1,3333,3333,3333,-1,3334,3334,3334,-1,3335,3335,3335,-1,3336,3336,3336,-1,3337,3338,3339,-1,3338,3340,3339,-1,3341,3341,3341,-1,3342,3343,3344,-1,3345,3346,3347,-1,3348,3304,3303,-1,3347,3346,3349,-1,3350,3351,3352,-1,3353,3354,3355,-1,3356,3357,3358,-1,3357,3359,3358,-1,3360,3361,3362,-1,3363,3361,3360,-1,3364,3365,3366,-1,3365,3367,3366,-1,3361,3368,3362,-1,3366,3367,3369,-1,3370,3371,3372,-1,3373,3373,3373,-1,3374,3374,3374,-1,3375,3375,3375,-1,3376,3376,3376,-1,3377,3377,3377,-1,3378,3378,3378,-1,3379,3379,3379,-1,3380,3381,3382,-1,3383,3384,3385,-1,3386,3298,3297,-1,3385,3384,3387,-1,3388,3389,3390,-1,3391,3392,3393,-1,3394,3395,3396,-1,3395,3397,3396,-1,3398,3399,3400,-1,3401,3401,3401,-1,3402,3403,3399,-1,3403,3293,3399,-1,3399,3295,3400,-1,3399,3293,3295,-1,3404,3405,3406,-1,3407,3407,3407,-1,3408,3408,3408,-1,3409,3300,3302,-1,3410,3410,3410,-1,3411,3411,3411,-1,3412,3412,3412,-1,3413,3413,3413,-1,3414,3414,3414,-1,3415,3416,3417,-1,3418,3418,3418,-1,3417,3416,3419,-1,3420,3420,3420,-1,2029,2028,3421,-1,3422,3422,3422,-1,3423,3404,3406,-1,2029,3404,3423,-1,2029,3423,3424,-1,3425,3391,3393,-1,3423,3426,3427,-1,3423,3428,3426,-1,3423,3429,3424,-1,3423,3427,3429,-1,3426,3430,3427,-1,3426,3431,3430,-1,3431,3432,3430,-1,3431,3433,3432,-1,3433,3434,3432,-1,3433,3435,3434,-1,3435,3436,3434,-1,3437,3438,3439,-1,3440,3440,3440,-1,3438,3441,3442,-1,3438,3443,3441,-1,3443,3444,3441,-1,3443,3445,3444,-1,3445,3446,3444,-1,3445,3447,3446,-1,3447,3448,3446,-1,3447,3449,3448,-1,3449,3450,3448,-1,3449,3451,3450,-1,3451,3452,3450,-1,3451,3453,3452,-1,3453,3454,3452,-1,3453,3455,3454,-1,3455,3456,3454,-1,3457,3458,3459,-1,3460,3460,3460,-1,3458,3461,3462,-1,3458,3463,3461,-1,3463,3464,3461,-1,3463,3465,3464,-1,3465,3466,3464,-1,3465,3467,3466,-1,3467,3468,3466,-1,3467,3469,3468,-1,3469,3470,3468,-1,3469,3471,3470,-1,3471,3472,3470,-1,3471,3473,3472,-1,3473,3474,3472,-1,3473,3475,3474,-1,3475,3476,3474,-1,3477,3478,3439,-1,3479,3479,3479,-1,3480,3481,3482,-1,3480,3483,3481,-1,3480,3484,3483,-1,3484,3485,3483,-1,3484,3266,3485,-1,3266,3265,3485,-1,3486,3487,3488,-1,3478,3477,3489,-1,3480,3490,3484,-1,3491,3491,3491,-1,3487,3492,3488,-1,3493,3493,3493,-1,3494,3494,3494,-1,3495,3495,3495,-1,3496,3496,3496,-1,3475,3473,3497,-1,3498,3498,3498,-1,3473,3471,3499,-1,3500,3321,3320,-1,3471,3469,3501,-1,3502,3503,3504,-1,3141,3505,3503,-1,3467,3506,3469,-1,3507,3505,3141,-1,3508,3502,3504,-1,3509,3509,3509,-1,3510,3510,3510,-1,3511,3511,3511,-1,3512,3512,3512,-1,3131,3131,3131,-1,393,393,393,-1,393,393,393,-1,3513,3513,3513,-1,3465,3332,3467,-1,3514,3323,3325,-1,3463,3330,3465,-1,3465,3330,3332,-1,3458,3515,3463,-1,3516,3516,3516,-1,3458,3457,3515,-1,3517,3338,3337,-1,3455,3453,3518,-1,3519,3351,3350,-1,3453,3451,3260,-1,3451,3449,3520,-1,3447,3520,3449,-1,3445,3521,3447,-1,3522,3353,3355,-1,3443,3523,3445,-1,3524,3370,3372,-1,3438,3525,3443,-1,3526,3526,3526,-1,3527,3527,3527,-1,3438,3437,3525,-1,3435,3433,3380,-1,3433,3381,3380,-1,3433,3431,3381,-1,3528,3389,3388,-1,3431,3426,3428,-1,2029,3424,3529,-1,2029,3529,2030,-1,3530,3530,3530,-1,3531,2075,3532,-1,2074,3532,2075,-1,3533,3533,3533,-1,3534,3534,3534,-1,3535,3536,3537,-1,3538,3536,3535,-1,3539,2075,3531,-1,3540,3540,3540,-1,3541,3541,3541,-1,3542,3542,3542,-1,3543,3403,3402,-1,3544,3544,3544,-1,2035,2034,3490,-1,2088,3545,2089,-1,3546,3136,3547,-1,3136,3364,3547,-1,3548,3363,3360,-1,2079,3549,2080,-1,3365,3503,3550,-1,3551,3550,3503,-1,3552,3553,3554,-1,3555,3552,3554,-1,3135,3365,3364,-1,3135,3141,3365,-1,3141,3503,3365,-1,3136,3135,3364,-1,3556,3343,3342,-1,3502,3551,3503,-1,3250,3557,3558,-1,3559,3559,3559,-1,3560,3560,3560,-1,3250,3558,3251,-1,3484,3561,3266,-1,3562,3562,3562,-1,3563,3563,3563,-1,3226,3564,3227,-1,3231,3565,3233,-1,3231,3566,3565,-1,3566,3567,3565,-1,3566,3568,3567,-1,3568,3569,3567,-1,3568,3570,3569,-1,3570,3571,3569,-1,3570,3572,3571,-1,3572,3573,3571,-1,3572,3574,3573,-1,3574,3575,3573,-1,3574,3576,3575,-1,3576,3577,3575,-1,3576,3576,3577,-1,3576,3578,3577,-1,3223,3223,3223,-1,3579,3579,3579,-1,3580,3580,3580,-1,3581,3581,3581,-1,3582,3582,3582,-1,3583,3583,3583,-1,3584,3584,3584,-1,3585,3585,3585,-1,6,6,6,-1,3586,3587,3588,-1,3589,3589,3589,-1,3587,3590,3588,-1,3591,3188,3190,-1,3592,6,3593,-1,6,3593,6,-1,3594,3593,3595,-1,3592,3593,3594,-1,3596,3592,3594,-1,3596,3594,3597,-1,3598,3596,3597,-1,3598,3597,3599,-1,6,3598,3599,-1,6,3599,3600,-1,3600,3599,3601,-1,6,3602,3603,-1,3603,3602,3604,-1,3599,3180,3601,-1,3602,3605,3604,-1,3601,3180,3182,-1,3606,3607,3608,-1,3603,3604,6,-1,3607,3609,3608,-1,3604,3605,3610,-1,6,6,3608,-1,3606,3608,6,-1,3611,3611,3611,-1,3612,3612,3612,-1,3613,3613,3613,-1,3614,3614,3614,-1,3615,3615,3615,-1,3616,3616,3616,-1,3617,3617,3617,-1,3618,3618,3618,-1,3619,3619,3619,-1,3620,3620,3620,-1,3621,3622,3623,-1,3624,3624,3624,-1,3625,3167,3626,-1,3625,3627,3167,-1,3628,3629,3630,-1,3621,3623,3631,-1,3629,3632,3630,-1,3626,3167,3169,-1,3633,3634,3635,-1,3636,3635,3634,-1,3637,3638,3639,-1,3640,3638,3637,-1,3641,3641,3641,-1,3642,3642,3642,-1,3643,3643,3643,-1,3644,3644,3644,-1,3645,3645,3645,-1,3646,3646,3646,-1,3647,3647,3647,-1,3648,3648,3648,-1,3649,3649,3649,-1,3650,3650,3650,-1,3651,3651,3651,-1,3652,3652,3652,-1,3599,3597,3180,-1,3597,3183,3180,-1,3597,3594,3653,-1,3594,3654,3653,-1,3655,3655,3655,-1,6,6,6,-1,3656,3656,3656,-1,3657,3657,3657,-1,3658,3658,3658,-1,3659,3659,3659,-1,3660,3660,3660,-1,3661,3661,3661,-1,3662,3662,3662,-1,3663,3193,3192,-1,3664,3664,3664,-1,393,393,393,-1,3665,3666,3667,-1,3668,3198,3197,-1,3667,3666,3669,-1,3670,3671,3672,-1,3673,3672,3671,-1,3674,3674,3674,-1,3675,3675,3675,-1,3568,3676,3570,-1,3566,3677,3568,-1,3678,3678,3678,-1,3231,3215,3566,-1,3566,3215,3677,-1,3231,3213,3215,-1,3679,3679,3679,-1,3149,3680,3150,-1,3681,3681,3681,-1,3682,3682,3682,-1,3683,3136,3546,-1,3684,3684,3684,-1,2936,3685,2937,-1,3686,3686,3686,-1,3687,3687,3687,-1,2927,3688,2928,-1,3689,2475,3690,-1,2475,3691,3690,-1,3692,3692,3692,-1,3693,2812,2814,-1,3694,3694,3694,-1,2922,3695,2923,-1,3696,2923,3695,-1,3697,3697,3697,-1,3698,3698,3698,-1,3699,3700,3701,-1,3702,3700,3699,-1,2926,2923,3696,-1,3703,3703,3703,-1,3704,3704,3704,-1,2868,3705,2872,-1,2868,3706,3705,-1,2868,3707,3706,-1,2868,3708,3707,-1,2868,3709,3708,-1,3709,3710,3708,-1,3709,3711,3710,-1,3711,3712,3710,-1,3711,3713,3712,-1,3713,3714,3712,-1,3713,3715,3714,-1,3715,3716,3714,-1,3715,3717,3716,-1,3717,3718,3716,-1,3719,3720,3721,-1,3722,3722,3722,-1,3720,3723,3724,-1,3720,3725,3723,-1,3725,3726,3723,-1,3725,3727,3726,-1,3727,3728,3726,-1,3727,3729,3728,-1,3729,3730,3728,-1,3729,3731,3730,-1,3731,3732,3730,-1,3731,3733,3732,-1,3733,3734,3732,-1,3733,3735,3734,-1,3735,3736,3734,-1,3735,3737,3736,-1,3737,3738,3736,-1,3739,3740,3741,-1,3742,3742,3742,-1,3740,3743,3744,-1,3740,3745,3743,-1,3745,3746,3743,-1,3745,3747,3746,-1,3747,3748,3746,-1,3747,3749,3748,-1,3749,3750,3748,-1,3749,3751,3750,-1,3751,3752,3750,-1,3751,3753,3752,-1,3753,3754,3752,-1,3753,3755,3754,-1,3755,3756,3754,-1,3755,3757,3756,-1,3757,3724,3756,-1,3758,3759,3760,-1,3761,3761,3761,-1,3762,3763,3764,-1,3762,3765,3763,-1,3762,3766,3765,-1,3766,3767,3765,-1,3766,3768,3767,-1,3768,3769,3767,-1,3768,3770,3769,-1,3770,3771,3769,-1,3770,3772,3771,-1,3772,3773,3771,-1,3772,2747,3773,-1,2747,2744,3773,-1,3774,3774,3774,-1,2747,3772,3775,-1,3772,3770,3776,-1,3768,3776,3770,-1,3777,3778,3779,-1,3778,3780,3779,-1,3781,3781,3781,-1,3766,3775,3768,-1,3782,3783,3784,-1,3785,3785,3785,-1,3786,3787,3788,-1,3789,3789,3789,-1,3783,3790,3791,-1,3792,2761,2763,-1,3793,3794,3795,-1,3796,3793,3795,-1,3783,3791,3784,-1,2818,3797,2819,-1,2480,3797,2818,-1,2480,2486,3797,-1,2491,3798,2492,-1,3749,3799,3751,-1,3753,3751,3800,-1,3801,3802,3803,-1,3802,3804,3803,-1,3805,3806,3807,-1,3808,3806,3805,-1,3809,3809,3809,-1,3810,3810,3810,-1,3755,3753,3811,-1,3812,3812,3812,-1,3813,3813,3813,-1,3814,3814,3814,-1,3815,3816,3817,-1,3815,3818,3816,-1,3819,3819,3819,-1,3820,3820,3820,-1,3821,3821,3821,-1,3822,3822,3822,-1,3823,3823,3823,-1,3759,3758,3824,-1,3825,3825,3825,-1,3757,3755,3826,-1,3827,3828,3829,-1,3828,3830,3829,-1,3747,3831,3749,-1,3832,3833,3834,-1,3833,3835,3834,-1,3745,3836,3747,-1,3745,3837,3836,-1,3838,3838,3838,-1,3839,3839,3839,-1,3740,3837,3745,-1,3740,3739,3837,-1,3840,3840,3840,-1,3841,3841,3841,-1,2504,3842,2505,-1,3843,3843,3843,-1,3844,3844,3844,-1,3845,3845,3845,-1,3762,3846,3766,-1,3737,3735,3847,-1,3848,2800,2799,-1,3735,3733,3849,-1,3733,3731,3850,-1,3729,3850,3731,-1,3727,3851,3729,-1,3852,2802,2804,-1,3853,3854,3855,-1,3856,3856,3856,-1,3720,3857,3725,-1,3853,3858,3854,-1,3859,3859,3859,-1,3720,3719,3857,-1,3717,3715,3860,-1,3861,3861,3861,-1,3715,3713,3862,-1,3863,2838,2837,-1,3713,3711,3864,-1,3709,3864,3711,-1,2868,3865,3709,-1,3866,2840,2842,-1,3867,3867,3867,-1,3868,3868,3868,-1,3790,3869,3791,-1,3870,2816,2815,-1,2481,2480,2818,-1,2475,2474,3691,-1,3871,3871,3871,-1,3872,2776,2778,-1,3873,3873,3873,-1,2510,3874,2511,-1,3875,3786,3788,-1,3876,3876,3876,-1,3877,2475,3689,-1,3878,3878,3878,-1,3879,3879,3879,-1,3880,3880,3880,-1,3881,2251,2253,-1,3882,3882,3882,-1,3883,3883,3883,-1,3884,3884,3884,-1,982,2134,982,-1,982,982,982,-1,3885,3885,3885,-1,982,982,982,-1,982,2130,3886,-1,982,982,3887,-1,2343,2343,2343,-1,3888,3888,3888,-1,3886,2130,3889,-1,3890,3890,3890,-1,3891,3891,3891,-1,3892,3892,3892,-1,3893,3893,3893,-1,3894,3894,3894,-1,3895,3895,3895,-1,3896,3896,3896,-1,3897,3897,3897,-1,3898,3898,3898,-1,3899,3899,3899,-1,3900,3900,3900,-1,3901,3887,3902,-1,3903,3904,3905,-1,982,3904,3903,-1,3906,3906,3906,-1,982,3887,3901,-1,3907,3907,3907,-1,982,982,3905,-1,3903,3905,982,-1,982,982,982,-1,3908,3908,3908,-1,3909,3909,3909,-1,3910,3910,3910,-1,3911,3911,3911,-1,3912,3912,3912,-1,3913,3913,3913,-1,3914,3914,3914,-1,3915,3915,3915,-1,3916,3916,3916,-1,3917,3917,3917,-1,3918,3918,3918,-1,3919,3920,3921,-1,3922,3922,3922,-1,3923,3923,3923,-1,3924,3924,3924,-1,3925,3925,3925,-1,3926,3926,3926,-1,3927,3927,3927,-1,3928,3928,3928,-1,3929,3929,3929,-1,3930,3930,3930,-1,3931,3931,3931,-1,3932,3932,3932,-1,3933,3933,3933,-1,3934,3935,3936,-1,3936,3935,3937,-1,3938,3939,3940,-1,3941,3940,3939,-1,3941,3942,3940,-1,3942,3943,3940,-1,3944,3944,3944,-1,3945,3945,3945,-1,3946,3946,3946,-1,3947,3947,3947,-1,3948,3919,3921,-1,532,532,532,-1,3949,3949,3949,-1,3950,3950,3950,-1,3951,3951,3951,-1,982,982,982,-1,982,982,982,-1,3952,3952,3952,-1,3953,3953,3953,-1,3954,3955,3956,-1,3955,3957,3956,-1,3958,3958,3958,-1,3959,3959,3959,-1,3960,2422,2421,-1,3961,3961,3961,-1,3962,3962,3962,-1,3963,3963,3963            ]
          }
        }
        Shape {
          appearance USE M1
          geometry IndexedFaceSet {
            coord Coordinate {
              point [
-2954.36992645 1783.09263554 16058.79945315,-3012.89997101 1777.3218076 11658.79945409,-2954.36992645 1783.09191869 11658.79945315,-3012.89997101 1777.32252445 16058.79945409,-3012.89997101 1783.08252753 16064.59931887,-2954.36992645 1783.08252661 16058.90016116,-2954.36992645 6183.08252661 16058.89944431,-3012.89997101 6183.08252753 16064.59860202,-3069.16999817 1783.08253032 16081.69984378,-3069.16999817 6183.08253032 16081.69912693,-3121.03996277 1783.08253483 16109.39912356,-3069.16999817 1760.25270786 16058.79945687,-3121.03996277 1732.53192113 11658.79946139,-3069.16999817 1760.25199101 11658.79945687,-3121.03996277 1732.53263798 16058.79946139,-3166.50009155 1695.22189305 11658.79946747,-3166.50009155 1695.2226099 16058.79946747,-3166.50009155 1783.08254091 16146.69923342,-3121.03996277 6183.08253483 16109.39840671,-3166.50009155 6183.08254091 16146.69851657,-3203.81011963 1783.08254832 16192.19941653,-3166.50009155 6270.96247044 16058.79872198,-3121.03996277 6233.65244236 16058.79872806,-3121.03996277 6233.65172551 11658.79872806,-3166.50009155 6270.96175359 11658.79872198,-3203.81011963 6316.42259922 16058.79871458,-3203.81011963 6316.42188237 11658.79871458,-3231.52999878 6368.28264561 16058.79870613,-3203.81011963 6183.08254832 16192.19869968,-3231.52999878 6183.08255678 16244.09841892,-3231.52999878 1783.08255678 16244.09913577,-3248.6000061 1783.08256595 16300.39948977,-3231.52999878 1597.89261189 16058.79948332,-3203.81011963 1649.76267185 16058.79947487,-3231.52999878 1597.89189503 11658.79948332,-3203.81011963 1649.761955 11658.79947487,-3248.6000061 1541.62186787 11658.79949249,-3248.6000061 1541.61257114 16058.79949249,-3254.37011719 1483.09191869 11658.79950203,-3254.37011719 1483.09263554 16058.79950203,-3248.6000061 1424.56187413 11658.79951156,-3248.6000061 1424.56259098 16058.79951156,-3231.52999878 1368.28192876 11658.79952073,-3231.52999878 1368.28264561 16058.79952073,-3203.81011963 1316.42188237 11658.79952918,-3203.81011963 1316.42259922 16058.79952918,-3166.50009155 1270.96194432 11658.79953659,-3166.50009155 1270.96266117 16058.79953659,-3121.03996277 1233.65191624 11658.79954267,-3121.03996277 1233.6526331 16058.79954267,-3069.16999817 1205.92192815 11658.79954718,-3069.16999817 1205.922645 16058.79954718,-3012.89997101 1188.85192082 11658.79954996,-3012.89997101 1188.85263767 16058.79954996,-2954.36992645 1183.09191869 11658.7995509,-2954.36992645 1183.09263554 16058.7995509,-2954.36992645 1783.08262436 16658.90016116,-3012.89997101 6183.08262341 16653.09957859,-2954.36992645 6183.08262436 16658.89944431,-3012.89997101 1783.08262341 16653.10029544,-3069.16999817 6183.08262063 16635.99905368,-3069.16999817 1783.08262063 16635.99977053,-3121.03996277 6183.08261611 16608.29824802,-3121.03996277 1783.08261611 16608.29896487,-3166.50009155 6183.08261004 16570.99966403,-3166.50009155 1783.08261004 16571.00038089,-3203.81011963 6183.08260262 16525.49948093,-3203.81011963 1783.08260262 16525.50019778,-3231.52999878 6183.08259418 16473.69894382,-3231.52999878 1783.08259418 16473.69966067,-3248.6000061 6183.08258501 16417.39858982,-3248.6000061 1783.08258501 16417.39930667,-3254.37011719 6183.08257548 16358.89944431,-3254.37011719 1783.08257548 16358.90016116,-3248.6000061 6183.08256595 16300.39877292,-3254.37011719 6483.09282627 16058.79868742,-3248.6000061 6424.56240025 16058.79869696,-3248.6000061 6424.5616834 11658.79869696,-3254.37011719 6483.09210942 11658.79868742,-3248.6000061 6541.62248936 16058.79867789,-3248.6000061 6541.62177251 11658.79867789,-3231.52999878 6597.89232578 16058.79866872,-3231.52999878 6597.89160893 11658.79866872,-3203.81011963 6649.76229038 16058.79866027,-3203.81011963 6649.76157353 11658.79866027,-3166.50009155 6695.22280064 16058.79865286,-3166.50009155 6695.22208379 11658.79865286,-3121.03996277 6732.53282871 16058.79864678,-3121.03996277 6732.53211186 11658.79864678,-3069.16999817 6760.25270786 16058.79864227,-3069.16999817 6760.25199101 11658.79864227,-3012.89997101 6777.32271519 16058.79863949,-3012.89997101 6777.32199834 11658.79863949,-2954.36992645 6783.09282627 16058.79863855,-3231.52999878 6368.28192876 11658.79870613,-3069.16999817 6205.92192815 11658.79873258,-3069.16999817 6205.922645 16058.79873258,-3012.89997101 6188.85192082 11658.79873536,-3012.89997101 6188.85263767 16058.79873536,-2954.36992645 6183.09172795 11658.7987363,-2954.36992645 6183.0924448 16058.7987363,-2954.36992645 1783.1018369 11658.79945315              ]
            }
            coordIndex [
0,1,2,-1,0,3,1,-1,4,3,0,-1,4,0,5,-1,4,6,7,-1,8,4,7,-1,8,3,4,-1,4,5,6,-1,8,7,9,-1,10,8,9,-1,10,11,8,-1,8,11,3,-1,11,12,13,-1,3,11,13,-1,11,14,12,-1,10,14,11,-1,14,15,12,-1,14,16,15,-1,17,16,14,-1,17,14,10,-1,17,18,19,-1,20,17,19,-1,20,16,17,-1,17,10,18,-1,18,21,19,-1,10,9,18,-1,9,22,18,-1,18,22,21,-1,23,21,22,-1,23,24,21,-1,24,25,21,-1,19,21,25,-1,24,26,25,-1,26,27,25,-1,28,25,27,-1,19,25,28,-1,28,27,29,-1,30,28,29,-1,30,20,28,-1,20,19,28,-1,31,30,29,-1,31,32,30,-1,30,33,20,-1,30,32,33,-1,33,34,35,-1,16,33,35,-1,20,33,16,-1,33,32,34,-1,32,36,34,-1,32,37,36,-1,37,38,36,-1,37,39,38,-1,39,40,38,-1,39,41,40,-1,41,42,40,-1,41,43,42,-1,43,44,42,-1,43,45,44,-1,45,46,44,-1,45,47,46,-1,47,48,46,-1,47,49,48,-1,49,50,48,-1,49,51,50,-1,51,52,50,-1,51,53,52,-1,53,54,52,-1,53,55,54,-1,56,55,53,-1,56,57,58,-1,56,59,57,-1,56,53,59,-1,59,60,57,-1,59,61,60,-1,59,51,61,-1,59,53,51,-1,61,62,60,-1,61,63,62,-1,61,49,63,-1,61,51,49,-1,63,64,62,-1,63,65,64,-1,63,47,65,-1,63,49,47,-1,65,66,64,-1,65,67,66,-1,65,45,67,-1,65,47,45,-1,67,68,66,-1,67,69,68,-1,67,43,69,-1,67,45,43,-1,69,70,68,-1,69,71,70,-1,69,41,71,-1,69,43,41,-1,71,72,70,-1,71,73,72,-1,71,39,73,-1,71,41,39,-1,73,74,72,-1,73,31,74,-1,73,37,31,-1,73,39,37,-1,74,75,72,-1,31,29,74,-1,29,76,74,-1,74,76,75,-1,77,75,76,-1,77,78,75,-1,78,79,75,-1,72,75,79,-1,78,80,79,-1,80,81,79,-1,70,79,81,-1,72,79,70,-1,80,82,81,-1,82,83,81,-1,68,81,83,-1,70,81,68,-1,82,84,83,-1,84,85,83,-1,66,83,85,-1,68,83,66,-1,84,86,85,-1,86,87,85,-1,64,85,87,-1,66,85,64,-1,86,88,87,-1,88,89,87,-1,62,87,89,-1,64,87,62,-1,88,90,89,-1,90,91,89,-1,60,89,91,-1,62,89,60,-1,90,92,91,-1,92,93,91,-1,57,91,93,-1,60,91,57,-1,57,93,58,-1,94,77,76,-1,94,76,27,-1,26,94,27,-1,29,27,76,-1,31,37,32,-1,16,35,15,-1,95,23,22,-1,95,22,96,-1,97,95,96,-1,97,96,98,-1,99,97,98,-1,99,98,100,-1,7,98,96,-1,9,96,22,-1,7,96,9,-1,3,13,1,-1,101,2,1,-1,0,1,2,-1,0,3,1,-1,4,3,0,-1,4,0,5,-1,4,6,7,-1,8,4,7,-1,8,3,4,-1,4,5,6,-1,8,7,9,-1,10,8,9,-1,10,11,8,-1,8,11,3,-1,11,12,13,-1,3,11,13,-1,11,14,12,-1,10,14,11,-1,14,15,12,-1,14,16,15,-1,17,16,14,-1,17,14,10,-1,17,18,19,-1,20,17,19,-1,20,16,17,-1,17,10,18,-1,18,21,19,-1,10,9,18,-1,9,22,18,-1,18,22,21,-1,23,21,22,-1,23,24,21,-1,24,25,21,-1,19,21,25,-1,24,26,25,-1,26,27,25,-1,28,25,27,-1,19,25,28,-1,28,27,29,-1,30,28,29,-1,30,20,28,-1,20,19,28,-1,31,30,29,-1,31,32,30,-1,30,33,20,-1,30,32,33,-1,33,34,35,-1,16,33,35,-1,20,33,16,-1,33,32,34,-1,32,36,34,-1,32,37,36,-1,37,38,36,-1,37,39,38,-1,39,40,38,-1,39,41,40,-1,41,42,40,-1,41,43,42,-1,43,44,42,-1,43,45,44,-1,45,46,44,-1,45,47,46,-1,47,48,46,-1,47,49,48,-1,49,50,48,-1,49,51,50,-1,51,52,50,-1,51,53,52,-1,53,54,52,-1,53,55,54,-1,56,55,53,-1,56,57,58,-1,56,59,57,-1,56,53,59,-1,59,60,57,-1,59,61,60,-1,59,51,61,-1,59,53,51,-1,61,62,60,-1,61,63,62,-1,61,49,63,-1,61,51,49,-1,63,64,62,-1,63,65,64,-1,63,47,65,-1,63,49,47,-1,65,66,64,-1,65,67,66,-1,65,45,67,-1,65,47,45,-1,67,68,66,-1,67,69,68,-1,67,43,69,-1,67,45,43,-1,69,70,68,-1,69,71,70,-1,69,41,71,-1,69,43,41,-1,71,72,70,-1,71,73,72,-1,71,39,73,-1,71,41,39,-1,73,74,72,-1,73,31,74,-1,73,37,31,-1,73,39,37,-1,74,75,72,-1,31,29,74,-1,29,76,74,-1,74,76,75,-1,77,75,76,-1,77,78,75,-1,78,79,75,-1,72,75,79,-1,78,80,79,-1,80,81,79,-1,70,79,81,-1,72,79,70,-1,80,82,81,-1,82,83,81,-1,68,81,83,-1,70,81,68,-1,82,84,83,-1,84,85,83,-1,66,83,85,-1,68,83,66,-1,84,86,85,-1,86,87,85,-1,64,85,87,-1,66,85,64,-1,86,88,87,-1,88,89,87,-1,62,87,89,-1,64,87,62,-1,88,90,89,-1,90,91,89,-1,60,89,91,-1,62,89,60,-1,90,92,91,-1,92,93,91,-1,57,91,93,-1,60,91,57,-1,57,93,58,-1,94,77,76,-1,94,76,27,-1,26,94,27,-1,29,27,76,-1,31,37,32,-1,16,35,15,-1,95,23,22,-1,95,22,96,-1,97,95,96,-1,97,96,98,-1,99,97,98,-1,99,98,100,-1,7,98,96,-1,9,96,22,-1,7,96,9,-1,3,13,1,-1,101,2,1            ]
            ccw TRUE
            normalPerVertex TRUE
            normal Normal {
              vector [
0.09811 0 -0.99518,0.09811 0 -0.99518,0.09811 0 -0.99518,0.09811 0 -0.99518,0.06977 -0.7029 -0.70785,-0.00981 0.10151 -0.99479,0.09691 -0.99529 0,0.09691 -0.99529 0,0.29077 -0.95679 0,0.29077 -0.95679 0,0.20957 -0.68929 -0.69352,0.20996 -0.6901 -0.69259,0.20936 -0.68886 -0.69401,0.09691 -0.99529 0,0.47106 -0.8821 0,0.35335 -0.66092 -0.66206,0.35327 -0.66088 -0.66215,0.35277 -0.66061 -0.66268,0.21004 -0.69026 -0.6924,0.47133 0 -0.88196,0.2903 0 -0.95694,0.47133 0 -0.88196,0.35364 -0.66108 -0.66175,0.63441 0 -0.77299,0.63441 0 -0.773,0.50182 -0.61141 -0.61184,0.50202 -0.6114 -0.61169,0.50193 -0.6114 -0.61176,0.50167 -0.61141 -0.61197,0.63431 -0.77308 0,0.63431 -0.77308 0,0.77327 -0.63408 0,0.65293 -0.53545 -0.5357,0.65285 -0.53547 -0.53578,0.65298 -0.53544 -0.53566,0.50186 -0.61153 0.6117,0.50193 -0.61145 0.61171,0.5018 -0.61159 0.61168,0.35352 -0.66095 0.66194,0.35387 -0.66057 0.66214,0.35317 -0.66134 0.66174,0.50204 -0.61134 0.61174,0.63441 0 0.77299,0.77299 0 0.63442,0.65294 -0.53546 0.53568,0.65276 -0.53562 0.53573,0.65282 -0.53557 0.53571,0.773 0 0.6344,0.88192 0 0.4714,0.79787 -0.42615 0.42638,0.79779 -0.42624 0.42643,0.79781 -0.42622 0.42642,0.65296 -0.53544 0.53567,0.79788 -0.42615 0.42637,0.88207 -0.47111 0,0.88207 -0.47112 0,0.88207 -0.47112 0,0.88207 -0.47111 0,0.95698 -0.29016 0,0.95698 -0.29016 0,0.95698 -0.29015 0,0.91904 -0.27864 -0.27881,0.91906 -0.27861 -0.27876,0.91903 -0.27864 -0.27882,0.79787 -0.42614 -0.4264,0.79787 -0.42614 -0.42639,0.79786 -0.42614 -0.4264,0.79787 -0.42614 -0.42639,0.88196 0 -0.47133,0.77299 0 -0.63441,0.65283 -0.53547 -0.5358,0.88196 0 -0.47133,0.95694 0 -0.2903,0.95695 0 -0.29025,0.99518 0 -0.09811,0.99517 0 -0.09812,0.99518 0 0.09811,0.99518 0 0.09811,0.95695 0 0.29025,0.88192 0 0.4714,0.77299 0 0.63441,0.77299 0 0.63441,0.63441 0 0.773,0.47146 0 0.88188,0.47146 0 0.88189,0.29029 0 0.95694,0.2903 0 0.95694,0.09793 0 0.99519,0.09794 0 0.99519,0.09794 0 0.99519,0.09793 0 0.99519,0.06943 0.70533 0.70547,0.09861 0.99513 0,0.09861 0.99513 0,0.09861 0.99513 0,0.06989 0.70534 0.70542,0.29077 0.95679 0,0.29077 0.95679 0,0.21007 0.6913 0.69135,0.21023 0.69129 0.69132,0.21009 0.6913 0.69135,0.20975 0.69134 0.69142,0.47108 0.88209 0,0.47108 0.88209 0,0.47108 0.88209 0,0.35328 0.66147 0.66155,0.3536 0.6614 0.66145,0.35326 0.66147 0.66156,0.35361 0.6614 0.66145,0.6343 0.77309 0,0.6343 0.77309 0,0.5018 0.61159 0.61168,0.50195 0.61153 0.61161,0.50179 0.61159 0.61169,0.50196 0.61153 0.61161,0.77327 0.63408 0,0.65302 0.53549 0.53555,0.65276 0.53564 0.53572,0.65304 0.53548 0.53554,0.65275 0.53564 0.53573,0.88169 0.47182 0,0.8817 0.47181 0,0.8817 0.47181 0,0.88169 0.47182 0,0.79739 0.42666 0.42676,0.79773 0.42638 0.42642,0.79736 0.42669 0.42679,0.79774 0.42637 0.4264,0.95698 0.29015 0,0.95698 0.29016 0,0.95698 0.29016 0,0.95698 0.29015 0,0.91906 0.27866 0.27872,0.91904 0.27868 0.27875,0.91906 0.27866 0.27872,0.91904 0.27868 0.27875,0.99517 0.09816 0,0.99517 0.09816 0,0.99517 0.09816 0,0.99041 0.09768 0.09772,0.99042 0.09762 0.09764,0.99041 0.09769 0.09773,0.99042 0.09762 0.09764,0.99517 -0.09816 0,0.99041 -0.09768 -0.09773,0.99042 -0.09762 -0.09766,0.99041 -0.09769 -0.09774,0.99042 -0.09762 -0.09766,0.99041 -0.09768 0.09771,0.99042 -0.0976 0.09765,0.99041 -0.09769 0.09772,0.95698 -0.29015 0,0.91904 -0.27864 0.27879,0.91906 -0.27862 0.27876,0.91904 -0.27865 0.27879,0.99043 -0.09759 0.09764,0.99518 0 0.09811,0.99518 0 0.09811,0.99518 0 -0.09811,0.99041 0.09769 -0.0977,0.99042 0.0976 -0.09764,0.99042 0.09761 -0.09765,0.99518 0 -0.09811,0.91906 0.27866 -0.27872,0.91901 0.27874 -0.27879,0.91902 0.27873 -0.27878,0.99041 0.09769 -0.09771,0.7974 0.42669 -0.42671,0.79783 0.42625 -0.42636,0.79779 0.42629 -0.42639,0.91906 0.27866 -0.27872,0.77299 0 -0.63441,0.65302 0.53549 -0.53555,0.65273 0.53568 -0.53571,0.65275 0.53567 -0.5357,0.79739 0.42671 -0.42672,0.773 0 -0.6344,0.6344 0 -0.773,0.5018 0.61161 -0.61166,0.50196 0.61153 -0.61161,0.50195 0.61154 -0.61161,0.65303 0.53548 -0.53555,0.47133 0 -0.88196,0.35328 0.66149 -0.66153,0.35351 0.66142 -0.66148,0.3535 0.66143 -0.66148,0.50179 0.61161 -0.61167,0.29029 0 -0.95694,0.21007 0.6913 -0.69136,0.20974 0.69136 -0.6914,0.20976 0.69136 -0.6914,0.35327 0.6615 -0.66153,0.29029 0 -0.95694,0.0981 0 -0.99518,0.06954 0.70536 -0.70543,0.21008 0.69129 -0.69136,0.0699 0.70532 -0.70543,0.91906 -0.27861 0.27875,0.91906 -0.27861 -0.27875,0.29029 0 0.95694,0.09795 0 0.99519,0.09793 0 0.99519,0.21019 -0.68934 0.69327,0.354 -0.66043 0.66221,0.20983 -0.69045 0.69228,0.29029 0 -0.95694,0 1 0              ]
            }
            normalIndex [
0,1,2,-1,0,3,1,-1,4,4,4,-1,5,5,5,-1,6,7,7,-1,8,9,8,-1,10,11,12,-1,6,13,7,-1,8,8,8,-1,14,14,14,-1,15,16,17,-1,10,18,11,-1,19,19,19,-1,20,20,20,-1,21,21,21,-1,15,22,16,-1,23,23,23,-1,24,24,24,-1,25,26,27,-1,25,27,28,-1,29,29,30,-1,31,31,31,-1,32,33,34,-1,29,30,29,-1,35,36,37,-1,14,14,14,-1,38,39,40,-1,35,41,36,-1,42,42,42,-1,42,42,42,-1,43,43,43,-1,44,45,46,-1,47,47,47,-1,48,48,48,-1,49,50,51,-1,44,46,52,-1,49,51,53,-1,54,55,56,-1,54,57,55,-1,31,31,31,-1,58,59,60,-1,61,62,63,-1,64,65,66,-1,64,67,65,-1,68,68,68,-1,69,69,69,-1,32,70,33,-1,71,71,71,-1,72,72,72,-1,73,73,73,-1,74,74,74,-1,75,75,75,-1,76,76,76,-1,77,77,77,-1,78,78,78,-1,78,78,78,-1,48,48,48,-1,79,79,79,-1,80,80,80,-1,81,81,81,-1,82,82,82,-1,82,82,82,-1,83,83,83,-1,84,84,84,-1,85,85,85,-1,86,86,86,-1,87,88,89,-1,87,90,88,-1,91,91,91,-1,92,93,93,-1,92,94,93,-1,95,95,95,-1,96,96,96,-1,96,97,96,-1,98,99,100,-1,98,101,99,-1,102,103,104,-1,102,102,103,-1,105,106,107,-1,105,108,106,-1,109,110,110,-1,109,109,110,-1,111,112,113,-1,111,114,112,-1,115,115,115,-1,115,115,115,-1,116,117,118,-1,116,119,117,-1,120,121,122,-1,120,123,121,-1,124,125,126,-1,124,127,125,-1,128,129,130,-1,128,131,129,-1,132,133,134,-1,132,135,133,-1,136,137,138,-1,136,136,137,-1,139,140,141,-1,139,142,140,-1,143,143,143,-1,143,143,143,-1,144,145,146,-1,144,147,145,-1,148,149,150,-1,58,60,151,-1,152,153,154,-1,148,155,149,-1,156,156,156,-1,157,157,157,-1,158,158,158,-1,159,160,161,-1,162,162,162,-1,72,72,72,-1,163,164,165,-1,159,161,166,-1,72,72,72,-1,68,68,68,-1,167,168,169,-1,163,165,170,-1,68,68,68,-1,171,171,171,-1,172,173,174,-1,167,169,175,-1,176,176,176,-1,177,177,177,-1,178,179,180,-1,172,174,181,-1,23,23,23,-1,182,182,182,-1,183,184,185,-1,178,180,186,-1,182,182,182,-1,187,187,187,-1,188,189,190,-1,183,185,191,-1,192,192,192,-1,193,193,193,-1,194,194,194,-1,188,190,195,-1,196,196,196,-1,78,78,78,-1,78,78,78,-1,48,48,48,-1,152,197,153,-1,61,198,62,-1,171,171,171,-1,84,84,84,-1,84,84,84,-1,85,85,85,-1,199,199,199,-1,200,200,200,-1,201,201,201,-1,202,202,202,-1,38,203,39,-1,204,204,204,-1,205,205,205,-1,206,206,206,-1,0,1,2,-1,0,3,1,-1,4,4,4,-1,5,5,5,-1,6,7,7,-1,8,9,8,-1,10,11,12,-1,6,13,7,-1,8,8,8,-1,14,14,14,-1,15,16,17,-1,10,18,11,-1,19,19,19,-1,20,20,20,-1,21,21,21,-1,15,22,16,-1,23,23,23,-1,24,24,24,-1,25,26,27,-1,25,27,28,-1,29,29,30,-1,31,31,31,-1,32,33,34,-1,29,30,29,-1,35,36,37,-1,14,14,14,-1,38,39,40,-1,35,41,36,-1,42,42,42,-1,42,42,42,-1,43,43,43,-1,44,45,46,-1,47,47,47,-1,48,48,48,-1,49,50,51,-1,44,46,52,-1,49,51,53,-1,54,55,56,-1,54,57,55,-1,31,31,31,-1,58,59,60,-1,61,62,63,-1,64,65,66,-1,64,67,65,-1,68,68,68,-1,69,69,69,-1,32,70,33,-1,71,71,71,-1,72,72,72,-1,73,73,73,-1,74,74,74,-1,75,75,75,-1,76,76,76,-1,77,77,77,-1,78,78,78,-1,78,78,78,-1,48,48,48,-1,79,79,79,-1,80,80,80,-1,81,81,81,-1,82,82,82,-1,82,82,82,-1,83,83,83,-1,84,84,84,-1,85,85,85,-1,86,86,86,-1,87,88,89,-1,87,90,88,-1,91,91,91,-1,92,93,93,-1,92,94,93,-1,95,95,95,-1,96,96,96,-1,96,97,96,-1,98,99,100,-1,98,101,99,-1,102,103,104,-1,102,102,103,-1,105,106,107,-1,105,108,106,-1,109,110,110,-1,109,109,110,-1,111,112,113,-1,111,114,112,-1,115,115,115,-1,115,115,115,-1,116,117,118,-1,116,119,117,-1,120,121,122,-1,120,123,121,-1,124,125,126,-1,124,127,125,-1,128,129,130,-1,128,131,129,-1,132,133,134,-1,132,135,133,-1,136,137,138,-1,136,136,137,-1,139,140,141,-1,139,142,140,-1,143,143,143,-1,143,143,143,-1,144,145,146,-1,144,147,145,-1,148,149,150,-1,58,60,151,-1,152,153,154,-1,148,155,149,-1,156,156,156,-1,157,157,157,-1,158,158,158,-1,159,160,161,-1,162,162,162,-1,72,72,72,-1,163,164,165,-1,159,161,166,-1,72,72,72,-1,68,68,68,-1,167,168,169,-1,163,165,170,-1,68,68,68,-1,171,171,171,-1,172,173,174,-1,167,169,175,-1,176,176,176,-1,177,177,177,-1,178,179,180,-1,172,174,181,-1,23,23,23,-1,182,182,182,-1,183,184,185,-1,178,180,186,-1,182,182,182,-1,187,187,187,-1,188,189,190,-1,183,185,191,-1,192,192,192,-1,193,193,193,-1,194,194,194,-1,188,190,195,-1,196,196,196,-1,78,78,78,-1,78,78,78,-1,48,48,48,-1,152,197,153,-1,61,198,62,-1,171,171,171,-1,84,84,84,-1,84,84,84,-1,85,85,85,-1,199,199,199,-1,200,200,200,-1,201,201,201,-1,202,202,202,-1,38,203,39,-1,204,204,204,-1,205,205,205,-1,206,206,206            ]
          }
        }
        Shape {
          appearance USE M0
          geometry IndexedFaceSet {
            coord Coordinate {
              point [
14806.79931641 1281.08203836 12757.70013919,16610.8001709 1281.08203836 12757.70013919,16610.8001709 1281.08200578 12557.70013919,14806.79931641 1081.08203836 12757.70017177,14806.79931641 1281.08200578 12557.70013919,14806.79931641 1081.08200578 12557.70017177,16610.8001709 1081.08203836 12757.70017177,16610.8001709 1081.08200578 12557.70017177,14808.79974365 1281.08239679 14957.69937625,14808.79974365 1281.08203836 12757.70013919,14608.79974365 1281.08203836 12757.70013919,14808.79974365 1081.08239679 14957.69940883,14608.79974365 1281.08239679 14957.69937625,14608.79974365 1081.08239679 14957.69940883,14808.79974365 1081.08203836 12757.70017177,14608.79974365 1081.08203836 12757.70017177,16808.79974365 -118.91756745 14957.69960434,16808.79974365 -118.91792587 12757.70036727,16608.79974365 -118.91792587 12757.70036727,16808.79974365 -318.91755553 14957.69963692,16608.79974365 -118.91756745 14957.69960434,16608.79974365 -318.91755553 14957.69963692,16808.79974365 -318.91791395 12757.70039986,16608.79974365 -318.91791395 12757.70039986,14808.79974365 -118.91756745 14957.69960434,14808.79974365 -118.91792587 12757.70036727,14608.79974365 -118.91792587 12757.70036727,14808.79974365 -318.91755553 14957.69963692,14608.79974365 -118.91756745 14957.69960434,14608.79974365 -318.91755553 14957.69963692,14808.79974365 -318.91791395 12757.70039986,14608.79974365 -318.91791395 12757.70039986,16808.79974365 1281.08239679 14957.69937625,16808.79974365 1281.08203836 12757.70013919,16608.79974365 1281.08203836 12757.70013919,16808.79974365 1081.08239679 14957.69940883,16608.79974365 1281.08239679 14957.69937625,16608.79974365 1081.08239679 14957.69940883,16808.79974365 1081.08203836 12757.70017177,16608.79974365 1081.08203836 12757.70017177,14806.79931641 1281.08242937 15157.69937625,16610.8001709 1281.08242937 15157.69937625,16610.8001709 1281.08239679 14957.69937625,14806.79931641 1081.08242937 15157.69940883,14806.79931641 1281.08239679 14957.69937625,14806.79931641 1081.08239679 14957.69940883,16610.8001709 1081.08242937 15157.69940883,16610.8001709 1081.08239679 14957.69940883,14806.79931641 -118.91792587 12757.70036727,16610.8001709 -118.91792587 12757.70036727,16610.8001709 -118.91795846 12557.70036727,14806.79931641 -318.91791395 12757.70039986,14806.79931641 -118.91795846 12557.70036727,14806.79931641 -318.91794654 12557.70039986,16610.8001709 -318.91791395 12757.70039986,16610.8001709 -318.91794654 12557.70039986,14806.79931641 -118.91753487 15157.69960434,16610.8001709 -118.91753487 15157.69960434,16610.8001709 -118.91756745 14957.69960434,14806.79931641 -318.91752294 15157.69963692,14806.79931641 -118.91756745 14957.69960434,14806.79931641 -318.91755553 14957.69963692,16610.8001709 -318.91752294 15157.69963692,16610.8001709 -318.91755553 14957.69963692,14610.8001709 -918.91757063 15157.69973467,14610.8001709 2633.7625403 15157.69915587,14610.8001709 2578.67236642 14957.69916484,14806.79931641 -918.91757063 15157.69973467,14610.8001709 -918.91760321 14957.69973467,14806.79931641 -918.91760321 14957.69973467,14806.79931641 2633.7625403 15157.69915587,14806.79931641 2578.67236642 14957.69916484,14308.79974365 -1038.91753526 15257.69975422,14308.79974365 -922.91755052 15257.69973532,14308.79974365 -922.91761569 14857.69973532,15108.79974365 -1038.91753526 15257.69975422,14308.79974365 -1038.91760043 14857.69975422,15108.79974365 -1038.91760043 14857.69975422,15108.79974365 -922.91755052 15257.69973532,15108.79974365 -922.91761569 14857.69973532,16308.79974365 -1038.91753526 15257.69975422,16308.79974365 -922.91755052 15257.69973532,16308.79974365 -922.91761569 14857.69973532,17108.79974365 -1038.91753526 15257.69975422,16308.79974365 -1038.91760043 14857.69975422,17108.79974365 -1038.91760043 14857.69975422,17108.79974365 -922.91755052 15257.69973532,17108.79974365 -922.91761569 14857.69973532,16610.8001709 -918.91757063 15157.69973467,16610.8001709 2566.14245363 15157.69916688,16610.8001709 2484.77244882 14957.69918014,16806.79931641 -918.91757063 15157.69973467,16610.8001709 -918.91760321 14957.69973467,16806.79931641 -918.91760321 14957.69973467,16806.79931641 2566.14245363 15157.69916688,16806.79931641 2484.77244882 14957.69918014,16610.8001709 -918.91796164 12757.70049761,16610.8001709 2477.02215143 12757.69994434,16610.8001709 2556.65201692 12557.69993137,16806.79931641 -918.91796164 12757.70049761,16610.8001709 -918.91799422 12557.70049761,16806.79931641 -918.91799422 12557.70049761,16806.79931641 2477.02215143 12757.69994434,16806.79931641 2556.65201692 12557.69993137,16308.79974365 -1038.91792627 12857.69975422,16308.79974365 -922.91794153 12857.69973532,16308.79974365 -922.9180067 12457.70049826,17108.79974365 -1038.91792627 12857.69975422,16308.79974365 -1038.91799144 12457.70051716,17108.79974365 -1038.91799144 12457.70051716,17108.79974365 -922.91794153 12857.69973532,17108.79974365 -922.9180067 12457.70049826,14308.79974365 -1038.91792627 12857.69975422,14308.79974365 -922.91794153 12857.69973532,14308.79974365 -922.9180067 12457.70049826,15108.79974365 -1038.91792627 12857.69975422,14308.79974365 -1038.91799144 12457.70051716,15108.79974365 -1038.91799144 12457.70051716,15108.79974365 -922.91794153 12857.69973532,15108.79974365 -922.9180067 12457.70049826,14610.8001709 -918.91796164 12757.70049761,14610.8001709 2574.10200067 12757.69992853,14610.8001709 2625.74209718 12557.69992011,14806.79931641 -918.91796164 12757.70049761,14610.8001709 -918.91799422 12557.70049761,14806.79931641 -918.91799422 12557.70049761,14806.79931641 2574.10200067 12757.69992853,14806.79931641 2625.74209718 12557.69992011              ]
            }
            coordIndex [
0,1,2,-1,3,1,0,-1,0,2,4,-1,4,3,0,-1,5,6,3,-1,3,6,1,-1,4,5,3,-1,4,7,5,-1,5,7,6,-1,4,2,7,-1,7,2,1,-1,7,1,6,-1,8,9,10,-1,11,9,8,-1,8,10,12,-1,12,11,8,-1,13,14,11,-1,11,14,9,-1,12,13,11,-1,12,15,13,-1,13,15,14,-1,12,10,15,-1,15,10,9,-1,15,9,14,-1,16,17,18,-1,19,17,16,-1,16,18,20,-1,20,19,16,-1,21,22,19,-1,19,22,17,-1,20,21,19,-1,20,23,21,-1,21,23,22,-1,20,18,23,-1,23,18,17,-1,23,17,22,-1,24,25,26,-1,27,25,24,-1,24,26,28,-1,28,27,24,-1,29,30,27,-1,27,30,25,-1,28,29,27,-1,28,31,29,-1,29,31,30,-1,28,26,31,-1,31,26,25,-1,31,25,30,-1,32,33,34,-1,35,33,32,-1,32,34,36,-1,36,35,32,-1,37,38,35,-1,35,38,33,-1,36,37,35,-1,36,39,37,-1,37,39,38,-1,36,34,39,-1,39,34,33,-1,39,33,38,-1,40,41,42,-1,43,41,40,-1,40,42,44,-1,44,43,40,-1,45,46,43,-1,43,46,41,-1,44,45,43,-1,44,47,45,-1,45,47,46,-1,44,42,47,-1,47,42,41,-1,47,41,46,-1,48,49,50,-1,51,49,48,-1,48,50,52,-1,52,51,48,-1,53,54,51,-1,51,54,49,-1,52,53,51,-1,52,55,53,-1,53,55,54,-1,52,50,55,-1,55,50,49,-1,55,49,54,-1,56,57,58,-1,59,57,56,-1,56,58,60,-1,60,59,56,-1,61,62,59,-1,59,62,57,-1,60,61,59,-1,60,63,61,-1,61,63,62,-1,60,58,63,-1,63,58,57,-1,63,57,62,-1,64,65,66,-1,67,65,64,-1,64,66,68,-1,68,67,64,-1,69,70,67,-1,67,70,65,-1,68,69,67,-1,68,71,69,-1,69,71,70,-1,68,66,71,-1,71,66,65,-1,71,65,70,-1,72,73,74,-1,75,73,72,-1,72,74,76,-1,76,75,72,-1,77,78,75,-1,75,78,73,-1,76,77,75,-1,76,79,77,-1,77,79,78,-1,76,74,79,-1,79,74,73,-1,79,73,78,-1,80,81,82,-1,83,81,80,-1,80,82,84,-1,84,83,80,-1,85,86,83,-1,83,86,81,-1,84,85,83,-1,84,87,85,-1,85,87,86,-1,84,82,87,-1,87,82,81,-1,87,81,86,-1,88,89,90,-1,91,89,88,-1,88,90,92,-1,92,91,88,-1,93,94,91,-1,91,94,89,-1,92,93,91,-1,92,95,93,-1,93,95,94,-1,92,90,95,-1,95,90,89,-1,95,89,94,-1,96,97,98,-1,99,97,96,-1,96,98,100,-1,100,99,96,-1,101,102,99,-1,99,102,97,-1,100,101,99,-1,100,103,101,-1,101,103,102,-1,100,98,103,-1,103,98,97,-1,103,97,102,-1,104,105,106,-1,107,105,104,-1,104,106,108,-1,108,107,104,-1,109,110,107,-1,107,110,105,-1,108,109,107,-1,108,111,109,-1,109,111,110,-1,108,106,111,-1,111,106,105,-1,111,105,110,-1,112,113,114,-1,115,113,112,-1,112,114,116,-1,116,115,112,-1,117,118,115,-1,115,118,113,-1,116,117,115,-1,116,119,117,-1,117,119,118,-1,116,114,119,-1,119,114,113,-1,119,113,118,-1,120,121,122,-1,123,121,120,-1,120,122,124,-1,124,123,120,-1,125,126,123,-1,123,126,121,-1,124,125,123,-1,124,127,125,-1,125,127,126,-1,124,122,127,-1,127,122,121,-1,127,121,126            ]
            ccw TRUE
            normalPerVertex TRUE
            normal Normal {
              vector [
0 0 1,0 -1 0,-1 0 0,0 0 -1,0 1 0,1 0 0,-1 -0 0,-1 -0 0,-1 -0 0,1 0 0,1 1E-05 0,1 1E-05 0,0 0.26556 0.96409,0 0.26556 0.96409,0 0.26556 0.96409,0 0.26556 0.96409,-1 -0 0,-1 -2E-05 0,-1 -2E-05 0,1 0 0,1 1E-05 0,1 1E-05 0,0 0.37685 0.92627,-1 -0 0,-1 -0 0,-1 -0 0,1 -0 0,1 -0 0,1 -0 0,0 -0.36991 0.92907,0 -0.36991 0.92907,-1 0 0,-1 1E-05 0,-1 1E-05 0,1 -0 0,1 -1E-05 0,1 -1E-05 0,0 -0.25 0.96825,0 -0.25 0.96825,0 -0.25 0.96825,0 -0.25 0.96825              ]
            }
            normalIndex [
0,0,0,-1,1,1,1,-1,0,0,0,-1,2,2,2,-1,3,3,3,-1,1,1,1,-1,2,2,2,-1,4,4,4,-1,3,3,3,-1,4,4,4,-1,5,5,5,-1,5,5,5,-1,0,0,0,-1,5,5,5,-1,0,0,0,-1,1,1,1,-1,3,3,3,-1,5,5,5,-1,1,1,1,-1,2,2,2,-1,3,3,3,-1,2,2,2,-1,4,4,4,-1,4,4,4,-1,0,0,0,-1,5,5,5,-1,0,0,0,-1,1,1,1,-1,3,3,3,-1,5,5,5,-1,1,1,1,-1,2,2,2,-1,3,3,3,-1,2,2,2,-1,4,4,4,-1,4,4,4,-1,0,0,0,-1,5,5,5,-1,0,0,0,-1,1,1,1,-1,3,3,3,-1,5,5,5,-1,1,1,1,-1,2,2,2,-1,3,3,3,-1,2,2,2,-1,4,4,4,-1,4,4,4,-1,0,0,0,-1,5,5,5,-1,0,0,0,-1,1,1,1,-1,3,3,3,-1,5,5,5,-1,1,1,1,-1,2,2,2,-1,3,3,3,-1,2,2,2,-1,4,4,4,-1,4,4,4,-1,0,0,0,-1,1,1,1,-1,0,0,0,-1,2,2,2,-1,3,3,3,-1,1,1,1,-1,2,2,2,-1,4,4,4,-1,3,3,3,-1,4,4,4,-1,5,5,5,-1,5,5,5,-1,0,0,0,-1,1,1,1,-1,0,0,0,-1,2,2,2,-1,3,3,3,-1,1,1,1,-1,2,2,2,-1,4,4,4,-1,3,3,3,-1,4,4,4,-1,5,5,5,-1,5,5,5,-1,0,0,0,-1,1,1,1,-1,0,0,0,-1,2,2,2,-1,3,3,3,-1,1,1,1,-1,2,2,2,-1,4,4,4,-1,3,3,3,-1,4,4,4,-1,5,5,5,-1,5,5,5,-1,6,7,8,-1,1,1,1,-1,6,8,2,-1,3,3,3,-1,9,10,5,-1,1,1,1,-1,3,3,3,-1,4,4,4,-1,9,11,10,-1,4,4,4,-1,12,13,14,-1,12,14,15,-1,2,2,2,-1,1,1,1,-1,2,2,2,-1,3,3,3,-1,5,5,5,-1,1,1,1,-1,3,3,3,-1,4,4,4,-1,5,5,5,-1,4,4,4,-1,0,0,0,-1,0,0,0,-1,2,2,2,-1,1,1,1,-1,2,2,2,-1,3,3,3,-1,5,5,5,-1,1,1,1,-1,3,3,3,-1,4,4,4,-1,5,5,5,-1,4,4,4,-1,0,0,0,-1,0,0,0,-1,16,17,18,-1,1,1,1,-1,16,18,2,-1,3,3,3,-1,19,20,5,-1,1,1,1,-1,3,3,3,-1,4,4,4,-1,19,21,20,-1,4,4,4,-1,22,22,22,-1,22,22,22,-1,23,24,25,-1,1,1,1,-1,23,25,2,-1,3,3,3,-1,26,27,5,-1,1,1,1,-1,3,3,3,-1,4,4,4,-1,26,28,27,-1,4,4,4,-1,29,30,29,-1,29,29,30,-1,2,2,2,-1,1,1,1,-1,2,2,2,-1,3,3,3,-1,5,5,5,-1,1,1,1,-1,3,3,3,-1,4,4,4,-1,5,5,5,-1,4,4,4,-1,0,0,0,-1,0,0,0,-1,2,2,2,-1,1,1,1,-1,2,2,2,-1,3,3,3,-1,5,5,5,-1,1,1,1,-1,3,3,3,-1,4,4,4,-1,5,5,5,-1,4,4,4,-1,0,0,0,-1,0,0,0,-1,31,32,33,-1,1,1,1,-1,31,33,2,-1,3,3,3,-1,34,35,5,-1,1,1,1,-1,3,3,3,-1,4,4,4,-1,34,36,35,-1,4,4,4,-1,37,38,39,-1,37,39,40            ]
          }
        }
        Shape {
          appearance USE M0
          geometry IndexedFaceSet {
            coord Coordinate {
              point [
7008.83026123 2679.08205537 12557.69991142,7208.83026123 2679.08205537 12557.69991142,7208.83026123 2679.08208795 12757.69991142,7008.83026123 2679.08208795 12757.69991142,7209.45968628 2685.48200569 12758.49947093,7009.45968628 2885.48200569 12758.49943834,7009.45968628 2685.48200569 12758.49947093,7007.18994141 2881.05196517 12558.49943906,7007.18994141 2681.05196517 12558.49947165,7209.45968628 2885.48200569 12758.49943834,7207.18994141 2681.05196517 12558.49947165,7207.18994141 2881.05196517 12558.49943906,3408.82987976 2679.08205537 12557.69991142,3608.82987976 2679.08205537 12557.69991142,3608.82987976 2679.08208795 12757.69991142,3408.82987976 2679.08208795 12757.69991142,3608.82987976 2681.08249216 14957.69914816,3608.82987976 2881.08213371 12757.5991705,3608.82987976 2881.08249216 14957.69911557,3408.82987976 2881.08213371 12757.5991705,3408.82987976 2881.08249216 14957.69911557,3608.82987976 2681.08213371 12757.59920309,3408.82987976 2681.08249216 14957.69914816,3408.82987976 2681.08213371 12757.59920309,3606.82983398 2681.08252474 15157.69914816,7010.82992554 2881.08252474 15157.69911557,3606.82983398 2881.08252474 15157.69911557,7010.82992554 2881.08249216 14957.69911557,3606.82983398 2881.08249216 14957.69911557,7010.82992554 2681.08252474 15157.69914816,3606.82983398 2681.08249216 14957.69914816,3410.82992554 2681.08252474 15157.69914816,3606.82983398 -918.91760321 14957.69973467,3606.82983398 -918.91757063 15157.69973467,3410.82992554 -918.91757063 15157.69973467,3410.82992554 2681.08249216 14957.69914816,3410.82992554 -918.91760321 14957.69973467,7010.82992554 2681.08249216 14957.69914816,7206.82983398 2681.08249216 14957.69914816,7010.82992554 -918.91757063 15157.69973467,7010.82992554 -918.91760321 14957.69973467,7206.82983398 -918.91760321 14957.69973467,7206.82983398 2681.08252474 15157.69914816,7206.82983398 -918.91757063 15157.69973467,3606.82983398 2681.08213373 12757.6999111,7010.82992554 2881.08213373 12757.69987851,3606.82983398 2881.08213373 12757.69987851,7010.82992554 2881.08210115 12557.69987851,3606.82983398 2881.08210115 12557.69987851,7010.82992554 2681.08213373 12757.6999111,3606.82983398 2681.08210115 12557.6999111,3410.82992554 2681.08213373 12757.6999111,3606.82983398 -918.91799422 12557.70049761,3606.82983398 -918.91796164 12757.70049761,3410.82992554 -918.91796164 12757.70049761,3410.82992554 2681.08210115 12557.6999111,3410.82992554 -918.91799422 12557.70049761,7010.82992554 2681.08210115 12557.6999111,7206.82983398 2681.08210115 12557.6999111,7010.82992554 -918.91796164 12757.70049761,7010.82992554 -918.91799422 12557.70049761,7206.82983398 -918.91799422 12557.70049761,7206.82983398 2681.08213373 12757.6999111,7206.82983398 -918.91796164 12757.70049761,7208.83026123 2681.08249216 14957.69914816,7208.83026123 2881.08213371 12757.5991705,7208.83026123 2881.08249216 14957.69911557,7008.83026123 2881.08213371 12757.5991705,7008.83026123 2881.08249216 14957.69911557,7208.83026123 2681.08213371 12757.59920309,7008.83026123 2681.08249216 14957.69914816,7008.83026123 2681.08213371 12757.59920309,7208.83026123 1081.08239679 14957.69940883,7208.83026123 1281.08203836 12757.70013919,7208.83026123 1281.08239679 14957.69937625,7008.83026123 1281.08203836 12757.70013919,7008.83026123 1281.08239679 14957.69937625,7208.83026123 1081.08203836 12757.70017177,7008.83026123 1081.08239679 14957.69940883,7008.83026123 1081.08203836 12757.70017177,7208.83026123 -318.91755553 14957.69963692,7208.83026123 -118.91792587 12757.70036727,7208.83026123 -118.91756745 14957.69960434,7008.83026123 -118.91792587 12757.70036727,7008.83026123 -118.91756745 14957.69960434,7208.83026123 -318.91791395 12757.70039986,7008.83026123 -318.91755553 14957.69963692,7008.83026123 -318.91791395 12757.70039986,3606.82983398 1081.08242937 15157.69940883,7010.82992554 1281.08242937 15157.69937625,3606.82983398 1281.08242937 15157.69937625,7010.82992554 1281.08239679 14957.69937625,3606.82983398 1281.08239679 14957.69937625,7010.82992554 1081.08242937 15157.69940883,3606.82983398 1081.08239679 14957.69940883,7010.82992554 1081.08239679 14957.69940883,3606.82983398 -318.91752294 15157.69963692,7010.82992554 -118.91753487 15157.69960434,3606.82983398 -118.91753487 15157.69960434,7010.82992554 -118.91756745 14957.69960434,3606.82983398 -118.91756745 14957.69960434,7010.82992554 -318.91752294 15157.69963692,3606.82983398 -318.91755553 14957.69963692,7010.82992554 -318.91755553 14957.69963692,3608.82987976 -318.91755553 14957.69963692,3608.82987976 -118.91792587 12757.70036727,3608.82987976 -118.91756745 14957.69960434,3408.82987976 -118.91792587 12757.70036727,3408.82987976 -118.91756745 14957.69960434,3608.82987976 -318.91791395 12757.70039986,3408.82987976 -318.91755553 14957.69963692,3408.82987976 -318.91791395 12757.70039986,3606.82983398 1081.08203836 12757.70017177,7010.82992554 1281.08203836 12757.70013919,3606.82983398 1281.08203836 12757.70013919,7010.82992554 1281.08200578 12557.70013919,3606.82983398 1281.08200578 12557.70013919,7010.82992554 1081.08203836 12757.70017177,3606.82983398 1081.08200578 12557.70017177,7010.82992554 1081.08200578 12557.70017177,3608.82987976 1081.08239679 14957.69940883,3608.82987976 1281.08203836 12757.70013919,3608.82987976 1281.08239679 14957.69937625,3408.82987976 1281.08203836 12757.70013919,3408.82987976 1281.08239679 14957.69937625,3608.82987976 1081.08203836 12757.70017177,3408.82987976 1081.08239679 14957.69940883,3408.82987976 1081.08203836 12757.70017177,3606.82983398 -318.91791395 12757.70039986,7010.82992554 -118.91792587 12757.70036727,3606.82983398 -118.91792587 12757.70036727,7010.82992554 -118.91795846 12557.70036727,3606.82983398 -118.91795846 12557.70036727,7010.82992554 -318.91791395 12757.70039986,3606.82983398 -318.91794654 12557.70039986,7010.82992554 -318.91794654 12557.70039986,7508.83026123 -1038.91792627 12857.69975422,6708.83026123 -922.91794153 12857.69973532,6708.83026123 -1038.91792627 12857.69975422,6708.83026123 -922.9180067 12457.70049826,6708.83026123 -1038.91799144 12457.70051716,7508.83026123 -922.91794153 12857.69973532,7508.83026123 -1038.91799144 12457.70051716,7508.83026123 -922.9180067 12457.70049826,7508.83026123 -1038.91753526 15257.69975422,6708.83026123 -922.91755052 15257.69973532,6708.83026123 -1038.91753526 15257.69975422,6708.83026123 -922.91761569 14857.69973532,6708.83026123 -1038.91760043 14857.69975422,7508.83026123 -922.91755052 15257.69973532,7508.83026123 -1038.91760043 14857.69975422,7508.83026123 -922.91761569 14857.69973532,3908.82987976 -1038.91792627 12857.69975422,3108.8300705 -922.91794153 12857.69973532,3108.8300705 -1038.91792627 12857.69975422,3108.8300705 -922.9180067 12457.70049826,3108.8300705 -1038.91799144 12457.70051716,3908.82987976 -922.91794153 12857.69973532,3908.82987976 -1038.91799144 12457.70051716,3908.82987976 -922.9180067 12457.70049826,3908.82987976 -1038.91753526 15257.69975422,3108.8300705 -922.91755052 15257.69973532,3108.8300705 -1038.91753526 15257.69975422,3108.8300705 -922.91761569 14857.69973532,3108.8300705 -1038.91760043 14857.69975422,3908.82987976 -922.91755052 15257.69973532,3908.82987976 -1038.91760043 14857.69975422,3908.82987976 -922.91761569 14857.69973532,3608.95004272 2678.75211654 12757.09947813,3408.95004272 2881.51205001 12757.09944509,3408.95004272 2678.75211654 12757.09947813,3408.95004272 2881.51201743 12557.09944509,3408.95004272 2678.75208396 12557.09947813,3608.95004272 2881.51205001 12757.09944509,3608.95004272 2678.75208396 12557.09947813,3608.95004272 2881.51201743 12557.09944509              ]
            }
            coordIndex [
0,1,2,-1,0,2,3,-1,4,5,6,-1,6,5,7,-1,6,7,8,-1,8,4,6,-1,4,9,5,-1,10,9,4,-1,8,10,4,-1,10,11,9,-1,8,11,10,-1,11,7,5,-1,8,7,11,-1,11,5,9,-1,12,13,14,-1,12,14,15,-1,16,17,18,-1,18,17,19,-1,18,19,20,-1,20,16,18,-1,16,21,17,-1,22,21,16,-1,20,22,16,-1,22,23,21,-1,20,23,22,-1,23,19,17,-1,20,19,23,-1,23,17,21,-1,24,25,26,-1,26,25,27,-1,26,27,28,-1,28,24,26,-1,24,29,25,-1,30,29,24,-1,30,31,24,-1,28,30,24,-1,32,30,24,-1,32,24,33,-1,33,24,31,-1,33,31,34,-1,34,31,35,-1,30,35,31,-1,34,35,36,-1,36,35,30,-1,36,33,34,-1,36,30,32,-1,36,32,33,-1,30,37,29,-1,28,37,30,-1,37,27,25,-1,28,27,37,-1,38,37,29,-1,37,25,29,-1,39,29,37,-1,39,37,40,-1,40,37,38,-1,40,38,41,-1,41,38,42,-1,38,29,42,-1,41,42,43,-1,43,42,29,-1,40,41,43,-1,43,29,39,-1,40,43,39,-1,44,45,46,-1,46,45,47,-1,46,47,48,-1,48,44,46,-1,44,49,45,-1,50,49,44,-1,50,51,44,-1,48,50,44,-1,52,50,44,-1,52,44,53,-1,53,44,51,-1,53,51,54,-1,54,51,55,-1,50,55,51,-1,54,55,56,-1,56,55,50,-1,56,53,54,-1,56,50,52,-1,56,52,53,-1,50,57,49,-1,48,57,50,-1,57,47,45,-1,48,47,57,-1,58,57,49,-1,57,45,49,-1,59,49,57,-1,59,57,60,-1,60,57,58,-1,60,58,61,-1,61,58,62,-1,58,49,62,-1,61,62,63,-1,63,62,49,-1,60,61,63,-1,63,49,59,-1,60,63,59,-1,64,65,66,-1,66,65,67,-1,66,67,68,-1,68,64,66,-1,64,69,65,-1,70,69,64,-1,68,70,64,-1,70,71,69,-1,68,71,70,-1,71,67,65,-1,68,67,71,-1,71,65,69,-1,72,73,74,-1,74,73,75,-1,74,75,76,-1,76,72,74,-1,72,77,73,-1,78,77,72,-1,76,78,72,-1,78,79,77,-1,76,79,78,-1,79,75,73,-1,76,75,79,-1,79,73,77,-1,80,81,82,-1,82,81,83,-1,82,83,84,-1,84,80,82,-1,80,85,81,-1,86,85,80,-1,84,86,80,-1,86,87,85,-1,84,87,86,-1,87,83,81,-1,84,83,87,-1,87,81,85,-1,88,89,90,-1,90,89,91,-1,90,91,92,-1,92,88,90,-1,88,93,89,-1,94,93,88,-1,92,94,88,-1,94,95,93,-1,92,95,94,-1,95,91,89,-1,92,91,95,-1,95,89,93,-1,96,97,98,-1,98,97,99,-1,98,99,100,-1,100,96,98,-1,96,101,97,-1,102,101,96,-1,100,102,96,-1,102,103,101,-1,100,103,102,-1,103,99,97,-1,100,99,103,-1,103,97,101,-1,104,105,106,-1,106,105,107,-1,106,107,108,-1,108,104,106,-1,104,109,105,-1,110,109,104,-1,108,110,104,-1,110,111,109,-1,108,111,110,-1,111,107,105,-1,108,107,111,-1,111,105,109,-1,112,113,114,-1,114,113,115,-1,114,115,116,-1,116,112,114,-1,112,117,113,-1,118,117,112,-1,116,118,112,-1,118,119,117,-1,116,119,118,-1,119,115,113,-1,116,115,119,-1,119,113,117,-1,120,121,122,-1,122,121,123,-1,122,123,124,-1,124,120,122,-1,120,125,121,-1,126,125,120,-1,124,126,120,-1,126,127,125,-1,124,127,126,-1,127,123,121,-1,124,123,127,-1,127,121,125,-1,128,129,130,-1,130,129,131,-1,130,131,132,-1,132,128,130,-1,128,133,129,-1,134,133,128,-1,132,134,128,-1,134,135,133,-1,132,135,134,-1,135,131,129,-1,132,131,135,-1,135,129,133,-1,136,137,138,-1,138,137,139,-1,138,139,140,-1,140,136,138,-1,136,141,137,-1,142,141,136,-1,140,142,136,-1,142,143,141,-1,140,143,142,-1,143,139,137,-1,140,139,143,-1,143,137,141,-1,144,145,146,-1,146,145,147,-1,146,147,148,-1,148,144,146,-1,144,149,145,-1,150,149,144,-1,148,150,144,-1,150,151,149,-1,148,151,150,-1,151,147,145,-1,148,147,151,-1,151,145,149,-1,152,153,154,-1,154,153,155,-1,154,155,156,-1,156,152,154,-1,152,157,153,-1,158,157,152,-1,156,158,152,-1,158,159,157,-1,156,159,158,-1,159,155,153,-1,156,155,159,-1,159,153,157,-1,160,161,162,-1,162,161,163,-1,162,163,164,-1,164,160,162,-1,160,165,161,-1,166,165,160,-1,164,166,160,-1,166,167,165,-1,164,167,166,-1,167,163,161,-1,164,163,167,-1,167,161,165,-1,168,169,170,-1,170,169,171,-1,170,171,172,-1,172,168,170,-1,168,173,169,-1,174,173,168,-1,172,174,168,-1,174,175,173,-1,172,175,174,-1,175,171,169,-1,172,171,175,-1,175,169,173            ]
            ccw TRUE
            normalPerVertex TRUE
            normal Normal {
              vector [
0 0 -1,0 -1 0,-0.99994 -0.01135 0,-0.99994 -0.01134 0,-0.99994 -0.01135 0,-0.99994 -0.01135 0,0 -0.02214 -0.99975,0 -0.02214 -0.99975,0 -0.02214 -0.99975,0.99994 0.01135 0,0.99994 0.01135 0,0.99994 0.01134 0,0 -0.02214 -0.99975,0.99994 0.01135 0,0 1 0,0 0.02214 0.99975,0 0.02214 0.99975,0 0.02214 0.99975,0 0.02214 0.99975,1 0 0,0 0 1,-1 0 0              ]
            }
            normalIndex [
0,0,0,-1,0,0,0,-1,1,1,1,-1,2,3,4,-1,2,4,5,-1,6,7,8,-1,1,1,1,-1,9,10,11,-1,6,12,7,-1,9,13,10,-1,14,14,14,-1,15,16,17,-1,14,14,14,-1,15,17,18,-1,0,0,0,-1,0,0,0,-1,19,19,19,-1,20,20,20,-1,20,20,20,-1,1,1,1,-1,19,19,19,-1,0,0,0,-1,1,1,1,-1,0,0,0,-1,21,21,21,-1,14,14,14,-1,21,21,21,-1,14,14,14,-1,1,1,1,-1,20,20,20,-1,20,20,20,-1,21,21,21,-1,1,1,1,-1,0,0,0,-1,20,20,20,-1,21,21,21,-1,19,19,19,-1,19,19,19,-1,1,1,1,-1,1,1,1,-1,21,21,21,-1,20,20,20,-1,21,21,21,-1,14,14,14,-1,0,0,0,-1,14,14,14,-1,0,0,0,-1,0,0,0,-1,14,14,14,-1,19,19,19,-1,14,14,14,-1,20,20,20,-1,19,19,19,-1,21,21,21,-1,21,21,21,-1,14,14,14,-1,14,14,14,-1,19,19,19,-1,20,20,20,-1,19,19,19,-1,1,1,1,-1,0,0,0,-1,1,1,1,-1,0,0,0,-1,1,1,1,-1,20,20,20,-1,20,20,20,-1,21,21,21,-1,1,1,1,-1,0,0,0,-1,20,20,20,-1,21,21,21,-1,19,19,19,-1,19,19,19,-1,1,1,1,-1,1,1,1,-1,21,21,21,-1,20,20,20,-1,21,21,21,-1,14,14,14,-1,0,0,0,-1,14,14,14,-1,0,0,0,-1,0,0,0,-1,14,14,14,-1,19,19,19,-1,14,14,14,-1,20,20,20,-1,19,19,19,-1,21,21,21,-1,21,21,21,-1,14,14,14,-1,14,14,14,-1,19,19,19,-1,20,20,20,-1,19,19,19,-1,1,1,1,-1,0,0,0,-1,1,1,1,-1,0,0,0,-1,19,19,19,-1,20,20,20,-1,20,20,20,-1,1,1,1,-1,19,19,19,-1,0,0,0,-1,1,1,1,-1,0,0,0,-1,21,21,21,-1,14,14,14,-1,21,21,21,-1,14,14,14,-1,19,19,19,-1,20,20,20,-1,20,20,20,-1,1,1,1,-1,19,19,19,-1,0,0,0,-1,1,1,1,-1,0,0,0,-1,21,21,21,-1,14,14,14,-1,21,21,21,-1,14,14,14,-1,19,19,19,-1,20,20,20,-1,20,20,20,-1,1,1,1,-1,19,19,19,-1,0,0,0,-1,1,1,1,-1,0,0,0,-1,21,21,21,-1,14,14,14,-1,21,21,21,-1,14,14,14,-1,1,1,1,-1,20,20,20,-1,20,20,20,-1,21,21,21,-1,1,1,1,-1,0,0,0,-1,21,21,21,-1,0,0,0,-1,14,14,14,-1,19,19,19,-1,14,14,14,-1,19,19,19,-1,1,1,1,-1,20,20,20,-1,20,20,20,-1,21,21,21,-1,1,1,1,-1,0,0,0,-1,21,21,21,-1,0,0,0,-1,14,14,14,-1,19,19,19,-1,14,14,14,-1,19,19,19,-1,19,19,19,-1,20,20,20,-1,20,20,20,-1,1,1,1,-1,19,19,19,-1,0,0,0,-1,1,1,1,-1,0,0,0,-1,21,21,21,-1,14,14,14,-1,21,21,21,-1,14,14,14,-1,1,1,1,-1,20,20,20,-1,20,20,20,-1,21,21,21,-1,1,1,1,-1,0,0,0,-1,21,21,21,-1,0,0,0,-1,14,14,14,-1,19,19,19,-1,14,14,14,-1,19,19,19,-1,19,19,19,-1,20,20,20,-1,20,20,20,-1,1,1,1,-1,19,19,19,-1,0,0,0,-1,1,1,1,-1,0,0,0,-1,21,21,21,-1,14,14,14,-1,21,21,21,-1,14,14,14,-1,1,1,1,-1,20,20,20,-1,20,20,20,-1,21,21,21,-1,1,1,1,-1,0,0,0,-1,21,21,21,-1,0,0,0,-1,14,14,14,-1,19,19,19,-1,14,14,14,-1,19,19,19,-1,1,1,1,-1,21,21,21,-1,21,21,21,-1,0,0,0,-1,1,1,1,-1,19,19,19,-1,0,0,0,-1,19,19,19,-1,14,14,14,-1,20,20,20,-1,14,14,14,-1,20,20,20,-1,1,1,1,-1,21,21,21,-1,21,21,21,-1,0,0,0,-1,1,1,1,-1,19,19,19,-1,0,0,0,-1,19,19,19,-1,14,14,14,-1,20,20,20,-1,14,14,14,-1,20,20,20,-1,1,1,1,-1,21,21,21,-1,21,21,21,-1,0,0,0,-1,1,1,1,-1,19,19,19,-1,0,0,0,-1,19,19,19,-1,14,14,14,-1,20,20,20,-1,14,14,14,-1,20,20,20,-1,1,1,1,-1,21,21,21,-1,21,21,21,-1,0,0,0,-1,1,1,1,-1,19,19,19,-1,0,0,0,-1,19,19,19,-1,14,14,14,-1,20,20,20,-1,14,14,14,-1,20,20,20,-1,1,1,1,-1,21,21,21,-1,21,21,21,-1,0,0,0,-1,1,1,1,-1,19,19,19,-1,0,0,0,-1,19,19,19,-1,14,14,14,-1,20,20,20,-1,14,14,14,-1,20,20,20            ]
          }
        }
        Shape {
          appearance USE M0
          geometry IndexedFaceSet {
            coord Coordinate {
              point [
-2591.1699295 1081.09252441 15657.69940883,-2591.1699295 1281.0919379 12057.70013918,-2591.1699295 1281.09252441 15657.69937624,-2791.1699295 1281.0919379 12057.70013918,-2791.1699295 1281.09252441 15657.69937624,-2591.1699295 1081.0919379 12057.70017177,-2791.1699295 1081.09252441 15657.69940883,-2791.1699295 1081.0919379 12057.70017177,-591.16902351 1081.08251083 15657.69940883,-591.16902351 1281.08192432 12057.70013919,-591.16902351 1281.08251083 15657.69937625,-791.16902351 1281.08192432 12057.70013919,-791.16902351 1281.08251083 15657.69937625,-591.16902351 1081.08192432 12057.70017177,-791.16902351 1081.08251083 15657.69940883,-791.16902351 1081.08192432 12057.70017177,-2593.16997528 1081.09255605 15851.89954311,-789.16897774 1281.09255605 15851.89951052,-2593.16997528 1281.09255605 15851.89951052,-789.16897774 1281.09252347 15651.89951052,-2593.16997528 1281.09252347 15651.89951052,-789.16897774 1081.09255605 15851.89954311,-2593.16997528 1081.09252347 15651.89954311,-789.16897774 1081.09252347 15651.89954311,-2593.16997528 1081.09193796 12058.09995204,-789.16897774 1281.09193796 12058.09991946,-2593.16997528 1281.09193796 12058.09991946,-789.16897774 1281.09190538 11858.09991946,-2593.16997528 1281.09190538 11858.09991946,-789.16897774 1081.09193796 12058.09995204,-2593.16997528 1081.09190538 11858.09995204,-789.16897774 1081.09190538 11858.09995204,-2593.16997528 -318.918028 12057.70039986,-789.16897774 -118.91803992 12057.70036727,-2593.16997528 -118.91803992 12057.70036727,-789.16897774 -118.9180725 11857.70036727,-2593.16997528 -118.9180725 11857.70036727,-789.16897774 -318.918028 12057.70039986,-2593.16997528 -318.91806058 11857.70039986,-789.16897774 -318.91806058 11857.70039986,-2593.16997528 -318.9174089 15857.69963692,-789.16897774 -118.91742082 15857.69960434,-2593.16997528 -118.91742082 15857.69960434,-789.16897774 -118.9174534 15657.69960434,-2593.16997528 -118.9174534 15657.69960434,-789.16897774 -318.9174089 15857.69963692,-2593.16997528 -318.91744148 15657.69963692,-789.16897774 -318.91744148 15657.69963692,-591.16902351 -318.91744148 15657.69963692,-591.16902351 -118.91803992 12057.70036727,-591.16902351 -118.9174534 15657.69960434,-791.16902351 -118.91803992 12057.70036727,-791.16902351 -118.9174534 15657.69960434,-591.16902351 -318.918028 12057.70039986,-791.16902351 -318.91744148 15657.69963692,-791.16902351 -318.918028 12057.70039986,-2591.1699295 -318.91744148 15657.69963692,-2591.1699295 -118.91803992 12057.70036727,-2591.1699295 -118.9174534 15657.69960434,-2791.1699295 -118.91803992 12057.70036727,-2791.1699295 -118.9174534 15657.69960434,-2591.1699295 -318.918028 12057.70039986,-2791.1699295 -318.91744148 15657.69963692,-2791.1699295 -318.918028 12057.70039986,-2593.16997528 -913.85005963 12057.70049679,-2789.17007446 1762.15196597 12057.70006081,-2789.17007446 -913.85005963 12057.70049679,-2789.17007446 1762.15193339 11857.70006081,-2789.17007446 -913.85009221 11857.70049679,-2593.16997528 1762.15196597 12057.70006081,-2593.16997528 -913.85009221 11857.70049679,-2593.16997528 1762.15193339 11857.70006081,-2291.1699295 -1038.91804032 12157.70051716,-3091.1699295 -922.91805558 12157.70049826,-3091.1699295 -1038.91804032 12157.70051716,-3091.1699295 -922.91812074 11757.70049826,-3091.1699295 -1038.91810548 11757.70051716,-2291.1699295 -922.91805558 12157.70049826,-2291.1699295 -1038.91810548 11757.70051716,-2291.1699295 -922.91812074 11757.70049826,-291.16899967 -1038.91804032 12157.70051716,-1091.17002487 -922.91805558 12157.70049826,-1091.17002487 -1038.91804032 12157.70051716,-1091.17002487 -922.91812074 11757.70049826,-1091.17002487 -1038.91810548 11757.70051716,-291.16899967 -922.91805558 12157.70049826,-291.16899967 -1038.91810548 11757.70051716,-291.16899967 -922.91812074 11757.70049826,-593.17598343 -913.85005963 12057.70049679,-789.17598724 1762.15196597 12057.70006081,-789.17598724 -913.85005963 12057.70049679,-789.17598724 1762.15193339 11857.70006081,-789.17598724 -913.85009221 11857.70049679,-593.17598343 1762.15196597 12057.70006081,-593.17598343 -913.85009221 11857.70049679,-593.17598343 1762.15193339 11857.70006081,-291.16899967 -1038.91742122 15957.69975422,-1091.17002487 -922.91743648 15957.69973532,-1091.17002487 -1038.91742122 15957.69975422,-1091.17002487 -922.91750164 15557.69973532,-1091.17002487 -1038.91748639 15557.69975422,-291.16899967 -922.91743648 15957.69973532,-291.16899967 -1038.91748639 15557.69975422,-291.16899967 -922.91750164 15557.69973532,-593.17598343 -913.84944053 15857.69973385,-789.17598724 1762.15258507 15857.69929787,-789.17598724 -913.84944053 15857.69973385,-789.17598724 1762.15255249 15657.69929787,-789.17598724 -913.84947312 15657.69973385,-593.17598343 1762.15258507 15857.69929787,-593.17598343 -913.84947312 15657.69973385,-593.17598343 1762.15255249 15657.69929787,-2593.16997528 -920.69739433 15857.69973496,-2789.17007446 1771.17262749 15857.6992964,-2789.17007446 -920.69739433 15857.69973496,-2789.17007446 1771.17259491 15657.6992964,-2789.17007446 -920.69742691 15657.69973496,-2593.16997528 1771.17262749 15857.6992964,-2593.16997528 -920.69742691 15657.69973496,-2593.16997528 1771.17259491 15657.6992964,-2291.1699295 -1038.91742122 15957.69975422,-3091.1699295 -922.91743648 15957.69973532,-3091.1699295 -1038.91742122 15957.69975422,-3091.1699295 -922.91750164 15557.69973532,-3091.1699295 -1038.91748639 15557.69975422,-2291.1699295 -922.91743648 15957.69973532,-2291.1699295 -1038.91748639 15557.69975422,-2291.1699295 -922.91750164 15557.69973532              ]
            }
            coordIndex [
0,1,2,-1,2,1,3,-1,2,3,4,-1,4,0,2,-1,0,5,1,-1,6,5,0,-1,4,6,0,-1,6,7,5,-1,4,7,6,-1,7,3,1,-1,4,3,7,-1,7,1,5,-1,8,9,10,-1,10,9,11,-1,10,11,12,-1,12,8,10,-1,8,13,9,-1,14,13,8,-1,12,14,8,-1,14,15,13,-1,12,15,14,-1,15,11,9,-1,12,11,15,-1,15,9,13,-1,16,17,18,-1,18,17,19,-1,18,19,20,-1,20,16,18,-1,16,21,17,-1,22,21,16,-1,20,22,16,-1,22,23,21,-1,20,23,22,-1,23,19,17,-1,20,19,23,-1,23,17,21,-1,24,25,26,-1,26,25,27,-1,26,27,28,-1,28,24,26,-1,24,29,25,-1,30,29,24,-1,28,30,24,-1,30,31,29,-1,28,31,30,-1,31,27,25,-1,28,27,31,-1,31,25,29,-1,32,33,34,-1,34,33,35,-1,34,35,36,-1,36,32,34,-1,32,37,33,-1,38,37,32,-1,36,38,32,-1,38,39,37,-1,36,39,38,-1,39,35,33,-1,36,35,39,-1,39,33,37,-1,40,41,42,-1,42,41,43,-1,42,43,44,-1,44,40,42,-1,40,45,41,-1,46,45,40,-1,44,46,40,-1,46,47,45,-1,44,47,46,-1,47,43,41,-1,44,43,47,-1,47,41,45,-1,48,49,50,-1,50,49,51,-1,50,51,52,-1,52,48,50,-1,48,53,49,-1,54,53,48,-1,52,54,48,-1,54,55,53,-1,52,55,54,-1,55,51,49,-1,52,51,55,-1,55,49,53,-1,56,57,58,-1,58,57,59,-1,58,59,60,-1,60,56,58,-1,56,61,57,-1,62,61,56,-1,60,62,56,-1,62,63,61,-1,60,63,62,-1,63,59,57,-1,60,59,63,-1,63,57,61,-1,64,65,66,-1,66,65,67,-1,66,67,68,-1,68,64,66,-1,64,69,65,-1,70,69,64,-1,68,70,64,-1,70,71,69,-1,68,71,70,-1,71,67,65,-1,68,67,71,-1,71,65,69,-1,72,73,74,-1,74,73,75,-1,74,75,76,-1,76,72,74,-1,72,77,73,-1,78,77,72,-1,76,78,72,-1,78,79,77,-1,76,79,78,-1,79,75,73,-1,76,75,79,-1,79,73,77,-1,80,81,82,-1,82,81,83,-1,82,83,84,-1,84,80,82,-1,80,85,81,-1,86,85,80,-1,84,86,80,-1,86,87,85,-1,84,87,86,-1,87,83,81,-1,84,83,87,-1,87,81,85,-1,88,89,90,-1,90,89,91,-1,90,91,92,-1,92,88,90,-1,88,93,89,-1,94,93,88,-1,92,94,88,-1,94,95,93,-1,92,95,94,-1,95,91,89,-1,92,91,95,-1,95,89,93,-1,96,97,98,-1,98,97,99,-1,98,99,100,-1,100,96,98,-1,96,101,97,-1,102,101,96,-1,100,102,96,-1,102,103,101,-1,100,103,102,-1,103,99,97,-1,100,99,103,-1,103,97,101,-1,104,105,106,-1,106,105,107,-1,106,107,108,-1,108,104,106,-1,104,109,105,-1,110,109,104,-1,108,110,104,-1,110,111,109,-1,108,111,110,-1,111,107,105,-1,108,107,111,-1,111,105,109,-1,112,113,114,-1,114,113,115,-1,114,115,116,-1,116,112,114,-1,112,117,113,-1,118,117,112,-1,116,118,112,-1,118,119,117,-1,116,119,118,-1,119,115,113,-1,116,115,119,-1,119,113,117,-1,120,121,122,-1,122,121,123,-1,122,123,124,-1,124,120,122,-1,120,125,121,-1,126,125,120,-1,124,126,120,-1,126,127,125,-1,124,127,126,-1,127,123,121,-1,124,123,127,-1,127,121,125            ]
            ccw TRUE
            normalPerVertex TRUE
            normal Normal {
              vector [
1 0 0,0 0 1,0 -1 0,0 0 -1,-1 0 0,0 1 0              ]
            }
            normalIndex [
0,0,0,-1,1,1,1,-1,1,1,1,-1,2,2,2,-1,0,0,0,-1,3,3,3,-1,2,2,2,-1,3,3,3,-1,4,4,4,-1,5,5,5,-1,4,4,4,-1,5,5,5,-1,0,0,0,-1,1,1,1,-1,1,1,1,-1,2,2,2,-1,0,0,0,-1,3,3,3,-1,2,2,2,-1,3,3,3,-1,4,4,4,-1,5,5,5,-1,4,4,4,-1,5,5,5,-1,2,2,2,-1,1,1,1,-1,1,1,1,-1,4,4,4,-1,2,2,2,-1,3,3,3,-1,4,4,4,-1,3,3,3,-1,5,5,5,-1,0,0,0,-1,5,5,5,-1,0,0,0,-1,2,2,2,-1,1,1,1,-1,1,1,1,-1,4,4,4,-1,2,2,2,-1,3,3,3,-1,4,4,4,-1,3,3,3,-1,5,5,5,-1,0,0,0,-1,5,5,5,-1,0,0,0,-1,2,2,2,-1,1,1,1,-1,1,1,1,-1,4,4,4,-1,2,2,2,-1,3,3,3,-1,4,4,4,-1,3,3,3,-1,5,5,5,-1,0,0,0,-1,5,5,5,-1,0,0,0,-1,2,2,2,-1,1,1,1,-1,1,1,1,-1,4,4,4,-1,2,2,2,-1,3,3,3,-1,4,4,4,-1,3,3,3,-1,5,5,5,-1,0,0,0,-1,5,5,5,-1,0,0,0,-1,0,0,0,-1,1,1,1,-1,1,1,1,-1,2,2,2,-1,0,0,0,-1,3,3,3,-1,2,2,2,-1,3,3,3,-1,4,4,4,-1,5,5,5,-1,4,4,4,-1,5,5,5,-1,0,0,0,-1,1,1,1,-1,1,1,1,-1,2,2,2,-1,0,0,0,-1,3,3,3,-1,2,2,2,-1,3,3,3,-1,4,4,4,-1,5,5,5,-1,4,4,4,-1,5,5,5,-1,2,2,2,-1,4,4,4,-1,4,4,4,-1,3,3,3,-1,2,2,2,-1,0,0,0,-1,3,3,3,-1,0,0,0,-1,5,5,5,-1,1,1,1,-1,5,5,5,-1,1,1,1,-1,2,2,2,-1,4,4,4,-1,4,4,4,-1,3,3,3,-1,2,2,2,-1,0,0,0,-1,3,3,3,-1,0,0,0,-1,5,5,5,-1,1,1,1,-1,5,5,5,-1,1,1,1,-1,2,2,2,-1,4,4,4,-1,4,4,4,-1,3,3,3,-1,2,2,2,-1,0,0,0,-1,3,3,3,-1,0,0,0,-1,5,5,5,-1,1,1,1,-1,5,5,5,-1,1,1,1,-1,2,2,2,-1,4,4,4,-1,4,4,4,-1,3,3,3,-1,2,2,2,-1,0,0,0,-1,3,3,3,-1,0,0,0,-1,5,5,5,-1,1,1,1,-1,5,5,5,-1,1,1,1,-1,2,2,2,-1,4,4,4,-1,4,4,4,-1,3,3,3,-1,2,2,2,-1,0,0,0,-1,3,3,3,-1,0,0,0,-1,5,5,5,-1,1,1,1,-1,5,5,5,-1,1,1,1,-1,2,2,2,-1,4,4,4,-1,4,4,4,-1,3,3,3,-1,2,2,2,-1,0,0,0,-1,3,3,3,-1,0,0,0,-1,5,5,5,-1,1,1,1,-1,5,5,5,-1,1,1,1,-1,2,2,2,-1,4,4,4,-1,4,4,4,-1,3,3,3,-1,2,2,2,-1,0,0,0,-1,3,3,3,-1,0,0,0,-1,5,5,5,-1,1,1,1,-1,5,5,5,-1,1,1,1,-1,2,2,2,-1,4,4,4,-1,4,4,4,-1,3,3,3,-1,2,2,2,-1,0,0,0,-1,3,3,3,-1,0,0,0,-1,5,5,5,-1,1,1,1,-1,5,5,5,-1,1,1,1            ]
          }
        }
      ]
    }
  ]
}
